sol,temp_min,temp_max,temp_avg,temp_range,temp_p05,temp_median,temp_p95,wind_speed_avg,wind_speed_max,wind_speed_std,wind_speed_median,wind_speed_p95,wind_gust_factor,wind_direction_avg,wind_direction_std,wind_resultant_length,wind_u_mean,wind_v_mean,wind_vector_mean_speed,wind_vector_mean_dir,solar_longitude_deg,weather_readings_count,weather_temp_completeness,weather_wind_completeness,weather_data_completeness,weather_available_today,activity_count,activity_text,has_activity,operational_status_rate,has_operational_problem,criticality_rate,is_critical_operation,power_status_rate,has_power_issue,mars_year,sol_of_mars_year,sol_gap,is_consecutive_sol,sol_gap_size,mission_age_linear,mission_age_log,mission_phase,phase_progress,equipment_age_factor,wear_accumulation,activity_word_count,instruction_complexity,is_multipart_operation,operation_part_number,uses_ida,uses_hp3,uses_seis,uses_apss,uses_camera,uses_wts,systems_involved,primary_instrument,is_science_activity,is_maintenance_activity,is_deployment_activity,is_recovery_activity,is_thermal_activity,is_communication_activity,primary_activity_type,activity_intensity,multiple_activities,mars_season,dust_season_risk,orbital_thermal_factor,ls_sin,ls_cos,solar_longitude_diff,temp_volatility_7sol,temp_trend_7sol,operational_tempo_3sol,operational_tempo_7sol,operational_tempo_15sol,sols_since_last_problem,sols_to_next_problem,sols_since_last_activity,activity_days_30sol,cumulative_activity_count,wind_gustiness,wind_volatility_7sol,wind_dust_lifting,wind_sustained_high,wind_high_volatility,dust_storm_probability,dust_event_level,ida_cumulative_usage,ida_usage_intensity,hp3_cumulative_usage,hp3_usage_intensity,seis_cumulative_usage,seis_usage_intensity,apss_cumulative_usage,apss_usage_intensity,camera_cumulative_usage,camera_usage_intensity,wts_cumulative_usage,wts_usage_intensity,mission_operational_cycles,equipment_reliability_score,maintenance_activity,sols_since_maintenance,environmental_stress_index,operational_risk_index,power_availability_proxy,solar_longitude,avg_temp
1,180.14088,264.8105,214.61949,84.447586,183.65314,,260.7156,6.702726,11.669703,1.7113097,,9.267568,1.7339644,285.21445,24.019852,,,,,,296.23,100.0,,,1.0,1.0,1,Thermal Checkouts,1,,0.0,,0.0,,0.0,1,1,1,1,0,0.0006997901,0.09540347,Checkout,0.01,0.0005994004,0.001,2,1,0,0,0,0,0,0,0,1,1,WTS,0,1,0,0,1,0,MAINTENANCE,0.15227273,0,Winter_North,0.06283333,0.8458826,-0.8970271,0.4419756,0.0,0.0,0.0,0.15227273,0.15227273,0.15227273,999,67,0,1,1,4.966976,0.0,0,0,0,0.14463249,none,0,0.0,0,0.0,0,0.0,0,0.0,0,0.0,1,1.0,1,0.99875015,1,0,0.018849999,0.09635863,0.792733,296.23,214.61949
2,180.14088,264.8105,214.61949,84.447586,183.65314,,260.7156,6.702726,11.669703,1.7113097,,9.267568,1.7339644,285.21445,24.019852,,,,,,296.85,100.0,,,1.0,1.0,1,Safe Mode,1,,0.0,,0.0,,0.0,1,2,1,1,0,0.0013995802,0.15121092,Checkout,0.02,0.0011976032,0.002,2,1,0,0,0,0,0,0,0,0,0,NONE,0,0,0,1,0,0,RECOVERY,0.07727273,0,Winter_North,0.0525,0.84195536,-0.892192,0.4516563,0.62,0.0,0.0,0.11477273,0.11477273,0.11477273,999,66,0,2,2,4.966976,0.0,0,0,0,0.14049916,none,0,0.0,0,0.0,0,0.0,0,0.0,0,0.0,1,1.0,2,0.9975006,0,1,0.01575,0.08576764,0.7977527,296.85,214.61949
3,180.14088,264.8105,214.61949,84.447586,183.65314,,260.7156,6.702726,11.669703,1.7113097,,9.267568,1.7339644,285.21445,24.019852,,,,,,297.47,100.0,,,1.0,1.0,1,Safe Mode Recovery,1,,0.0,,0.0,,0.0,1,3,1,1,0,0.0020993701,0.19080694,Checkout,0.03,0.0017946108,0.003,3,1,0,0,0,0,0,0,0,0,0,NONE,0,0,0,1,0,0,RECOVERY,0.09090909,0,Winter_North,0.042166665,0.8379881,-0.8872525,0.4612841,0.62,0.0,0.0,0.106818184,0.106818184,0.106818184,999,65,0,3,3,4.966976,0.0,0,0,0,0.13636582,none,0,0.0,0,0.0,0,0.0,0,0.0,0,0.0,1,1.0,3,0.9962514,0,2,0.01265,0.08256288,0.80265296,297.47,214.61949
4,180.14088,264.8105,214.61949,84.447586,183.65314,,260.7156,6.702726,11.669703,1.7113097,,9.267568,1.7339644,285.21445,24.019852,,,,,,298.09,100.0,,,1.0,1.0,1,"IDA Unstow Part 1, ICC Cover Open, and Instrument Checkouts",1,,0.0,,0.0,,0.0,1,4,1,1,0,0.0027991603,0.22151999,Checkout,0.04,0.0023904257,0.004,10,4,1,1,1,0,0,0,1,0,2,IDA,0,1,1,0,0,0,MAINTENANCE,0.48636365,0,Winter_North,0.031833332,0.8339812,-0.88220906,0.47085792,0.62,0.0,0.0,0.21818182,0.20170455,0.20170455,999,64,0,4,4,4.966976,0.0,0,0,0,0.13223249,none,1,1.0,0,0.0,0,0.0,0,0.0,1,1.0,1,1.0,4,0.9950025,1,0,0.00955,0.10506825,0.8074328,298.09,214.61949
5,180.14088,264.8105,214.61949,84.447586,183.65314,,260.7156,6.702726,11.669703,1.7113097,,9.267568,1.7339644,285.21445,24.019852,,,,,,298.71,100.0,,,1.0,1.0,1,IDA/IDC and APSS Safed,1,,0.0,,0.0,,0.0,1,5,1,1,0,0.0034989503,0.24661438,Checkout,0.05,0.00298505,0.005,4,2,0,0,1,0,0,1,1,0,3,IDA,0,0,0,1,0,0,RECOVERY,0.37954545,0,Winter_North,0.0215,0.82993525,-0.8770623,0.48037657,0.62,0.0,0.0,0.3189394,0.23727272,0.23727272,999,63,0,5,5,4.966976,0.0,0,0,0,0.12809916,none,2,1.0,0,0.0,0,0.0,1,1.0,2,1.0,1,1.0,5,0.9937539,0,1,0.00645,0.112743974,0.81209165,298.71,214.61949
6,180.14088,264.8105,214.61949,84.447586,183.65314,,260.7156,6.702726,11.669703,1.7113097,,9.267568,1.7339644,285.21445,24.019852,,,,,,299.32,100.0,,,1.0,1.0,1,Runout,1,,0.0,,0.0,,0.0,1,6,1,1,0,0.0041987402,0.2678314,Checkout,0.06,0.0035784862,0.006,1,1,0,0,0,0,0,0,0,0,0,NONE,0,0,0,0,0,0,NONE,0.06363636,0,Winter_North,0.011333333,0.8259169,-0.8718984,0.48968682,0.61,0.0,0.0,0.3098485,0.20833334,0.20833334,999,62,0,6,6,4.966976,0.0,0,0,0,0.12403249,none,2,1.0,0,0.0,0,0.0,1,1.0,2,1.0,1,1.0,6,0.9925056,0,2,0.0034,0.104319364,0.8165565,299.32,214.61949
7,180.14088,264.8105,214.61949,84.447586,183.65314,,260.7156,6.702726,11.669703,1.7113097,,9.267568,1.7339644,285.21445,24.019852,,,,,,299.94,100.0,,,1.0,1.0,1,Runout,1,,0.0,,0.0,,0.0,1,7,1,1,0,0.0048985304,0.2862104,Checkout,0.07,0.0041707368,0.007,1,1,0,0,0,0,0,0,0,0,0,NONE,0,0,0,0,0,0,NONE,0.06363636,0,Winter_North,0.001,0.82179475,-0.86654854,0.49909282,0.62,0.0,0.0,0.1689394,0.18766233,0.18766233,999,61,0,7,7,4.966976,0.0,0,0,0,0.11989915,none,2,1.0,0,0.0,0,0.0,1,1.0,2,1.0,1,1.0,7,0.9912576,0,3,0.0003,0.09793508,0.820973,299.94,214.61949
8,180.2088,266.69995,215.58427,85.52489,184.38367,,261.703,5.628128,9.597756,1.6655966,,8.539442,1.7215182,275.29895,34.99804,,,,,,300.55,99.5,,,1.0,1.0,1,"IDA Unstow Part 2, Deck Imaging, and Arm Characterization",1,,0.0,,0.0,,0.0,1,8,1,1,0,0.0055983206,0.30242184,Checkout,0.08,0.004761804,0.008,9,4,1,2,1,0,0,0,1,0,2,IDA,1,1,1,0,0,0,SCIENCE,0.47272727,0,Winter_North,0.0,0.8177023,-0.8611859,0.5082901,0.61,0.3646542,0.1607974,0.2,0.23344156,0.22329545,999,60,0,8,8,3.9696288,0.4061599,0,0,0,0.13290101,none,3,1.0,0,0.0,0,0.0,1,1.0,3,1.0,1,1.0,8,0.99000996,1,0,0.13475741,0.11501731,0.8177023,300.55,215.58427
9,180.2088,266.69995,215.58427,85.52489,184.38367,,261.703,5.628128,9.597756,1.6655966,,8.539442,1.7215182,275.29895,34.99804,,,,,,301.17,99.5,,,1.0,1.0,1,Runout,1,,0.0,,0.0,,0.0,1,9,1,1,0,0.0062981104,0.31692347,Checkout,0.09,0.00535169,0.009,1,1,0,0,0,0,0,0,0,0,0,NONE,0,0,0,0,0,0,NONE,0.06363636,0,Winter_North,0.0,0.8135059,-0.8556354,0.5175791,0.62,0.47076657,0.1607974,0.2,0.2314935,0.20555556,999,59,0,9,9,3.9696288,0.5243502,0,0,0,0.14378327,none,3,1.0,0,0.0,0,0.0,1,1.0,3,1.0,1,1.0,9,0.9887626,0,1,0.17397109,0.11931977,0.8135059,301.17,215.58427
10,180.2088,266.69995,215.58427,85.52489,184.38367,,261.703,5.628128,9.597756,1.6655966,,8.539442,1.7215182,275.29895,34.99804,,,,,,301.78,99.5,,,1.0,1.0,1,Above Deck and Footpad Imaging; APSS Checkout,1,,0.0,,0.0,,0.0,1,10,1,1,0,0.0069979005,0.33004177,Checkout,0.1,0.005940398,0.01,7,3,0,0,0,0,0,1,1,0,2,APSS,1,1,0,0,0,0,SCIENCE,0.39545456,0,Winter_North,0.0,0.8093413,-0.85007656,0.5266591,0.61,0.51569897,0.1607974,0.31060606,0.275,0.22454545,999,58,0,10,10,3.9696288,0.57439685,0,0,0,0.14839126,none,3,1.0,0,0.0,0,0.0,2,1.0,4,1.0,1,1.0,10,0.98751557,1,0,0.19057576,0.13247606,0.8093413,301.78,215.58427
11,180.2088,266.69995,215.58427,85.52489,184.38367,,261.703,5.628128,9.597756,1.6655966,,8.539442,1.7215182,275.29895,34.99804,,,,,,302.39,99.5,,,1.0,1.0,1,Runout,1,,0.0,,0.0,,0.0,1,11,1,1,0,0.0076976907,0.34201786,Checkout,0.11,0.0065279296,0.011,1,1,0,0,0,0,0,0,0,0,0,NONE,0,0,0,0,0,0,NONE,0.06363636,0,Winter_North,0.0,0.80514175,-0.84442145,0.5356794,0.61,0.51569897,0.1607974,0.17424242,0.21461038,0.20991735,999,57,0,11,11,3.9696288,0.57439685,0,0,0,0.14839126,none,3,1.0,0,0.0,0,0.0,2,1.0,4,1.0,1,1.0,11,0.9862688,0,1,0.19057576,0.11781502,0.80514175,302.39,215.58427
12,180.2088,266.69995,215.58427,85.52489,184.38367,,261.703,5.628128,9.597756,1.6655966,,8.539442,1.7215182,275.29895,34.99804,,,,,,303.0,99.5,,,1.0,1.0,1,Workspace Imaging,1,,0.0,,0.0,,0.0,1,12,1,1,0,0.0083974805,0.35303476,Checkout,0.12,0.007114287,0.012,2,1,0,0,0,0,1,0,1,0,2,SEIS,1,0,0,0,0,0,SCIENCE,0.22727273,0,Winter_North,0.0,0.8009075,-0.83867055,0.54463905,0.61,0.47076657,0.1607974,0.22878788,0.19285715,0.21136364,999,56,0,12,12,3.9696288,0.5243502,0,0,0,0.14378327,none,3,1.0,0,0.0,1,1.0,2,1.0,5,1.0,1,1.0,12,0.98502237,0,2,0.17397109,0.11096977,0.8009075,303.0,215.58427
13,236.32953,261.91647,250.90837,25.586935,239.79404,251.40634,260.57004,9.623235,11.183309,1.0430793,9.898516,10.95506,1.1621153,298.95407,7.7744107,0.9908365,4.6711607,-8.324432,9.545465,299.29846,304.192,12.0,1.0,1.0,1.0,1.0,1,Runout,1,,0.0,,0.0,,0.0,1,13,1,1,0,0.009097271,0.36323485,Checkout,0.13,0.0076994733,0.013,1,1,0,0,0,0,0,0,0,0,0,NONE,0,0,0,0,0,0,NONE,0.06363636,0,Winter_North,0.0,0.7925355,-0.82715905,0.5619679,1.192,13.416846,6.048146,0.11818182,0.19285715,0.2,999,55,0,13,13,1.5600736,1.4968823,0,0,1,0.1375334,none,3,1.0,0,0.0,1,1.0,2,1.0,5,1.0,1,1.0,13,0.9837763,0,3,0.67686075,0.10890595,0.7925355,304.192,250.90837
14,178.73375,266.7914,214.34854,88.05765,182.52951,204.28183,261.16092,6.3330755,10.75176,1.9705666,5.9610996,9.645045,1.6977154,277.6986,29.497679,0.87588036,1.2533252,-5.468566,5.610351,282.90854,304.381,100.0,1.0,0.58,0.832,1.0,1,"Below Deck imaging, Science Panorama, First Tau Image, APSS Power On, HP3 Radiometer Cover Open, and SEIS Calibration",1,,0.0,,0.0,,0.0,1,14,1,1,0,0.009797061,0.3727309,Checkout,0.14,0.00828349,0.014,18,7,0,0,0,1,1,1,1,0,4,HP3,1,1,0,0,0,0,SCIENCE,0.8954546,0,Winter_North,0.0,0.7911963,-0.8253008,0.56469333,0.189,13.43699,-0.2059549,0.39545456,0.3116883,0.24967533,999,54,0,14,14,4.4186845,1.4889618,0,0,1,0.20630795,none,3,1.0,1,1.0,2,1.0,3,1.0,6,1.0,1,1.0,14,0.9825305,1,0,0.6772764,0.16655959,0.7911963,304.381,214.34854
15,179.23839,266.5512,214.54288,87.31283,182.85623,203.95381,261.589,5.6273108,10.395,1.8313215,5.386231,9.069223,1.8472412,284.79083,29.53435,0.8755916,1.1278177,-4.8365006,4.9662576,283.12616,304.87488,99.0,1.0,0.7171717,0.8868687,1.0,1,Runout,1,,0.0,,0.0,,0.0,1,15,1,1,0,0.010496851,0.38161388,Checkout,0.15,0.00886634,0.015,1,1,0,0,0,0,0,0,0,0,0,NONE,0,0,0,0,0,0,NONE,0.06363636,0,Winter_North,0.0,0.78768194,-0.8204027,0.5717862,0.49387878,13.505483,-0.1735657,0.3409091,0.25324675,0.23727272,999,53,0,15,15,4.767689,1.4890232,0,0,1,0.21470457,none,3,1.0,1,1.0,2,1.0,3,1.0,6,1.0,1,1.0,15,0.9812849,0,1,0.6786898,0.15574381,0.78768194,304.87488,214.54288
16,179.9405,266.02856,214.73549,86.08805,183.14645,204.8739,261.24313,6.5315547,9.659002,1.244822,6.61,8.606956,1.4788213,274.97427,32.495953,0.85143167,0.8238635,-5.5787015,5.6392074,278.40073,305.4782,100.0,1.0,0.67,0.868,1.0,1,"High Resolution Imaging of SEIS and HP3 Deployment Locations, SEIS SP Data Collection, SEIS Tilt Measurement, HP3 Open Cover Radiometer Calibrations, and Start HP3 SSA Monitoring",1,,0.0,,0.0,,0.0,1,16,1,1,0,0.011196641,0.3899581,Checkout,0.16,0.009448025,0.016,26,7,0,0,0,1,1,1,1,0,4,HP3,1,1,1,0,0,0,SCIENCE,0.95,0,Winter_North,0.0,0.7833599,-0.8143364,0.58039314,0.6033212,13.558639,-0.14146435,0.6363636,0.37987015,0.29045454,999,52,0,16,16,3.1274476,1.4600084,0,0,1,0.17524242,none,3,1.0,2,1.0,3,1.0,4,1.0,7,1.0,1,1.0,16,0.9800397,1,0,0.6797867,0.1720506,0.7833599,305.4782,214.73549
17,180.1168,265.51672,215.42831,85.39991,183.64485,205.35492,262.22894,6.0641975,8.49018,1.1753318,6.089739,7.967262,1.40005,274.26932,37.54974,0.80674094,0.42893994,-4.89594,4.914694,275.007,306.0846,100.0,1.0,0.72,0.888,1.0,1,Runout,1,,0.0,,0.0,,0.0,1,17,1,1,0,0.011896431,0.3978253,Checkout,0.17,0.010028549,0.017,1,1,0,0,0,0,0,0,0,0,0,NONE,0,0,0,0,0,0,NONE,0.06363636,0,Winter_North,0.0,0.77898407,-0.8081482,0.5889792,0.6064,13.567582,-0.025994016,0.3590909,0.33246753,0.28954545,999,51,0,17,17,2.4259822,1.4291428,0,0,1,0.15836607,none,3,1.0,2,1.0,3,1.0,4,1.0,7,1.0,1,1.0,17,0.9787948,0,1,0.6799712,0.15388513,0.77898407,306.0846,215.42831
18,180.20265,265.1685,213.93243,84.96586,183.10118,204.7833,259.9655,7.637728,12.035237,1.9638463,7.836278,10.703296,1.5757614,286.643,23.69429,0.9180448,2.161159,-6.785706,7.121546,287.666,306.69366,99.0,1.0,0.8787879,0.95151514,1.0,1,Below Deck Imaging of All Footpads and Grapple Unstow,1,,0.0,,0.0,,0.0,1,18,1,1,0,0.012596221,0.405267,Checkout,0.18,0.010607912,0.018,9,2,0,0,1,0,0,0,1,0,2,IDA,1,0,1,0,0,0,SCIENCE,0.37272727,0,Winter_North,0.0,0.7745576,-0.8018417,0.5975365,0.60906667,13.674411,-0.27530807,0.46212122,0.3766234,0.30833334,999,50,0,18,18,4.3975096,1.4288102,1,0,1,0.4557985,minor,4,1.0,2,1.0,3,1.0,4,1.0,8,1.0,1,1.0,18,0.97755027,0,2,0.68217564,0.28433266,0.7745576,306.69366,213.93243
19,180.04732,266.7862,214.49202,86.73888,183.37842,204.47176,260.5806,6.2753477,11.103813,2.0233228,6.0875874,9.6027355,1.769434,277.36536,41.8386,0.7659705,1.2170353,-4.858649,5.0087566,284.0626,307.2944,100.0,1.0,0.82,0.928,1.0,1,Runout,1,,0.0,,0.0,,0.0,1,19,1,1,0,0.013296011,0.41232693,Checkout,0.19,0.011186117,0.019,1,1,0,0,0,0,0,0,0,0,0,NONE,0,0,0,0,0,0,NONE,0.06363636,0,Winter_North,0.0,0.7701613,-0.7955327,0.60591066,0.60073334,13.73829,-6.0693903,0.16666667,0.35324675,0.28015152,999,49,0,19,19,4.8284655,1.3613564,0,0,1,0.31616676,minor,4,1.0,2,1.0,3,1.0,4,1.0,8,1.0,1,1.0,19,0.97630596,0,3,0.68349385,0.2230713,0.7701613,307.2944,214.49202
20,180.04669,265.28992,215.04819,85.243225,184.62198,205.03008,259.83823,7.074374,10.866249,1.8013215,7.261852,9.864407,1.5360016,286.84613,27.005178,0.89487106,1.9495403,-6.1292276,6.431807,287.64444,307.89536,99.0,1.0,0.7878788,0.91515154,1.0,1,"SEIS Capture with Grapple, Acquire SEIS Data, Update TWINS Heater Setpoints, and Imaging",1,,0.0,,0.0,,0.0,1,20,1,1,0,0.013995801,0.41904232,Checkout,0.2,0.0117631685,0.02,13,5,0,0,1,0,1,1,1,0,4,IDA,1,0,1,0,1,1,SCIENCE,0.72727275,0,Winter_North,0.0,0.76573354,-0.7891338,0.61422133,0.60096365,0.48541692,0.11660713,0.3878788,0.44805196,0.30333334,999,48,0,20,20,3.7918754,0.6651939,0,0,0,0.15247479,none,5,1.0,2,1.0,4,1.0,5,1.0,9,1.0,1,1.0,20,0.97506195,0,4,0.21839376,0.18173122,0.76573354,307.89536,215.04819
21,180.08534,266.23718,215.0982,86.15184,184.29874,204.68819,259.1877,6.8225455,12.377578,1.8682522,6.192298,10.186239,1.814217,279.1295,27.676744,0.8898799,1.4419464,-5.938266,6.1108274,283.64856,308.5002,100.0,1.0,0.74,0.896,1.0,1,Runout,1,,0.0,,0.0,,0.0,1,21,1,1,0,0.014695591,0.42544523,Checkout,0.21,0.012339066,0.021,1,1,0,0,0,0,0,0,0,0,0,NONE,0,0,0,0,0,0,NONE,0.06363636,0,Winter_North,0.0,0.7612478,-0.782606,0.62251735,0.60483634,0.49129924,0.09255463,0.28484848,0.32922077,0.30333334,999,47,0,21,21,5.5550323,0.66967005,1,0,0,0.44530624,minor,5,1.0,2,1.0,4,1.0,5,1.0,9,1.0,1,1.0,21,0.9738183,0,5,0.21991733,0.26959127,0.7612478,308.5002,215.0982
22,179.94316,266.8536,210.95863,86.91043,183.97098,200.54713,260.2212,6.964502,8.576125,1.2952807,6.689978,8.407249,1.2314055,278.95978,33.89971,0.8394304,1.2130045,-5.8195915,5.9446635,281.77386,309.17545,83.0,1.0,0.04819277,0.6192771,1.0,1,SEIS Deployment,1,,0.0,,0.0,,0.0,1,22,1,1,0,0.0153953815,0.4315635,Checkout,0.22,0.012913813,0.022,2,1,0,0,0,0,1,0,0,0,1,SEIS,0,0,1,0,0,0,DEPLOYMENT,0.15227273,0,Winter_North,0.0,0.7562054,-0.77521515,0.6316973,0.6752578,1.5260367,-0.6294756,0.31439394,0.34188312,0.30924243,999,46,0,22,22,1.6116236,0.53006697,0,0,0,0.187579,none,5,1.0,2,1.0,5,1.0,5,1.0,9,1.0,1,1.0,22,0.97257495,0,6,0.19753774,0.17010115,0.7562054,309.17545,210.95863
23,179.50877,262.19034,214.18884,82.681564,183.41783,204.8737,258.64346,8.567627,11.724083,1.0232389,8.783111,9.599751,1.3684167,295.9294,9.888877,0.98521614,3.6400735,-7.616064,8.441242,295.54532,309.6996,99.0,1.0,0.1919192,0.67676765,1.0,1,IDC and ICC Imaging of SEIS; Unsafe HP3,1,,0.0,,0.0,,0.0,1,23,1,1,0,0.01609517,0.43742132,Checkout,0.23,0.013487412,0.023,8,3,0,0,1,1,1,0,1,0,4,IDA,1,0,0,0,0,0,SCIENCE,0.559091,0,Winter_North,0.0,0.752267,-0.7694043,0.6387621,0.52411795,1.5104758,-0.2065779,0.25833336,0.28603896,0.315,999,45,0,23,23,3.1564565,0.8445605,0,0,0,0.15370241,none,6,1.0,3,1.0,6,1.0,5,1.0,10,1.0,1,1.0,23,0.9713319,0,7,0.29573408,0.14302453,0.752267,309.6996,214.18884
24,179.65611,267.44495,215.72774,87.78885,184.97322,204.77827,260.37518,5.453375,10.817422,2.2553837,5.1552086,9.852865,1.9836198,265.04633,46.363747,0.72079366,0.5118976,-4.17567,4.2069297,276.98904,310.3014,100.0,1.0,0.76,0.904,1.0,1,Grapple Adjustment; HP3 Checkouts and Calibrations,1,,0.0,,0.0,,0.0,1,24,1,1,0,0.016794961,0.44303998,Checkout,0.24,0.014059864,0.024,6,3,0,0,1,1,0,0,0,0,2,IDA,0,1,1,0,0,0,MAINTENANCE,0.3818182,0,Winter_North,0.0,0.74771875,-0.7626525,0.6468084,0.6018242,1.5558138,0.29921934,0.36439398,0.33149353,0.33621213,999,44,0,24,24,5.3640475,0.98434657,0,0,0,0.21968493,none,7,1.0,4,1.0,6,1.0,5,1.0,10,1.0,1,1.0,24,0.9700891,1,0,0.3404587,0.18121618,0.74771875,310.3014,215.72774
25,179.59352,267.42352,215.499,87.82999,183.91437,204.87154,260.43167,6.535376,12.021659,1.8986691,6.2494555,10.335178,1.8394748,286.29443,28.89209,0.8806103,1.6722137,-5.575842,5.821195,286.69415,310.8998,100.0,1.0,0.72,0.888,1.0,1,"Release SEIS Grapple, HP3 Tilt Measurements, SEIS Collect SP Data and Tilt Measurements, and IDC and ICC Imaging",1,,0.0,,0.0,,0.0,1,25,1,1,0,0.017494751,0.44843826,Checkout,0.25,0.014631173,0.025,18,7,0,0,1,1,1,0,1,0,4,IDA,1,0,1,0,0,0,SCIENCE,0.8954546,0,Winter_North,0.0,0.7431692,-0.75585574,0.6547382,0.5984,1.6211057,0.16782685,0.6121212,0.40616885,0.36954546,999,43,0,25,25,5.4862833,0.9473473,1,0,0,0.4692191,minor,8,1.0,5,1.0,7,1.0,5,1.0,11,1.0,1,1.0,25,0.9688466,0,1,0.33021572,0.30013353,0.7431692,310.8998,215.499
26,178.78049,266.67795,214.45753,87.89746,184.13547,204.09665,258.95532,6.5099525,11.08474,1.7563274,6.2123976,9.906833,1.7027375,273.44778,39.106487,0.79221034,0.9630306,-5.2048135,5.293157,280.4827,311.50143,99.0,1.0,0.7171717,0.8868687,1.0,1,SEIS and Tether Imaging; Tau Imaging,1,,0.0,,0.0,,0.0,1,26,1,1,0,0.018194541,0.45363274,Checkout,0.26,0.0152013395,0.026,6,3,0,0,0,0,1,0,1,0,2,SEIS,1,0,0,0,0,0,SCIENCE,0.3818182,0,Winter_North,0.0,0.7385685,-0.7489393,0.66263866,0.60162425,1.6209394,-0.09844218,0.5530303,0.4516234,0.3907576,999,42,0,26,26,4.574787,0.92911804,0,0,0,0.19561121,none,8,1.0,5,1.0,8,1.0,5,1.0,12,1.0,1,1.0,26,0.9676045,0,2,0.32450184,0.20248875,0.7385685,311.50143,214.45753
27,179.95515,265.88675,215.7413,85.93159,184.16104,205.1012,260.47543,6.192377,10.792944,1.7414598,6.3279943,8.600803,1.7429404,288.22684,26.620842,0.8976846,1.9640764,-5.312708,5.664138,290.28906,312.0946,100.0,1.0,0.86,0.944,1.0,1,Runout,1,,0.0,,0.0,,0.0,1,27,1,1,0,0.018894332,0.4586383,Checkout,0.27,0.015770368,0.027,1,1,0,0,0,0,0,0,0,0,0,NONE,0,0,0,0,0,0,NONE,0.06363636,0,Winter_North,0.0,0.7340065,-0.742039,0.6703567,0.59317577,1.6852146,0.10718127,0.44696972,0.3568182,0.3798485,999,41,0,27,27,4.600567,0.9526234,0,0,0,0.19839567,none,8,1.0,5,1.0,8,1.0,5,1.0,12,1.0,1,1.0,27,0.96636266,0,3,0.33319142,0.1803359,0.7340065,312.0946,215.7413
28,179.73155,264.03528,214.21684,84.303734,183.10684,204.1351,258.86697,8.18208,13.808169,2.004475,7.9207687,11.251428,1.687611,282.45938,24.54824,0.9123025,1.7154227,-7.30966,7.508249,283.20712,312.69,100.0,1.0,0.84,0.936,1.0,1,Runout,1,,0.0,,0.0,,0.0,1,28,1,1,0,0.019594122,0.46346822,Checkout,0.28,0.016338259,0.028,1,1,0,0,0,0,0,0,0,0,0,NONE,0,0,0,0,0,0,NONE,0.06363636,0,Winter_North,0.0,0.7294023,-0.7350329,0.6780314,0.5954,1.6680411,0.54303426,0.16969697,0.3568182,0.3798485,999,40,0,28,28,5.6260886,1.1034664,1,0,1,0.48535657,minor,8,1.0,5,1.0,8,1.0,5,1.0,12,1.0,1,1.0,28,0.9651211,0,4,0.38008976,0.2955548,0.7294023,312.69,214.21684
29,183.01767,264.86847,212.3884,81.8508,186.13075,201.49062,261.99164,5.821263,7.833461,1.4336578,6.1285954,7.5392294,1.3456635,303.12283,11.1628065,0.98120004,3.0165927,-4.84547,5.7077503,301.90472,313.14258,61.0,1.0,0.7704918,0.90819675,1.0,1,Runout,1,,0.0,,0.0,,0.0,1,29,1,1,0,0.020293912,0.46813437,Checkout,0.29,0.016905015,0.029,1,1,0,0,0,0,0,0,0,0,0,NONE,0,0,0,0,0,0,NONE,0.06363636,0,Winter_North,0.0,0.72588587,-0.7296542,0.6838163,0.45259017,1.1979041,-0.3000752,0.06363636,0.34415588,0.32439396,999,39,0,29,29,2.012198,1.1770741,0,0,1,0.14841095,none,8,1.0,5,1.0,8,1.0,5,1.0,12,1.0,1,1.0,29,0.9638798,0,5,0.39344648,0.15804541,0.72588587,313.14258,212.3884
30,180.2088,266.69995,215.58427,85.52489,184.38367,,261.703,5.628128,9.597756,1.6655966,,8.539442,1.7215182,275.29895,34.99804,,,,,,313.84,99.5,,,1.0,1.0,1,"SEIS Leveling, Acquire SEIS Data, and Imaging",1,,0.0,,0.0,,0.0,1,30,1,1,0,0.020993702,0.4726475,Checkout,0.3,0.01747064,0.03,7,4,0,0,0,0,1,0,1,0,2,SEIS,1,1,0,0,0,0,SCIENCE,0.44545457,0,Winter_North,0.0,0.7204397,-0.7212768,0.69264686,0.6974098,1.2331253,-0.023911262,0.1909091,0.3279221,0.3498485,999,38,0,30,30,3.9696288,0.91684157,0,0,0,0.17992152,none,8,1.0,5,1.0,9,1.0,5,1.0,13,1.0,1,1.0,30,0.96263885,0,6,0.31265348,0.16702554,0.7204397,313.84,215.58427
31,197.82312,266.72098,238.57866,68.89784,202.15509,243.98126,264.01965,4.9358444,8.655389,1.6173807,4.525972,7.470146,1.7535781,245.4496,44.38528,0.74077654,-1.4548799,-3.5723138,3.8572142,247.84064,314.914,25.0,1.0,0.96,0.984,1.0,1,Runout,1,,0.0,,0.0,,0.0,1,31,1,1,0,0.021693492,0.47701734,Checkout,0.31,0.018035134,0.031,1,1,0,0,0,0,0,0,0,0,0,NONE,0,0,0,0,0,0,NONE,0.06363636,0,Winter_North,0.0,0.71198905,-0.7081673,0.7060446,1.074,9.119523,3.846612,0.1909091,0.28246754,0.2907576,999,37,0,30,31,3.7195444,1.0150847,0,0,0,0.18295045,none,8,1.0,5,1.0,9,1.0,5,1.0,13,1.0,1,0.0,31,0.96139824,0,7,0.5061672,0.15730768,0.71198905,314.914,238.57866
32,180.06721,267.1183,215.61917,87.05109,184.2425,204.89636,261.15295,6.7332745,12.545889,2.1365292,6.6076946,10.16011,1.8632671,285.324,29.330845,0.87719065,1.5562555,-5.8203807,6.0248456,284.96957,315.1456,100.0,1.0,1.0,1.0,1.0,1,"Unsafe IDA and PAE, SEIS Collect SP Data and Tilt Measurements, and SEIS Stereo Imaging",1,,0.0,,0.0,,0.0,1,32,1,1,0,0.022393283,0.48125267,Checkout,0.32,0.0185985,0.032,15,6,0,0,1,0,1,0,1,0,3,IDA,1,0,0,0,0,0,SCIENCE,0.7295455,0,Winter_North,0.0,0.7101569,-0.7053076,0.7089014,0.2316,9.113995,0.19360708,0.4128788,0.25876623,0.33515152,999,36,0,30,32,5.8126144,1.0267904,1,0,0,0.48438483,minor,9,1.0,5,1.0,10,1.0,5,1.0,14,1.0,1,0.0,32,0.9601579,0,8,0.50971997,0.27239025,0.7101569,315.1456,215.61917
33,179.94882,264.7447,214.4722,84.79587,184.46861,204.15025,257.8741,7.9627237,12.0548,1.7405553,8.1254,10.923115,1.5139041,286.15097,24.85069,0.9102288,2.4340925,-6.9390116,7.3535495,289.33005,315.654,100.0,1.0,1.0,1.0,1.0,1,Runout,1,,0.0,,0.0,,0.0,1,33,1,1,0,0.023093073,0.48536158,Checkout,0.33,0.01916074,0.033,1,1,0,0,0,0,0,0,0,0,0,NONE,0,0,0,0,0,0,NONE,0.06363636,0,Winter_North,0.0,0.706123,-0.6989896,0.71513176,0.5084,9.113024,-0.21151604,0.28560606,0.21331169,0.31454548,999,35,0,30,33,4.0920763,1.210038,1,1,1,0.44845018,minor,9,1.0,5,1.0,10,1.0,5,1.0,14,1.0,1,0.0,33,0.95891786,0,9,0.5671036,0.24708675,0.706123,315.654,214.4722
34,180.48404,265.4601,216.19034,84.976074,185.4714,204.58038,260.70557,5.6289454,8.564845,1.6338629,5.7722,8.0174,1.521572,276.0796,33.308323,0.8445274,0.83567446,-4.8657146,4.9369555,279.74533,316.2416,99.0,1.0,1.0,1.0,1.0,1,Runout,1,,0.0,,0.0,,0.0,1,34,1,1,0,0.023792863,0.4893514,Checkout,0.34,0.019721858,0.034,1,1,0,0,0,0,0,0,0,0,0,NONE,0,0,0,0,0,0,NONE,0.06363636,0,Winter_North,0.0,0.70144033,-0.69161874,0.72226274,0.58761615,9.095332,0.32891646,0.28560606,0.21331169,0.31454548,999,34,0,30,34,2.9359,1.2514505,0,1,1,0.17063403,none,9,0.8888889,5,1.0,10,1.0,5,1.0,14,0.9285714,1,0.0,34,0.9576781,0,10,0.5797113,0.1363942,0.70144033,316.2416,216.19034
35,180.23857,265.33447,216.23824,85.0959,185.18137,205.43932,261.76898,5.9644575,9.906378,1.7006267,5.811289,8.6419735,1.6609018,272.4976,37.132164,0.8105819,0.6290112,-5.0712585,5.1101193,277.07056,316.8328,100.0,1.0,0.89,0.956,1.0,1,"SEIS VBB Recentering and Data Collection, IDS Stereo Imaging of SEIS After Leveling, Sundial Imaging, and Grapple Localization",1,,0.0,,0.0,,0.0,1,35,1,1,0,0.024492653,0.49322876,Checkout,0.35,0.020281853,0.035,18,6,0,0,1,0,1,0,1,0,3,IDA,1,1,0,0,0,0,SCIENCE,0.7704546,0,Winter_North,0.0,0.69670784,-0.68412966,0.7293604,0.59118384,8.981016,0.6416396,0.29924244,0.31428573,0.31742427,999,33,0,30,35,3.9419203,0.980354,0,0,0,0.18510273,none,10,0.8,5,1.0,11,1.0,5,0.8,15,0.8666667,1,0.0,35,0.95643866,0,11,0.49242932,0.16785899,0.69670784,316.8328,216.23824
36,181.31644,267.00684,214.49069,85.690414,185.93744,203.45168,262.90125,4.926637,8.885822,1.3696967,4.915633,7.3662024,1.8036283,272.78107,39.96645,0.7840478,0.022364164,-3.862261,3.8623257,270.33176,317.4058,94.0,1.0,0.86170214,0.94468087,1.0,1,Runout,1,,0.0,,0.0,,0.0,1,36,1,1,0,0.025192441,0.49699992,Checkout,0.36,0.02084073,0.036,1,1,0,0,0,0,0,0,0,0,0,NONE,0,0,0,0,0,0,NONE,0.06363636,0,Winter_North,0.0,0.69210106,-0.6768016,0.73616546,0.57298726,8.777821,-0.18226363,0.29924244,0.31428573,0.31742427,999,32,0,30,36,3.9591851,1.0758586,0,0,0,0.19431159,none,10,0.8,5,1.0,11,1.0,5,0.8,15,0.8666667,1,0.0,36,0.9551995,0,12,0.51815385,0.17197624,0.69210106,317.4058,214.49069
37,180.69492,265.597,215.1033,84.90208,184.63593,205.19437,259.91324,7.486191,12.122878,1.7830678,7.6064105,10.161047,1.6193653,286.0607,26.096973,0.9014685,1.9014661,-6.579895,6.8491306,286.1183,318.00522,99.0,1.0,0.9292929,0.9717172,1.0,1,Open SEIS Tether Storage Box,1,,0.0,,0.0,,0.0,1,37,1,1,0,0.025892232,0.5006705,Checkout,0.37,0.021398492,0.037,5,1,0,0,0,0,1,0,0,0,1,SEIS,0,0,0,0,0,0,NONE,0.19318183,0,Winter_North,0.0,0.687261,-0.66906273,0.7432059,0.5994451,8.80846,-3.9125593,0.34242427,0.27824676,0.32015154,999,31,0,30,37,4.636687,1.199923,1,0,1,0.5615528,moderate,10,0.8,5,1.0,12,1.0,5,0.8,15,0.8666667,1,0.0,37,0.95396066,0,13,0.55765027,0.3102966,0.687261,318.00522,215.1033
38,181.45816,264.70547,215.39592,83.24732,185.55157,204.85585,259.3749,6.7612815,10.051477,1.5441204,6.9242945,9.139055,1.4866232,280.54642,27.634504,0.89019656,1.223157,-5.929888,6.054724,281.65494,318.5936,100.0,1.0,1.0,1.0,1.0,1,"SEIS Tether Assessment, LSA Imaging, and Stow SEIS VBB",1,,0.0,,0.0,,0.0,1,38,1,1,0,0.026592022,0.5042457,Checkout,0.38,0.021955138,0.038,9,4,0,0,1,0,1,0,1,0,3,IDA,1,0,1,0,0,0,SCIENCE,0.5477273,0,Winter_North,0.0,0.6824904,-0.66139567,0.7500372,0.5883677,0.72330004,-0.037208762,0.26818183,0.3474026,0.31939396,999,30,0,30,38,3.2901962,1.0611032,0,0,0,0.17685798,none,11,0.72727275,5,1.0,13,1.0,5,0.8,16,0.8125,1,0.0,38,0.9527221,0,14,0.34732413,0.17414111,0.6824904,318.5936,215.39592
39,180.77959,264.93295,216.50833,84.15336,185.35896,205.16898,261.63705,5.869939,9.734423,1.8461109,5.945718,9.267903,1.6583515,273.61115,36.09637,0.8200005,0.008368547,-4.8866487,4.886656,270.0981,319.1784,100.0,1.0,1.0,1.0,1.0,1,IDA Temperature Monitoring and HP3 Radiometer Shadow Measurements,1,,0.0,,0.0,,0.0,1,39,1,1,0,0.027291812,0.50773036,Checkout,0.39,0.022510672,0.039,8,2,0,0,1,1,0,1,0,0,3,IDA,1,0,0,0,1,0,SCIENCE,0.4340909,0,Winter_North,0.0,0.67772967,-0.65370595,0.7567487,0.5848,0.84460145,0.33935592,0.39166668,0.30519482,0.3228788,999,29,0,30,39,3.8644836,1.0787896,0,0,0,0.19230306,none,12,0.75,6,1.0,13,1.0,6,0.8333333,16,0.8125,1,0.0,39,0.95148385,0,15,0.3553676,0.17020059,0.67772967,319.1784,216.50833
40,180.97943,269.58514,216.29044,88.6057,184.8763,204.79175,263.74625,5.7445025,9.536511,1.6775602,5.640211,9.193651,1.6601108,274.97684,46.16156,0.7228504,0.28178126,-4.3360476,4.345194,273.71817,319.76593,99.0,1.0,1.0,1.0,1.0,1,Load Shunt Assembly (LSA) Release and Imaging,1,,0.0,,0.0,,0.0,1,40,1,1,0,0.027991602,0.511129,Checkout,0.4,0.023065096,0.04,7,2,0,0,0,0,0,0,1,0,1,CAMERA,1,0,1,0,0,0,SCIENCE,0.27045456,0,Winter_North,0.0,0.67292804,-0.64591163,0.7634122,0.5875394,0.75594246,0.01668196,0.41742426,0.33474028,0.28121212,999,28,0,30,40,3.7920084,0.8307346,0,0,0,0.16771999,none,12,0.75,6,1.0,13,1.0,6,0.6666667,17,0.7647059,1,0.0,40,0.95024586,0,16,0.275833,0.16818702,0.67292804,319.76593,216.29044
41,181.28517,269.90045,217.85532,88.61529,185.39511,205.53513,265.81363,4.8122964,7.7422776,1.2459028,4.8370695,6.7635026,1.608853,261.26505,53.2272,0.64952683,-0.65348905,-3.140224,3.2074997,258.2444,320.3452,100.0,1.0,1.0,1.0,1.0,1,Runout; Imaging of LSA and Pinning Mass,1,,0.0,,0.0,,0.0,1,41,1,1,0,0.028691392,0.5144458,Checkout,0.41,0.023618413,0.041,7,3,0,0,0,1,0,0,1,0,2,HP3,1,0,0,0,0,0,SCIENCE,0.39545456,0,Winter_North,0.0,0.66817623,-0.63816065,0.76990324,0.5792606,1.1020226,0.26951516,0.36666667,0.38214287,0.2821212,999,27,0,30,41,2.9299812,0.94934404,0,0,0,0.15790156,none,12,0.75,7,1.0,13,1.0,6,0.6666667,18,0.7777778,1,0.0,41,0.9490082,0,17,0.32012978,0.17654346,0.66817623,320.3452,217.85532
42,182.63957,269.466,218.38681,86.82642,187.21776,205.66757,265.98718,5.0435348,9.428689,1.7451415,4.9632645,8.634768,1.8694605,258.68817,56.8442,0.61131096,-0.32814232,-3.330264,3.3463917,264.37262,320.9272,100.0,1.0,1.0,1.0,1.0,1,Imaging of Pinning Mass and SEIS VBB Recentering; Attempted Grapple Stow,1,,0.0,,0.0,,0.0,1,42,1,1,0,0.029391183,0.51768446,Checkout,0.42,0.024170624,0.042,11,3,0,0,1,1,1,0,1,0,4,IDA,1,0,1,0,0,0,SCIENCE,0.6,0,Winter_North,0.0,0.6633846,-0.6303073,0.77634573,0.582,1.4340856,0.6493516,0.4219697,0.35779223,0.31787878,999,26,0,30,42,4.385154,1.0071042,0,0,0,0.19822937,none,13,0.7692308,8,1.0,14,0.9285714,6,0.6666667,19,0.7368421,1,0.0,42,0.9477709,0,18,0.3450758,0.18702,0.6633846,320.9272,218.38681
43,183.82004,270.98743,218.10744,87.1674,186.72646,205.49608,266.57443,4.361354,7.126924,1.1155504,4.1981554,6.438104,1.6341082,236.5264,90.45125,0.28762355,-0.65910965,-0.80850667,1.0431244,230.81244,321.5115,99.0,1.0,1.0,1.0,1.0,1,Runout,1,,0.0,,0.0,,0.0,1,43,1,1,0,0.030090973,0.5208487,Checkout,0.43,0.02472173,0.043,1,1,0,0,0,0,0,0,0,0,0,NONE,0,0,0,0,0,0,NONE,0.06363636,0,Winter_North,0.0,0.65855706,-0.6223573,0.78273326,0.5843152,1.3251191,0.5006887,0.35303032,0.35779223,0.31787878,999,25,0,30,43,2.7655702,1.1070992,0,0,1,0.16653612,none,13,0.7692308,8,1.0,14,0.9285714,6,0.6666667,19,0.7368421,1,0.0,43,0.9465338,0,19,0.37415144,0.17477567,0.65855706,321.5115,218.10744
44,183.69893,268.21118,218.79651,84.51225,187.80768,206.34317,266.11014,4.62639,8.260944,1.7078905,4.4421577,7.6612644,1.7856135,236.61382,107.333725,0.17296313,-0.68040234,0.03139785,0.68112636,177.35791,322.0874,100.0,1.0,1.0,1.0,1.0,1,"Stereo Imaging of SEIS, LSA, and Pinning Mass, HP3 Tilt Measurements, and SEIS Level Low; Attempted Grapple Stow",1,,0.0,,0.0,,0.0,1,44,1,1,0,0.030790763,0.5239418,Checkout,0.44,0.025271736,0.044,18,8,0,0,1,1,1,0,1,0,4,IDA,1,0,1,0,0,0,SCIENCE,0.94545454,0,Winter_North,0.0,0.65378296,-0.61445874,0.78894895,0.5758848,1.2678177,0.56676275,0.53636366,0.46525976,0.37666667,999,24,0,30,44,3.6345546,0.84598655,0,0,0,0.16533615,none,14,0.78571427,9,0.8888889,15,0.8666667,6,0.5,20,0.7,1,0.0,44,0.945297,0,20,0.29117352,0.20159546,0.65378296,322.0874,218.79651
45,183.49149,268.30203,218.33905,84.81053,187.17523,206.01701,265.057,5.1368675,10.74665,2.6007578,4.0263667,9.942086,2.092063,219.15176,99.976204,0.21819584,-1.389808,0.9017618,1.6567259,147.02292,322.66406,99.0,1.0,1.0,1.0,1.0,1,Runout; SEIS VBB/SP Data Acquisition,1,,0.0,,0.0,,0.0,1,45,1,1,0,0.031490553,0.5269669,Checkout,0.45,0.025820645,0.045,5,2,0,0,0,0,1,0,0,0,1,SEIS,0,0,0,0,0,0,NONE,0.24318182,0,Winter_North,0.0,0.6489869,-0.6064873,0.79509324,0.57666063,0.97111744,0.30511782,0.41742423,0.42175326,0.36318183,999,23,0,30,45,5.6097827,0.5573503,0,0,0,0.18628174,none,14,0.78571427,9,0.8888889,16,0.875,6,0.5,20,0.7,1,0.0,45,0.94406056,0,21,0.1946335,0.19952981,0.6489869,322.66406,218.33905
46,184.09229,267.79913,218.86888,83.70685,187.16545,206.54971,265.40036,4.7028112,8.229598,1.7473736,4.2307,7.7604995,1.7499316,231.05411,93.03543,0.2675839,-1.1909866,0.03581177,1.1915249,178.2777,323.2442,100.0,1.0,0.99,0.996,1.0,1,SEIS and HP3 Activities; Attempted Grapple Stow,1,,0.0,,0.0,,0.0,1,46,1,1,0,0.03219034,0.529927,Checkout,0.46,0.026368456,0.046,7,3,0,0,1,1,1,0,0,0,3,IDA,0,0,1,0,0,0,DEPLOYMENT,0.47045457,0,Winter_North,0.0,0.6441466,-0.5984057,0.80119324,0.5801394,0.870796,0.42974198,0.5530303,0.42694807,0.39030305,999,22,0,30,46,3.5267866,0.4470531,0,0,0,0.12601198,none,15,0.8,10,0.8,17,0.8235294,6,0.33333334,20,0.65,1,0.0,46,0.94282436,0,22,0.15801191,0.17715329,0.6441466,323.2442,218.86888
47,183.64154,268.56256,219.1204,84.92101,187.91399,207.41136,266.5839,4.4604588,8.572037,1.3062973,4.294367,6.854942,1.9217836,283.0044,93.90156,0.26106587,-0.0293728,-0.5477848,0.54857177,266.93066,323.8212,100.0,1.0,1.0,1.0,1.0,1,Runout,1,,0.0,,0.0,,0.0,1,47,1,1,0,0.032890134,0.53282475,Checkout,0.47,0.026915172,0.047,1,1,0,0,0,0,0,0,0,0,0,NONE,0,0,0,0,0,0,NONE,0.06363636,0,Winter_North,0.0,0.63931787,-0.59030706,0.8071788,0.577,0.45041567,0.21084848,0.25909093,0.3974026,0.3459091,999,21,0,30,47,4.111578,0.28591436,0,0,0,0.12524465,none,15,0.8,10,0.8,17,0.8235294,6,0.33333334,20,0.65,1,0.0,47,0.9415885,0,23,0.0988593,0.16989252,0.63931787,323.8212,219.1204
48,184.73952,267.51624,218.648,82.776726,189.58495,208.08533,265.37823,4.449762,7.2350893,1.2090687,4.261,6.46108,1.6259499,265.5061,78.03718,0.39552954,-0.14951374,-1.5364983,1.5437555,264.44217,324.39468,99.0,1.0,1.0,1.0,1.0,1,Pinning Mass Imaging from Standoff Position and Tau Imaging,1,,0.0,,0.0,,0.0,1,48,1,1,0,0.033589922,0.5356628,Checkout,0.48,0.027460795,0.048,9,2,0,0,0,1,0,0,1,0,2,HP3,1,0,1,0,0,0,SCIENCE,0.37272727,0,Winter_North,0.0,0.6345047,-0.5821985,0.8130467,0.5734768,0.35108727,0.04353163,0.30227274,0.39415586,0.36651516,999,20,0,30,48,2.7853277,0.30192688,0,0,0,0.094811074,none,15,0.73333335,11,0.8181818,17,0.8235294,6,0.33333334,21,0.61904764,1,0.0,48,0.9403529,0,24,0.10182568,0.15733987,0.6345047,324.39468,218.648
49,186.35333,264.34723,217.92303,77.99389,189.6863,208.57466,260.96295,5.2483015,8.940422,1.3158582,5.185511,7.963868,1.7034887,274.1757,31.471504,0.85997236,0.51742756,-4.5934906,4.622541,276.4269,324.972,100.0,1.0,1.0,1.0,1.0,1,Runout,1,,0.0,,0.0,,0.0,1,49,1,1,0,0.034289714,0.53844345,Checkout,0.49,0.028005328,0.049,1,1,0,0,0,0,0,0,0,0,0,NONE,0,0,0,0,0,0,NONE,0.06363636,0,Winter_North,0.0,0.6296455,-0.5739767,0.8188716,0.57732326,0.43408298,-0.030733764,0.16666667,0.31753248,0.36651516,999,19,0,30,49,3.6921208,0.3489362,0,0,0,0.12095571,none,15,0.73333335,11,0.8181818,17,0.8235294,6,0.33333334,21,0.61904764,1,0.0,49,0.9391176,0,25,0.11826435,0.14907424,0.6296455,324.972,217.92303
50,185.86435,264.69055,217.42986,78.826225,189.68698,207.44466,259.5651,4.963244,9.107079,1.7538222,4.928136,8.078105,1.8349044,270.5088,49.797962,0.68543553,0.53835744,-3.7219434,3.7606769,278.2304,325.5458,100.0,1.0,1.0,1.0,1.0,1,Grapple Investigation Activity and Grapple Stow,1,,0.0,,0.0,,0.0,1,50,1,1,0,0.034989502,0.54116905,Checkout,0.5,0.028548775,0.05,6,2,0,0,1,0,0,0,0,0,1,IDA,0,0,1,0,0,0,DEPLOYMENT,0.25681818,0,Winter_North,0.0,0.624803,-0.56574726,0.8245787,0.5738,0.59368736,-0.22777356,0.23106061,0.34512988,0.33227274,999,18,0,30,50,4.1438346,0.3210977,0,0,0,0.12926017,none,16,0.6875,11,0.8181818,17,0.7647059,6,0.16666667,21,0.5714286,1,0.0,50,0.9378826,0,26,0.11283721,0.15972763,0.624803,325.5458,217.42986
51,186.21727,265.6217,217.88867,79.404434,190.19542,207.10365,261.21237,4.0395317,6.7663,1.1546648,4.125088,5.9708047,1.6750208,264.33237,58.233448,0.5966054,-0.19982272,-2.443757,2.4519129,265.3254,326.12228,99.0,1.0,1.0,1.0,1.0,1,Runout,1,,0.0,,0.0,,0.0,1,51,1,1,0,0.035689294,0.5438417,Checkout,0.51,0.029091135,0.051,1,1,0,0,0,0,0,0,0,0,0,NONE,0,0,0,0,0,0,NONE,0.06363636,0,Winter_North,0.0,0.6199253,-0.5574224,0.83022904,0.5764727,0.6035708,-0.075062916,0.1280303,0.21915585,0.33227274,999,17,0,30,51,2.726768,0.43119088,0,0,0,0.105304055,none,16,0.6875,11,0.8181818,17,0.7647059,6,0.16666667,21,0.5714286,1,0.0,51,0.9366479,0,27,0.14752868,0.11908382,0.6199253,326.12228,217.88867
52,185.92311,266.85284,218.31828,80.92974,189.57426,207.44148,261.96002,3.9706182,7.7255445,1.3968688,3.9743447,6.732301,1.945678,259.43808,53.931084,0.64210767,-0.52522653,-2.6889205,2.7397366,258.94757,326.6906,100.0,1.0,1.0,1.0,1.0,1,Pinning Mass Imaging from Standoff Position and Tau Imaging,1,,0.0,,0.0,,0.0,1,52,1,1,0,0.036389083,0.5464635,Checkout,0.52,0.02963241,0.052,9,2,0,0,0,1,0,0,1,0,2,HP3,1,0,1,0,0,0,SCIENCE,0.37272727,0,Winter_North,0.0,0.6151047,-0.54915994,0.83571726,0.56832725,0.6034945,-0.09176742,0.23106061,0.23766235,0.34424242,999,16,0,30,52,3.7549262,0.4647651,0,0,0,0.13313155,none,16,0.6875,12,0.8333333,17,0.7058824,6,0.16666667,22,0.59090906,1,0.0,52,0.9354135,0,28,0.15804447,0.13527349,0.6151047,326.6906,218.31828
53,185.66338,265.9935,218.33842,80.33013,189.164,207.1577,262.2338,3.917289,7.844911,1.4314924,4.0210867,6.4230785,2.0026379,255.03702,55.650814,0.6239394,-0.764157,-2.5260284,2.6390824,253.16875,327.2616,100.0,1.0,1.0,1.0,1.0,1,Runout; Saltation Images,1,,0.0,,0.0,,0.0,1,53,1,1,0,0.037088875,0.5490362,Checkout,0.53,0.030172605,0.053,3,2,0,0,0,0,0,0,1,0,1,CAMERA,0,0,0,0,0,0,NONE,0.2159091,0,Winter_North,0.0,0.61025,-0.5408042,0.8411485,0.571,0.5534143,-0.13033089,0.21742424,0.2012987,0.3221212,999,15,0,30,53,3.927622,0.51339304,0,0,0,0.14176378,none,16,0.625,12,0.75,17,0.64705884,6,0.16666667,23,0.5652174,1,0.0,53,0.93417937,0,29,0.17224413,0.13006741,0.61025,327.2616,218.33842
54,185.34026,265.57706,217.63582,80.23681,188.63464,206.96779,261.88278,4.19107,7.4532332,1.319093,4.2021112,6.677411,1.7783605,266.2178,39.67765,0.7867994,-0.39110345,-3.354738,3.377459,263.35034,327.83484,99.0,1.0,1.0,1.0,1.0,1,Runout,1,,0.0,,0.0,,0.0,1,54,1,1,0,0.037788663,0.5515618,Checkout,0.54,0.030711722,0.054,1,1,0,0,0,0,0,0,0,0,0,NONE,0,0,0,0,0,0,NONE,0.06363636,0,Winter_North,0.0,0.60536516,-0.5323615,0.84651715,0.5732485,0.42953536,-0.16869661,0.21742424,0.2012987,0.29742426,999,14,0,30,54,3.2621634,0.5212557,0,0,0,0.12647761,none,16,0.5625,12,0.6666667,17,0.64705884,6,0.16666667,23,0.5652174,1,0.0,54,0.93294555,0,30,0.17215088,0.124384776,0.60536516,327.83484,217.63582
55,185.37817,264.51825,217.95483,79.140076,189.49579,206.51797,261.97522,4.4470415,7.9413557,1.2711815,4.654555,6.7443967,1.7857615,261.55936,47.38549,0.71035415,-0.42273864,-3.1686125,3.1966877,262.4008,328.4004,100.0,1.0,1.0,1.0,1.0,1,Runout,1,,0.0,,0.0,,0.0,1,55,1,1,0,0.038488455,0.5540418,Checkout,0.55,0.03124976,0.055,1,1,0,0,0,0,0,0,0,0,0,NONE,0,0,0,0,0,0,NONE,0.06363636,0,Winter_North,0.0,0.6005355,-0.52397996,0.8517306,0.5655515,0.330799,0.0052996404,0.11439394,0.15714286,0.28363636,999,13,0,30,55,3.494314,0.52121085,0,0,0,0.13205874,none,16,0.5,12,0.5833333,17,0.5882353,6,0.16666667,23,0.5217391,1,0.0,55,0.93171203,0,31,0.17009938,0.116009995,0.6005355,328.4004,217.95483
56,185.08153,264.26404,217.42085,79.1825,189.18909,206.73508,260.72385,4.263729,7.460422,1.3190513,4.545478,6.22238,1.7497412,267.29172,41.923046,0.7651458,-0.31082475,-3.3116677,3.3262224,264.63806,328.9659,99.0,1.0,1.0,1.0,1.0,1,"Pinning Mass Adjustment, HP3 Radiometer Calibration, Recenter SEIS VBBs, and SEIS SP and VBB Data Collection",1,,0.0,,0.0,,0.0,1,56,1,1,0,0.039188243,0.5564779,Checkout,0.56,0.03178672,0.056,16,6,0,0,0,1,1,1,0,0,3,HP3,0,1,1,0,0,0,MAINTENANCE,0.7431819,0,Winter_North,0.0,0.5956965,-0.515548,0.8568607,0.5655091,0.38225102,-0.0015008819,0.29015154,0.25422078,0.3068182,999,12,0,30,56,3.1966932,0.3614768,0,0,0,0.11019102,none,16,0.5,13,0.61538464,18,0.5555556,7,0.2857143,23,0.47826087,1,0.0,56,0.93047875,1,0,0.12112322,0.13196404,0.5956965,328.9659,217.42085
57,185.16937,264.20038,217.456,79.03101,188.7801,207.11601,260.39902,5.008874,8.170033,1.2246975,5.156958,6.9754014,1.6311119,275.09344,32.608685,0.85048044,0.4019296,-4.3043027,4.323028,275.33472,329.5346,100.0,1.0,1.0,1.0,1.0,1,Runout,1,,0.0,,0.0,,0.0,1,57,1,1,0,0.03988803,0.5588717,Checkout,0.57,0.03232261,0.057,1,1,0,0,0,0,0,0,0,0,0,NONE,0,0,0,0,0,0,NONE,0.06363636,0,Winter_North,0.0,0.59082085,-0.50701797,0.8619355,0.5686909,0.37750104,-0.07211087,0.29015154,0.22662339,0.27106062,999,11,0,30,57,3.1611595,0.37645572,0,0,0,0.11071528,none,16,0.5,13,0.61538464,18,0.5555556,7,0.2857143,23,0.47826087,1,0.0,57,0.9292458,0,1,0.12571745,0.12570593,0.59082085,329.5346,217.456
58,184.78685,263.6791,217.23476,78.892265,188.77199,207.28177,260.17773,5.4811482,9.165155,1.538594,5.67151,8.252452,1.6721232,274.26813,33.552658,0.84242874,0.5855589,-4.69795,4.7343016,277.1048,330.1006,100.0,1.0,1.0,1.0,1.0,1,"Tau Imaging, HP3 Tilt Measurement, HP3 Radiometer Hourly Mode, SEIS Tilt, SEIS SP and VBB Data Collection, Calibration Target Imaging, and Stereo Imaging of the HP3 Placement Site",1,,0.0,,0.0,,0.0,1,58,1,1,0,0.040587824,0.5612245,Checkout,0.58,0.032857433,0.058,28,9,0,0,1,1,1,1,1,0,5,IDA,1,1,1,0,0,0,SCIENCE,1.0,0,Winter_North,0.0,0.5859594,-0.49847865,0.866902,0.566,0.4439836,-0.18058649,0.60227275,0.36038962,0.33348486,999,10,0,30,58,3.6840072,0.5756937,0,0,0,0.14163898,none,17,0.5294118,14,0.64285713,19,0.57894737,8,0.375,24,0.5,1,0.0,58,0.92801315,1,0,0.18950215,0.1719484,0.5859594,330.1006,217.23476
59,184.36952,264.21292,217.13696,79.84339,189.20805,207.24265,260.65317,5.127882,8.4531555,1.1987475,5.3539667,6.92714,1.6484692,275.54803,32.765682,0.84915197,0.57365316,-4.3711224,4.408604,277.4766,330.66312,99.0,1.0,1.0,1.0,1.0,1,Pinning Mass Adjustment #2 and HP3 Engineering Tether Preheat Test,1,,0.0,,0.0,,0.0,1,59,1,1,0,0.041287612,0.56353784,Checkout,0.59,0.033391185,0.059,10,2,0,0,0,1,0,0,0,0,1,HP3,0,0,1,0,0,0,DEPLOYMENT,0.31136364,0,Winter_North,0.0,0.5811195,-0.48994365,0.8717541,0.5625212,0.42289048,-0.2002434,0.45833334,0.3516234,0.29121214,999,9,0,30,59,3.3252735,0.57504,0,0,0,0.13294812,none,17,0.5294118,15,0.6666667,19,0.57894737,8,0.375,24,0.5,1,0.0,59,0.92678076,0,1,0.1888621,0.16671184,0.5811195,330.66312,217.13696
60,185.00977,264.10776,217.68979,79.09799,188.8188,207.33112,260.82516,4.709015,7.371889,1.0074116,4.8710756,6.0934334,1.5654843,271.3508,34.794384,0.8316094,0.15961665,-3.9738014,3.9770057,272.30017,331.2294,100.0,1.0,1.0,1.0,1.0,1,Runout,1,,0.0,,0.0,,0.0,1,60,1,1,0,0.041987404,0.5658129,Checkout,0.6,0.033923868,0.06,1,1,0,0,0,0,0,0,0,0,0,NONE,0,0,0,0,0,0,NONE,0.06363636,0,Winter_North,0.0,0.57623935,-0.48130396,0.8765538,0.5662788,0.28034434,0.008994836,0.45833334,0.32987013,0.27924243,999,8,0,30,60,2.662874,0.48073727,0,0,0,0.10832879,none,17,0.5294118,15,0.6666667,19,0.5263158,8,0.375,24,0.45833334,1,0.0,60,0.9255487,0,2,0.15637957,0.15185702,0.57623935,331.2294,217.68979
61,184.85205,265.933,217.94269,81.08096,188.37596,207.19275,262.0696,4.5004163,7.242478,0.96164477,4.618861,5.9326563,1.6092906,267.8253,36.357098,0.8176446,-0.12428314,-3.7335825,3.7356503,268.09344,331.7922,100.0,1.0,1.0,1.0,1.0,1,Pinning Mass Adjustment #3 and HP3 Radiometer Calibration,1,,0.0,,0.0,,0.0,1,61,1,1,0,0.042687193,0.568051,Checkout,0.61,0.03445549,0.061,8,2,0,0,0,1,0,1,0,0,2,HP3,0,1,1,0,0,0,MAINTENANCE,0.35909092,0,Winter_North,0.0,0.57138187,-0.47267073,0.8812391,0.5628,0.32482922,-0.002024483,0.24469697,0.37207794,0.2718182,999,7,0,30,61,2.7420614,0.43296373,0,0,0,0.10583523,none,17,0.5294118,16,0.6875,19,0.5263158,9,0.44444445,24,0.45833334,1,0.0,61,0.9243169,1,0,0.1423321,0.16184267,0.57138187,331.7922,217.94269
62,184.36438,265.8138,217.71179,81.44945,188.2827,207.30475,262.30188,4.562197,7.1311445,1.1066998,4.717489,6.087232,1.5630943,264.0327,42.19245,0.7625094,-0.30025676,-3.5542047,3.566865,265.17114,332.357,99.0,1.0,1.0,1.0,1.0,1,"LSA Imaging, SEIS Stereo Imaging, WTS Site Imaging, SEIS SP/VBB Data Collection, HP3 Rad Hourly, and Grapple Unstow",1,,0.0,,0.0,,0.0,1,62,1,1,0,0.043386985,0.57025325,Checkout,0.62,0.03498605,0.062,18,7,0,0,1,1,1,0,1,1,5,IDA,1,0,1,0,0,0,SCIENCE,0.8954546,0,Winter_North,0.0,0.5665001,-0.463961,0.8858556,0.5648,0.28459132,0.04848865,0.43939397,0.4909091,0.32727274,999,6,0,30,62,2.568947,0.41969395,0,0,0,0.10044852,none,18,0.5,17,0.7058824,20,0.5,9,0.44444445,25,0.44,2,0.5,62,0.9230854,0,1,0.13734493,0.18982679,0.5665001,332.357,217.71179
63,184.46979,267.50772,217.91075,83.03793,187.86595,207.21303,263.99057,4.419489,6.672978,0.9238678,4.502278,5.7226806,1.5098981,263.09235,43.12527,0.7533223,-0.54138285,-3.3624606,3.4057653,260.85342,332.9146,100.0,1.0,1.0,1.0,1.0,1,WTS Teach Point,1,,0.0,,0.0,,0.0,1,63,1,1,0,0.044086773,0.5724208,Checkout,0.63,0.035515547,0.063,3,1,0,0,0,0,0,0,0,1,1,WTS,0,0,0,0,0,0,NONE,0.1659091,0,Winter_North,0.0,0.5616743,-0.45531806,0.8903289,0.5576,0.31652486,0.0757922,0.47348487,0.40844157,0.31348485,999,5,0,30,63,2.2534888,0.3890638,0,0,0,0.09003875,none,18,0.5,17,0.7058824,20,0.5,9,0.44444445,25,0.44,3,0.6666667,63,0.9218542,0,2,0.12840877,0.16547692,0.5616743,332.9146,217.91075
64,184.19864,266.71475,217.89331,82.51611,187.67819,207.09686,263.44318,4.2831283,6.5724444,1.0237483,4.402005,5.950102,1.5344963,266.19382,39.46894,0.78878134,-0.3945424,-3.4069426,3.4297118,263.39426,333.4744,100.0,1.0,1.0,1.0,1.0,1,Arm Motor Temperature Monitoring; Collect Event Data,1,,0.0,,0.0,,0.0,1,64,1,1,0,0.044786565,0.57455474,Checkout,0.64,0.036043987,0.064,7,2,0,0,1,0,0,1,0,0,2,IDA,1,0,0,0,1,0,SCIENCE,0.34545457,0,Winter_North,0.0,0.55682355,-0.44659764,0.8947349,0.5598,0.33008996,0.10975878,0.46893942,0.44870132,0.33227274,999,4,0,30,64,2.2893164,0.42814526,0,0,0,0.0944991,none,19,0.5263158,17,0.7058824,20,0.5,10,0.5,25,0.44,3,0.6666667,64,0.92062324,0,3,0.14093125,0.17775685,0.55682355,333.4744,217.89331
65,184.42403,267.0667,216.22034,82.64269,187.71474,204.61566,263.21326,4.8143926,6.9585,0.9607587,5.008811,6.2183347,1.4453536,270.79462,38.674454,0.79627544,-0.1228295,-3.848959,3.8509183,268.17218,334.01743,91.0,1.0,1.0,1.0,1.0,1,WTS Capture,1,,0.0,,0.0,,0.0,1,65,1,1,0,0.045486353,0.57665616,Checkout,0.65,0.036571372,0.065,2,1,0,0,0,0,0,0,0,1,1,WTS,0,0,1,0,0,0,DEPLOYMENT,0.15227273,0,Winter_North,0.0,0.552113,-0.43809772,0.89892733,0.5430286,0.62843513,-0.15277193,0.22121213,0.3275974,0.32530305,999,3,0,30,65,2.1441073,0.28111345,0,0,0,0.07746775,none,19,0.47368422,17,0.7058824,20,0.45,10,0.5,25,0.4,4,0.75,65,0.91939265,0,4,0.10102887,0.14109902,0.552113,334.01743,216.22034
66,184.1804,266.60822,217.78406,82.42781,187.81691,207.19366,263.33032,4.6029243,6.664011,0.8700236,4.62665,5.846699,1.4477777,264.57684,36.659496,0.81489944,-0.45209724,-3.738422,3.7656593,263.10455,334.5912,100.0,1.0,1.0,1.0,1.0,1,WTS Deploy,1,,0.0,,0.0,,0.0,1,66,1,1,0,0.046186145,0.57872593,Checkout,0.66,0.0370977,0.066,2,1,0,0,0,0,0,0,0,1,1,WTS,0,0,1,0,0,0,DEPLOYMENT,0.15227273,0,Winter_North,0.0,0.5471306,-0.42907387,0.9032694,0.5737714,0.6134087,0.015712032,0.21666668,0.30487013,0.33121213,999,2,0,30,66,2.061087,0.17729656,0,0,0,0.06591155,none,19,0.47368422,17,0.7058824,20,0.45,10,0.5,25,0.4,5,0.8,66,0.9181623,0,5,0.06819737,0.13122535,0.5471306,334.5912,217.78406
67,183.8269,267.05945,216.7392,83.23254,187.56432,206.6153,261.6082,4.932827,6.9333,0.9538086,5.020389,6.35834,1.405543,267.12213,36.882015,0.8128709,-0.28063118,-4.0592027,4.068892,266.04517,335.14536,99.0,1.0,1.0,1.0,1.0,1,"WTS Grapple Adjustment, WTS Imaging, SEIS Tilt Measurements, VBB Recentering, SP and VBB Data Collection, HP3 Radiometer Measurements, and APSS Data Collection",1,,0.0,,0.0,,0.0,1,67,1,1,0,0.046885934,0.58076507,Checkout,0.67,0.03762298,0.067,22,9,0,0,1,1,1,1,1,1,6,IDA,1,0,1,0,0,0,SCIENCE,1.0,0,Winter_North,0.0,0.5423141,-0.42031768,0.907377,0.55415356,0.68903357,-0.2005801,0.4348485,0.43863636,0.3730303,999,1,0,30,67,2.000473,0.22362968,0,0,0,0.06871933,none,20,0.5,18,0.7222222,21,0.42857143,11,0.54545456,26,0.42307693,6,0.8333333,67,0.9169322,0,6,0.08427211,0.16622055,0.5423141,335.14536,216.7392
68,183.74797,265.1848,216.92345,81.43686,187.19313,206.67857,261.30786,5.475789,8.309478,1.0152956,5.4786167,7.1130104,1.5174941,265.89938,36.561783,0.815788,-0.24751513,-4.5144453,4.5212255,266.86176,335.7036,100.0,1.0,1.0,1.0,1.0,0,,0,,,,,,,1,68,1,1,0,0.047585726,0.5827744,Checkout,0.68,0.03814721,0.068,0,1,0,0,0,0,0,0,0,0,0,NONE,0,0,0,0,0,0,NONE,0.05,0,Winter_North,0.0,0.53745806,-0.4114571,0.9114291,0.5582465,0.67699146,-0.1313911,0.40075758,0.39448053,0.3619697,0,0,1,29,67,2.8336885,0.3968264,0,0,0,0.10471235,none,20,0.45,18,0.7222222,21,0.3809524,11,0.54545456,26,0.3846154,6,0.8333333,67,0.91670245,0,7,0.1382788,0.16965921,0.53745806,335.7036,216.92345
69,183.41644,265.85406,217.32,82.43763,187.34062,206.75418,262.17737,4.3829336,6.5368915,1.003382,4.6076784,5.81816,1.4914421,265.37985,33.51769,0.8427297,-0.47008198,-3.6769466,3.706874,262.7145,336.2584,100.0,1.0,1.0,1.0,1.0,0,,0,,,,,,,1,69,1,1,0,0.048285514,0.5847548,Checkout,0.69,0.03867039,0.069,0,1,0,0,0,0,0,0,0,0,0,NONE,0,0,0,0,0,0,NONE,0.05,0,Winter_North,0.0,0.5326284,-0.4026125,0.9153705,0.5548,0.65422803,-0.09845857,0.36666667,0.2737013,0.36106062,0,0,2,28,67,2.1539578,0.4146379,0,0,0,0.08999887,none,20,0.4,18,0.6666667,21,0.3809524,11,0.45454547,26,0.3846154,6,0.8333333,67,0.916473,0,8,0.14338866,0.13365933,0.5326284,336.2584,217.32
70,183.92642,267.14368,217.22142,83.217255,187.38647,205.8939,262.574,4.160484,5.937911,0.9291018,4.248809,5.5099444,1.4272164,258.7628,44.625298,0.73837,-0.7445087,-3.0244396,3.1147275,256.17078,336.81015,99.0,1.0,1.0,1.0,1.0,1,WTS Release,1,,0.0,,0.0,,0.0,1,70,1,1,0,0.048985306,0.5867072,Checkout,0.7,0.039192528,0.07,2,1,0,0,0,0,0,0,0,1,1,WTS,0,0,1,0,0,0,DEPLOYMENT,0.15227273,0,Winter_North,0.0,0.5278222,-0.3937789,0.9192052,0.5517616,0.5877243,-0.11198204,0.08409091,0.27175325,0.3669697,1,14,0,28,68,1.7774271,0.45372623,0,0,0,0.08453904,none,20,0.4,18,0.6666667,21,0.3809524,11,0.45454547,26,0.34615386,7,0.85714287,68,0.91524374,0,9,0.15426105,0.13141862,0.5278222,336.81015,217.22142
71,184.16782,269.70264,218.46323,85.53482,188.01093,207.08223,265.7576,4.1353374,6.2826777,1.2738106,4.144811,6.089965,1.5192661,253.60384,47.72097,0.7069105,-1.2571328,-2.7714558,3.0432465,245.60095,337.3652,100.0,1.0,1.0,1.0,1.0,1,"Tau, Deck Imaging, WTS Mosaic, and HP3 Checkout",1,,0.0,,0.0,,0.0,1,71,1,1,0,0.049685095,0.5886322,Checkout,0.71,0.039713625,0.071,8,5,0,0,0,1,0,0,1,1,3,HP3,1,1,0,0,0,0,SCIENCE,0.58409095,0,Winter_North,0.0,0.52298486,-0.384856,0.9229766,0.5550384,0.72912604,0.3738159,0.26212123,0.30584416,0.35636365,2,13,0,28,69,2.1473405,0.4772656,0,0,0,0.095606044,none,20,0.4,19,0.6315789,21,0.3809524,11,0.45454547,27,0.33333334,8,0.875,69,0.9140149,1,0,0.1645528,0.14479825,0.52298486,337.3652,218.46323
72,183.33397,267.64078,217.59029,84.30682,186.89827,206.58241,263.6972,4.242908,6.7686334,1.2272164,4.442423,6.1123986,1.5952816,260.14954,33.781708,0.84045213,-0.99426764,-3.518946,3.656713,254.22252,337.9172,100.0,1.0,1.0,1.0,1.0,1,Runout,1,,0.0,,0.0,,0.0,1,72,1,1,0,0.050384883,0.5905307,Checkout,0.72,0.040233675,0.072,1,1,0,0,0,0,0,0,0,0,0,NONE,0,0,0,0,0,0,NONE,0.06363636,0,Winter_North,0.0,0.51817185,-0.3759461,0.9266415,0.552,0.5784862,-0.032294407,0.26666668,0.29318184,0.35636365,3,12,0,28,70,2.5257251,0.4918229,0,0,0,0.10604985,none,20,0.35,19,0.57894737,21,0.33333334,11,0.45454547,27,0.2962963,8,0.875,70,0.91278625,0,1,0.1660045,0.1462402,0.51817185,337.9172,217.59029
73,183.08333,265.79358,216.10287,82.71026,186.72816,206.04442,260.58975,4.8988376,7.6509776,1.0893385,4.886778,6.64511,1.5617945,269.3429,32.311516,0.8529832,-0.17948411,-4.213783,4.2176037,267.56097,338.4658,99.0,1.0,1.0,1.0,1.0,1,Position Grapple Over HP3 Teach Point,1,,0.0,,0.0,,0.0,1,73,1,1,0,0.051084675,0.59240335,Checkout,0.73,0.04075269,0.073,6,1,0,0,1,1,0,0,0,0,2,IDA,0,0,1,0,0,0,DEPLOYMENT,0.2818182,0,Winter_North,0.0,0.513387,-0.36705688,0.9301985,0.5485778,0.7365718,-0.10605549,0.30984852,0.31168833,0.30848485,4,11,0,28,71,2.75214,0.5083767,0,0,0,0.113021284,none,21,0.3809524,20,0.6,21,0.33333334,11,0.45454547,27,0.2962963,8,0.875,71,0.9115579,0,2,0.17445223,0.15408534,0.513387,338.4658,216.10287
74,183.19377,265.2063,216.83754,82.01251,186.57498,206.86409,260.74875,5.2892923,7.071778,0.9679785,5.2963285,6.7140627,1.3369988,266.44034,35.623463,0.8242475,-0.32774448,-4.3347864,4.347159,265.6762,339.018,100.0,1.0,1.0,1.0,1.0,1,"HP3 Capture, SEIS Commissioning Activities, and HP3 Tilt Measurement",1,,0.0,,0.0,,0.0,1,74,1,1,0,0.051784463,0.5942509,Checkout,0.74,0.041270666,0.074,9,4,0,0,0,1,1,0,0,0,2,HP3,1,0,1,0,0,0,SCIENCE,0.47272727,0,Winter_North,0.0,0.5085691,-0.35807464,0.933693,0.55222225,0.7273235,-0.014316079,0.27272728,0.23636365,0.31924245,5,10,0,28,72,1.7824852,0.56182945,0,0,0,0.09461422,none,21,0.33333334,21,0.5714286,22,0.3181818,11,0.45454547,27,0.25925925,8,0.875,72,0.9103298,0,3,0.19100587,0.12832117,0.5085691,339.018,216.83754
75,183.20744,267.24274,215.61253,84.0353,185.82933,204.21974,263.58826,4.074256,6.7620225,1.2598317,4.2721667,6.472757,1.659695,255.61594,48.302814,0.70092046,-1.3147533,-2.5739822,2.890322,242.9427,339.54773,92.0,1.0,1.0,1.0,1.0,1,Runout,1,,0.0,,0.0,,0.0,1,75,1,1,0,0.052484255,0.5960739,Checkout,0.75,0.041787606,0.075,1,1,0,0,0,0,0,0,0,0,0,NONE,0,0,0,0,0,0,NONE,0.06363636,0,Winter_North,0.0,0.50394666,-0.3494268,0.9369637,0.52973914,0.9481644,-0.2845786,0.27272728,0.2383117,0.31924245,6,9,0,28,73,2.6877663,0.46135706,0,0,0,0.10714325,none,21,0.33333334,21,0.5714286,22,0.27272728,11,0.45454547,27,0.25925925,8,0.875,73,0.9091021,0,4,0.16408925,0.1342495,0.50394666,339.54773,215.61253
76,183.28543,265.10785,216.56987,81.82241,186.38298,205.82384,260.73532,4.0337396,6.270178,1.1617085,4.2897077,5.689592,1.554433,259.92844,36.918633,0.8125364,-1.0407052,-3.1833515,3.3491483,251.89633,340.11813,99.0,1.0,1.0,1.0,1.0,1,HP3 Deployment,1,,0.0,,0.0,,0.0,1,76,1,1,0,0.053184044,0.59787315,Checkout,0.76,0.042303517,0.076,2,1,0,0,0,1,0,0,0,0,1,HP3,0,0,1,0,0,0,DEPLOYMENT,0.15227273,0,Winter_North,0.0,0.4989692,-0.34008214,0.9403957,0.57038206,0.95114136,-0.108592786,0.22954546,0.2529221,0.30545455,7,8,0,28,74,2.2364383,0.48851043,0,0,0,0.09878498,none,21,0.2857143,22,0.54545456,22,0.22727273,11,0.45454547,27,0.25925925,8,0.875,74,0.9078746,0,5,0.17265669,0.13498841,0.4989692,340.11813,216.56987
77,182.4108,266.02057,216.63062,83.60978,185.50206,205.72935,261.0179,4.648242,7.0421066,1.128363,4.6448493,6.459034,1.5150043,262.30933,39.603416,0.7875049,-0.8197771,-3.604865,3.6969023,257.18832,340.6616,100.0,1.0,1.0,1.0,1.0,1,HP3 Checkout and SEIS Commissioning,1,,0.0,,0.0,,0.0,1,77,1,1,0,0.053883836,0.59964913,Checkout,0.77,0.042818394,0.077,5,2,0,0,0,1,1,0,0,0,2,HP3,0,1,0,0,0,0,MAINTENANCE,0.3181818,0,Winter_North,0.0,0.49422657,-0.33114687,0.94357926,0.5434788,0.94550794,-0.3054357,0.1780303,0.2766234,0.2669697,8,7,0,28,75,2.3938646,0.48257408,0,0,0,0.10202588,none,21,0.2857143,23,0.5652174,23,0.26086956,11,0.45454547,27,0.25925925,8,0.875,75,0.9066474,1,0,0.17068084,0.1426396,0.49422657,340.6616,216.63062
78,181.66336,264.51572,216.0508,82.85234,185.46584,205.33543,259.98938,4.575216,6.7207046,0.9994193,4.6155663,5.8968654,1.4689372,259.9886,38.85526,0.7945771,-0.90086395,-3.5607455,3.6729367,255.80217,341.2076,100.0,1.0,1.0,1.0,1.0,1,Runout,1,,0.0,,0.0,,0.0,1,78,1,1,0,0.054583624,0.6014025,Checkout,0.78,0.04333224,0.078,1,1,0,0,0,0,0,0,0,0,0,NONE,0,0,0,0,0,0,NONE,0.06363636,0,Winter_North,0.0,0.4894625,-0.32214013,0.946692,0.546,0.6416279,-0.2565825,0.1780303,0.20227273,0.26015154,9,6,0,28,76,2.1454887,0.45909277,0,0,0,0.09388825,none,21,0.2857143,23,0.5217391,23,0.26086956,11,0.45454547,27,0.22222222,8,0.875,76,0.9054205,0,1,0.15705447,0.12122631,0.4894625,341.2076,216.0508
79,181.59656,264.81863,215.86208,83.22208,185.82437,205.22038,260.10947,4.5109954,6.975299,1.0513002,4.5029755,6.147617,1.5462881,265.35117,38.857906,0.79455227,-0.56970006,-3.5847726,3.6297593,260.96994,341.7557,99.0,1.0,1.0,1.0,1.0,1,HP3 Grapple Adjustment Part 1 and SEIS Commissioning,1,,0.0,,0.0,,0.0,1,79,1,1,0,0.055283416,0.60313386,Checkout,0.79,0.043845065,0.079,8,2,1,1,1,1,1,0,0,0,3,IDA,0,0,1,0,0,0,DEPLOYMENT,0.4340909,0,Winter_North,0.0,0.48468104,-0.31306937,0.9497303,0.54809695,0.44899344,-0.040131755,0.2719697,0.2551948,0.26606062,10,5,0,28,77,2.4643033,0.44125742,0,0,0,0.099916354,none,22,0.3181818,24,0.5416667,24,0.29166666,11,0.45454547,27,0.22222222,8,0.875,77,0.9041938,0,2,0.14749235,0.1372974,0.48468104,341.7557,215.86208
80,182.2947,263.82263,215.76225,81.52793,185.98477,205.51367,258.90393,5.179022,8.455711,1.1220104,5.2033134,7.2068796,1.6326851,270.43558,30.841255,0.8651318,-0.120173916,-4.502528,4.5041313,268.47113,342.2964,100.0,1.0,1.0,1.0,1.0,1,Runout,1,,0.0,,0.0,,0.0,1,80,1,1,0,0.055983204,0.6048437,Checkout,0.8,0.044356864,0.08,1,1,0,0,0,0,0,0,0,0,0,NONE,0,0,0,0,0,0,NONE,0.06363636,0,Winter_North,0.0,0.4799655,-0.3040929,0.9526424,0.54070306,0.48323515,-0.17921472,0.18712121,0.22402598,0.2601515,11,4,0,28,78,3.2766895,0.48589414,0,0,0,0.123571225,none,22,0.27272728,24,0.5416667,24,0.29166666,11,0.45454547,27,0.22222222,8,0.875,78,0.9029675,0,3,0.16218174,0.13939635,0.4799655,342.2964,215.76225
81,182.31851,264.82016,215.91447,82.50165,185.55591,205.65445,259.8437,4.522854,6.6446385,0.93026155,4.654289,5.764152,1.4691252,259.09998,40.593792,0.7780357,-0.8437004,-3.4617898,3.5631192,256.303,342.83762,99.0,1.0,1.0,1.0,1.0,1,HP3 Grapple Adjustment Part 2 and SEIS Commissioning,1,,0.0,,0.0,,0.0,1,81,1,1,0,0.056682996,0.6065325,Checkout,0.81,0.04486764,0.081,8,2,1,2,1,1,1,0,0,0,3,IDA,0,0,1,0,0,0,DEPLOYMENT,0.4340909,0,Winter_North,0.0,0.47524732,-0.295081,0.95547223,0.54120606,0.3947224,0.050325003,0.31060606,0.2185065,0.2789394,12,3,0,28,79,2.1217847,0.38464764,0,0,0,0.0864635,none,23,0.3043478,25,0.56,25,0.32,11,0.45454547,27,0.22222222,8,0.875,79,0.90174145,0,4,0.128639,0.123602524,0.47524732,342.83762,215.91447
82,181.88495,266.25043,216.49815,84.36548,185.60805,205.74304,261.739,4.165272,7.3401446,1.2866185,4.429121,6.462074,1.7622243,242.90443,53.856365,0.64289576,-1.7900233,-2.15889,2.8044589,230.33649,343.3822,100.0,1.0,1.0,1.0,1.0,1,Runout,1,,0.0,,0.0,,0.0,1,82,1,1,0,0.057382785,0.60820085,Checkout,0.82,0.045377392,0.082,1,1,0,0,0,0,0,0,0,0,0,NONE,0,0,0,0,0,0,NONE,0.06363636,0,Winter_North,0.0,0.47050187,-0.28598607,0.9582338,0.54459393,0.36944497,-0.011951176,0.18712121,0.2185065,0.21651515,13,2,0,28,80,3.1748722,0.36882052,0,0,0,0.11034219,none,23,0.3043478,25,0.52,25,0.32,11,0.45454547,27,0.18518518,8,0.875,80,0.9005156,0,5,0.12315943,0.13358304,0.47050187,343.3822,216.49815
83,181.88818,267.001,216.81363,85.11283,186.11873,206.06387,262.50436,4.0070744,7.479077,1.3217258,4.185827,6.1616874,1.8664681,247.91296,49.03787,0.69332343,-1.6148112,-2.4778147,2.9575634,236.9074,343.923,100.0,1.0,1.0,1.0,1.0,1,HP3 Grapple Release,1,,0.0,,0.0,,0.0,1,83,1,1,0,0.058082577,0.6098492,Checkout,0.83,0.04588613,0.083,3,1,0,0,1,1,0,0,0,0,2,IDA,0,0,1,0,0,0,DEPLOYMENT,0.2409091,0,Winter_North,0.0,0.46579212,-0.27692896,0.9608904,0.5408,0.41991696,0.030503286,0.24621212,0.23116884,0.22924243,14,1,0,28,81,3.4720023,0.3747616,0,0,0,0.118037775,none,24,0.33333334,26,0.53846157,25,0.32,11,0.45454547,27,0.14814815,8,0.875,81,0.89929014,0,6,0.12606204,0.14025578,0.46579212,343.923,216.81363
84,181.5413,266.77405,215.98285,85.23274,185.39711,204.8713,261.63388,4.290064,6.8138776,1.2047995,4.294722,6.0527897,1.5882928,258.0412,41.074196,0.77340037,-1.1490998,-3.2030606,3.4029438,250.26453,344.46082,99.0,1.0,1.0,1.0,1.0,0,,0,,,,,,,1,84,1,1,0,0.058782365,0.6114781,Checkout,0.84,0.04639385,0.084,0,1,0,0,0,0,0,0,0,0,0,NONE,0,0,0,0,0,0,NONE,0.05,0,Winter_North,0.0,0.46111134,-0.2678973,0.96344745,0.5378182,0.38388258,-0.011323534,0.118181825,0.19285715,0.22924243,0,0,1,27,81,2.5238137,0.37805846,0,0,0,0.095529124,none,24,0.33333334,26,0.53846157,25,0.32,11,0.45454547,27,0.14814815,8,0.875,81,0.8990649,0,7,0.12635121,0.12175322,0.46111134,344.46082,215.98285
85,181.80647,265.67764,216.62288,83.87118,185.26942,205.41818,261.5862,4.281022,6.1857014,0.9837683,4.3009887,5.6250386,1.4449122,251.71521,47.862324,0.7054572,-1.1563635,-2.8550467,3.0803359,247.95085,345.0024,100.0,1.0,1.0,1.0,1.0,1,"HP3 Tilt Measurement, HP3 and Deck Imaging, and SEIS VBB Characterization and Calibration",1,,0.0,,0.0,,0.0,1,85,1,1,0,0.059482154,0.61308795,Checkout,0.85,0.046900555,0.085,13,6,0,0,0,1,1,0,1,0,3,HP3,1,1,0,0,0,0,SCIENCE,0.7022728,0,Winter_North,0.0,0.45640126,-0.25877857,0.96593666,0.5415818,0.42393008,0.1267992,0.33106062,0.2840909,0.2659091,1,1,0,27,82,1.9046791,0.3800278,0,0,0,0.080814846,none,24,0.33333334,27,0.5555556,26,0.34615386,11,0.45454547,28,0.17857143,8,0.875,82,0.89783996,1,0,0.1277945,0.13910466,0.45640126,345.0024,216.62288
86,182.7864,266.57437,216.77963,83.787964,185.89095,205.5914,262.03308,4.1069055,7.4638443,1.1501004,4.2395563,5.785631,1.8173889,252.21233,45.388577,0.7306837,-1.2436712,-2.834136,3.0950031,246.30725,345.5408,100.0,1.0,1.0,1.0,1.0,0,,0,,,,,,,1,86,1,1,0,0.060181946,0.61467916,Checkout,0.86,0.04740625,0.086,0,1,0,0,0,0,0,0,0,0,0,NONE,0,0,0,0,0,0,NONE,0.05,0,Winter_North,0.0,0.45172274,-0.24969053,0.9683257,0.5384,0.4406523,0.1695635,0.26742426,0.2292208,0.23030303,0,0,1,26,82,3.3569388,0.39472145,0,0,0,0.11710729,none,24,0.33333334,27,0.5185185,26,0.30769232,11,0.36363637,28,0.17857143,8,0.875,82,0.8976153,0,1,0.13274248,0.13998276,0.45172274,345.5408,216.77963
87,181.81885,264.4945,215.58652,82.67566,185.54234,205.05804,260.0635,4.8591967,9.006033,1.2772217,4.881767,7.22991,1.8533998,271.34668,30.974623,0.8640461,-0.13796186,-4.242129,4.244372,268.1373,346.08145,99.0,1.0,1.0,1.0,1.0,1,HP3 Mole Release and SEIS Activities,1,,0.0,,0.0,,0.0,1,87,1,1,0,0.060881734,0.6162522,Checkout,0.87,0.047910932,0.087,6,2,0,0,0,1,1,0,0,0,2,HP3,0,0,1,0,0,0,DEPLOYMENT,0.3318182,0,Winter_North,0.0,0.4470289,-0.24054223,0.9706387,0.54065454,0.48205838,-0.054661136,0.36136365,0.26753247,0.24818182,1,1,0,26,83,4.1468368,0.28912568,0,0,0,0.12638861,none,24,0.33333334,28,0.53571427,27,0.33333334,11,0.36363637,28,0.17857143,8,0.875,83,0.8963909,0,2,0.10051823,0.15370174,0.4470289,346.08145,215.58652
88,181.84003,265.64053,216.03096,83.80052,186.14775,205.67,260.26837,4.5522404,6.6033444,1.1020403,4.763072,6.0996084,1.4505702,259.86737,37.22114,0.8097655,-1.0099928,-3.6021419,3.7410574,254.3372,346.6146,100.0,1.0,1.0,1.0,1.0,0,,0,,,,,,,1,88,1,1,0,0.061581526,0.6178074,Checkout,0.88,0.048414607,0.088,0,1,0,0,0,0,0,0,0,0,0,NONE,0,0,0,0,0,0,NONE,0.05,0,Winter_North,0.0,0.44240487,-0.23150001,0.9728349,0.5331454,0.467767,-0.077866554,0.1439394,0.21266235,0.23272727,0,0,1,25,83,2.0511038,0.29277077,0,0,0,0.07630354,none,24,0.29166666,28,0.5,27,0.2962963,11,0.27272728,28,0.14285715,8,0.875,83,0.8961668,0,3,0.10136518,0.12002863,0.44240487,346.6146,216.03096
89,182.81694,266.59384,216.91396,83.77691,185.95161,206.44261,263.06076,4.205246,7.576678,1.40283,4.291626,7.045515,1.8017204,241.12263,56.094337,0.6192472,-1.928213,-2.1288111,2.872254,227.83066,347.15,100.0,1.0,1.0,1.0,1.0,0,,0,,,,,,,1,89,1,1,0,0.062281314,0.6193453,Checkout,0.89,0.04891727,0.089,0,1,0,0,0,0,0,0,0,0,0,NONE,0,0,0,0,0,0,NONE,0.05,0,Winter_North,0.0,0.4377663,-0.2223994,0.9749556,0.5354,0.5164479,0.016719231,0.1439394,0.2107143,0.20454545,0,0,2,24,83,3.3714316,0.28955117,0,0,0,0.10777251,none,24,0.29166666,28,0.4642857,27,0.2962963,11,0.27272728,28,0.14285715,8,0.875,83,0.895943,0,4,0.101361156,0.13220753,0.4377663,347.15,216.91396
90,181.90208,266.85178,216.14027,84.9497,185.25116,206.19742,261.79028,4.082247,7.9516454,1.507915,4.2977,6.579243,1.94786,242.64967,51.022526,0.6726669,-1.9221189,-2.3732703,3.054006,230.99588,347.68762,99.0,1.0,1.0,1.0,1.0,1,HP3 Hammering and SEIS VBB3 Characterization,1,,0.0,,0.0,,0.0,1,90,1,1,0,0.06298111,0.6208662,Checkout,0.9,0.049418937,0.09,6,2,0,0,0,1,1,0,0,0,2,HP3,0,1,0,0,0,0,MAINTENANCE,0.3318182,0,Winter_North,0.0,0.43311384,-0.21324122,0.9769996,0.53763634,0.4862294,0.026236711,0.1439394,0.22370131,0.22242425,1,1,0,24,84,3.8693988,0.27673995,0,0,0,0.11857339,none,24,0.29166666,29,0.4827586,28,0.32142857,11,0.27272728,28,0.14285715,8,0.875,84,0.8947195,1,0,0.09672438,0.14020287,0.43311384,347.68762,216.14027
91,182.39865,265.85,216.97124,83.451355,186.13187,206.8268,262.0912,4.073951,7.1020117,1.259802,4.2119393,6.2274466,1.7432736,241.6657,49.955387,0.6837981,-1.9176922,-2.2810712,2.980072,229.9463,348.2178,100.0,1.0,1.0,1.0,1.0,0,,0,,,,,,,1,91,1,1,0,0.063680895,0.6223704,Checkout,0.91,0.049919598,0.091,0,1,0,0,0,0,0,0,0,0,0,NONE,0,0,0,0,0,0,NONE,0.05,0,Winter_North,0.0,0.4285318,-0.20419194,0.9789309,0.53016365,0.522982,0.058060814,0.1439394,0.22370131,0.21560606,0,0,1,23,84,3.0280604,0.29465693,0,0,0,0.09998155,none,24,0.29166666,29,0.44827586,28,0.32142857,11,0.18181819,28,0.14285715,8,0.875,84,0.8944962,0,1,0.10309541,0.13284427,0.4285318,348.2178,216.97124
92,233.74123,265.72675,254.7837,31.985512,239.65967,256.5859,265.20996,3.2936814,4.767667,1.24991,3.772125,4.376013,1.4475191,184.15253,101.58071,0.20770867,-1.3092543,0.37403348,1.3616343,164.05618,348.431,15.0,1.0,1.0,1.0,1.0,1,"SEIS Commissioning Activities, HP3 Stereo Imaging, Payload Grapple Localization, and Sunrise Imaging",1,,0.0,,0.0,,0.0,1,92,1,1,0,0.06438068,0.6238584,Checkout,0.92,0.05041926,0.092,12,5,0,0,1,1,1,0,1,0,4,IDA,1,0,0,0,0,0,SCIENCE,0.7136364,0,Winter_North,0.0,0.42669088,-0.20054789,0.9796839,0.2132,14.515446,6.3340125,0.36515152,0.22532469,0.2419697,1,1,0,23,85,1.4739853,0.48496464,0,0,0,0.08011486,none,25,0.28,30,0.43333334,29,0.31034482,11,0.18181819,29,0.13793103,8,0.75,85,0.89327323,0,2,0.4514495,0.12573148,0.42669088,348.431,254.7837
93,181.16322,265.24042,226.71654,84.077194,184.75677,229.13246,261.79355,5.785448,9.012988,1.6239809,5.6564107,8.494583,1.557872,221.86945,22.057991,0.9285727,-4.121756,-3.519655,5.420041,220.49472,349.638,33.0,1.0,0.7878788,0.91515154,1.0,0,,0,,,,,,,1,93,1,1,0,0.06508048,0.6253305,Checkout,0.93,0.05091792,0.093,0,1,0,0,0,0,0,0,0,0,0,NONE,0,0,0,0,0,0,NONE,0.05,0,Winter_North,0.0,0.41628867,-0.17986678,0.983691,1.207,14.418333,1.855003,0.27121213,0.22532469,0.24106061,0,0,1,22,85,3.2275398,0.77698815,0,0,0,0.14919093,none,25,0.28,30,0.43333334,29,0.31034482,11,0.18181819,29,0.13793103,8,0.625,85,0.89305055,0,3,0.54092413,0.15343985,0.41628867,349.638,226.71654
94,181.83514,264.59647,216.2764,82.76133,185.32349,206.03972,260.63977,4.4516745,6.827618,1.2969587,4.44862,6.5067453,1.5337191,257.44135,37.356766,0.808519,-1.2503488,-3.4494207,3.6690428,250.0754,349.8708,100.0,1.0,1.0,1.0,1.0,1,"SEIS Commissioning Activities, IDC AM Tau, and Grapple Stow",1,,0.0,,0.0,,0.0,1,94,1,1,0,0.06578027,0.626787,Checkout,0.94,0.05141559,0.094,9,4,0,0,1,0,1,0,1,0,3,IDA,0,0,1,0,0,0,DEPLOYMENT,0.5477273,0,Winter_North,0.0,0.4142865,-0.17586844,0.9844137,0.2328,14.359007,0.040907905,0.43712124,0.25616884,0.24863636,1,1,0,22,86,2.3759434,0.7523744,0,0,0,0.12643631,none,26,0.26923078,30,0.43333334,30,0.33333334,11,0.09090909,30,0.16666667,8,0.625,86,0.8918281,0,4,0.5319895,0.15247689,0.4142865,349.8708,216.2764
95,181.15819,263.6072,215.04265,82.449036,185.30676,205.08075,258.57913,5.194172,8.845511,1.2191355,5.061622,7.5185413,1.7029685,268.54465,33.878426,0.83961487,-0.30279168,-4.398321,4.4087315,266.06183,350.34125,99.0,1.0,1.0,1.0,1.0,0,,0,,,,,,,1,95,1,1,0,0.066480055,0.62822825,Checkout,0.95,0.05191226,0.095,0,1,0,0,0,0,0,0,0,0,0,NONE,0,0,0,0,0,0,NONE,0.05,0,Winter_North,0.0,0.41024464,-0.16777946,0.9858245,0.47046262,14.448176,-0.31188342,0.2159091,0.25616884,0.24772727,0,0,1,21,86,3.6513393,0.8175442,0,0,0,0.16312118,none,26,0.26923078,30,0.43333334,30,0.33333334,11,0.09090909,30,0.16666667,8,0.5,86,0.891606,0,5,0.5542445,0.1672286,0.41024464,350.34125,215.04265
96,181.73637,265.30057,215.74762,83.56421,184.7936,205.55719,259.58408,5.046479,7.354816,1.1114777,5.070003,6.8949637,1.4574153,266.50598,38.00229,0.8025507,-0.4982455,-4.0420904,4.0726824,262.97293,350.8724,100.0,1.0,1.0,1.0,1.0,0,,0,,,,,,,1,96,1,1,0,0.067179844,0.6296546,Checkout,0.96,0.05240794,0.096,0,1,0,0,0,0,0,0,0,0,0,NONE,0,0,0,0,0,0,NONE,0.05,0,Winter_North,0.0,0.4056888,-0.1586337,0.9873375,0.53113735,14.540038,-0.065442726,0.2159091,0.25616884,0.22212122,0,0,2,20,86,2.308337,0.8386834,0,0,0,0.1327566,none,26,0.26923078,30,0.43333334,30,0.33333334,11,0.09090909,30,0.16666667,8,0.375,86,0.89138407,0,6,0.56272393,0.15516043,0.4056888,350.8724,215.74762
97,182.40077,265.65765,216.23349,83.25687,185.35123,205.68776,261.83508,4.449444,7.6936445,1.2886441,4.6125216,6.7786098,1.729125,251.23616,41.664154,0.7676718,-1.6163913,-3.130827,3.523464,242.69348,351.4002,100.0,1.0,1.0,1.0,1.0,0,,0,,,,,,,1,97,1,1,0,0.06787964,0.63106626,Checkout,0.97,0.052902628,0.097,0,1,0,0,0,0,0,0,0,0,0,NONE,0,0,0,0,0,0,NONE,0.05,0,Winter_North,0.0,0.40116963,-0.14953189,0.9887569,0.5278,14.532646,-0.12295791,0.05,0.2159091,0.22121213,0,0,3,19,86,3.2442007,0.81488746,0,0,0,0.15308131,none,26,0.23076923,30,0.4,30,0.3,11,0.0,30,0.13333334,8,0.25,86,0.8911625,0,7,0.5551553,0.15330291,0.40116963,351.4002,216.23349
98,181.29617,265.5531,215.69197,84.25694,185.30157,205.86098,260.82486,4.2562275,7.1967,1.2556854,4.1614976,6.473618,1.6908636,242.89365,46.77281,0.7166232,-1.9205532,-2.545571,3.1888018,232.9666,351.92828,98.0,1.0,1.0,1.0,1.0,0,,0,,,,,,,1,98,1,1,0,0.06857943,0.6324636,Checkout,0.98,0.05339633,0.098,0,1,0,0,0,0,0,0,0,0,0,NONE,0,0,0,0,0,0,NONE,0.05,0,Winter_North,0.0,0.39665648,-0.14041264,0.99009305,0.5280755,14.630426,-6.51529,0.05,0.2159091,0.20848486,0,0,4,19,86,2.9404726,0.7974977,0,0,0,0.24417284,none,26,0.23076923,30,0.4,30,0.3,11,0.0,30,0.13333334,8,0.25,86,0.8909412,0,8,0.5498222,0.18981698,0.39665648,351.92828,215.69197
99,181.2987,266.15326,216.19023,84.85457,185.1811,206.319,261.66394,4.158917,6.834924,1.1250476,4.1917663,6.0768633,1.6434385,247.38126,46.618767,0.71819514,-1.658333,-2.6417513,3.1191213,237.88187,352.4536,100.0,1.0,1.0,1.0,1.0,0,,0,,,,,,,1,99,1,1,0,0.069279216,0.63384694,Checkout,0.99,0.053889044,0.099,0,1,0,0,0,0,0,0,0,0,0,NONE,0,0,0,0,0,0,NONE,0.05,0,Winter_North,0.0,0.39217556,-0.13132906,0.99133885,0.52532446,4.1248827,-1.7543837,0.05,0.1211039,0.20848486,0,0,5,19,86,2.676007,0.5956293,0,0,0,0.21922332,none,26,0.23076923,30,0.4,30,0.3,11,0.0,30,0.13333334,8,0.25,86,0.8907201,0,9,0.2717036,0.15621325,0.39217556,352.4536,216.19023
100,180.68825,266.5802,216.14957,85.89195,184.91013,205.89478,261.4425,4.2994757,7.7198987,1.2876706,4.1992664,6.9739847,1.7955443,242.78546,42.73191,0.75720733,-1.9966745,-2.745055,3.3944125,233.96893,352.979,100.0,1.0,1.0,1.0,1.0,0,,0,,,,,,,1,100,1,1,0,0.069979005,0.6352165,Checkout,1.0,0.054380774,0.1,0,1,0,0,0,0,0,0,0,0,0,NONE,0,0,0,0,0,0,NONE,0.05,0,Winter_North,0.0,0.38770303,-0.12223312,0.99250144,0.5254,0.44736525,-0.021139067,0.05,0.1211039,0.165,0,0,6,18,86,3.4204233,0.40481135,0,0,0,0.119563654,none,26,0.23076923,30,0.4,30,0.3,11,0.0,30,0.13333334,8,0.125,86,0.89049935,0,10,0.13604175,0.11642666,0.38770303,352.979,216.14957
101,180.42433,264.94928,215.67706,84.52495,184.26552,205.40155,260.11917,4.264046,6.9260554,1.0981393,4.2069,6.1883636,1.6242918,254.92415,39.812286,0.7855179,-1.2384479,-3.205173,3.436115,248.87395,353.50656,99.0,1.0,1.0,1.0,1.0,0,,0,,,,,,,1,101,1,1,0,0.07067879,0.6365725,Primary,0.0,0.054871522,0.101,0,1,0,0,0,0,0,0,0,0,0,NONE,0,0,0,0,0,0,NONE,0.05,0,Winter_North,0.0,0.3832215,-0.11308918,0.9935848,0.52757573,0.420909,0.10573602,0.05,0.05,0.165,0,0,7,17,86,2.6620092,0.41845912,0,0,0,0.10257378,none,26,0.23076923,30,0.36666667,30,0.3,11,0.0,30,0.1,8,0.0,86,0.8902789,0,11,0.13977107,0.09193191,0.3832215,353.50656,215.67706
102,181.19633,264.26575,215.50255,83.06942,184.45937,205.45999,258.46478,5.080447,7.5910335,1.180023,5.0630555,6.9030905,1.4941664,264.58286,38.180916,0.800889,-0.7061689,-4.0799274,4.1405897,260.18033,354.0274,100.0,1.0,1.0,1.0,1.0,0,,0,,,,,,,1,102,1,1,0,0.07137859,0.6379153,Primary,0.0016447369,0.05536129,0.102,0,1,0,0,0,0,0,0,0,0,0,NONE,0,0,0,0,0,0,NONE,0.05,0,Winter_North,0.0,0.37880707,-0.10405285,0.99457175,0.52082425,0.29727778,-0.040844046,0.05,0.05,0.14621213,0,0,8,16,86,2.5105863,0.3893003,0,0,0,0.09624596,none,26,0.23076923,30,0.36666667,30,0.3,11,0.0,30,0.1,8,0.0,86,0.8900587,0,12,0.12808567,0.08947784,0.37880707,354.0274,215.50255
103,180.9188,263.6129,215.4251,82.694115,184.70247,205.31099,259.02856,4.542661,7.351625,1.2304648,4.673622,6.4366274,1.618352,261.16757,38.59472,0.797023,-0.92892,-3.5428944,3.6626484,255.30818,354.5481,99.0,1.0,1.0,1.0,1.0,0,,0,,,,,,,1,103,1,1,0,0.07207838,0.63924515,Primary,0.0032894737,0.055850077,0.103,0,1,0,0,0,0,0,0,0,0,0,NONE,0,0,0,0,0,0,NONE,0.05,0,Winter_North,0.0,0.37440374,-0.095010236,0.9954763,0.5206909,0.34346226,-0.1347338,0.05,0.05,0.14621213,0,0,9,15,86,2.808964,0.31202814,0,0,0,0.096309796,none,26,0.1923077,30,0.33333334,30,0.3,11,0.0,30,0.1,8,0.0,86,0.88983876,0,13,0.10483262,0.08958036,0.37440374,354.5481,215.4251
104,181.39296,265.95953,216.63849,84.566574,185.40262,206.1196,261.83386,3.7105968,5.449759,1.101177,3.9511907,5.009665,1.4687015,245.27382,42.69901,0.7575316,-1.614414,-2.4216087,2.910416,236.3098,355.0716,100.0,1.0,1.0,1.0,1.0,0,,0,,,,,,,1,104,1,1,0,0.072778165,0.6405623,Primary,0.0049342103,0.05633789,0.104,0,1,0,0,0,0,0,0,0,0,0,NONE,0,0,0,0,0,0,NONE,0.05,0,Winter_North,0.0,0.36998704,-0.085910775,0.99630284,0.5235091,0.4412638,0.15775335,0.05,0.05,0.14621213,0,0,10,14,86,1.7391622,0.41473854,0,0,0,0.08002868,none,26,0.1923077,30,0.3,30,0.26666668,11,0.0,30,0.1,8,0.0,86,0.8896191,0,14,0.1390256,0.083144784,0.36998704,355.0716,216.63849
105,180.87526,264.85605,216.27235,83.98079,184.87479,206.17047,260.85803,3.9546676,6.215911,1.1590353,4.122211,5.6933312,1.571791,247.64821,48.82675,0.69550866,-1.4673321,-2.431402,2.8398554,238.88934,355.5926,100.0,1.0,0.99,0.996,1.0,0,,0,,,,,,,1,105,1,1,0,0.07347795,0.6418669,Primary,0.0065789474,0.056824725,0.105,0,1,0,0,0,0,0,0,0,0,0,NONE,0,0,0,0,0,0,NONE,0.05,0,Winter_North,0.0,0.36560228,-0.0768478,0.99704283,0.521,0.45086604,0.013686416,0.05,0.05,0.12742424,0,0,11,13,86,2.2612436,0.43868998,0,0,0,0.0947946,none,26,0.1923077,30,0.3,30,0.26666668,11,0.0,30,0.1,8,0.0,86,0.8893997,0,15,0.14672673,0.08912794,0.36560228,355.5926,216.27235
106,181.17256,263.59402,215.40892,82.42145,184.90915,204.97768,259.45795,4.246744,6.350633,0.8845161,4.327686,5.739113,1.4954123,251.53403,39.125957,0.7920265,-1.3781362,-3.1030827,3.395347,246.05312,356.1109,99.0,1.0,1.0,1.0,1.0,0,,0,,,,,,,1,106,1,1,0,0.07417775,0.64315933,Primary,0.0082236845,0.057310592,0.106,0,1,0,0,0,0,0,0,0,0,0,NONE,0,0,0,0,0,0,NONE,0.05,0,Winter_North,0.0,0.3612513,-0.0678255,0.9976972,0.518299,0.48534712,-0.123441525,0.05,0.05,0.12742424,0,0,12,12,86,2.1038892,0.43565303,0,0,0,0.09072923,none,26,0.1923077,30,0.26666668,30,0.26666668,11,0.0,30,0.1,8,0.0,86,0.8891806,0,16,0.14648691,0.08757848,0.3612513,356.1109,215.40892
107,181.05801,264.33435,216.15074,83.276344,185.2568,205.958,259.88153,3.929461,7.035897,1.234415,4.037433,5.661439,1.7905501,240.30533,44.38273,0.7408021,-1.9041898,-2.3657606,3.0369,231.16957,356.6318,100.0,1.0,1.0,1.0,1.0,0,,0,,,,,,,1,107,1,1,0,0.07487754,0.6444397,Primary,0.009868421,0.057795484,0.107,0,1,0,0,0,0,0,0,0,0,0,NONE,0,0,0,0,0,0,NONE,0.05,0,Winter_North,0.0,0.3568899,-0.05875233,0.9982726,0.520901,0.48545995,0.07894463,0.05,0.05,0.08318182,0,0,13,11,86,3.1064358,0.45759472,0,0,0,0.116869494,none,26,0.1923077,30,0.23333333,30,0.23333333,11,0.0,30,0.1,8,0.0,86,0.88896173,0,17,0.15336263,0.0981112,0.3568899,356.6318,216.15074
108,237.8598,265.90005,256.05328,28.040257,242.59724,256.9279,265.37643,3.4045894,4.5065536,1.201395,3.9004867,4.3835273,1.3236703,137.7359,61.99726,0.5568703,-1.5632788,1.8283181,2.4055326,130.53165,356.839,14.0,1.0,1.0,1.0,1.0,0,,0,,,,,,,1,108,1,1,0,0.075577326,0.64570826,Primary,0.011513158,0.05827941,0.108,0,1,0,0,0,0,0,0,0,0,0,NONE,0,0,0,0,0,0,NONE,0.05,0,Winter_North,0.0,0.35515833,-0.055141874,0.99847853,0.2072,15.184163,6.7584558,0.05,0.05,0.08318182,0,0,14,10,86,1.1019642,0.55679244,0,0,0,0.07777797,none,26,0.1923077,30,0.23333333,30,0.23333333,11,0.0,30,0.1,8,0.0,86,0.88874316,0,18,0.47441947,0.082551084,0.35515833,356.839,256.05328
110,182.09839,265.8037,216.38728,83.2447,185.71622,,261.62103,4.4344664,7.0868945,1.1545678,,6.203349,1.5732222,259.48367,40.20304,,,,,,358.15,100.0,,,1.0,1.0,1,Workspace and HP3 Imaging,1,,0.0,,0.0,,0.0,1,110,2,0,1,0.07697691,0.6482108,Primary,0.014802632,0.05924436,0.11,4,2,0,0,0,1,1,0,1,0,3,HP3,1,0,0,0,0,0,SCIENCE,0.37954545,0,Winter_North,0.0,0.3442471,-0.032282982,0.99947876,1.311,15.12818,0.16036543,0.15984848,0.09707792,0.071969695,2,1,0,10,87,2.6524284,0.4046207,0,0,0,0.10106911,none,26,0.15384616,31,0.22580644,31,0.22580644,11,0.0,31,0.12903225,8,0.0,87,0.88730687,0,20,0.4267505,0.104139715,0.3442471,358.15,216.38728
111,212.29517,266.0197,242.57834,53.72456,216.00813,245.48024,263.2491,4.7614574,9.258445,1.8339303,4.5497913,8.27335,1.8416438,220.16313,44.369194,0.74093765,-2.2700098,-1.0279745,3.5338569,206.6812,359.1,23.0,1.0,0.0,0.6,1.0,0,,0,,,,,,,1,111,1,1,0,0.0776767,0.64944524,Primary,0.016447369,0.05972539,0.111,0,1,0,0,0,0,0,0,0,0,0,NONE,0,0,0,0,0,0,NONE,0.05,0,Winter_North,0.0,0.33639106,-0.015707318,0.9998766,0.95,16.638256,4.3233075,0.15984848,0.09707792,0.071969695,0,0,1,9,87,4.4969873,0.45586058,0,0,0,0.15016474,none,26,0.15384616,31,0.22580644,31,0.22580644,11,0.0,31,0.12903225,8,0.0,87,0.88708913,0,21,0.44280177,0.123854175,0.33639106,359.1,242.57834
112,180.6708,265.4416,215.93575,84.770775,184.6164,205.07585,261.1826,4.7614574,9.258445,1.8339303,4.5497913,8.27335,1.8416438,220.16313,44.369194,0.74093765,-2.2700098,-1.0279745,3.5338569,206.6812,359.29456,99.0,1.0,0.0,0.6,1.0,1,Tau and Cloud Survey Imaging; Setup for Equinox Imaging,1,,0.0,,0.0,,0.0,1,112,1,1,0,0.07837649,0.65066874,Primary,0.018092105,0.06020546,0.112,9,3,0,0,0,0,0,0,1,0,1,CAMERA,1,0,0,0,0,0,SCIENCE,0.3477273,0,Winter_North,0.0,0.33478773,-0.012312193,0.9999242,0.19454545,16.703623,-0.05609971,0.25909093,0.1396104,0.09181818,1,1,0,9,88,4.4969873,0.492012,0,0,0,0.15349334,none,26,0.115384616,31,0.19354838,31,0.19354838,11,0.0,32,0.15625,8,0.0,88,0.88587165,0,22,0.45412648,0.13624486,0.33478773,359.29456,215.93575
113,180.56099,265.46613,216.127,84.90514,184.44287,205.5772,261.3646,4.7614574,9.258445,1.8339303,4.5497913,8.27335,1.8416438,220.16313,44.369194,0.74093765,-2.2700098,-1.0279745,3.5338569,206.6812,359.7288,100.0,1.0,0.0,0.6,1.0,0,,0,,,,,,,1,113,1,1,0,0.079076275,0.6518814,Primary,0.019736841,0.06068457,0.113,0,1,0,0,0,0,0,0,0,0,0,NONE,0,0,0,0,0,0,NONE,0.05,0,Winter_North,0.0,0.33121577,-0.004733315,0.9999888,0.43425456,16.71715,0.119679175,0.14924243,0.1396104,0.09181818,0,0,1,8,88,4.4969873,0.5152852,0,0,0,0.15563619,none,26,0.115384616,31,0.19354838,31,0.19354838,11,0.0,32,0.15625,8,0.0,88,0.88565445,0,23,0.46141702,0.13717802,0.33121577,359.7288,216.127
114,181.04303,264.50073,216.35725,83.4577,184.88042,205.69315,261.06702,4.7614574,9.258445,1.8339303,4.5497913,8.27335,1.8416438,220.16313,44.369194,0.74093765,-2.2700098,-1.0279745,3.5338569,206.6812,144.2418,100.0,1.0,0.0,0.6,1.0,1,HP3 Imaging,1,,0.0,,0.0,,0.0,1,114,1,1,0,0.07977606,0.6530835,Primary,0.02138158,0.06116272,0.114,2,1,0,0,0,1,0,0,1,0,2,HP3,1,0,0,0,0,0,SCIENCE,0.22727273,0,Summer_North,0.0,0.3642109,0.5843658,-0.81149036,144.513,16.625141,0.034418885,0.20833334,0.16493507,0.10363637,1,1,0,8,89,4.4969873,0.5378994,0,0,0,0.15771838,none,26,0.07692308,32,0.1875,31,0.19354838,11,0.0,33,0.18181819,8,0.0,89,0.8844375,0,24,0.46850106,0.14476798,0.3642109,144.2418,216.35725
115,181.05531,264.71478,215.69711,83.65948,184.09706,204.91963,259.7599,4.7614574,9.258445,1.8339303,4.5497913,8.27335,1.8416438,220.16313,44.369194,0.74093765,-2.2700098,-1.0279745,3.5338569,206.6812,0.75730306,99.0,1.0,0.0,0.6,1.0,0,,0,,,,,,,1,115,1,1,0,0.08047586,0.6542752,Primary,0.023026315,0.06163992,0.115,0,1,0,0,0,0,0,0,0,0,0,NONE,0,0,0,0,0,0,NONE,0.05,0,Spring_North,0.0,0.32279488,0.013217047,0.9999127,-143.4845,16.66919,-6.7260284,0.10909091,0.16493507,0.10363637,0,0,1,8,89,4.4969873,0.50710946,0,0,0,0.2548834,none,26,0.07692308,32,0.1875,31,0.19354838,11,0.0,33,0.18181819,8,0.0,89,0.88422084,0,25,0.4588559,0.18370983,0.32279488,0.75730306,215.69711
116,180.66779,263.79626,216.11275,83.12849,184.16733,205.02841,260.47052,5.0564213,6.4856324,0.6789181,5.020365,5.905322,1.2826526,180.62627,16.382492,0.9599467,-4.8492184,-0.059995145,4.8495893,180.70883,1.2656,100.0,1.0,0.21,0.684,1.0,0,,0,,,,,,,1,116,1,1,0,0.08117565,0.6554566,Primary,0.024671054,0.062116165,0.116,0,1,0,0,0,0,0,0,0,0,0,NONE,0,0,0,0,0,0,NONE,0.05,0,Spring_North,0.0,0.31865412,0.022087092,0.99975604,0.50829697,10.009613,-0.045756932,0.10909091,0.16493507,0.10363637,0,0,2,7,89,1.4292109,0.17971288,0,0,0,0.050931886,none,26,0.07692308,32,0.15625,31,0.16129032,11,0.0,33,0.15151516,8,0.0,89,0.8840045,0,26,0.26284784,0.10220495,0.31865412,1.2656,216.11275
117,180.8969,262.68597,215.6687,81.7891,185.11252,205.16219,258.37286,4.185957,7.6932445,1.1126515,4.3859215,5.5887337,1.83787,240.6933,48.933243,0.6944067,-1.7943617,-2.329004,2.9400668,232.38785,1.7745353,99.0,1.0,1.0,1.0,1.0,1,"Unsafe the Cameras, AM Tau, and HP3 Hammering While Imaging",1,,0.0,,0.0,,0.0,1,117,1,1,0,0.081875436,0.656628,Primary,0.02631579,0.062591456,0.117,10,4,0,0,0,1,0,0,1,0,2,HP3,1,0,0,0,0,0,SCIENCE,0.48636365,0,Spring_North,0.0,0.31452242,0.030966533,0.9995204,0.50893533,10.055045,-4.484939,0.19545455,0.18019481,0.13272728,1,1,0,8,90,3.5072877,0.2604361,0,0,0,0.2083603,none,26,0.07692308,33,0.18181819,31,0.16129032,11,0.0,34,0.1764706,8,0.0,90,0.88278836,0,27,0.2890725,0.1694169,0.31452242,1.7745353,215.6687
118,179.92104,264.64343,215.84998,84.72241,184.69426,205.34608,260.28174,4.1102757,6.4082594,1.0833219,4.0765753,5.8559523,1.5590825,246.19855,43.388096,0.75071794,-1.6054378,-2.7651212,3.1973937,239.86041,2.2864,100.0,1.0,1.0,1.0,1.0,0,,0,,,,,,,1,118,1,1,0,0.082575224,0.6577895,Primary,0.027960526,0.0630658,0.118,0,1,0,0,0,0,0,0,0,0,0,NONE,0,0,0,0,0,0,NONE,0.05,0,Spring_North,0.0,0.31038174,0.039894618,0.9992039,0.51186466,0.25018725,-0.014295454,0.19545455,0.18019481,0.13272728,0,0,1,7,90,2.2979834,0.34598365,0,0,0,0.087142676,none,26,0.07692308,33,0.15151516,31,0.12903225,11,0.0,34,0.1764706,8,0.0,90,0.8825725,0,28,0.113544695,0.1210054,0.31038174,2.2864,215.84998
119,180.46722,264.73352,209.94307,84.26629,184.12813,198.95633,259.31097,3.4797106,5.5280676,0.95992213,3.3321667,5.153161,1.5886573,264.21518,47.010914,0.71419,-0.6070864,-2.426737,2.5015209,255.95482,2.690515,66.0,1.0,1.0,1.0,1.0,1,"Science Panorama Gap Imaging, HP3 Imaging, and HP3 Radiometer Special Observations",1,,0.0,,0.0,,0.0,1,119,1,1,0,0.08327502,0.6589413,Primary,0.029605264,0.06353919,0.119,11,4,0,0,0,1,1,1,1,0,4,HP3,1,0,0,0,0,0,SCIENCE,0.65000004,0,Spring_North,0.0,0.30712333,0.04694109,0.9988977,0.40411514,2.2911768,-1.0306543,0.39545456,0.22337663,0.17272727,1,3,0,8,91,2.0483568,0.545466,0,0,0,0.1995041,none,26,0.07692308,34,0.1764706,32,0.15625,12,0.083333336,35,0.2,8,0.0,91,0.8813569,0,29,0.2181505,0.17717089,0.30712333,2.690515,209.94307
121,179.42984,261.20413,214.72742,81.99962,183.40424,,257.91537,4.09965,6.759033,1.286531,,6.005712,1.6465107,218.44238,56.30597,,,,,,3.78,100.0,,,1.0,1.0,1,Science Morning Panorma,1,,0.0,,0.0,,0.0,1,121,2,0,1,0.0846746,0.6612164,Primary,0.032894738,0.06448314,0.121,3,1,0,0,0,0,0,0,0,0,0,NONE,0,0,0,0,0,0,NONE,0.09090909,0,Spring_North,0.0,0.29838705,0.0659256,0.99782455,1.0894848,2.2480934,-0.27163768,0.26363638,0.2292208,0.17545456,3,1,0,9,92,2.6593835,0.5388381,0,0,0,0.11359438,none,26,0.07692308,34,0.1764706,32,0.15625,12,0.083333336,35,0.2,8,0.0,92,0.87992656,0,31,0.2151852,0.14476866,0.29838705,3.78,214.72742
122,179.65742,261.94272,228.59291,82.28531,184.95454,233.01443,258.93103,5.4963584,6.5373573,0.6963159,5.4068556,6.486728,1.1893979,220.16313,28.66263,0.88238335,-3.820617,-3.0188766,4.8693666,218.31418,4.666,32.0,1.0,0.84375,0.9375,1.0,0,,0,,,,,,,1,122,1,1,0,0.085374385,0.6623399,Primary,0.034539472,0.06495371,0.122,0,1,0,0,0,0,0,0,0,0,0,NONE,0,0,0,0,0,0,NONE,0.05,0,Spring_North,0.0,0.29133606,0.08134708,0.99668586,0.886,5.687878,2.1492994,0.26363638,0.2038961,0.17545456,0,0,1,8,92,1.0409987,0.68419415,0,0,0,0.08804161,none,26,0.07692308,34,0.14705883,32,0.125,12,0.083333336,35,0.2,8,0.0,92,0.8797118,0,32,0.3317001,0.12829153,0.29133606,4.666,228.59291
123,179.48657,262.5849,214.6072,83.09834,183.73784,204.36075,258.1019,4.076539,6.143059,1.1697991,4.2712555,5.831929,1.5069299,241.8284,43.743153,0.747189,-1.9338796,-2.467621,3.1351306,231.91412,4.884182,99.0,1.0,1.0,1.0,1.0,0,,0,,,,,,,1,123,1,1,0,0.08607418,0.6634544,Primary,0.03618421,0.06542333,0.123,0,1,0,0,0,0,0,0,0,0,0,NONE,0,0,0,0,0,0,NONE,0.05,0,Spring_North,0.0,0.28960732,0.08514185,0.9963688,0.21818182,5.733239,-0.25092486,0.06363636,0.2038961,0.17545456,0,0,2,8,92,2.0665195,0.6821504,0,0,0,0.11252616,none,26,0.07692308,34,0.14705883,32,0.125,12,0.083333336,35,0.2,8,0.0,92,0.8794973,0,33,0.33199593,0.13816044,0.28960732,4.884182,214.6072
124,180.1202,262.5424,215.4391,82.4222,184.00258,205.05841,258.508,3.9565291,6.352732,1.1497654,4.253556,5.699013,1.6056327,241.71344,37.624485,0.80605084,-1.9155682,-2.6003633,3.2297509,233.62263,5.329,100.0,1.0,1.0,1.0,1.0,0,,0,,,,,,,1,124,1,1,0,0.08677397,0.66455996,Primary,0.03782895,0.06589202,0.124,0,1,0,0,0,0,0,0,0,0,0,NONE,0,0,0,0,0,0,NONE,0.05,0,Spring_North,0.0,0.2860923,0.09287456,0.9956778,0.44481817,5.7464666,-0.038266387,0.05,0.2038961,0.17545456,0,0,3,7,92,2.3962033,0.61808807,0,0,0,0.11455946,none,26,0.03846154,34,0.11764706,32,0.09375,12,0.083333336,35,0.17142858,8,0.0,92,0.879283,0,34,0.31220087,0.13904876,0.2860923,5.329,215.4391
125,180.17644,263.5865,215.61185,83.410065,184.5801,204.96915,259.1961,3.8808005,6.4951463,1.1164123,3.9061944,5.8881044,1.6736614,244.38171,44.33794,0.7412506,-1.6232938,-2.4918587,2.9739606,236.91821,5.8334,100.0,1.0,1.0,1.0,1.0,0,,0,,,,,,,1,125,1,1,0,0.08747376,0.6656567,Primary,0.039473683,0.066359766,0.125,0,1,0,0,0,0,0,0,0,0,0,NONE,0,0,0,0,0,0,NONE,0.05,0,Spring_North,0.0,0.28212208,0.10163624,0.9948216,0.5044,5.7477193,-0.03968771,0.05,0.14155845,0.17545456,0,0,4,7,92,2.6143456,0.6299501,0,0,0,0.12089987,none,26,0.03846154,34,0.11764706,32,0.09375,12,0.083333336,35,0.17142858,8,0.0,92,0.8790691,0,35,0.3159426,0.12607539,0.28212208,5.8334,215.61185
126,180.52943,263.07285,214.68694,82.5434,183.81993,204.18854,258.67242,4.198685,6.0594606,1.0129633,4.3916783,5.6033015,1.4431804,244.19858,42.33222,0.7611387,-1.724942,-2.8037345,3.2918615,238.39893,6.3398485,99.0,1.0,1.0,1.0,1.0,0,,0,,,,,,,1,126,1,1,0,0.088173546,0.66674477,Primary,0.04111842,0.06682658,0.126,0,1,0,0,0,0,0,0,0,0,0,NONE,0,0,0,0,0,0,NONE,0.05,0,Spring_North,0.0,0.2781527,0.11042557,0.9938844,0.5064485,5.782834,0.7906446,0.05,0.14155845,0.15348485,0,0,5,6,92,1.8607754,0.62974054,0,0,0,0.10275063,none,26,0.0,34,0.11764706,32,0.0625,12,0.083333336,35,0.14285715,8,0.0,92,0.87885535,0,36,0.31660154,0.118890494,0.2781527,6.3398485,214.68694
127,179.71033,263.81647,215.45827,84.10615,184.05258,205.06975,259.28543,4.225881,6.9716067,1.1215577,4.3640604,5.9693108,1.6497403,233.82013,46.94916,0.71482146,-2.2057016,-2.2600164,3.157973,225.69684,6.8392,100.0,1.0,1.0,1.0,1.0,0,,0,,,,,,,1,127,1,1,0,0.08887334,0.66782427,Primary,0.04276316,0.06729246,0.127,0,1,0,0,0,0,0,0,0,0,0,NONE,0,0,0,0,0,0,NONE,0.05,0,Spring_North,0.0,0.27425593,0.1190833,0.9928843,0.4993515,5.1214275,0.121808305,0.05,0.055844158,0.15348485,0,0,6,6,92,2.7457256,0.5517988,0,0,0,0.11686501,none,26,0.0,34,0.11764706,32,0.0625,12,0.083333336,35,0.14285715,8,0.0,92,0.8786419,0,37,0.2785374,0.103182375,0.27425593,6.8392,215.45827
128,180.00853,264.60513,215.3901,84.59661,183.9644,204.83022,259.79453,3.855371,6.1849046,1.2402337,3.9556,5.7989955,1.6042308,229.22034,49.907387,0.6842975,-2.1176658,-1.7252706,2.7314954,219.16985,7.339172,99.0,1.0,0.989899,0.9959596,1.0,0,,0,,,,,,,1,128,1,1,0,0.08957313,0.66889536,Primary,0.044407893,0.06775741,0.128,0,1,0,0,0,0,0,0,0,0,0,NONE,0,0,0,0,0,0,NONE,0.05,0,Spring_North,0.0,0.27037153,0.12774271,0.99180734,0.49997172,5.077977,-2.200467,0.05,0.05,0.13363637,0,0,7,6,92,2.3295338,0.57218397,0,0,0,0.2087289,none,26,0.0,34,0.11764706,32,0.0625,12,0.083333336,35,0.14285715,8,0.0,92,0.87842876,0,38,0.28402656,0.13854149,0.27037153,7.339172,215.3901
129,179.48665,264.0408,215.47429,84.55415,183.59087,205.13873,259.39844,4.1204343,6.238409,1.1844765,4.2727723,5.8224006,1.5140173,236.08273,48.735817,0.6964491,-2.0019388,-2.212003,2.9834068,227.85382,7.8426,100.0,1.0,1.0,1.0,1.0,0,,0,,,,,,,1,129,1,1,0,0.09027292,0.66995823,Primary,0.04605263,0.06822143,0.129,0,1,0,0,0,0,0,0,0,0,0,NONE,0,0,0,0,0,0,NONE,0.05,0,Spring_North,0.0,0.26647788,0.13645217,0.99064666,0.5034283,0.41014016,0.14451738,0.05,0.05,0.13363637,0,0,8,6,92,2.1179745,0.14931504,0,0,0,0.06470382,none,26,0.0,34,0.11764706,32,0.0625,12,0.083333336,35,0.14285715,8,0.0,92,0.87821585,0,39,0.05523744,0.08100598,0.26647788,7.8426,215.47429
130,179.513,264.29172,215.38666,84.778725,183.6031,204.56645,259.34616,4.0671782,6.4318275,1.0452893,4.138067,5.7711277,1.5813979,240.30388,47.48338,0.7093501,-1.795877,-2.327487,2.9397907,232.3464,8.343,100.0,1.0,0.99,0.996,1.0,1,Runout,1,,0.0,,0.0,,0.0,1,130,1,1,0,0.09097271,0.67101294,Primary,0.04769737,0.068684526,0.13,1,1,0,0,0,0,0,0,0,0,0,NONE,0,0,0,0,0,0,NONE,0.06363636,0,Spring_North,0.0,0.26262558,0.14509879,0.9894172,0.5004,0.30173934,-0.008741946,0.054545455,0.051948052,0.122727275,1,1,0,7,93,2.364649,0.14902602,0,0,0,0.07061189,none,26,0.0,34,0.11764706,32,0.0625,12,0.083333336,35,0.14285715,8,0.0,93,0.8770032,0,40,0.052910015,0.08428065,0.26262558,8.343,215.38666
131,179.54817,262.42343,214.61342,82.87525,183.55603,203.89009,257.78854,4.1587358,6.7752223,1.1904638,4.2499666,5.664084,1.6291543,239.52808,41.863457,0.7657278,-2.0932539,-2.5544496,3.3025632,230.66696,8.840384,99.0,1.0,1.0,1.0,1.0,0,,0,,,,,,,1,131,1,1,0,0.091672495,0.6720596,Primary,0.049342107,0.06914669,0.131,0,1,0,0,0,0,0,0,0,0,0,NONE,0,0,0,0,0,0,NONE,0.05,0,Spring_North,0.0,0.2588144,0.15368234,0.9881203,0.49738383,0.40473187,-0.16640598,0.054545455,0.051948052,0.122727275,0,0,1,7,93,2.6164865,0.14894341,0,0,0,0.076663174,none,26,0.0,34,0.11764706,32,0.0625,12,0.083333336,35,0.14285715,8,0.0,93,0.8767908,0,41,0.055009414,0.08677549,0.2588144,8.840384,214.61342
132,180.40619,264.01474,215.66643,83.60854,183.523,204.60837,259.2302,4.0764647,6.1718,1.2603409,4.140633,5.7007403,1.5140079,227.46333,56.07646,0.6194363,-2.1201634,-1.6055512,2.65949,217.13582,9.3414,100.0,1.0,1.0,1.0,1.0,1,Dust Devil Search Imaging and IDA Temperature Monitoring,1,,0.0,,0.0,,0.0,1,132,1,1,0,0.09237229,0.6730984,Primary,0.05098684,0.069607936,0.132,8,2,0,0,1,0,0,1,1,0,3,IDA,1,0,0,0,1,0,SCIENCE,0.4340909,0,Spring_North,0.0,0.25499377,0.16231684,0.9867387,0.50101614,0.41370323,0.16324858,0.18257576,0.106818184,0.14833334,1,1,0,8,94,2.0953352,0.12310278,0,0,0,0.06174568,none,27,0.037037037,34,0.11764706,32,0.0625,13,0.15384616,36,0.16666667,8,0.0,94,0.87557876,0,42,0.04709977,0.09495026,0.25499377,9.3414,215.66643
133,179.51338,263.63977,215.94012,84.12639,183.72775,204.6666,260.11053,3.9199705,5.8994327,1.1187878,4.0940332,5.5137796,1.5049685,217.3319,59.202873,0.5863496,-2.089663,-1.1325796,2.3768525,208.45732,9.8398,100.0,1.0,1.0,1.0,1.0,0,,0,,,,,,,1,133,1,1,0,0.09307208,0.6741294,Primary,0.05263158,0.07006826,0.133,0,1,0,0,0,0,0,0,0,0,0,NONE,0,0,0,0,0,0,NONE,0.05,0,Spring_North,0.0,0.25121167,0.17089397,0.98528945,0.4984,0.4058391,0.08030797,0.17803031,0.106818184,0.11924243,0,0,1,8,94,1.9794619,0.13084292,0,0,0,0.05967058,none,27,0.037037037,34,0.11764706,32,0.0625,13,0.15384616,36,0.16666667,8,0.0,94,0.8753669,0,43,0.04936215,0.09419435,0.25121167,9.8398,215.94012
134,180.71127,263.61313,215.53004,82.901855,183.80806,204.80017,259.7622,4.112028,6.5591,1.2738981,4.31703,5.856446,1.595101,229.61273,52.453815,0.65766305,-2.0704982,-1.8488052,2.7757962,221.76254,10.338214,98.0,1.0,1.0,1.0,1.0,1,Science Panorama Imaging,1,,0.0,,0.0,,0.0,1,134,1,1,0,0.09377187,0.6751527,Primary,0.054276317,0.070527665,0.134,3,1,0,0,0,0,0,0,1,0,1,CAMERA,1,0,0,0,0,0,SCIENCE,0.1659091,0,Spring_North,0.0,0.24744831,0.1794584,0.98376554,0.49841428,0.40791333,0.023321344,0.21666667,0.12337662,0.1269697,1,1,0,9,95,2.447072,0.11268621,0,0,0,0.06924893,none,27,0.037037037,34,0.11764706,32,0.0625,13,0.15384616,37,0.1891892,8,0.0,95,0.87415534,0,44,0.043717224,0.102589354,0.24744831,10.338214,215.53004
135,179.96515,263.95447,215.54187,83.98932,183.71739,204.60341,260.19235,4.226888,6.82,1.1836253,4.3470345,6.202239,1.6134802,236.33925,51.661556,0.66597766,-1.9953027,-2.1272032,2.9165435,226.83257,10.8336,100.0,1.0,0.99,0.996,1.0,0,,0,,,,,,,1,135,1,1,0,0.094471656,0.6761685,Primary,0.05592105,0.07098615,0.135,0,1,0,0,0,0,0,0,0,0,0,NONE,0,0,0,0,0,0,NONE,0.05,0,Spring_North,0.0,0.24372675,0.18795733,0.9821772,0.4953857,0.40954855,0.01126182,0.08863637,0.12337662,0.086969696,0,0,1,9,95,2.593112,0.09496194,0,0,0,0.071130514,none,27,0.037037037,34,0.11764706,32,0.0625,13,0.15384616,37,0.1891892,8,0.0,95,0.873944,0,45,0.038198706,0.103415966,0.24372675,10.8336,215.54187
136,180.21855,263.09384,215.20355,82.8753,184.27194,204.14015,258.9437,4.258899,6.77625,1.2362278,4.126106,6.1752896,1.5910801,231.26176,53.664566,0.64491826,-2.191869,-1.8798345,2.8875713,220.6177,11.3296,100.0,1.0,1.0,1.0,1.0,0,,0,,,,,,,1,136,1,1,0,0.09517145,0.6771769,Primary,0.05756579,0.07144372,0.136,0,1,0,0,0,0,0,0,0,0,0,NONE,0,0,0,0,0,0,NONE,0.05,0,Spring_North,0.0,0.24001977,0.19645272,0.9805133,0.496,0.41957784,-0.030517044,0.08863637,0.12337662,0.084242426,0,0,2,9,95,2.5173507,0.11322771,0,0,0,0.0709896,none,27,0.037037037,34,0.11764706,32,0.0625,13,0.15384616,37,0.1891892,8,0.0,95,0.873733,0,46,0.044127557,0.103433445,0.24001977,11.3296,215.20355
137,179.86082,262.7907,215.21458,82.92988,184.27579,204.238,258.5397,4.139951,7.027581,1.3087605,4.2227335,5.9248357,1.6975033,224.61545,58.64658,0.5922338,-2.2184978,-1.3208115,2.5819132,210.768,11.828,99.0,1.0,1.0,1.0,1.0,1,"AM IDC Tau, Dust Devil Imaging, and Aeolian Imaging of West Footpad",1,,0.0,,0.0,,0.0,1,137,1,1,0,0.09587124,0.6781779,Primary,0.059210528,0.071900375,0.137,12,4,0,0,1,0,0,0,1,0,2,IDA,1,0,0,0,0,0,SCIENCE,0.51363635,0,Spring_North,0.0,0.23631446,0.2049744,0.97876734,0.4984,0.42627788,0.10019599,0.20454545,0.18766233,0.11515152,1,1,0,10,96,2.88763,0.11119569,0,0,0,0.07971095,none,28,0.071428575,34,0.11764706,32,0.0625,13,0.15384616,38,0.21052632,8,0.0,96,0.8725222,0,47,0.043629266,0.123417206,0.23631446,11.828,215.21458
138,180.13513,262.91962,215.60605,82.78449,183.97685,205.31694,258.78363,4.0721188,6.759033,1.405674,4.0519223,6.2635617,1.659832,216.45139,55.29098,0.6277447,-2.4583187,-0.93187225,2.6290145,200.76016,12.3194,100.0,1.0,1.0,1.0,1.0,0,,0,,,,,,,1,138,1,1,0,0.09657103,0.6791717,Primary,0.060855262,0.07235612,0.138,0,1,0,0,0,0,0,0,0,0,0,NONE,0,0,0,0,0,0,NONE,0.05,0,Spring_North,0.0,0.23268074,0.21336119,0.9769734,0.4914,0.2578045,-0.010064106,0.20454545,0.18766233,0.11515152,0,0,1,10,96,2.6869144,0.11196528,0,0,0,0.074952856,none,28,0.071428575,34,0.11764706,32,0.0625,13,0.15384616,38,0.21052632,8,0.0,96,0.87231165,0,48,0.040393844,0.12158765,0.23268074,12.3194,215.60605
139,179.25342,261.8891,215.02963,82.6357,183.80104,204.63705,258.23004,4.1791754,7.404423,1.4293393,3.96915,6.1673217,1.7717427,216.2352,62.1256,0.55552083,-2.4737575,-0.8099125,2.6029665,198.12854,12.810808,99.0,1.0,1.0,1.0,1.0,1,Dust Devil Imaging,1,,0.0,,0.0,,0.0,1,139,1,1,0,0.09727082,0.6801583,Primary,0.0625,0.072810955,0.139,3,1,0,0,0,0,0,0,1,0,1,CAMERA,1,0,0,0,0,0,SCIENCE,0.1659091,0,Spring_North,0.0,0.22906663,0.22173244,0.97510755,0.49140808,0.30856174,-0.15174738,0.24318181,0.14935064,0.12287879,1,1,0,11,97,3.2252479,0.112771906,0,0,0,0.08797874,none,28,0.071428575,34,0.11764706,32,0.0625,13,0.15384616,39,0.23076923,8,0.0,97,0.8711014,0,49,0.041693922,0.11764368,0.22906663,12.810808,215.02963
140,179.42984,261.98788,215.21648,82.55805,183.3318,204.36032,258.05896,4.14584,6.889344,1.4098614,4.11679,6.365947,1.6617486,215.56535,63.78859,0.5380834,-2.310636,-0.73096657,2.4234998,197.5547,13.3058,100.0,1.0,1.0,1.0,1.0,0,,0,,,,,,,1,140,1,1,0,0.09797061,0.6811379,Primary,0.06414474,0.073264875,0.14,0,1,0,0,0,0,0,0,0,0,0,NONE,0,0,0,0,0,0,NONE,0.05,0,Spring_North,0.0,0.22544628,0.23014826,0.97315556,0.49499193,0.22112267,-0.052261155,0.08863637,0.14935064,0.12287879,0,0,1,11,97,2.743504,0.0648304,0,0,0,0.071974434,none,28,0.071428575,34,0.11764706,32,0.0625,13,0.15384616,39,0.23076923,8,0.0,97,0.8708914,0,50,0.024871547,0.111315444,0.22544628,13.3058,215.21648
141,180.0242,261.87027,215.15813,81.846054,183.12099,204.23042,258.19226,4.059777,6.9353223,1.3562347,4.2004833,5.8762655,1.7083013,214.94386,59.002205,0.58847183,-2.3801494,-0.9122703,2.5489898,200.97096,13.7982,100.0,1.0,1.0,1.0,1.0,1,IDA Retirement Pose and Rolling Stone Imaging; IDA No Load Characterization,1,,0.0,,0.0,,0.0,1,141,1,1,0,0.0986704,0.68211067,Primary,0.065789476,0.07371789,0.141,11,3,0,0,1,0,0,0,1,0,2,IDA,1,1,0,0,0,0,SCIENCE,0.45000002,0,Spring_North,0.0,0.22186525,0.23850295,0.97114176,0.4924,0.21077563,-0.06395662,0.22196971,0.18993507,0.14954546,1,1,0,11,98,2.8755453,0.073929794,0,0,0,0.07598899,none,29,0.10344828,34,0.0882353,32,0.03125,13,0.15384616,40,0.225,8,0.0,98,0.86968166,1,0,0.027508488,0.12349078,0.22186525,13.7982,215.15813
142,179.83116,262.07812,214.72742,82.24696,182.748,204.04132,258.57507,4.111925,6.3152,1.2749119,4.1796665,6.0267544,1.5358257,215.08578,62.85865,0.54782265,-2.336993,-0.82512033,2.4783783,199.44656,14.287616,99.0,1.0,1.0,1.0,1.0,0,,0,,,,,,,1,142,1,1,0,0.09937019,0.68307656,Primary,0.067434214,0.07417001,0.142,0,1,0,0,0,0,0,0,0,0,0,NONE,0,0,0,0,0,0,NONE,0.05,0,Spring_North,0.0,0.21832626,0.24678956,0.9690691,0.48941615,0.26171252,-0.07935471,0.18333334,0.18993507,0.14954546,0,0,1,11,98,2.2032752,0.06772002,0,0,0,0.059243266,none,29,0.10344828,34,0.0882353,32,0.03125,13,0.15384616,40,0.225,8,0.0,98,0.8694722,0,1,0.026614327,0.1168658,0.21832626,14.287616,214.72742
143,179.20497,262.54504,215.11731,83.34009,183.38881,204.39949,258.49478,4.0072155,5.884352,1.2484643,4.0442057,5.7568545,1.4684391,216.6537,56.788578,0.61189973,-2.346088,-1.0966945,2.5897622,205.05405,14.7806,100.0,1.0,1.0,1.0,1.0,0,,0,,,,,,,1,143,1,1,0,0.10006998,0.6840357,Primary,0.069078945,0.074621215,0.143,0,1,0,0,0,0,0,0,0,0,0,NONE,0,0,0,0,0,0,NONE,0.05,0,Spring_North,0.0,0.21478225,0.25511837,0.9669098,0.49298385,0.26163167,-0.016212756,0.18333334,0.18993507,0.14954546,0,0,2,10,98,1.8771366,0.05926769,0,0,0,0.050618544,none,29,0.10344828,34,0.0882353,32,0.03125,13,0.15384616,40,0.2,8,0.0,98,0.869263,0,2,0.0239649,0.113489136,0.21478225,14.7806,215.11731
144,179.3679,261.36752,214.90047,81.99962,183.40424,204.41847,258.56375,4.1578617,7.0409327,1.3252363,4.327717,5.938399,1.6934023,221.52051,56.191956,0.61821425,-2.3161755,-1.4466031,2.7308109,211.98747,15.271,100.0,1.0,1.0,1.0,1.0,1,"Sunrise and Sunset Imaging; SEIS, APSS, and RAD Data Acquisition",1,,0.0,,0.0,,0.0,1,144,1,1,0,0.100769766,0.6849882,Primary,0.07072368,0.07507152,0.144,10,6,0,0,0,1,1,1,1,0,4,HP3,1,0,0,0,0,0,SCIENCE,0.73636365,0,Spring_North,0.0,0.21127777,0.26338482,0.96469086,0.4904,0.27582213,-0.11759725,0.27878788,0.22175325,0.19530304,1,1,0,11,99,2.8830707,0.061508957,0,0,0,0.07502641,none,29,0.10344828,35,0.114285715,33,0.060606062,14,0.21428572,41,0.2195122,8,0.0,99,0.86805403,0,3,0.024959821,0.13162996,0.21127777,15.271,214.90047
145,179.09969,261.09552,214.33115,81.995834,182.99318,203.91217,257.48697,4.0718837,6.2866354,1.2039763,4.2142954,5.7605286,1.5439132,220.85933,59.1438,0.5869743,-2.2356763,-1.2797853,2.5760627,209.78845,15.758424,99.0,1.0,1.0,1.0,1.0,0,,0,,,,,,,1,145,1,1,0,0.10146956,0.6859342,Primary,0.07236842,0.07552093,0.145,0,1,0,0,0,0,0,0,0,0,0,NONE,0,0,0,0,0,0,NONE,0.05,0,Spring_North,0.0,0.20781551,0.27158195,0.96241534,0.48742425,0.31078896,-0.11641551,0.27878788,0.22175325,0.19439395,0,0,1,10,99,2.2147515,0.061529867,0,0,0,0.058949422,none,29,0.10344828,35,0.08571429,33,0.060606062,14,0.21428572,41,0.19512194,8,0.0,99,0.86784536,0,4,0.025687922,0.1252722,0.20781551,15.758424,214.33115
146,179.17993,260.37506,214.97597,81.19512,182.70685,204.62715,257.58423,4.017865,7.1611233,1.3722233,4.000867,6.3786106,1.7823205,210.62952,60.980408,0.5675782,-2.317469,-0.66666895,2.4114537,196.049,16.2494,100.0,1.0,1.0,1.0,1.0,0,,0,,,,,,,1,146,1,1,0,0.10216935,0.6868737,Primary,0.07401316,0.07596944,0.146,0,1,0,0,0,0,0,0,0,0,0,NONE,0,0,0,0,0,0,NONE,0.05,0,Spring_North,0.0,0.2043494,0.27981895,0.9600528,0.49097577,0.3084534,-0.040085167,0.27878788,0.20519482,0.19439395,0,0,2,10,99,3.1432583,0.059200075,0,0,0,0.081073605,none,29,0.10344828,35,0.08571429,33,0.060606062,14,0.21428572,41,0.19512194,8,0.0,99,0.8676369,0,5,0.024909902,0.13005522,0.2043494,16.2494,214.97597
147,178.71922,260.36456,214.69707,81.64535,183.34099,204.28816,257.1873,4.121991,7.8996916,1.4250635,3.855061,6.2478147,1.9164746,208.52449,66.8236,0.506557,-2.2215836,-0.39899725,2.2571292,190.1818,16.7378,100.0,1.0,1.0,1.0,1.0,0,,0,,,,,,,1,147,1,1,0,0.10286914,0.68780684,Primary,0.0756579,0.07641705,0.147,0,1,0,0,0,0,0,0,0,0,0,NONE,0,0,0,0,0,0,NONE,0.05,0,Spring_North,0.0,0.20092301,0.28799236,0.9576327,0.4884,0.2864091,-0.07684361,0.05,0.20519482,0.16878788,0,0,3,10,99,3.7777002,0.05546655,0,0,0,0.09599371,none,29,0.10344828,35,0.08571429,33,0.060606062,14,0.21428572,41,0.19512194,8,0.0,99,0.8674288,0,6,0.023285458,0.13609612,0.20092301,16.7378,214.69707
148,178.95735,260.7465,214.42006,81.78913,183.2613,203.70006,257.22546,4.09965,7.361689,1.4579601,3.9148,6.0697894,1.7956872,214.20503,60.217003,0.57563317,-2.3621387,-0.7239316,2.4705822,197.03888,17.228151,99.0,1.0,1.0,1.0,1.0,0,,0,,,,,,,1,148,1,1,0,0.10356893,0.6887337,Primary,0.077302635,0.07686377,0.148,0,1,0,0,0,0,0,0,0,0,0,NONE,0,0,0,0,0,0,NONE,0.05,0,Spring_North,0.0,0.1975048,0.2961774,0.95513296,0.49035153,0.28731728,-0.0512279,0.05,0.14805195,0.16878788,0,0,4,9,99,3.262039,0.05528719,0,0,0,0.08357104,none,29,0.10344828,35,0.057142857,33,0.060606062,14,0.21428572,41,0.17073171,8,0.0,99,0.8672209,0,7,0.023248011,0.11691409,0.1975048,17.228151,214.42006
149,179.03958,260.94046,214.79897,81.90088,183.0227,204.14198,258.06815,4.0303674,6.385081,1.2939686,4.018672,5.873152,1.5842428,216.42644,60.678288,0.57076454,-2.3179371,-0.890091,2.4829607,201.00685,17.7122,100.0,1.0,1.0,1.0,1.0,0,,0,,,,,,,1,149,1,1,0,0.10426872,0.68965435,Primary,0.078947365,0.0773096,0.149,0,1,0,0,0,0,0,0,0,0,0,NONE,0,0,0,0,0,0,NONE,0.05,0,Spring_North,0.0,0.19415225,0.3042359,0.9525967,0.4840485,0.28812942,-0.053057782,0.05,0.14805195,0.1610606,0,0,5,9,99,2.3547132,0.057002336,0,0,0,0.061899856,none,29,0.10344828,35,0.057142857,33,0.060606062,14,0.21428572,41,0.17073171,8,0.0,99,0.8670132,0,8,0.023802053,0.10831831,0.19415225,17.7122,214.79897
150,180.22943,260.8704,214.78366,80.64095,182.9033,203.87567,257.91537,4.0361447,6.6455555,1.1774418,4.2045946,5.747816,1.6465107,219.41582,59.720398,0.5808789,-2.2530527,-1.1343879,2.5225153,206.72476,18.1986,100.0,1.0,1.0,1.0,1.0,0,,0,,,,,,,1,150,1,1,0,0.10496851,0.6905689,Primary,0.0805921,0.077754535,0.15,0,1,0,0,0,0,0,0,0,0,0,NONE,0,0,0,0,0,0,NONE,0.05,0,Spring_North,0.0,0.1908054,0.3123117,0.94997966,0.4864,0.24067916,-0.019467413,0.05,0.14805195,0.1610606,0,0,6,8,99,2.6094108,0.052346915,0,0,0,0.06759891,none,29,0.10344828,35,0.028571429,33,0.030303031,14,0.14285715,41,0.14634146,8,0.0,99,0.86680585,0,9,0.021364557,0.1106705,0.1908054,18.1986,214.78366
151,179.35985,260.80377,214.23802,81.443924,183.05305,203.5763,257.05164,4.2036495,6.7167416,1.3193288,4.2778444,6.033302,1.5978358,219.67332,50.914707,0.6737939,-2.6166277,-1.506858,3.0194967,209.93669,18.68694,99.0,1.0,1.0,1.0,1.0,1,"AM IDC Tau, IDC Sky Flat Imaging, and RAD Calibrations; IDA Safed",1,,0.0,,0.0,,0.0,1,151,1,1,0,0.1056683,0.6914774,Primary,0.08223684,0.07819858,0.151,12,5,0,0,1,1,0,0,1,0,3,IDA,1,1,0,1,0,0,SCIENCE,0.6386364,0,Spring_North,0.0,0.18746763,0.32039708,0.9472833,0.4883394,0.2767356,-0.015521004,0.24621214,0.13409092,0.20030303,1,1,0,8,100,2.5130923,0.06542867,0,0,0,0.066486105,none,30,0.13333334,36,0.055555556,33,0.030303031,14,0.14285715,42,0.16666667,8,0.0,100,0.8655987,1,0,0.026206547,0.10715763,0.18746763,18.68694,214.23802
152,179.07397,260.454,214.60345,81.380035,182.7855,204.17165,256.83136,4.0923867,6.5237284,1.2384291,4.195361,5.79159,1.5941135,220.1296,49.89684,0.68440723,-2.5433085,-1.5575559,2.982348,211.48386,19.169,100.0,1.0,1.0,1.0,1.0,0,,0,,,,,,,1,152,1,1,0,0.10636809,0.69237995,Primary,0.08388158,0.07864174,0.152,0,1,0,0,0,0,0,0,0,0,0,NONE,0,0,0,0,0,0,NONE,0.05,0,Spring_North,0.0,0.18419504,0.32835564,0.94455415,0.4820606,0.24937882,-0.062083587,0.24621214,0.13409092,0.16939394,0,0,1,8,100,2.431342,0.065302774,0,0,0,0.06450769,none,30,0.13333334,36,0.055555556,33,0.030303031,14,0.14285715,42,0.16666667,8,0.0,100,0.86539185,0,1,0.025602596,0.10643865,0.18419504,19.169,214.60345
153,179.796,261.20413,214.37029,81.40812,183.44598,203.84456,257.1572,3.9658458,6.414533,1.1437488,4.070433,5.6004333,1.6174439,220.0238,52.230667,0.6600071,-2.3750236,-1.346517,2.7301729,209.55103,19.651445,99.0,1.0,1.0,1.0,1.0,1,Aerosol Sky Survey,1,,0.0,,0.0,,0.0,1,153,1,1,0,0.10706788,0.69327664,Primary,0.08552632,0.07908402,0.153,3,1,0,0,0,0,0,0,0,0,0,NONE,1,0,0,0,0,0,SCIENCE,0.09090909,0,Spring_North,0.0,0.18094222,0.33629727,0.9417559,0.48244444,0.21872531,-0.054463774,0.2598485,0.13993508,0.17212121,1,1,0,9,101,2.4486876,0.07637147,0,0,0,0.06594415,none,30,0.13333334,36,0.055555556,33,0.030303031,14,0.14285715,42,0.16666667,8,0.0,101,0.8641852,0,2,0.028437402,0.108896606,0.18094222,19.651445,214.37029
154,178.51141,260.64835,214.387,82.13695,183.05324,203.67467,256.8056,4.0943494,6.6422887,1.286531,4.062028,6.005712,1.6223062,223.8032,48.068417,0.7033362,-2.492466,-1.6367029,2.9818087,213.2913,20.1368,100.0,1.0,1.0,1.0,1.0,0,,0,,,,,,,1,154,1,1,0,0.10776767,0.6941675,Primary,0.087171055,0.0795254,0.154,0,1,0,0,0,0,0,0,0,0,0,NONE,0,0,0,0,0,0,NONE,0.05,0,Spring_North,0.0,0.1776926,0.34426278,0.93887335,0.48535556,0.2174486,-0.0055114315,0.06363636,0.13993508,0.16439395,0,0,1,9,101,2.5479393,0.07444283,0,0,0,0.06815445,none,30,0.13333334,36,0.055555556,33,0.030303031,14,0.14285715,42,0.16666667,8,0.0,101,0.86397886,0,3,0.0278069,0.10985294,0.1776926,20.1368,214.387
155,178.87709,260.95602,214.60815,82.07892,183.72595,204.19374,257.26044,4.027385,6.6842694,1.3718033,3.973294,6.1576962,1.6597047,220.95992,51.843864,0.6640663,-2.4714797,-1.2202054,2.7562861,206.27623,20.6198,100.0,1.0,1.0,1.0,1.0,0,,0,,,,,,,1,155,1,1,0,0.10846746,0.6950526,Primary,0.088815786,0.07996591,0.155,0,1,0,0,0,0,0,0,0,0,0,NONE,0,0,0,0,0,0,NONE,0.05,0,Spring_North,0.0,0.17448172,0.3521651,0.9359379,0.483,0.21544689,-0.03180239,0.06363636,0.13993508,0.16439395,0,0,2,9,101,2.6568847,0.075399086,0,0,0,0.070863575,none,30,0.13333334,36,0.055555556,33,0.030303031,14,0.14285715,42,0.16666667,8,0.0,101,0.86377275,0,4,0.028065149,0.11100873,0.17448172,20.6198,214.60815
156,178.2409,259.6826,214.13423,81.44168,183.4735,203.82852,256.3952,3.9363885,7.637478,1.4899482,3.7051778,6.3466253,1.9402245,210.19054,57.671646,0.6025518,-2.4679463,-0.7083345,2.5675857,196.0142,21.100252,99.0,1.0,1.0,1.0,1.0,1,Additional Science Panorama Imaging,1,,0.0,,0.0,,0.0,1,156,1,1,0,0.10916725,0.6959321,Primary,0.090460524,0.08040554,0.156,4,1,0,0,0,0,0,0,1,0,1,CAMERA,1,0,0,0,0,0,SCIENCE,0.17954546,0,Spring_North,0.0,0.17131072,0.3600009,0.9329519,0.48045254,0.22904585,-0.10823781,0.09318182,0.15844157,0.14636365,1,1,0,10,102,3.7010894,0.08949779,0,0,0,0.09728394,none,30,0.13333334,36,0.055555556,33,0.030303031,14,0.14285715,43,0.18604651,8,0.0,102,0.86256695,0,5,0.03276229,0.12662554,0.17131072,21.100252,214.13423
157,178.6789,260.5999,214.55148,81.92102,183.38269,204.01837,256.4552,4.0925183,7.2691,1.5964917,3.7085721,6.6762533,1.7761924,206.05193,59.015556,0.5883306,-2.5560231,-0.34172383,2.5787652,187.61491,21.5842,100.0,1.0,1.0,1.0,1.0,0,,0,,,,,,,1,157,1,1,0,0.10986704,0.696806,Primary,0.09210526,0.08084429,0.157,0,1,0,0,0,0,0,0,0,0,0,NONE,0,0,0,0,0,0,NONE,0.05,0,Spring_North,0.0,0.16814001,0.36786816,0.92987794,0.4839475,0.18455797,0.0522441,0.09318182,0.15844157,0.14636365,0,0,1,10,102,3.1765816,0.09048197,0,0,0,0.08475557,none,30,0.13333334,36,0.055555556,33,0.030303031,14,0.14285715,43,0.18604651,8,0.0,102,0.8623614,0,6,0.03215257,0.12168614,0.16814001,21.5842,214.55148
158,178.31967,259.48376,214.36125,81.164085,182.74934,203.90102,256.61304,4.069087,7.1617665,1.565711,3.5818167,6.745808,1.7600425,206.46263,63.390892,0.5422446,-2.466959,-0.2501421,2.4796083,185.78983,22.0656,100.0,1.0,1.0,1.0,1.0,1,HP3 Diagnostic Hammering #3,1,,0.0,,0.0,,0.0,1,158,1,1,0,0.11056683,0.6976744,Primary,0.09375,0.08128217,0.158,4,1,0,0,0,1,0,0,0,0,1,HP3,0,0,0,0,0,0,NONE,0.17954546,0,Spring_North,0.0,0.16500948,0.3756679,0.92675436,0.4814,0.17039318,-0.040368795,0.13636364,0.092857145,0.155,1,1,0,11,103,3.0926795,0.06544105,0,0,0,0.08043137,none,30,0.13333334,37,0.08108108,33,0.030303031,14,0.14285715,43,0.18604651,8,0.0,103,0.86115605,0,7,0.02401602,0.10398222,0.16500948,22.0656,214.36125
159,178.831,259.3136,213.67268,80.48261,182.77773,202.67204,256.04053,4.131553,7.1343975,1.5677252,3.784078,6.5209155,1.7268077,207.0826,61.68492,0.56015646,-2.5593793,-0.27877364,2.574517,186.21628,22.548908,99.0,1.0,1.0,1.0,1.0,0,,0,,,,,,,1,159,1,1,0,0.11126662,0.69853735,Primary,0.09539474,0.08171916,0.159,0,1,0,0,0,0,0,0,0,0,0,NONE,0,0,0,0,0,0,NONE,0.05,0,Spring_North,0.0,0.16189034,0.38347194,0.9235525,0.4833091,0.31502238,-0.116266616,0.09318182,0.092857145,0.10924243,0,0,1,11,103,3.0028446,0.07203758,0,0,0,0.078877434,none,30,0.13333334,37,0.08108108,33,0.030303031,14,0.14285715,43,0.18604651,8,0.0,103,0.86095095,0,8,0.0290669,0.103432424,0.16189034,22.548908,213.67268
160,179.58815,259.59848,214.32596,80.01033,182.96921,203.00204,256.6525,4.18841,7.0059223,1.4229163,3.856742,6.635113,1.6726925,210.17064,63.78593,0.5381112,-2.4491873,-0.54016185,2.5080457,192.43733,23.026,100.0,1.0,1.0,1.0,1.0,1,AM Tau and HP3 Stereo Imaging,1,,0.0,,0.0,,0.0,1,160,1,1,0,0.11196641,0.6993949,Primary,0.097039476,0.08215529,0.16,6,2,0,0,0,1,0,0,1,0,2,HP3,1,0,0,0,0,0,SCIENCE,0.3318182,0,Spring_North,0.0,0.15883492,0.3911488,0.9203274,0.4770909,0.3137673,-0.010170122,0.18712121,0.12727273,0.12803032,1,1,0,11,104,2.8175123,0.079818346,0,0,0,0.07513498,none,30,0.13333334,38,0.10526316,33,0.030303031,14,0.14285715,44,0.20454545,8,0.0,104,0.85974616,0,9,0.031478386,0.11096102,0.15883492,23.026,214.32596
161,177.97984,259.07336,214.714,81.09351,184.0275,203.92552,256.6711,4.0444503,6.7111335,1.2688675,3.7254202,6.2090816,1.6593438,207.98698,65.00918,0.5253524,-2.3635683,-0.4785511,2.4115279,191.44594,23.5054,100.0,0.98,0.94,0.964,1.0,0,,0,,,,,,,1,161,1,1,0,0.1126662,0.7002471,Primary,0.098684214,0.08259054,0.161,0,1,0,0,0,0,0,0,0,0,0,NONE,0,0,0,0,0,0,NONE,0.05,0,Spring_North,0.0,0.15578853,0.3988355,0.91702247,0.4794,0.35232303,0.017641123,0.1439394,0.12727273,0.12803032,0,0,1,11,104,2.6666832,0.080248,0,0,0,0.07154578,none,30,0.13333334,38,0.10526316,33,0.030303031,14,0.14285715,44,0.20454545,8,0.0,104,0.8595416,0,10,0.032408588,0.10959693,0.15578853,23.5054,214.714
162,178.43532,259.36874,213.39046,80.93344,182.87138,202.59142,256.59518,4.0569134,6.9947224,1.0840149,3.8412,5.5617146,1.7241488,216.04103,60.348972,0.57423985,-2.278739,-1.080895,2.5220993,205.37682,23.987303,99.0,1.0,1.0,1.0,1.0,0,,0,,,,,,,1,162,1,1,0,0.11336599,0.70109415,Primary,0.100328945,0.08302493,0.162,0,1,0,0,0,0,0,0,0,0,0,NONE,0,0,0,0,0,0,NONE,0.05,0,Spring_North,0.0,0.15275052,0.4065342,0.91363555,0.48190302,0.4758189,-0.1239614,0.1439394,0.12727273,0.12803032,0,0,2,10,104,2.9378088,0.07839097,0,0,0,0.077897735,none,30,0.1,38,0.10526316,33,0.030303031,14,0.071428575,44,0.18181819,8,0.0,104,0.8593373,0,11,0.034375235,0.11220923,0.15275052,23.987303,213.39046
163,178.237,259.90668,214.14479,81.66967,182.85016,203.14249,257.05118,3.9660208,6.0781446,1.1564376,3.8886523,5.7607303,1.5325549,215.10924,60.382553,0.5738854,-2.236208,-0.97830486,2.4408414,203.6286,24.4628,100.0,1.0,1.0,1.0,1.0,0,,0,,,,,,,1,163,1,1,0,0.11406578,0.70193595,Primary,0.10197368,0.083458446,0.163,0,1,0,0,0,0,0,0,0,0,0,NONE,0,0,0,0,0,0,NONE,0.05,0,Spring_North,0.0,0.14977698,0.41410235,0.91023034,0.47549698,0.47572443,-0.06778241,0.05,0.108766235,0.12803032,0,0,3,10,104,2.1121235,0.07006761,0,0,0,0.057266425,none,30,0.1,38,0.10526316,33,0.030303031,14,0.071428575,44,0.18181819,8,0.0,104,0.85913324,0,12,0.031765927,0.09940149,0.14977698,24.4628,214.14479
164,177.74852,260.2319,213.47098,82.48339,182.2206,202.41798,256.31808,4.0215707,6.587466,1.2933477,3.961712,6.1221256,1.6380332,218.44238,56.30597,0.6170077,-2.4162414,-1.0914413,2.651314,204.30919,24.938272,99.0,1.0,1.0,1.0,1.0,0,,0,,,,,,,1,164,1,1,0,0.11476557,0.7027727,Primary,0.10361842,0.083891094,0.164,0,1,0,0,0,0,0,0,0,0,0,NONE,0,0,0,0,0,0,NONE,0.05,0,Spring_North,0.0,0.14682771,0.42164162,0.90676254,0.47547272,0.5041709,-0.1483775,0.05,0.108766235,0.12803032,0,0,4,9,104,2.5658953,0.072768,0,0,0,0.068432234,none,30,0.1,38,0.10526316,33,0.030303031,14,0.071428575,44,0.1590909,8,0.0,104,0.85892946,0,13,0.03319885,0.10393914,0.14682771,24.938272,213.47098
165,177.9181,258.63538,213.77786,80.71728,181.81432,203.19562,256.11566,4.1040387,7.026489,1.393182,3.9112444,6.38562,1.7120913,211.08272,61.658154,0.5604382,-2.477787,-0.6644296,2.5653255,195.01097,25.4172,100.0,1.0,1.0,1.0,1.0,0,,0,,,,,,,1,165,1,1,0,0.11546536,0.70360434,Primary,0.10526316,0.08432288,0.165,0,1,0,0,0,0,0,0,0,0,0,NONE,0,0,0,0,0,0,NONE,0.05,0,Spring_North,0.0,0.1438816,0.42920628,0.90320647,0.47892728,0.4845468,0.017528925,0.05,0.090259746,0.12803032,0,0,5,9,104,2.9224503,0.07402044,0,0,0,0.07712582,none,30,0.1,38,0.10526316,33,0.030303031,14,0.071428575,44,0.1590909,8,0.0,104,0.8587259,0,14,0.033186235,0.102861196,0.1438816,25.4172,213.77786
166,178.1049,258.98566,214.16066,80.88075,182.44638,203.43883,256.3572,4.01147,7.0111685,1.6199569,3.7165055,6.600033,1.7477806,204.45094,59.111954,0.5873111,-2.588588,-0.33634588,2.610348,187.4032,25.8936,100.0,1.0,1.0,1.0,1.0,0,,0,,,,,,,1,166,1,1,0,0.11616515,0.704431,Primary,0.1069079,0.084753804,0.166,0,1,0,0,0,0,0,0,0,0,0,NONE,0,0,0,0,0,0,NONE,0.05,0,Spring_North,0.0,0.14097571,0.4367013,0.8996066,0.4764,0.47671428,-0.02755003,0.05,0.090259746,0.08878788,0,0,6,9,104,2.9996989,0.072155856,0,0,0,0.07881264,none,30,0.1,38,0.10526316,33,0.030303031,14,0.071428575,44,0.1590909,8,0.0,104,0.85852265,0,15,0.032440513,0.10360706,0.14097571,25.8936,214.16066
167,188.41766,258.80112,219.55402,70.383446,191.76663,207.66805,256.90097,3.1331718,5.819277,1.4686486,2.6911876,5.713908,1.8573117,251.18297,80.774284,0.37019113,-0.7699374,-0.50960094,0.9233075,213.49951,26.084,40.0,1.0,1.0,1.0,1.0,0,,0,,,,,,,1,167,1,1,0,0.11686494,0.7052527,Primary,0.108552635,0.08518387,0.167,0,1,0,0,0,0,0,0,0,0,0,NONE,0,0,0,0,0,0,NONE,0.05,0,Spring_North,0.0,0.13982128,0.43968838,0.8981504,0.1904,2.1688163,0.8066696,0.05,0.05,0.08878788,0,0,7,8,104,2.686105,0.34314868,0,0,0,0.09621936,none,30,0.06666667,38,0.10526316,33,0.030303031,14,0.071428575,44,0.13636364,8,0.0,104,0.85831964,0,16,0.1522481,0.10057587,0.13982128,26.084,219.55402
169,177.65218,258.13278,210.15552,80.4806,180.16235,195.41368,255.01178,4.8759685,7.5642776,1.3560199,4.568928,7.1220417,1.5513386,191.99982,38.127037,0.80139065,-3.979916,-0.1311889,3.9820776,181.88794,27.51,60.0,1.0,1.0,1.0,1.0,0,,0,,,,,,,1,169,2,0,1,0.11826452,0.7068816,Primary,0.1118421,0.08604141,0.169,0,1,0,0,0,0,0,0,0,0,0,NONE,0,0,0,0,0,0,NONE,0.05,0,Spring_North,0.0,0.13130239,0.46190342,0.8869302,1.426,2.7782948,-0.5391574,0.05,0.05,0.086060606,0,0,9,8,104,2.6883094,0.50504756,0,0,0,0.21117908,none,30,0.06666667,38,0.10526316,33,0.030303031,14,0.071428575,44,0.13636364,8,0.0,104,0.8579143,0,18,0.21554093,0.14670162,0.13130239,27.51,210.15552
170,178.06215,258.0189,213.4616,79.95673,182.01521,202.51537,256.21216,4.2043357,8.2659445,1.8255558,3.6498709,7.276053,1.9660523,204.3243,57.190105,0.6076493,-2.8532891,-0.38915274,2.8797045,187.76651,27.792484,99.0,1.0,1.0,1.0,1.0,0,,0,,,,,,,1,170,1,1,0,0.11896431,0.70768887,Primary,0.11348684,0.086468905,0.17,0,1,0,0,0,0,0,0,0,0,0,NONE,0,0,0,0,0,0,NONE,0.05,0,Spring_North,0.0,0.12964176,0.46627063,0.8846421,0.28248486,2.7754235,-0.113865,0.05,0.05,0.086060606,0,0,10,7,104,4.0616083,0.50969315,0,0,0,0.14464664,none,30,0.06666667,38,0.10526316,33,0.030303031,14,0.071428575,44,0.11363637,8,0.0,104,0.8577121,0,19,0.21693696,0.12015943,0.12964176,27.792484,213.4616
171,178.08575,258.29065,222.08029,80.20489,180.5521,229.79837,257.43503,5.589822,7.9360776,1.5387963,5.800196,7.5067844,1.4197371,141.75018,29.431503,0.8764007,-4.2905126,2.7829661,5.114039,147.03125,28.38947,64.0,1.0,0.65625,0.8625,1.0,0,,0,,,,,,,1,171,1,1,0,0.1196641,0.7084914,Primary,0.11513158,0.08689554,0.171,0,1,0,0,0,0,0,0,0,0,0,NONE,0,0,0,0,0,0,NONE,0.05,0,Spring_North,0.0,0.12616198,0.47546253,0.879736,0.5969839,4.0997386,1.434884,0.05,0.05,0.086060606,0,0,11,7,104,2.346256,0.77044934,0,0,0,0.1273863,none,30,0.06666667,38,0.10526316,33,0.030303031,14,0.071428575,44,0.11363637,8,0.0,104,0.85751003,0,20,0.32594845,0.11332601,0.12616198,28.38947,222.08029
172,177.25453,258.79074,213.84164,81.536224,182.31076,202.6822,256.93597,4.247015,7.5349336,1.6356783,3.81345,6.779316,1.7741716,206.74202,64.231094,0.5334607,-2.5540557,-0.23150438,2.5645263,185.17924,28.7592,100.0,1.0,1.0,1.0,1.0,0,,0,,,,,,,1,172,1,1,0,0.12036389,0.7092893,Primary,0.11677632,0.08732132,0.172,0,1,0,0,0,0,0,0,0,0,0,NONE,0,0,0,0,0,0,NONE,0.05,0,Spring_North,0.0,0.12402716,0.48112953,0.8766495,0.36973125,4.0754447,0.0106317485,0.05,0.05,0.07742424,0,0,12,6,104,3.2879183,0.76265526,0,0,0,0.14932388,none,30,0.033333335,38,0.10526316,33,0.030303031,14,0.071428575,44,0.09090909,8,0.0,104,0.85730827,0,21,0.3230056,0.12217166,0.12402716,28.7592,213.84164
173,177.29004,258.2884,213.40108,80.99835,182.20972,202.86705,256.00943,4.157437,7.9476223,1.7259971,3.5510557,6.9736485,1.9116639,206.5539,62.270653,0.5539962,-2.6096597,-0.25376716,2.621969,185.55406,29.216667,99.0,1.0,1.0,1.0,1.0,0,,0,,,,,,,1,173,1,1,0,0.12106368,0.7100826,Primary,0.118421055,0.087746255,0.173,0,1,0,0,0,0,0,0,0,0,0,NONE,0,0,0,0,0,0,NONE,0.05,0,Spring_North,0.0,0.12140745,0.48811355,0.87278014,0.45746666,4.101155,-0.12659699,0.05,0.05,0.07742424,0,0,13,6,104,3.7901852,0.76052284,0,0,0,0.16121143,none,30,0.033333335,38,0.10526316,33,0.030303031,14,0.071428575,44,0.09090909,8,0.0,104,0.8571068,0,22,0.3228681,0.12699719,0.12140745,29.216667,213.40108
174,177.67195,258.4177,213.8092,80.74576,182.39188,203.16159,256.00433,4.296665,7.741789,1.8768611,3.7521167,7.4453216,1.8018134,203.98203,61.62551,0.56078184,-2.6485488,-0.059239466,2.6492114,181.28131,29.6856,100.0,1.0,1.0,1.0,1.0,0,,0,,,,,,,1,174,1,1,0,0.12176347,0.7108714,Primary,0.120065786,0.088170335,0.174,0,1,0,0,0,0,0,0,0,0,0,NONE,0,0,0,0,0,0,NONE,0.05,0,Spring_North,0.0,0.11874712,0.49524033,0.868756,0.46893334,4.1186333,-0.95746857,0.05,0.05,0.06878788,0,0,14,6,104,3.4451237,0.74897677,0,0,0,0.25184658,none,30,0.033333335,38,0.10526316,33,0.030303031,14,0.071428575,44,0.09090909,8,0.0,104,0.8569055,0,23,0.3196119,0.1633217,0.11874712,29.6856,213.8092
175,177.7905,258.19525,213.95929,80.404755,181.90685,202.62492,257.1036,4.147185,7.334517,1.746552,3.6589112,7.180225,1.768553,206.8062,61.635506,0.56067663,-2.5400403,-0.27209392,2.5545723,186.11432,30.1572,100.0,1.0,1.0,1.0,1.0,0,,0,,,,,,,1,175,1,1,0,0.12246326,0.7116556,Primary,0.121710524,0.08859357,0.175,0,1,0,0,0,0,0,0,0,0,0,NONE,0,0,0,0,0,0,NONE,0.05,0,Spring_North,0.0,0.11609743,0.5023742,0.8646503,0.4716,3.6454237,0.63396186,0.05,0.05,0.06878788,0,0,15,5,104,3.1873317,0.54215723,0,0,0,0.12660176,none,30,0.033333335,38,0.078947365,33,0.0,14,0.0,44,0.06818182,8,0.0,104,0.85670453,0,24,0.24505928,0.11329412,0.11609743,30.1572,213.95929
176,177.59889,257.51044,213.31613,79.91153,182.39018,202.38602,256.5041,4.150713,7.8095393,1.7229928,3.608011,6.8801403,1.8814934,209.40126,62.858196,0.5478274,-2.5182552,-0.30878088,2.5371156,186.99054,30.631454,99.0,1.0,1.0,1.0,1.0,0,,0,,,,,,,1,176,1,1,0,0.12316305,0.7124355,Primary,0.12335526,0.08901596,0.176,0,1,0,0,0,0,0,0,0,0,0,NONE,0,0,0,0,0,0,NONE,0.05,0,Spring_North,0.0,0.11345904,0.50951385,0.8604624,0.47425455,3.2028437,-0.02424294,0.05,0.05,0.05,0,0,16,5,104,3.658826,0.52803606,0,0,0,0.13664511,none,30,0.033333335,38,0.078947365,33,0.0,14,0.0,44,0.06818182,8,0.0,104,0.8565038,0,25,0.23150295,0.11738172,0.11345904,30.631454,213.31613
177,177.72632,257.61862,213.72302,79.89231,181.96175,203.43747,256.30963,4.2453823,8.347256,1.9906532,3.6844666,7.6028695,1.9661964,205.32338,63.280144,0.5434044,-2.6270082,-0.060459305,2.627704,181.3184,31.099,100.0,1.0,1.0,1.0,1.0,0,,0,,,,,,,1,177,1,1,0,0.12386284,0.7132109,Primary,0.125,0.08943751,0.177,0,1,0,0,0,0,0,0,0,0,0,NONE,0,0,0,0,0,0,NONE,0.05,0,Spring_North,0.0,0.11088391,0.51651835,0.8562761,0.46754545,3.1855905,-1.3928769,0.05,0.05,0.05,0,0,17,5,104,4.101873,0.52573663,0,0,0,0.24709255,none,30,0.033333335,38,0.078947365,33,0.0,14,0.0,44,0.06818182,8,0.0,104,0.8563033,0,26,0.23042661,0.16163087,0.11088391,31.099,213.72302
178,177.37569,257.38925,213.22777,80.01356,181.87103,202.31482,255.63493,4.2039785,7.686911,1.9244775,3.5855112,7.500341,1.8284849,208.53168,58.729557,0.5913559,-2.6693823,-0.2838804,2.6844347,186.0704,31.5671,99.0,1.0,1.0,1.0,1.0,0,,0,,,,,,,1,178,1,1,0,0.12456263,0.713982,Primary,0.12664473,0.08985821,0.178,0,1,0,0,0,0,0,0,0,0,0,NONE,0,0,0,0,0,0,NONE,0.05,0,Spring_North,0.0,0.108331665,0.52349675,0.85202765,0.46810102,0.2898894,-0.102313556,0.05,0.05,0.05,0,0,18,5,104,3.4829326,0.058203455,0,0,0,0.089153975,none,30,0.033333335,38,0.078947365,33,0.0,14,0.0,44,0.06818182,8,0.0,104,0.856103,0,27,0.02421463,0.09852554,0.108331665,31.5671,213.22777
179,177.27827,257.61563,213.57303,80.33736,181.45465,203.33566,256.57596,4.25818,8.358367,1.6461855,3.7460666,6.9328146,1.9628963,211.23828,63.583927,0.5402241,-2.5378392,-0.52908486,2.592404,191.77626,32.039,100.0,1.0,1.0,1.0,1.0,0,,0,,,,,,,1,179,1,1,0,0.12526242,0.71474874,Primary,0.12828948,0.090278074,0.179,0,1,0,0,0,0,0,0,0,0,0,NONE,0,0,0,0,0,0,NONE,0.05,0,Spring_North,0.0,0.10578518,0.5304964,0.8476872,0.471899,0.27148974,0.028656771,0.05,0.05,0.05,0,0,19,5,104,4.1001863,0.059621386,0,0,0,0.10413487,none,30,0.033333335,38,0.078947365,33,0.0,14,0.0,44,0.06818182,8,0.0,104,0.85590297,0,28,0.024279125,0.10458791,0.10578518,32.039,213.57303
180,177.8549,257.21902,213.52887,79.3641,181.75345,202.64516,255.7839,4.349139,7.764878,1.8635169,4.0041943,7.45357,1.7853826,208.7778,57.558468,0.6037499,-2.876613,-0.4887992,2.9178462,189.64369,32.5078,100.0,1.0,1.0,1.0,1.0,0,,0,,,,,,,1,180,1,1,0,0.12596221,0.7155113,Primary,0.1299342,0.0906971,0.18,0,1,0,0,0,0,0,0,0,0,0,NONE,0,0,0,0,0,0,NONE,0.05,0,Spring_North,0.0,0.10328189,0.53741443,0.8433183,0.4688,0.26215538,-0.046722338,0.05,0.05,0.05,0,0,20,5,104,3.4157386,0.07444011,0,0,0,0.089032345,none,30,0.033333335,38,0.078947365,33,0.0,14,0.0,44,0.06818182,8,0.0,104,0.85570323,0,29,0.028728584,0.09861681,0.10328189,32.5078,213.52887
181,178.56772,257.71594,213.01665,79.14823,181.87845,202.39229,255.53745,4.3516774,8.667088,1.9825616,3.7794607,7.7467175,1.9916657,204.38766,61.530342,0.56178385,-2.8749976,-0.14521816,2.8786628,182.89159,32.974506,99.0,1.0,1.0,1.0,1.0,0,,0,,,,,,,1,181,1,1,0,0.126662,0.7162696,Primary,0.13157895,0.09111529,0.181,0,1,0,0,0,0,0,0,0,0,0,NONE,0,0,0,0,0,0,NONE,0.05,0,Spring_North,0.0,0.10081618,0.5442658,0.83891284,0.46670505,0.31753188,-0.15710744,0.05,0.05,0.05,0,0,21,5,104,4.3154097,0.084190816,0,0,0,0.11157508,none,30,0.033333335,38,0.078947365,33,0.0,14,0.0,44,0.06818182,8,0.0,104,0.85550374,0,30,0.032925777,0.10770373,0.10081618,32.974506,213.01665
182,177.88013,257.91443,213.50755,80.0343,182.19427,202.92958,255.96886,4.2535434,8.279565,1.8868271,3.662576,7.580452,1.94651,203.69698,61.089077,0.56643265,-2.6703773,-0.11753629,2.6729627,182.52023,33.4448,100.0,1.0,1.0,1.0,1.0,0,,0,,,,,,,1,182,1,1,0,0.12736179,0.7170238,Primary,0.13322368,0.09153264,0.182,0,1,0,0,0,0,0,0,0,0,0,NONE,0,0,0,0,0,0,NONE,0.05,0,Spring_North,0.0,0.09835829,0.55113333,0.83441716,0.47029495,0.23974995,0.03190158,0.05,0.05,0.05,0,0,22,4,104,4.026021,0.072667606,0,0,0,0.103551775,none,30,0.0,38,0.05263158,33,0.0,14,0.0,44,0.045454547,8,0.0,104,0.8553045,0,31,0.027710991,0.104564145,0.09835829,33.4448,213.50755
183,177.73578,257.76535,213.43755,80.02959,181.50317,202.7874,256.4062,4.3002067,8.28115,1.8339303,3.687531,7.2748027,1.9257562,207.02289,59.173832,0.5866567,-2.6841955,-0.32568073,2.703881,186.91803,33.9122,100.0,1.0,1.0,1.0,1.0,0,,0,,,,,,,1,183,1,1,0,0.12806158,0.7177739,Primary,0.13486843,0.09194916,0.183,0,1,0,0,0,0,0,0,0,0,0,NONE,0,0,0,0,0,0,NONE,0.05,0,Spring_North,0.0,0.09594234,0.5579218,0.8298935,0.4674,0.23591134,-0.04758036,0.05,0.05,0.05,0,0,23,4,104,3.980943,0.05549665,0,0,0,0.10088625,none,30,0.0,38,0.05263158,33,0.0,14,0.0,44,0.045454547,8,0.0,104,0.85510546,0,32,0.022252848,0.10356759,0.09594234,33.9122,213.43755
184,178.2149,257.3445,212.63397,79.129585,182.37045,201.70308,255.84784,4.5000496,8.297018,1.8264487,4.0642023,7.4027877,1.8437613,208.67485,65.67976,0.51838654,-2.7182593,-0.49012843,2.7620933,190.22116,34.38203,99.0,1.0,1.0,1.0,1.0,0,,0,,,,,,,1,184,1,1,0,0.12876137,0.7185199,Primary,0.13651316,0.09236485,0.184,0,1,0,0,0,0,0,0,0,0,0,NONE,0,0,0,0,0,0,NONE,0.05,0,Spring_North,0.0,0.09354092,0.5647082,0.8252906,0.4698303,0.3448832,-0.098965734,0.05,0.05,0.05,0,0,24,3,104,3.796968,0.09685412,0,0,0,0.10026799,none,30,0.0,38,0.05263158,33,0.0,14,0.0,44,0.045454547,8,0.0,104,0.85490674,0,33,0.03745706,0.103389844,0.09354092,34.38203,212.63397
185,177.24142,258.22495,213.21007,80.98353,181.6018,202.15622,256.28018,4.3462644,8.891885,2.022591,3.7441888,7.8072968,2.0458684,203.13089,62.21349,0.55459696,-2.8164473,-0.097466365,2.818133,181.982,34.8462,100.0,1.0,1.0,1.0,1.0,0,,0,,,,,,,1,185,1,1,0,0.12946115,0.7192619,Primary,0.13815789,0.0927797,0.185,0,1,0,0,0,0,0,0,0,0,0,NONE,0,0,0,0,0,0,NONE,0.05,0,Spring_North,0.0,0.091195285,0.5713755,0.8206887,0.4641697,0.34535238,-0.060493816,0.05,0.05,0.05,0,0,25,3,104,4.54562,0.08323174,0,0,0,0.117025346,none,30,0.0,38,0.05263158,33,0.0,14,0.0,44,0.045454547,8,0.0,104,0.8547082,0,34,0.033199426,0.11016227,0.091195285,34.8462,213.21007
186,176.84094,257.8496,212.95186,81.008675,181.11829,202.0032,255.97296,4.2988896,8.397289,1.8944112,3.6500423,7.4015613,1.9533622,201.53645,62.100956,0.55577993,-2.6937864,-0.013317273,2.6938193,180.28325,35.3126,100.0,1.0,1.0,1.0,1.0,0,,0,,,,,,,1,186,1,1,0,0.13016096,0.7199999,Primary,0.13980263,0.093193725,0.186,0,1,0,0,0,0,0,0,0,0,0,NONE,0,0,0,0,0,0,NONE,0.05,0,Spring_North,0.0,0.08886539,0.5780371,0.8160105,0.4664,0.33491617,-0.096168794,0.05,0.05,0.05,0,0,26,3,104,4.098399,0.07806783,0,0,0,0.10579032,none,30,0.0,38,0.05263158,33,0.0,14,0.0,44,0.045454547,8,0.0,104,0.85450995,0,35,0.031366438,0.10573765,0.08886539,35.3126,212.95186
187,176.49603,257.2374,212.24411,80.74137,180.59479,201.57681,255.3449,4.2092648,8.2073,1.785678,3.667189,7.4028034,1.9498179,208.1281,58.829487,0.5902988,-2.6472032,-0.41115913,2.6789432,188.82854,35.781425,99.0,1.0,1.0,1.0,1.0,0,,0,,,,,,,1,187,1,1,0,0.13086075,0.72073394,Primary,0.14144737,0.09360693,0.187,0,1,0,0,0,0,0,0,0,0,0,NONE,0,0,0,0,0,0,NONE,0.05,0,Spring_North,0.0,0.086550854,0.5846947,0.8112534,0.46882424,0.44742194,-0.12875599,0.05,0.05,0.05,0,0,27,2,104,3.998035,0.09270997,0,0,0,0.10472383,none,30,0.0,38,0.05263158,33,0.0,14,0.0,44,0.022727273,8,0.0,104,0.85431194,0,36,0.038274787,0.10538036,0.086550854,35.781425,212.24411
188,176.84943,257.91153,212.61452,81.06211,181.13368,201.86462,255.29314,4.4633946,8.771011,2.0653868,3.7332778,8.211712,1.9650986,209.53809,56.603516,0.6138586,-2.9669268,-0.47247836,3.004312,189.04828,36.244,100.0,1.0,1.0,1.0,1.0,0,,0,,,,,,,1,188,1,1,0,0.13156053,0.72146416,Primary,0.14309211,0.0940193,0.188,0,1,0,0,0,0,0,0,0,0,0,NONE,0,0,0,0,0,0,NONE,0.05,0,Spring_North,0.0,0.08429429,0.5912252,0.8065065,0.46257576,0.47020215,-0.14883949,0.05,0.05,0.05,0,0,28,2,104,4.307616,0.10701355,0,0,0,0.11348896,none,30,0.0,38,0.05263158,33,0.0,14,0.0,44,0.022727273,8,0.0,104,0.8541142,0,37,0.04322557,0.10895562,0.08429429,36.244,212.61452
189,175.85725,256.75348,212.15283,80.89625,180.8765,201.99988,254.44235,4.447749,8.651263,2.156003,3.6905644,8.242016,1.945088,205.60124,56.925194,0.6104536,-3.0545404,-0.24141131,3.0640652,184.5189,36.707123,99.0,1.0,1.0,1.0,1.0,0,,0,,,,,,,1,189,1,1,0,0.13226032,0.72219044,Primary,0.14473684,0.09443085,0.189,0,1,0,0,0,0,0,0,0,0,0,NONE,0,0,0,0,0,0,NONE,0.05,0,Spring_North,0.0,0.08206221,0.5977248,0.80170137,0.4631212,0.4777496,-0.21411803,0.05,0.05,0.05,0,0,29,1,104,4.203514,0.10639854,0,0,0,0.11092777,none,30,0.0,38,0.02631579,33,0.0,14,0.0,44,0.022727273,8,0.0,104,0.85391665,0,38,0.043188654,0.108000286,0.08206221,36.707123,212.15283
190,176.27586,255.90219,212.43736,79.62632,180.76837,202.17839,254.76904,4.2646985,8.758718,2.2270072,3.514501,7.9729943,2.0537717,204.37648,58.08594,0.5981666,-2.7707047,0.010127968,2.7707233,179.79056,37.1734,100.0,1.0,1.0,1.0,1.0,0,,0,,,,,,,1,190,1,1,0,0.13296011,0.72291297,Primary,0.14638157,0.09484158,0.19,0,1,0,0,0,0,0,0,0,0,0,NONE,0,0,0,0,0,0,NONE,0.05,0,Spring_North,0.0,0.07984249,0.6042293,0.7968105,0.4662788,0.37641427,-0.032767672,0.05,0.05,0.05,0,0,30,1,104,4.494019,0.11084203,0,0,0,0.11832608,none,30,0.0,38,0.02631579,33,0.0,14,0.0,44,0.022727273,8,0.0,104,0.85371935,0,39,0.04248953,0.111028664,0.07984249,37.1734,212.43736
191,175.96053,257.34866,212.21085,81.38815,181.23314,201.53102,255.0377,4.235129,8.333289,2.1567383,3.6041958,7.9020777,1.9676589,204.32166,61.788235,0.55906916,-2.6639862,-0.05095974,2.6644735,181.09589,37.6374,100.0,1.0,1.0,1.0,1.0,0,,0,,,,,,,1,191,1,1,0,0.1336599,0.72363174,Primary,0.14802632,0.095251486,0.191,0,1,0,0,0,0,0,0,0,0,0,NONE,0,0,0,0,0,0,NONE,0.05,0,Spring_North,0.0,0.077661246,0.6106622,0.7918912,0.464,0.40419474,-0.1665355,0.05,0.05,0.05,0,0,31,0,104,4.0981603,0.100373425,0,0,0,0.10783833,none,30,0.0,38,0.0,33,0.0,14,0.0,44,0.0,8,0.0,104,0.85352236,0,40,0.03978342,0.10690251,0.077661246,37.6374,212.21085
192,176.30565,256.97626,211.84758,80.6706,181.46872,201.33252,254.2569,4.148677,8.335902,2.1371825,3.53116,8.003811,2.0092916,203.10838,58.86677,0.58990437,-2.6929407,-0.068141006,2.6938028,181.44948,38.099525,99.0,1.0,1.0,1.0,1.0,0,,0,,,,,,,1,192,1,1,0,0.13435969,0.7243467,Primary,0.14967105,0.095660575,0.192,0,1,0,0,0,0,0,0,0,0,0,NONE,0,0,0,0,0,0,NONE,0.05,0,Spring_North,0.0,0.07551634,0.61702937,0.78694016,0.46212524,0.3562994,-0.18404606,0.05,0.05,0.05,0,0,32,0,104,4.1872253,0.119000606,0,0,0,0.1116962,none,30,0.0,38,0.0,33,0.0,14,0.0,44,0.0,8,0.0,104,0.85332555,0,41,0.04463019,0.10851454,0.07551634,38.099525,211.84758
193,176.76672,255.54617,212.17876,78.77946,180.4177,202.05219,253.8389,4.288092,8.871438,2.4866984,3.5068707,8.4526825,2.0688543,196.31596,50.224865,0.68099225,-3.1054745,0.37113506,3.127573,173.1849,38.5648,100.0,1.0,1.0,1.0,1.0,0,,0,,,,,,,1,193,1,1,0,0.13505948,0.725058,Primary,0.1513158,0.096068844,0.193,0,1,0,0,0,0,0,0,0,0,0,NONE,0,0,0,0,0,0,NONE,0.05,0,Spring_North,0.0,0.073384725,0.6233994,0.7819036,0.46527475,0.23993464,-0.010891392,0.05,0.05,0.05,0,0,33,0,104,4.583346,0.11901782,0,0,0,0.12122794,none,30,0.0,38,0.0,33,0.0,14,0.0,44,0.0,8,0.0,104,0.853129,0,42,0.04223436,0.11239602,0.073384725,38.5648,212.17876
194,175.13002,255.49115,212.03262,80.36114,180.14537,201.43488,253.81485,4.241289,8.958076,2.3633826,3.4453921,8.27335,2.1121116,202.7401,50.78535,0.6751453,-3.0558546,0.112833805,3.057937,177.88538,39.0278,100.0,1.0,1.0,1.0,1.0,0,,0,,,,,,,1,194,1,1,0,0.13575928,0.7257657,Primary,0.15296052,0.096476294,0.194,0,1,0,0,0,0,0,0,0,0,0,NONE,0,0,0,0,0,0,NONE,0.05,0,Spring_North,0.0,0.071291454,0.6296974,0.7768405,0.463,0.2524461,-0.09698161,0.05,0.05,0.05,0,0,34,0,104,4.7167864,0.11579611,0,0,0,0.12414172,none,30,0.0,38,0.0,33,0.0,14,0.0,44,0.0,8,0.0,104,0.85293275,0,43,0.04148331,0.11363023,0.071291454,39.0278,212.03262
195,175.41823,256.728,211.60974,81.30976,180.9608,201.12006,254.02301,4.1724076,8.381247,2.2007008,3.5677578,7.8622246,2.0087314,205.00024,50.09876,0.6823057,-2.9102647,-0.16025764,2.9146738,183.15189,39.493,99.0,1.0,1.0,1.0,1.0,0,,0,,,,,,,1,195,1,1,0,0.13645907,0.7264697,Primary,0.15460527,0.09688294,0.195,0,1,0,0,0,0,0,0,0,0,0,NONE,0,0,0,0,0,0,NONE,0.05,0,Spring_North,0.0,0.06921643,0.63598394,0.7717023,0.4652,0.269606,-0.090514325,0.05,0.05,0.05,0,0,35,0,104,4.208839,0.0974902,0,0,0,0.110235654,none,30,0.0,38,0.0,33,0.0,14,0.0,44,0.0,8,0.0,104,0.8527367,0,44,0.036102943,0.108136415,0.06921643,39.493,211.60974
196,176.68468,256.26575,212.11592,79.581055,180.20247,201.37978,254.27031,4.058448,7.869439,2.0442653,3.5827243,7.586737,1.9390267,204.8646,54.875553,0.6321357,-2.7181969,-0.073950835,2.7192025,181.5584,39.9522,100.0,1.0,1.0,1.0,1.0,1,"Routine Activities, ICC Dust Devil Movie, and IDA Temperature Monitoring",1,,0.0,,0.0,,0.0,1,196,1,1,0,0.13715886,0.72717017,Primary,0.15625,0.097288765,0.196,10,4,0,0,1,0,0,1,1,0,3,IDA,1,0,0,0,1,0,SCIENCE,0.56136364,0,Spring_North,0.0,0.06719602,0.6421483,0.76658046,0.4592,0.26800612,-0.053573586,0.22045454,0.12305195,0.08409091,1,1,0,1,105,3.810991,0.0799024,0,0,0,0.099044554,none,31,0.032258064,38,0.0,33,0.0,15,0.06666667,45,0.022222223,8,0.0,105,0.8515409,0,45,0.030560419,0.122341484,0.06719602,39.9522,212.11592
197,176.25616,256.68396,212.01521,80.4278,180.32278,201.31004,254.56657,3.8827431,7.581509,1.9463164,3.5697923,7.009645,1.9526167,203.80219,53.784187,0.643657,-2.6178434,-0.10954022,2.620134,182.39607,40.4136,100.0,1.0,1.0,1.0,1.0,0,,0,,,,,,,1,197,1,1,0,0.13785864,0.72786707,Primary,0.15789473,0.097693786,0.197,0,1,0,0,0,0,0,0,0,0,0,NONE,0,0,0,0,0,0,NONE,0.05,0,Spring_North,0.0,0.06519393,0.64830065,0.7613844,0.4614,0.21081464,-0.03260519,0.22045454,0.12305195,0.08409091,0,0,1,1,105,3.6987658,0.13837442,0,0,0,0.10172831,none,31,0.032258064,38,0.0,33,0.0,15,0.06666667,45,0.022222223,8,0.0,105,0.85134536,0,46,0.04769706,0.123483434,0.06519393,40.4136,212.01521
198,175.01653,255.98602,211.35098,80.9695,180.43747,200.87543,254.26329,4.001219,8.108813,2.1210766,3.57406,7.3900933,2.0265858,208.6605,53.233704,0.64945835,-2.772713,-0.25259614,2.784195,185.20532,40.877396,99.0,1.0,1.0,1.0,1.0,0,,0,,,,,,,1,198,1,1,0,0.13855843,0.72856045,Primary,0.15953948,0.098097995,0.198,0,1,0,0,0,0,0,0,0,0,0,NONE,0,0,0,0,0,0,NONE,0.05,0,Spring_North,0.0,0.06320986,0.65444255,0.75611174,0.46379393,0.3001208,-0.08276792,0.22045454,0.12305195,0.08409091,0,0,2,1,105,4.1075945,0.14166047,0,0,0,0.11186677,none,31,0.032258064,38,0.0,33,0.0,15,0.06666667,45,0.022222223,8,0.0,105,0.85115004,0,47,0.050569296,0.12760718,0.06320986,40.877396,211.35098
199,176.74344,256.18857,211.91885,79.44515,179.80008,201.05872,254.1962,4.0274215,8.557513,2.1414788,3.4984334,7.633299,2.124812,206.24219,52.78386,0.65419304,-2.776285,-0.18283637,2.7822988,183.76785,41.3356,100.0,1.0,1.0,1.0,1.0,0,,0,,,,,,,1,199,1,1,0,0.13925822,0.7292504,Primary,0.1611842,0.09850139,0.199,0,1,0,0,0,0,0,0,0,0,0,NONE,0,0,0,0,0,0,NONE,0.05,0,Spring_North,0.0,0.061277814,0.66046834,0.7508539,0.45820606,0.3000985,-0.043318246,0.05,0.12305195,0.08409091,0,0,3,1,105,4.530092,0.14400318,0,0,0,0.12224723,none,31,0.032258064,38,0.0,33,0.0,15,0.06666667,45,0.022222223,8,0.0,105,0.85095495,0,48,0.051302712,0.13182764,0.061277814,41.3356,211.91885
200,177.0159,256.16473,211.60222,79.14885,180.1801,201.39784,253.25499,3.964888,8.2951,2.0383077,3.6054778,7.2367325,2.09214,203.23837,49.735085,0.6860893,-2.8096144,-0.09988766,2.8113897,182.03613,41.79474,99.0,1.0,1.0,1.0,1.0,0,,0,,,,,,,1,200,1,1,0,0.13995801,0.72993684,Primary,0.16282895,0.098903984,0.2,0,1,0,0,0,0,0,0,0,0,0,NONE,0,0,0,0,0,0,NONE,0.05,0,Spring_North,0.0,0.059369978,0.666464,0.7455372,0.45913738,0.28606558,-0.071733125,0.05,0.12305195,0.08409091,0,0,4,1,105,4.3302126,0.12230731,0,0,0,0.115440756,none,31,0.032258064,38,0.0,33,0.0,15,0.06666667,45,0.022222223,8,0.0,105,0.85076016,0,49,0.04421674,0.12917323,0.059369978,41.79474,211.60222
201,177.60017,255.78261,212.15222,78.18243,180.95564,202.10858,252.90851,4.165783,8.726302,2.4140952,3.5571234,8.1466255,2.0947568,194.6178,47.485207,0.70933133,-3.0113127,0.35759425,3.0324707,173.22783,42.257,100.0,1.0,1.0,1.0,1.0,0,,0,,,,,,,1,201,1,1,0,0.1406578,0.7306199,Primary,0.16447368,0.09930578,0.201,0,1,0,0,0,0,0,0,0,0,0,NONE,0,0,0,0,0,0,NONE,0.05,0,Spring_North,0.0,0.057477742,0.6724572,0.74013597,0.46226263,0.3047814,0.090412885,0.05,0.12305195,0.08409091,0,0,5,1,105,4.560519,0.10465824,0,0,0,0.11935663,none,31,0.032258064,38,0.0,33,0.0,15,0.06666667,45,0.022222223,8,0.0,105,0.85056555,0,50,0.039074242,0.1308077,0.057477742,42.257,212.15222
202,176.47731,254.65497,211.94106,78.17765,180.97261,201.60385,252.71957,4.1771317,8.525682,2.254459,3.5694134,7.8449802,2.0410376,194.89368,48.41743,0.69973797,-3.0087848,0.30966222,3.024678,174.12384,42.7164,100.0,1.0,1.0,1.0,1.0,0,,0,,,,,,,1,202,1,1,0,0.14135759,0.73129964,Primary,0.16611843,0.09970676,0.202,0,1,0,0,0,0,0,0,0,0,0,NONE,0,0,0,0,0,0,NONE,0.05,0,Spring_North,0.0,0.055625763,0.67837,0.73472047,0.4594,0.2914724,-0.029143501,0.05,0.12305195,0.08409091,0,0,6,1,105,4.348551,0.10567222,0,0,0,0.11435029,none,31,0.032258064,38,0.0,33,0.0,15,0.06666667,45,0.022222223,8,0.0,105,0.85037124,0,51,0.039117247,0.12887317,0.055625763,42.7164,211.94106
203,176.16805,254.9975,211.70963,78.82946,181.1952,201.72495,253.2946,3.9802594,8.390438,2.239106,3.6713889,7.6361647,2.1080127,199.80035,50.093597,0.68235946,-2.759207,0.08006207,2.7603683,178.33795,43.17414,99.0,1.0,1.0,1.0,1.0,1,HP3 SSA Lift Part 1 and Part 2; Imaging,1,,0.0,,0.0,,0.0,1,203,1,1,0,0.14205739,0.731976,Primary,0.16776316,0.10010695,0.203,9,3,1,1,0,1,0,0,1,0,2,HP3,1,0,0,0,0,0,SCIENCE,0.4227273,0,Spring_North,0.0,0.05380888,0.68421805,0.7292775,0.4577414,0.2745141,-0.050931584,0.17424244,0.103246756,0.108939394,1,1,0,2,106,4.410178,0.107472554,0,0,0,0.11599873,none,31,0.032258064,39,0.025641026,33,0.0,15,0.06666667,46,0.04347826,8,0.0,106,0.8491771,0,52,0.039331276,0.12499919,0.05380888,43.17414,211.70963
204,176.53563,255.4179,212.03758,78.88227,181.5141,201.68863,253.0439,4.200574,9.746924,2.3243847,3.4945,7.908174,2.3203793,201.28943,52.07849,0.66160476,-2.9320917,0.16251095,2.9365916,176.82764,43.6348,100.0,1.0,1.0,1.0,1.0,0,,0,,,,,,,1,204,1,1,0,0.14275718,0.732649,Primary,0.16940789,0.100506335,0.204,0,1,0,0,0,0,0,0,0,0,0,NONE,0,0,0,0,0,0,NONE,0.05,0,Spring_North,0.0,0.052009173,0.69005924,0.72375286,0.46065858,0.27737597,0.1144333,0.17424244,0.103246756,0.108939394,0,0,1,2,106,5.5463505,0.1026649,0,0,0,0.14289095,none,31,0.032258064,39,0.025641026,33,0.0,15,0.06666667,46,0.04347826,8,0.0,106,0.8489833,0,53,0.037884295,0.13582392,0.052009173,43.6348,212.03758
205,176.89307,254.7949,212.13145,77.90183,180.5931,202.0149,252.9899,4.081653,8.228892,2.2846339,3.4082205,7.7430153,2.0160687,199.29834,53.509415,0.6465537,-2.792756,0.33899346,2.813255,173.07912,44.0934,100.0,1.0,1.0,1.0,1.0,0,,0,,,,,,,1,205,1,1,0,0.14345697,0.7333188,Primary,0.17105263,0.10090493,0.205,0,1,0,0,0,0,0,0,0,0,0,NONE,0,0,0,0,0,0,NONE,0.05,0,Spring_North,0.0,0.050246272,0.69583005,0.71820647,0.4586,0.2072641,0.035435133,0.17424244,0.103246756,0.108939394,0,0,2,2,106,4.1472397,0.09754855,0,0,0,0.10875902,none,31,0.032258064,39,0.025641026,33,0.0,15,0.06666667,46,0.04347826,8,0.0,106,0.8487897,0,54,0.034834784,0.122238904,0.050246272,44.0934,212.13145
206,177.125,254.71706,211.59892,77.59206,180.91556,201.84254,252.73157,4.0186605,8.39435,2.2749264,3.5603704,7.6054645,2.0888426,195.18132,48.701344,0.6968055,-2.7974854,0.34500363,2.818679,172.96942,44.54995,99.0,1.0,1.0,1.0,1.0,0,,0,,,,,,,1,206,1,1,0,0.14415675,0.7339853,Primary,0.17269737,0.10130272,0.206,0,1,0,0,0,0,0,0,0,0,0,NONE,0,0,0,0,0,0,NONE,0.05,0,Spring_North,0.0,0.048519872,0.7015308,0.71263915,0.4565495,0.24188933,-0.0005494768,0.05,0.103246756,0.108939394,0,0,3,2,106,4.375689,0.09846808,0,0,0,0.114339896,none,31,0.032258064,39,0.025641026,33,0.0,15,0.06666667,46,0.04347826,8,0.0,106,0.84859633,0,55,0.03583733,0.12453893,0.048519872,44.54995,211.59892
207,177.0789,254.80399,212.28256,77.72508,182.31062,202.31651,252.84409,4.239759,8.771071,2.3287706,3.5277743,8.047632,2.0687666,198.12431,49.60859,0.6874037,-3.0445514,0.1957485,3.0508378,176.32124,45.0098,100.0,1.0,1.0,1.0,1.0,0,,0,,,,,,,1,207,1,1,0,0.14485654,0.73464864,Primary,0.17434211,0.10169972,0.207,0,1,0,0,0,0,0,0,0,0,0,NONE,0,0,0,0,0,0,NONE,0.05,0,Spring_North,0.0,0.04680997,0.7072277,0.70698583,0.45985052,0.24741732,0.021723554,0.05,0.103246756,0.108939394,0,0,4,2,106,4.531313,0.097793065,0,0,0,0.11802185,none,31,0.032258064,39,0.025641026,33,0.0,15,0.06666667,46,0.04347826,8,0.0,106,0.8484032,0,56,0.03573995,0.1260793,0.04680997,45.0098,212.28256
208,177.34567,255.68027,212.51414,78.3346,182.02773,202.37885,253.77052,4.1096325,8.409949,2.1721992,3.4754844,7.8959227,2.046399,200.43063,53.26498,0.649129,-2.8344867,0.12271422,2.837142,177.52103,45.4678,100.0,1.0,1.0,1.0,1.0,0,,0,,,,,,,1,208,1,1,0,0.14555633,0.73530877,Primary,0.17598684,0.10209592,0.208,0,1,0,0,0,0,0,0,0,0,0,NONE,0,0,0,0,0,0,NONE,0.05,0,Spring_North,0.0,0.045135964,0.7128564,0.70131,0.458,0.31751916,0.095514506,0.05,0.103246756,0.108939394,0,0,5,2,106,4.3003163,0.09602434,0,0,0,0.11230151,none,31,0.032258064,39,0.025641026,33,0.0,15,0.06666667,46,0.04347826,8,0.0,106,0.84821033,0,57,0.036632456,0.123858675,0.045135964,45.4678,212.51414
209,177.87727,254.90547,212.00246,77.0282,181.7023,201.39691,253.70416,4.09808,8.505922,2.2459304,3.435829,7.8037043,2.075587,194.7944,49.763546,0.6857934,-2.8702989,0.35157794,2.8917508,173.01672,45.92797,99.0,1.0,1.0,1.0,1.0,0,,0,,,,,,,1,209,1,1,0,0.14625612,0.7359658,Primary,0.17763157,0.102491334,0.209,0,1,0,0,0,0,0,0,0,0,0,NONE,0,0,0,0,0,0,NONE,0.05,0,Spring_North,0.0,0.0434833,0.7184659,0.6955621,0.4601697,0.31546965,0.048804592,0.05,0.103246756,0.108939394,0,0,6,2,106,4.4078417,0.092120916,0,0,0,0.114529036,none,31,0.032258064,39,0.025641026,33,0.0,15,0.06666667,46,0.04347826,8,0.0,106,0.8480177,0,58,0.03536739,0.12481711,0.0434833,45.92797,212.00246
210,178.05006,255.47375,212.43022,77.42369,182.41826,202.14774,252.94345,4.165126,8.300831,2.1924791,3.4250617,7.910933,1.9929365,192.6346,49.22382,0.69139665,-2.9395688,0.35650086,2.9611075,173.08513,46.3822,100.0,1.0,1.0,1.0,1.0,1,Arm Grapple Adjustment Activity and Grapple Release of HP3 SSA,1,,0.0,,0.0,,0.0,1,210,1,1,0,0.1469559,0.73661965,Primary,0.17927632,0.102885954,0.21,10,2,0,0,1,1,0,0,0,0,2,IDA,0,0,1,0,0,0,DEPLOYMENT,0.38636366,0,Spring_North,0.0,0.041880846,0.7239576,0.6898445,0.4542303,0.30733755,0.065440126,0.16212122,0.09805195,0.13136365,1,1,0,3,107,4.1357055,0.07574883,0,0,0,0.10647433,none,32,0.0625,40,0.05,33,0.0,15,0.06666667,46,0.04347826,8,0.0,107,0.8468253,0,59,0.030070899,0.120713875,0.041880846,46.3822,212.43022
211,177.72166,255.38625,212.68384,77.66458,182.6315,202.55243,253.1545,3.9237728,8.239034,2.0335958,3.3913367,7.2343154,2.0997734,200.54767,51.22849,0.67051274,-2.623915,0.007909426,2.6239269,179.82729,46.8392,100.0,1.0,1.0,1.0,1.0,0,,0,,,,,,,1,211,1,1,0,0.14765571,0.7372704,Primary,0.18092105,0.10327979,0.211,0,1,0,0,0,0,0,0,0,0,0,NONE,0,0,0,0,0,0,NONE,0.05,0,Spring_North,0.0,0.040297676,0.7294368,0.68404824,0.457,0.36265975,0.09206167,0.16212122,0.09805195,0.09727273,0,0,1,3,107,4.3152604,0.10108278,0,0,0,0.1131268,none,32,0.0625,40,0.05,33,0.0,15,0.06666667,46,0.04347826,8,0.0,107,0.84663314,0,60,0.039148543,0.12344211,0.040297676,46.8392,212.68384
212,177.77818,256.24896,212.2206,78.47078,182.4407,202.02565,253.3417,3.9120314,7.878678,2.1206915,3.525311,7.4250655,2.0139608,197.83244,51.6231,0.66638064,-2.5899694,0.18079506,2.596272,176.0069,47.298363,99.0,1.0,1.0,1.0,1.0,0,,0,,,,,,,1,212,1,1,0,0.1483555,0.73791814,Primary,0.1825658,0.10367283,0.212,0,1,0,0,0,0,0,0,0,0,0,NONE,0,0,0,0,0,0,NONE,0.05,0,Spring_North,0.0,0.038736466,0.7348952,0.67818063,0.45916364,0.35998145,0.10361294,0.16212122,0.09805195,0.09727273,0,0,2,3,107,3.9666464,0.121876456,0,0,0,0.106654145,none,32,0.0625,40,0.05,33,0.0,15,0.06666667,46,0.04347826,8,0.0,107,0.8464412,0,61,0.04560705,0.120920226,0.038736466,47.298363,212.2206
213,177.37752,254.71019,212.26509,77.33267,182.35225,202.13217,253.22931,4.0626855,7.644598,2.01828,3.5565288,7.1782684,1.8816612,189.87941,45.82421,0.7262749,-2.960007,0.29939318,2.9751098,174.2244,47.7516,100.0,1.0,1.0,1.0,1.0,0,,0,,,,,,,1,213,1,1,0,0.14905529,0.73856276,Primary,0.18421052,0.1040651,0.213,0,1,0,0,0,0,0,0,0,0,0,NONE,0,0,0,0,0,0,NONE,0.05,0,Spring_North,0.0,0.03722446,0.7402369,0.6723461,0.45323637,0.22126096,-0.0029134823,0.05,0.09805195,0.09727273,0,0,3,3,107,3.581912,0.12010595,0,0,0,0.097234905,none,32,0.0625,40,0.05,33,0.0,15,0.06666667,46,0.04347826,8,0.0,107,0.8462495,0,62,0.042189885,0.11721963,0.03722446,47.7516,212.26509
214,177.41736,254.77596,211.95367,77.35861,182.19373,202.05121,252.78255,3.9055154,8.453874,2.2011538,3.43734,7.7646394,2.1645987,195.05371,48.8816,0.69494116,-2.723982,0.21621923,2.73255,175.4616,48.205757,99.0,1.0,1.0,1.0,1.0,0,,0,,,,,,,1,214,1,1,0,0.14975508,0.73920447,Primary,0.18585527,0.10445657,0.214,0,1,0,0,0,0,0,0,0,0,0,NONE,0,0,0,0,0,0,NONE,0.05,0,Spring_North,0.0,0.03573843,0.745543,0.66645753,0.45415756,0.26646206,-0.09341262,0.05,0.09805195,0.09727273,0,0,4,3,107,4.548358,0.108661376,0,0,0,0.11943263,none,32,0.0625,40,0.05,33,0.0,15,0.06666667,46,0.04347826,8,0.0,107,0.8460581,0,63,0.039537527,0.12616572,0.03573843,48.205757,211.95367
215,176.93932,254.60876,212.11215,77.66945,182.64557,201.91951,252.51785,3.9665215,8.295267,2.1272726,3.5478578,7.80157,2.0913203,197.36403,43.63772,0.74823815,-2.9764562,-0.010208437,2.9764736,180.1965,48.6636,100.0,1.0,1.0,1.0,1.0,0,,0,,,,,,,1,215,1,1,0,0.15045486,0.73984313,Primary,0.1875,0.104847275,0.215,0,1,0,0,0,0,0,0,0,0,0,NONE,0,0,0,0,0,0,NONE,0.05,0,Spring_North,0.0,0.034269866,0.75084466,0.66047883,0.4578424,0.25459373,0.018283917,0.05,0.09805195,0.09727273,0,0,5,3,107,4.328746,0.1034814,0,0,0,0.11367209,none,32,0.0625,40,0.05,33,0.0,15,0.06666667,46,0.04347826,8,0.0,107,0.84586686,0,64,0.037669953,0.12392843,0.034269866,48.6636,212.11215
216,200.92836,254.70258,239.73201,53.774208,207.75308,248.7487,253.94957,3.8390877,7.011107,2.5677402,4.7825923,6.898581,1.826243,164.99121,41.840286,0.7659541,-3.0345886,1.7964801,3.526481,149.37442,49.026962,27.0,1.0,1.0,1.0,1.0,0,,0,,,,,,,1,216,1,1,0,0.15115465,0.7404789,Primary,0.18914473,0.105237186,0.216,0,1,0,0,0,0,0,0,0,0,0,NONE,0,0,0,0,0,0,NONE,0.05,0,Spring_North,0.0,0.033125516,0.75501823,0.6557038,0.36336297,10.379397,4.5502996,0.05,0.09805195,0.09727273,0,0,6,3,107,3.1720195,0.11063235,0,0,0,0.08650114,none,32,0.0625,40,0.05,33,0.0,15,0.06666667,46,0.04347826,8,0.0,107,0.8456759,0,65,0.24883847,0.11312689,0.033125516,49.026962,239.73201
217,178.2809,254.0635,211.43704,75.782616,182.06482,201.05511,251.34425,4.1421223,8.896265,2.1366174,3.7912312,7.6445527,2.1477551,194.83904,47.510944,0.7090673,-2.9951298,0.16376652,2.9996037,176.87032,49.670345,99.0,1.0,1.0,1.0,1.0,0,,0,,,,,,,1,217,1,1,0,0.15185444,0.7411117,Primary,0.19078948,0.10562632,0.217,0,1,0,0,0,0,0,0,0,0,0,NONE,0,0,0,0,0,0,NONE,0.05,0,Spring_North,0.0,0.031145383,0.76233345,0.64718443,0.64338046,10.446086,-0.20779893,0.05,0.05,0.09727273,0,0,7,3,107,4.7541428,0.10393373,0,0,0,0.12394825,none,32,0.0625,40,0.05,33,0.0,15,0.06666667,46,0.04347826,8,0.0,107,0.84548515,0,66,0.24811621,0.1161595,0.031145383,49.670345,211.43704
218,178.28299,254.16687,211.76385,75.88388,181.76231,201.75235,251.73685,4.37101,8.526188,2.2735422,3.534101,8.055408,1.9506221,193.7241,49.275326,0.6908626,-3.1461093,0.32042158,3.1623843,174.18465,50.0284,100.0,1.0,1.0,1.0,1.0,0,,0,,,,,,,1,218,1,1,0,0.15255423,0.74174166,Primary,0.1924342,0.106014684,0.218,0,1,0,0,0,0,0,0,0,0,0,NONE,0,0,0,0,0,0,NONE,0.05,0,Spring_North,0.0,0.030068982,0.76636297,0.64240783,0.35805658,10.50125,-0.0761243,0.05,0.05,0.07242425,0,0,8,3,107,4.1551785,0.18248296,0,0,0,0.116770275,none,32,0.0625,40,0.05,33,0.0,15,0.06666667,46,0.04347826,8,0.0,107,0.8452947,0,67,0.2738607,0.113354966,0.030068982,50.0284,211.76385
219,178.03899,253.68951,212.1685,75.65053,183.22354,202.2335,252.44144,4.0425243,8.019075,2.0203898,3.4781733,7.1634364,1.9836802,193.43588,44.193577,0.742695,-3.0528967,0.1679261,3.0575116,176.8516,50.483,100.0,1.0,1.0,1.0,1.0,0,,0,,,,,,,1,219,1,1,0,0.15325402,0.7423687,Primary,0.19407895,0.10640226,0.219,0,1,0,0,0,0,0,0,0,0,0,NONE,0,0,0,0,0,0,NONE,0.05,0,Spring_North,0.0,0.028728796,0.7714358,0.6363071,0.4546,10.5043335,-0.016098255,0.05,0.05,0.07242425,0,0,9,3,107,3.9765513,0.17512801,0,0,0,0.11179553,none,32,0.0625,40,0.05,33,0.0,15,0.06666667,46,0.04347826,8,0.0,107,0.84510446,0,68,0.27162033,0.11143166,0.028728796,50.483,212.1685
220,179.28532,255.21252,211.82469,75.92721,182.38786,201.37386,252.44484,4.0089407,8.060425,1.9138627,3.67468,7.296003,2.010612,195.57845,44.992474,0.7346787,-2.9908805,-0.069581285,2.9916897,181.33272,50.94015,99.0,1.0,1.0,1.0,1.0,0,,0,,,,,,,1,220,1,1,0,0.15395382,0.7429929,Primary,0.19572368,0.106789075,0.22,0,1,0,0,0,0,0,0,0,0,0,NONE,0,0,0,0,0,0,NONE,0.05,0,Spring_North,0.0,0.027411006,0.7764882,0.63013184,0.4571515,10.531149,-0.021498054,0.05,0.05,0.07242425,0,0,10,3,107,4.0514836,0.17550683,0,0,0,0.113633186,none,32,0.0625,40,0.05,33,0.0,15,0.06666667,46,0.04347826,8,0.0,107,0.84491444,0,69,0.27229235,0.11223322,0.027411006,50.94015,211.82469
221,178.94551,255.3318,212.22354,76.38629,181.72543,201.71677,253.47438,4.032211,8.168187,1.916069,3.6831288,7.4955826,2.025734,193.80446,54.207897,0.6391868,-2.7998662,0.07485233,2.8008666,178.4686,51.3914,100.0,1.0,1.0,1.0,1.0,0,,0,,,,,,,1,221,1,1,0,0.15465361,0.7436143,Primary,0.19736843,0.10717511,0.221,0,1,0,0,0,0,0,0,0,0,0,NONE,0,0,0,0,0,0,NONE,0.05,0,Spring_North,0.0,0.026139738,0.78142685,0.6239969,0.4512485,10.514964,0.018563947,0.05,0.05,0.07242425,0,0,11,3,107,4.135976,0.16565637,0,0,0,0.11475899,none,32,0.0625,40,0.05,33,0.0,15,0.06666667,46,0.04347826,8,0.0,107,0.84472466,0,70,0.26887262,0.11274997,0.026139738,51.3914,212.22354
222,178.07686,255.28197,212.07854,77.20512,182.54803,201.99844,252.59074,3.9761617,8.596258,2.0026102,3.63471,7.26731,2.1619487,190.58061,49.60641,0.68742627,-2.8020818,0.29101053,2.817153,174.0708,51.8448,100.0,1.0,1.0,1.0,1.0,0,,0,,,,,,,1,222,1,1,0,0.1553534,0.7442329,Primary,0.19901316,0.107560374,0.222,0,1,0,0,0,0,0,0,0,0,0,NONE,0,0,0,0,0,0,NONE,0.05,0,Spring_North,0.0,0.024892012,0.7863402,0.61779374,0.4534,10.516988,-4.608914,0.05,0.05,0.07242425,0,0,12,3,107,4.620096,0.16481201,0,0,0,0.22632857,none,32,0.0625,40,0.05,33,0.0,15,0.06666667,46,0.04347826,8,0.0,107,0.8445351,0,71,0.26864988,0.15744415,0.024892012,51.8448,212.07854
223,177.97258,253.5936,211.28575,75.62102,182.35085,200.76816,251.96031,4.066553,7.8695536,1.9628493,3.67524,7.3068852,1.9351901,195.35332,46.205257,0.72240615,-2.9300668,-0.041043617,2.9303544,180.80254,52.30115,99.0,1.0,1.0,1.0,1.0,1,"IDS Stereo Imaging of HP3 SSA and Exposed Mole, Grapple Stow, Post Grapple Stow IDS Stereo Imaging of HP3 SSA and Mole Hole, and Close up Imaging of Mole Hole",1,,0.0,,0.0,,0.0,1,223,1,1,0,0.15605319,0.7448487,Primary,0.20065789,0.10794487,0.223,30,7,0,0,1,1,0,0,1,0,3,IDA,1,0,1,0,0,0,SCIENCE,0.875,0,Spring_North,0.0,0.023666205,0.7912358,0.6115111,0.45635152,0.36197305,-0.02521561,0.325,0.16785714,0.12742424,1,1,0,4,108,3.8030002,0.13375561,0,0,0,0.10381079,none,33,0.09090909,41,0.07317073,33,0.0,15,0.06666667,47,0.06382979,8,0.0,108,0.8433458,0,72,0.04936938,0.13831756,0.023666205,52.30115,211.28575
224,178.2054,253.85675,210.6408,75.65137,180.89111,200.77652,252.21481,4.0209947,7.991749,2.0038776,3.5037289,7.20406,1.9875053,192.64934,44.609055,0.738533,-3.0828724,0.22357197,3.0909686,175.85213,52.7518,100.0,1.0,1.0,1.0,1.0,0,,0,,,,,,,1,224,1,1,0,0.15675297,0.7454618,Primary,0.20230263,0.108328596,0.224,0,1,0,0,0,0,0,0,0,0,0,NONE,0,0,0,0,0,0,NONE,0.05,0,Spring_North,0.0,0.02248537,0.79602104,0.60526896,0.4506485,0.5699395,-0.18717845,0.325,0.16785714,0.12742424,0,0,1,4,108,3.970754,0.13392904,0,0,0,0.107862696,none,33,0.09090909,41,0.07317073,33,0.0,15,0.06666667,47,0.06382979,8,0.0,108,0.84315675,0,73,0.053715162,0.1400045,0.02248537,52.7518,210.6408
225,178.27997,254.18806,210.30693,75.9081,181.03694,200.14519,252.21722,3.8818471,7.48516,1.9369938,3.6463087,7.1106224,1.928247,191.37419,43.322285,0.7513707,-2.99679,0.20460913,3.0037668,176.09413,53.20297,99.0,1.0,1.0,1.0,1.0,0,,0,,,,,,,1,225,1,1,0,0.15745276,0.7460722,Primary,0.20394737,0.108711556,0.225,0,1,0,0,0,0,0,0,0,0,0,NONE,0,0,0,0,0,0,NONE,0.05,0,Spring_North,0.0,0.021332761,0.8007624,0.5989821,0.4511697,0.7765276,-0.31026116,0.325,0.16785714,0.105000004,0,0,2,4,108,3.6033127,0.060830597,0,0,0,0.092292055,none,33,0.09090909,41,0.07317073,33,0.0,15,0.06666667,47,0.06382979,8,0.0,108,0.8429679,0,74,0.03507953,0.13384232,0.021332761,53.20297,210.30693
226,176.78748,254.15378,210.55313,77.366295,180.60352,200.17107,252.50974,3.8743992,8.414021,2.1589215,3.3826044,7.5909014,2.171697,191.06131,46.18863,0.7225752,-2.8951793,0.33904597,2.9149642,173.32068,53.6572,100.0,1.0,1.0,1.0,1.0,0,,0,,,,,,,1,226,1,1,0,0.15815255,0.74667984,Primary,0.20559211,0.10909375,0.226,0,1,0,0,0,0,0,0,0,0,0,NONE,0,0,0,0,0,0,NONE,0.05,0,Spring_North,0.0,0.020202316,0.80548584,0.59261507,0.4542303,0.7861429,-0.21192549,0.05,0.16785714,0.105000004,0,0,3,3,108,4.5396214,0.07476145,0,0,0,0.11610113,none,33,0.060606062,41,0.07317073,33,0.0,15,0.0,47,0.04255319,8,0.0,108,0.84277934,0,75,0.03964189,0.14343196,0.020202316,53.6572,210.55313
227,177.70941,254.71262,210.54501,77.00321,181.03528,200.60622,251.81516,4.0199957,8.665305,2.1183999,3.5595145,7.4688635,2.155551,190.94849,42.813843,0.7563994,-3.1301541,0.31816572,3.1462824,174.19608,54.1098,100.0,1.0,1.0,1.0,1.0,0,,0,,,,,,,1,227,1,1,0,0.15885234,0.7472848,Primary,0.20723684,0.10947518,0.227,0,1,0,0,0,0,0,0,0,0,0,NONE,0,0,0,0,0,0,NONE,0.05,0,Spring_North,0.0,0.019105922,0.8101419,0.5862338,0.4526,0.78535086,-0.27975497,0.05,0.16785714,0.105000004,0,0,4,3,108,4.6453094,0.07558301,0,0,0,0.118719496,none,33,0.060606062,41,0.07317073,33,0.0,15,0.0,47,0.04255319,8,0.0,108,0.842591,0,76,0.039882906,0.14454523,0.019105922,54.1098,210.54501
228,177.4367,254.01703,209.9586,76.580315,180.28975,199.64465,252.34119,3.773583,7.4513197,1.771267,3.3809133,6.592359,1.9746008,192.00264,49.44517,0.6891005,-2.6779108,0.18564357,2.6843379,176.03436,54.560375,99.0,1.0,1.0,1.0,1.0,0,,0,,,,,,,1,228,1,1,0,0.15955213,0.7478872,Primary,0.20888157,0.109855846,0.228,0,1,0,0,0,0,0,0,0,0,0,NONE,0,0,0,0,0,0,NONE,0.05,0,Spring_North,0.0,0.018044244,0.81472695,0.5798448,0.45057374,0.70300925,-0.3533218,0.05,0.16785714,0.105000004,0,0,5,3,108,3.6777368,0.10448445,0,0,0,0.09810199,none,33,0.060606062,41,0.07317073,33,0.0,15,0.0,47,0.04255319,8,0.0,108,0.8424029,0,77,0.04723736,0.13636407,0.018044244,54.560375,209.9586
229,177.39009,253.89929,210.65572,76.5092,181.04474,200.9629,252.35048,3.8616414,9.186146,2.1887457,3.6045477,7.959887,2.378819,190.93254,48.44338,0.69947016,-2.7585692,0.38566077,2.7853975,172.04137,55.0142,100.0,1.0,1.0,1.0,1.0,0,,0,,,,,,,1,229,1,1,0,0.16025193,0.74848694,Primary,0.21052632,0.11023576,0.229,0,1,0,0,0,0,0,0,0,0,0,NONE,0,0,0,0,0,0,NONE,0.05,0,Spring_North,0.0,0.01700503,0.81929415,0.5733734,0.45382625,0.4017246,-0.10500389,0.05,0.16785714,0.105000004,0,0,6,3,108,5.324505,0.10767088,0,0,0,0.13801454,none,33,0.060606062,41,0.07317073,33,0.0,15,0.0,47,0.04255319,8,0.0,108,0.84221494,0,78,0.04201843,0.15239486,0.01700503,55.0142,210.65572
230,176.9018,253.86377,210.32278,76.961975,180.80939,200.722,251.47057,4.075338,8.373015,2.1188996,3.5515904,7.7953806,2.0545573,191.8499,46.49603,0.71944636,-3.0171304,0.34436375,3.036719,173.48866,55.4662,100.0,1.0,1.0,1.0,1.0,0,,0,,,,,,,1,230,1,1,0,0.16095172,0.74908406,Primary,0.21217105,0.1106149,0.23,0,1,0,0,0,0,0,0,0,0,0,NONE,0,0,0,0,0,0,NONE,0.05,0,Spring_North,0.0,0.016000116,0.8237919,0.5668923,0.452,0.2491737,-0.05300018,0.05,0.05,0.105000004,0,0,7,3,108,4.2976775,0.10958333,0,0,0,0.11348646,none,33,0.060606062,41,0.07317073,33,0.0,15,0.0,47,0.04255319,8,0.0,108,0.8420273,0,79,0.039469585,0.11318503,0.016000116,55.4662,210.32278
231,249.25854,253.19273,251.62238,3.9341955,249.60472,251.96077,252.85643,6.752364,7.5542884,1.3333575,7.489615,7.547821,1.118762,144.54153,4.9117126,0.9963323,-5.4770308,3.901895,6.7247787,144.53352,55.647,3.0,1.0,1.0,1.0,1.0,0,,0,,,,,,,1,231,1,1,0,0.1616515,0.7496786,Primary,0.2138158,0.110993296,0.231,0,1,0,0,0,0,0,0,0,0,0,NONE,0,0,0,0,0,0,NONE,0.05,0,Spring_North,0.0,0.015606581,0.82557666,0.56429,0.1808,15.585938,6.885907,0.05,0.05,0.105000004,0,0,8,3,108,0.8019245,1.0774553,0,0,0,0.11849891,none,33,0.060606062,41,0.07317073,33,0.0,15,0.0,47,0.04255319,8,0.0,108,0.8418399,0,80,0.637521,0.115255594,0.015606581,55.647,251.62238
232,186.6489,250.49286,208.70915,63.84396,187.5755,199.98787,248.06413,2.3125045,4.516557,1.2197101,2.36071,3.8556316,1.953102,224.0348,50.917393,0.67376584,-0.94450784,-1.0279745,1.3960038,227.42305,56.394,35.0,1.0,1.0,1.0,1.0,0,,0,,,,,,,1,232,1,1,0,0.1623513,0.7502706,Primary,0.21546052,0.111370936,0.232,0,1,0,0,0,0,0,0,0,0,0,NONE,0,0,0,0,0,0,NONE,0.05,0,Spring_North,0.0,0.014031814,0.8328633,0.5534788,0.747,15.699291,-0.3073302,0.05,0.05,0.105000004,0,0,9,3,108,2.2040524,1.319805,0,0,1,0.15302671,none,33,0.060606062,41,0.07317073,33,0.0,15,0.0,47,0.04255319,8,0.0,108,0.8416527,0,81,0.70000005,0.12913224,0.014031814,56.394,208.70915
233,176.3841,253.81772,208.26921,77.433624,179.45375,193.41171,251.61641,5.081074,8.231571,1.8926005,4.0560794,7.8726296,1.6200454,180.80984,44.405865,0.74057037,-3.866653,0.90440345,3.9710138,166.83528,57.002,60.0,1.0,1.0,1.0,1.0,1,Checkout Adjusted IDS Retirement Pose and Standoff Imaging of Mole Hole,1,,0.0,,0.0,,0.0,1,233,1,1,0,0.16305108,0.7508601,Primary,0.21710527,0.111747816,0.233,11,2,0,0,0,1,0,0,1,0,2,HP3,1,1,1,0,0,0,SCIENCE,0.4,0,Spring_North,0.0,0.012811041,0.83868957,0.5446098,0.608,15.855585,-0.37930077,0.16666667,0.1,0.12833333,1,1,0,3,109,3.1504967,1.364143,0,0,1,0.27579698,none,33,0.060606062,42,0.071428575,33,0.0,15,0.0,48,0.041666668,8,0.0,109,0.8404658,1,0,0.70000005,0.19115578,0.012811041,57.002,208.26921
234,176.19507,253.27667,209.42265,77.0816,179.5795,199.37569,251.77226,3.8681765,8.342095,2.0020514,3.496983,7.5483904,2.1565964,190.56425,45.560757,0.728943,-2.9139733,0.18839014,2.9200568,176.30093,57.275333,99.0,1.0,0.989899,0.9959596,1.0,0,,0,,,,,,,1,234,1,1,0,0.16375087,0.751447,Primary,0.21875,0.112123944,0.234,0,1,0,0,0,0,0,0,0,0,0,NONE,0,0,0,0,0,0,NONE,0.05,0,Spring_North,0.0,0.012280096,0.84127814,0.54060256,0.27333334,15.922245,-0.08932488,0.16666667,0.1,0.12833333,0,0,1,3,109,4.4739194,1.3699391,0,0,1,0.20763683,none,33,0.060606062,42,0.071428575,33,0.0,15,0.0,48,0.041666668,8,0.0,109,0.84027904,0,1,0.70000005,0.16395707,0.012280096,57.275333,209.42265
235,177.19917,253.68723,210.08076,76.488045,180.64903,200.28505,251.74522,4.01539,8.746952,2.1431084,3.567351,7.8475738,2.178357,186.23407,43.456,0.750044,-3.0545766,0.4623383,3.089368,171.39308,57.7236,100.0,1.0,1.0,1.0,1.0,0,,0,,,,,,,1,235,1,1,0,0.16445066,0.75203145,Primary,0.22039473,0.11249932,0.235,0,1,0,0,0,0,0,0,0,0,0,NONE,0,0,0,0,0,0,NONE,0.05,0,Spring_North,0.0,0.011433381,0.8454819,0.53400415,0.44826666,15.91514,-0.09582647,0.16666667,0.1,0.12833333,0,0,2,3,109,4.731562,1.3590354,0,0,1,0.21383539,none,33,0.060606062,42,0.071428575,33,0.0,15,0.0,48,0.041666668,8,0.0,109,0.84009254,0,2,0.70000005,0.16650178,0.011433381,57.7236,210.08076
236,177.62503,253.38521,210.18364,75.76017,180.88756,200.30405,251.62782,4.092783,8.316083,1.9906201,3.5692644,7.679429,2.0318894,186.22867,46.48146,0.71959484,-2.9872997,0.46093073,3.0226505,171.22862,58.17218,99.0,1.0,1.0,1.0,1.0,0,,0,,,,,,,1,236,1,1,0,0.16515045,0.7526134,Primary,0.22203948,0.11287395,0.236,0,1,0,0,0,0,0,0,0,0,0,NONE,0,0,0,0,0,0,NONE,0.05,0,Spring_North,0.0,0.010616006,0.84963673,0.52736837,0.4485818,15.94048,-0.02319089,0.05,0.1,0.12833333,0,0,3,3,109,4.2233,1.3499277,0,0,1,0.20160726,none,33,0.060606062,42,0.071428575,33,0.0,15,0.0,48,0.041666668,8,0.0,109,0.83990633,0,3,0.70000005,0.16167569,0.010616006,58.17218,210.18364
237,178.62135,253.56538,210.56654,74.94403,181.1958,200.77216,252.17961,4.133046,8.387545,2.002601,3.5609412,7.671019,2.0293856,186.1709,45.07597,0.7338377,-3.0958102,0.5077233,3.1371682,170.68622,58.6246,100.0,1.0,1.0,1.0,1.0,1,IDS Course Scoop Positioning Next to HP3 Mole Hole; IDS Place Flat Scoop on Soil and Press Down,1,,0.0,,0.0,,0.0,1,237,1,1,0,0.16585025,0.75319296,Primary,0.2236842,0.11324783,0.237,18,3,0,0,1,1,0,0,0,0,2,IDA,0,0,1,0,0,0,DEPLOYMENT,0.54545456,0,Spring_North,0.0,0.009822026,0.8537744,0.5206431,0.45241818,15.927506,-6.842638,0.21515152,0.17077923,0.16136363,1,1,0,4,110,4.2544985,1.348403,0,0,1,0.30235785,minor,34,0.0882353,43,0.093023255,33,0.0,15,0.0,48,0.041666668,8,0.0,110,0.8387203,0,4,0.70000005,0.22008583,0.009822026,58.6246,210.56654
238,179.06966,253.07097,210.46132,74.00132,181.24092,200.50296,251.48123,4.1540184,8.821912,2.2647011,3.6769066,7.762721,2.1237054,193.78528,46.92186,0.7151005,-3.0998302,0.23351605,3.1086133,175.69194,59.075,100.0,1.0,1.0,1.0,1.0,0,,0,,,,,,,1,238,1,1,0,0.16655004,0.75377005,Primary,0.22532895,0.11362095,0.238,0,1,0,0,0,0,0,0,0,0,0,NONE,0,0,0,0,0,0,NONE,0.05,0,Spring_North,0.0,0.009061945,0.8578408,0.5139156,0.4504,0.8952807,0.29202878,0.21515152,0.17077923,0.10636364,0,0,1,4,110,4.667893,0.8233267,0,0,0,0.18811058,none,34,0.0882353,43,0.093023255,33,0.0,15,0.0,48,0.041666668,8,0.0,110,0.83853453,0,5,0.27638772,0.17445195,0.009061945,59.075,210.46132
239,178.01573,253.57217,210.16011,75.55645,180.80817,200.55785,252.20149,4.201363,9.276276,2.2806985,3.7575545,8.400322,2.2079203,185.3248,46.64197,0.71795845,-3.18627,0.47147474,3.2209632,171.58298,59.523777,99.0,1.0,0.969697,0.9878788,1.0,0,,0,,,,,,,1,239,1,1,0,0.16724983,0.75434476,Primary,0.22697368,0.11399334,0.239,0,1,0,0,0,0,0,0,0,0,0,NONE,0,0,0,0,0,0,NONE,0.05,0,Spring_North,0.0,0.0083347745,0.8618397,0.50718075,0.44877777,0.7983345,0.31515032,0.21515152,0.17077923,0.10636364,0,0,2,4,110,5.074912,0.39487028,0,0,0,0.15845326,none,34,0.0882353,43,0.093023255,33,0.0,15,0.0,48,0.041666668,8,0.0,110,0.838349,0,6,0.14016998,0.16265397,0.0083347745,59.523777,210.16011
240,186.40346,254.04227,214.43515,67.63881,188.28394,204.51564,251.90547,2.5913055,7.4033713,1.8673882,2.358591,6.3704915,2.8570044,203.57146,55.41162,0.626469,-1.4488491,-0.1212652,1.453915,184.78436,59.706,40.0,1.0,0.975,0.99,1.0,0,,0,,,,,,,1,240,1,1,0,0.16794962,0.7549171,Primary,0.22861843,0.11436498,0.24,0,1,0,0,0,0,0,0,0,0,0,NONE,0,0,0,0,0,0,NONE,0.05,0,Spring_North,0.0,0.008048122,0.8634484,0.5044372,0.18222222,1.6620923,0.8354173,0.05,0.120779224,0.10636364,0,0,3,3,110,4.812066,0.5723243,0,0,0,0.1684684,none,34,0.05882353,43,0.069767445,33,0.0,15,0.0,48,0.041666668,8,0.0,110,0.8381637,0,7,0.2135827,0.15422489,0.008048122,59.706,214.43515
241,177.88411,252.77269,207.97264,74.88858,179.26283,193.0775,251.16011,5.3263392,9.214256,2.069545,5.061551,8.229721,1.7299415,184.60196,38.94667,0.7937169,-4.3394,0.7637792,4.4061036,170.0176,60.606,60.0,1.0,1.0,1.0,1.0,0,,0,,,,,,,1,241,1,1,0,0.1686494,0.755487,Primary,0.23026316,0.11473588,0.241,0,1,0,0,0,0,0,0,0,0,0,NONE,0,0,0,0,0,0,NONE,0.05,0,Spring_North,0.0,0.0067053703,0.87126523,0.4908125,0.9,1.9257773,-0.3513523,0.05,0.120779224,0.10636364,0,0,4,3,110,3.8879163,0.7954699,0,0,0,0.16678044,none,34,0.05882353,43,0.069767445,33,0.0,15,0.0,48,0.041666668,8,0.0,110,0.83797854,0,8,0.28892595,0.15361449,0.0067053703,60.606,207.97264
242,177.40445,253.28494,209.47961,75.88049,180.05995,199.53372,251.49358,4.18482,9.0403385,2.1802788,3.8530133,7.9721713,2.1602693,196.52655,48.83883,0.6953837,-3.0172207,0.1476466,3.020831,177.19849,60.874184,99.0,1.0,1.0,1.0,1.0,0,,0,,,,,,,1,242,1,1,0,0.1693492,0.7560546,Primary,0.23190789,0.11510604,0.242,0,1,0,0,0,0,0,0,0,0,0,NONE,0,0,0,0,0,0,NONE,0.05,0,Spring_North,0.0,0.0063287807,0.873553,0.48672906,0.26818183,1.9633042,-0.1173383,0.05,0.120779224,0.10636364,0,0,5,3,110,4.8555183,0.7959858,0,0,0,0.19010723,none,34,0.05882353,43,0.069767445,33,0.0,15,0.0,48,0.041666668,8,0.0,110,0.8377937,0,9,0.28986195,0.1630099,0.0063287807,60.874184,209.47961
243,185.21733,252.35849,213.60292,67.14116,187.12503,203.44212,251.30472,2.6676817,7.3926725,2.0010922,1.9394231,6.119588,2.7711973,210.93921,54.78895,0.63305074,-1.5842313,-0.30351585,1.6130439,190.84563,61.056,40.0,1.0,1.0,1.0,1.0,1,"IDS Scoop Tip on Soil Above Hole and on Side, Upload New LME Full Curve and Set to Default, and SEIS Flash Maintenance and Tilt Measurement",1,,0.0,,0.0,,0.0,1,243,1,1,0,0.17004898,0.7566198,Primary,0.23355263,0.11547546,0.243,26,7,0,0,1,0,1,0,0,0,2,IDA,1,1,0,1,0,0,SCIENCE,0.79999995,0,Spring_North,0.0,0.0060796174,0.87509316,0.48395455,0.18181819,2.2811048,0.50606346,0.29999998,0.22792207,0.15636364,1,4,0,4,111,4.724991,0.96231204,0,0,0,0.20228122,none,35,0.08571429,43,0.069767445,34,0.029411765,15,0.0,48,0.041666668,8,0.0,111,0.83660907,1,0,0.34852284,0.19507983,0.0060796174,61.056,213.60292
247,177.00085,252.91891,208.20856,75.91806,179.03667,194.86305,250.83968,5.217457,8.154814,1.6844842,4.9807587,7.842986,1.5629864,183.73016,42.4388,0.76009196,-4.143862,0.6301759,4.1915045,171.35303,63.303,60.0,1.0,1.0,1.0,1.0,0,,0,,,,,,,1,247,4,0,3,0.17284815,0.7588579,Primary,0.24013157,0.116945766,0.247,0,1,0,0,0,0,0,0,0,0,0,NONE,0,0,0,0,0,0,NONE,0.05,0,Spring_North,0.0,0.0034116216,0.8933949,0.44927222,2.247,2.5104403,-0.37546045,0.29999998,0.15714285,0.15636364,0,0,4,4,111,2.937357,1.086469,0,0,1,0.2706691,none,35,0.08571429,43,0.069767445,34,0.029411765,15,0.0,48,0.041666668,8,0.0,111,0.8358729,0,4,0.39214835,0.20499784,0.0034116216,63.303,208.20856
248,177.55318,253.365,209.67036,75.81184,180.4057,199.34982,250.95122,3.9743257,9.691753,2.1349528,3.6680346,7.8329105,2.4385905,190.53389,45.314724,0.7314295,-3.041962,0.2984069,3.0565634,174.39738,63.575726,99.0,1.0,1.0,1.0,1.0,0,,0,,,,,,,1,248,1,1,0,0.17354794,0.75941175,Primary,0.24177632,0.11731151,0.248,0,1,0,0,0,0,0,0,0,0,0,NONE,0,0,0,0,0,0,NONE,0.05,0,Spring_North,0.0,0.0031396963,0.8955233,0.4450146,0.27272728,2.5362923,-0.08162414,0.29999998,0.15714285,0.15636364,0,0,5,4,111,5.7174277,1.0856967,0,0,0,0.23751852,none,35,0.08571429,43,0.069767445,34,0.029411765,15,0.0,48,0.041666668,8,0.0,111,0.83568937,0,5,0.39243987,0.19180185,0.0031396963,63.575726,209.67036
249,177.32878,253.30696,209.78842,75.97819,180.09993,199.67426,251.2789,4.1987095,9.483035,2.239969,3.5427318,7.8796062,2.2585595,196.49149,48.184155,0.7021438,-3.1266408,0.16797197,3.1311495,176.92487,64.0224,100.0,1.0,1.0,1.0,1.0,0,,0,,,,,,,1,249,1,1,0,0.17424773,0.75996345,Primary,0.24342105,0.11767652,0.249,0,1,0,0,0,0,0,0,0,0,0,NONE,0,0,0,0,0,0,NONE,0.05,0,Spring_North,0.0,0.0027186575,0.89896536,0.43801972,0.44667274,2.5485573,-0.77445465,0.05,0.15714285,0.15636364,0,0,6,4,111,5.284326,1.0856247,0,0,0,0.32709202,minor,35,0.08571429,43,0.069767445,34,0.029411765,15,0.0,48,0.041666668,8,0.0,111,0.83550614,0,6,0.3926704,0.22769538,0.0027186575,64.0224,209.78842
250,176.342,253.26306,209.1898,76.92107,180.0236,199.02429,251.01462,4.051368,8.474706,2.184317,3.5590568,7.8949275,2.0918133,194.7604,45.466927,0.72989184,-3.046258,0.13843486,3.049402,177.39803,64.46959,99.0,1.0,1.0,1.0,1.0,1,IDS Soil Interaction and Put IDA in Retirement Pose in Preparation for Solar Conjunction,1,,0.0,,0.0,,0.0,1,250,1,1,0,0.17494752,0.7605129,Primary,0.2450658,0.1180408,0.25,14,2,0,0,1,0,0,0,0,0,1,IDA,0,0,0,0,0,0,NONE,0.3659091,0,Spring_North,0.0,0.0023274096,0.9023566,0.43099016,0.44718584,1.8600404,0.20285933,0.15530303,0.20227273,0.17742424,1,1,0,5,112,4.4233375,0.88676864,0,0,0,0.18806824,none,36,0.11111111,43,0.069767445,34,0.029411765,15,0.0,48,0.041666668,8,0.0,112,0.8343231,0,7,0.3161695,0.18378238,0.0023274096,64.46959,209.1898
251,176.39769,253.26378,209.73705,76.8661,179.61597,199.97177,251.38634,4.163198,8.348076,2.4123337,3.6597762,8.029974,2.0052073,193.58511,46.610893,0.7182754,-3.1604078,0.24301623,3.1697373,175.60295,64.9204,100.0,1.0,1.0,1.0,1.0,0,,0,,,,,,,1,251,1,1,0,0.1756473,0.7610602,Primary,0.24671052,0.11840436,0.251,0,1,0,0,0,0,0,0,0,0,0,NONE,0,0,0,0,0,0,NONE,0.05,0,Spring_North,0.0,0.0019636736,0.90571976,0.42387697,0.45081413,1.6992735,0.042905025,0.15530303,0.20227273,0.15409091,0,0,1,5,112,4.1848774,0.7450883,0,0,0,0.16928612,none,36,0.11111111,43,0.069767445,34,0.029411765,15,0.0,48,0.041666668,8,0.0,112,0.83414036,0,8,0.26846957,0.1763335,0.0019636736,64.9204,209.73705
252,177.08841,253.5377,209.55766,76.449295,179.95753,199.24115,251.45901,4.33629,8.939992,2.3189857,3.777978,8.546046,2.0616686,192.27574,46.064415,0.72383744,-3.2877877,0.23014836,3.295833,175.99577,65.3694,100.0,1.0,1.0,1.0,1.0,0,,0,,,,,,,1,252,1,1,0,0.17634709,0.76160526,Primary,0.24835527,0.11876719,0.252,0,1,0,0,0,0,0,0,0,0,0,NONE,0,0,0,0,0,0,NONE,0.05,0,Spring_North,0.0,0.0016320478,0.9090136,0.41676632,0.449,1.6958957,-0.6742092,0.15530303,0.20227273,0.15409091,0,0,2,5,112,4.6037025,0.7513091,0,0,0,0.2799353,none,36,0.11111111,43,0.069767445,34,0.029411765,15,0.0,48,0.041666668,8,0.0,112,0.8339578,0,9,0.27034858,0.22065707,0.0016320478,65.3694,209.55766
253,184.87698,252.9044,212.49321,68.02741,187.0913,201.21068,251.37451,2.6010778,7.970128,1.6780838,2.258069,5.167127,3.064164,216.96587,50.952873,0.67339504,-1.3427106,-0.6793546,1.5047904,206.83748,65.549,40.0,1.0,1.0,1.0,1.0,0,,0,,,,,,,1,253,1,1,0,0.17704688,0.7621482,Primary,0.25,0.119129285,0.253,0,1,0,0,0,0,0,0,0,0,0,NONE,0,0,0,0,0,0,NONE,0.05,0,Spring_North,0.0,0.0015079658,0.9103156,0.4139149,0.1796,1.3062481,0.7141072,0.05,0.09512987,0.15409091,0,0,3,5,112,5.3690505,0.7724053,0,0,0,0.20029101,none,36,0.11111111,43,0.069767445,34,0.029411765,15,0.0,48,0.041666668,8,0.0,112,0.83377546,0,10,0.26891667,0.16207746,0.0015079658,65.549,212.49321
254,176.93254,252.42038,207.67842,75.48785,178.50595,193.38383,250.63194,5.4631186,9.258445,1.8553351,5.1010633,8.568997,1.6947179,183.84734,39.819027,0.7854537,-4.4384713,0.58793145,4.4772415,172.45438,66.446,60.0,1.0,1.0,1.0,1.0,0,,0,,,,,,,1,254,1,1,0,0.17774668,0.76268905,Primary,0.25164473,0.11949067,0.254,0,1,0,0,0,0,0,0,0,0,0,NONE,0,0,0,0,0,0,NONE,0.05,0,Spring_North,0.0,0.0009615909,0.91668385,0.3996132,0.897,1.4243593,-0.33199054,0.05,0.09512987,0.15409091,0,0,4,5,112,3.7953262,0.83581114,0,0,0,0.16826722,none,36,0.11111111,43,0.069767445,34,0.029411765,15,0.0,48,0.041666668,8,0.0,112,0.8335933,0,11,0.29121625,0.14933169,0.0009615909,66.446,207.67842
255,176.19872,252.76358,210.06288,76.564865,179.97662,199.77267,251.35141,4.372942,9.47792,2.418236,3.5991905,8.399985,2.1674013,192.92685,45.00443,0.73455834,-3.3082273,0.30929735,3.3226545,174.65875,66.7154,100.0,1.0,1.0,1.0,1.0,0,,0,,,,,,,1,255,1,1,0,0.17844647,0.76322776,Primary,0.25328946,0.11985133,0.255,0,1,0,0,0,0,0,0,0,0,0,NONE,0,0,0,0,0,0,NONE,0.05,0,Spring_North,0.0,0.00082137366,0.91855264,0.39529863,0.2694,1.4293057,0.04574297,0.05,0.09512987,0.1210606,0,0,5,5,112,5.104978,0.8383966,0,0,0,0.20001385,none,36,0.11111111,43,0.069767445,34,0.029411765,15,0.0,48,0.041666668,8,0.0,112,0.83341146,0,12,0.29212826,0.162094,0.00082137366,66.7154,210.06288
256,176.46858,253.10788,209.25244,76.6393,179.87598,198.92961,250.44775,4.338894,9.642003,2.2941976,3.6026378,8.557067,2.2222261,194.04225,47.425686,0.7099419,-3.1846492,0.2511714,3.1945386,175.49045,67.16651,99.0,1.0,1.0,1.0,1.0,0,,0,,,,,,,1,256,1,1,0,0.17914626,0.7637643,Primary,0.25493422,0.120211266,0.256,0,1,0,0,0,0,0,0,0,0,0,NONE,0,0,0,0,0,0,NONE,0.05,0,Spring_North,0.0,0.00061129103,0.9216365,0.38805428,0.45111516,1.4434891,0.010439212,0.05,0.09512987,0.1210606,0,0,6,4,112,5.303109,0.8408804,0,0,0,0.20500931,none,36,0.083333336,43,0.046511628,34,0.029411765,15,0.0,48,0.020833334,8,0.0,112,0.8332298,0,13,0.293199,0.16415577,0.00061129103,67.16651,209.25244
257,176.75781,252.80185,209.97704,76.04405,180.00182,200.017,251.43526,4.264603,9.32644,2.2938344,3.640356,8.236685,2.1869419,192.31673,48.0994,0.70301706,-3.0847654,0.41142616,3.112081,172.40309,67.6124,100.0,1.0,1.0,1.0,1.0,1,"Mole Hole Imaging, Put IDA in Retirement Pose in Preparation for Solar Conjunction, and Configure Instruments and Spacecraft for Conjunction",1,,0.0,,0.0,,0.0,1,257,1,1,0,0.17984605,0.76429886,Primary,0.25657895,0.12057048,0.257,20,5,0,0,1,1,1,0,1,0,4,IDA,1,0,0,0,0,0,SCIENCE,0.82272726,0,Spring_North,0.0,0.00043406527,0.9246285,0.38087028,0.44588485,1.4267565,0.039998982,0.30757576,0.1603896,0.17257576,1,1,0,5,113,5.0618367,0.8389,0,0,0,0.19902226,none,37,0.10810811,44,0.06818182,35,0.057142857,15,0.0,49,0.040816326,8,0.0,113,0.83204836,0,14,0.29223335,0.17848939,0.00043406527,67.6124,209.97704
258,176.43323,252.26561,209.57417,75.832375,179.98601,199.22713,250.1056,4.3071003,9.749901,2.4444377,3.5641832,8.287678,2.2636812,189.97969,43.514706,0.74946094,-3.273508,0.4806539,3.3086073,171.64687,68.0608,100.0,1.0,1.0,1.0,1.0,0,,0,,,,,,,1,258,1,1,0,0.18054584,0.7648313,Primary,0.25822368,0.12092898,0.258,0,1,0,0,0,0,0,0,0,0,0,NONE,0,0,0,0,0,0,NONE,0.05,0,Spring_North,0.0,0.00028635087,0.92758083,0.3736225,0.4484,1.4297104,0.0027517679,0.30757576,0.1603896,0.17257576,0,0,1,5,113,5.442801,0.8390388,0,0,0,0.20820057,none,37,0.10810811,44,0.06818182,35,0.057142857,15,0.0,49,0.040816326,8,0.0,113,0.83186716,0,15,0.29233775,0.18222412,0.00028635087,68.0608,209.57417
259,176.27191,250.71358,204.20963,74.44166,179.68135,194.93192,247.18605,3.3020537,8.462269,1.4474502,3.3457022,5.678314,2.5627291,216.26303,42.765957,0.7568717,-2.0295374,-1.0827057,2.3002768,208.07877,68.49001,88.0,1.0,0.8068182,0.9227273,1.0,0,,0,,,,,,,1,259,1,1,0,0.18124563,0.7653617,Primary,0.2598684,0.121286765,0.259,0,1,0,0,0,0,0,0,0,0,0,NONE,0,0,0,0,0,0,NONE,0.05,0,Spring_North,0.0,0.00017362688,0.93035364,0.36666343,0.42921138,2.5614364,-1.3805972,0.30757576,0.1603896,0.17257576,0,0,2,5,113,5.1602154,0.90763164,0,0,0,0.30771753,minor,37,0.10810811,44,0.06818182,35,0.057142857,15,0.0,49,0.040816326,8,0.0,113,0.8316862,0,16,0.3371785,0.22209424,0.00017362688,68.49001,204.20963
260,175.29865,252.67497,208.38371,77.37631,179.741,198.17447,249.58206,4.264417,9.990033,2.5101264,3.4689472,9.020096,2.3426492,194.39171,46.749504,0.7168611,-3.157386,0.3830278,3.1805341,173.08315,68.96611,97.0,1.0,0.9896907,0.9958763,1.0,0,,0,,,,,,,1,260,1,1,0,0.18194541,0.76589006,Primary,0.26151314,0.121643834,0.26,0,1,0,0,0,0,0,0,0,0,0,NONE,0,0,0,0,0,0,NONE,0.05,0,Spring_North,0.0,8.1400816e-05,0.9333683,0.35892004,0.47610202,2.0583751,0.11754743,0.05,0.1603896,0.17257576,0,0,3,5,113,5.7256165,0.6260532,0,0,0,0.1953943,none,37,0.10810811,44,0.06818182,35,0.057142857,15,0.0,49,0.040816326,8,0.0,113,0.8315055,0,17,0.2385911,0.1772282,8.1400816e-05,68.96611,208.38371
261,176.1747,252.69553,209.11841,76.52082,179.67822,199.17462,250.75452,4.1879416,9.506157,2.6278715,3.4813333,8.675077,2.2698877,191.5207,44.330498,0.74132514,-3.1676352,0.46401173,3.20144,171.66629,69.40459,99.0,1.0,1.0,1.0,1.0,0,,0,,,,,,,1,261,1,1,0,0.1826452,0.76641643,Primary,0.2631579,0.122000195,0.261,0,1,0,0,0,0,0,0,0,0,0,NONE,0,0,0,0,0,0,NONE,0.05,0,Spring_North,0.0,2.6997846e-05,0.93608767,0.35176674,0.43847245,2.0404851,-0.15741393,0.05,0.1603896,0.12257576,0,0,4,5,113,5.318216,0.37787157,0,0,0,0.16274169,none,37,0.10810811,44,0.06818182,35,0.057142857,15,0.0,49,0.040816326,8,0.0,113,0.83132493,0,18,0.16047716,0.16423035,2.6997846e-05,69.40459,209.11841
262,176.19421,251.9644,209.34422,75.77019,179.6522,199.54495,250.66908,4.261956,9.046402,2.5507145,3.4672055,8.661918,2.1225939,187.93303,42.803688,0.7564996,-3.3126664,0.6522685,3.376272,168.86089,69.8548,100.0,1.0,1.0,1.0,1.0,0,,0,,,,,,,1,262,1,1,0,0.18334499,0.7669407,Primary,0.26480263,0.12235583,0.262,0,1,0,0,0,0,0,0,0,0,0,NONE,0,0,0,0,0,0,NONE,0.05,0,Spring_North,0.0,1.6055644e-06,0.93882287,0.34440044,0.45021415,1.9748075,0.015296128,0.05,0.1603896,0.12257576,0,0,5,5,113,4.7844462,0.36910045,0,0,0,0.14909227,none,37,0.10810811,44,0.06818182,35,0.057142857,15,0.0,49,0.040816326,8,0.0,113,0.83114463,0,19,0.15637428,0.15883368,1.6055644e-06,69.8548,209.34422
263,175.35605,253.03581,209.1159,77.679756,179.3651,199.03937,250.41791,4.3075747,8.423426,2.166687,3.4935553,8.151768,1.9554913,191.17326,45.108994,0.7335049,-3.225112,0.35144308,3.2442038,173.78098,70.3034,100.0,1.0,1.0,1.0,1.0,0,,0,,,,,,,1,263,1,1,0,0.1840448,0.7674631,Primary,0.26644737,0.12271077,0.263,0,1,0,0,0,0,0,0,0,0,0,NONE,0,0,0,0,0,0,NONE,0.05,0,Spring_North,0.0,7.010111e-06,0.94149053,0.33703938,0.4486,1.9673891,-0.14352277,0.05,0.1603896,0.12257576,0,0,6,5,113,4.1158504,0.36636016,0,0,0,0.1327544,none,37,0.10810811,44,0.06818182,35,0.057142857,15,0.0,49,0.040816326,8,0.0,113,0.83096457,0,20,0.15536278,0.15236156,7.010111e-06,70.3034,209.1159
264,176.99797,252.86418,208.8722,75.86621,179.61778,198.8695,250.03413,4.42668,9.535989,2.314743,3.6774778,8.261777,2.1542077,194.04453,46.977287,0.71453387,-3.3821776,0.254961,3.391774,175.68898,70.74999,99.0,1.0,1.0,1.0,1.0,1,Solar Conjunction; Reduced Instrument Data Collection,1,,0.0,,0.0,,0.0,1,264,1,1,0,0.18474458,0.76798344,Primary,0.2680921,0.123064995,0.264,6,2,0,0,0,0,0,0,0,0,0,NONE,0,0,0,0,0,0,NONE,0.18181819,0,Spring_North,0.0,4.2835058e-05,0.94408894,0.3296908,0.4465899,1.8742399,-0.11699678,0.093939394,0.06883117,0.13136363,1,1,0,6,114,5.1093087,0.38125485,0,0,0,0.15802716,none,37,0.10810811,44,0.06818182,35,0.057142857,15,0.0,49,0.040816326,8,0.0,114,0.82978475,0,21,0.15810649,0.139994,4.2835058e-05,70.74999,208.8722
265,176.6357,252.41348,204.31236,75.7778,179.52261,194.52003,248.66853,3.7829804,8.574,1.9961559,3.5102444,7.9019957,2.2664669,203.10966,44.170284,0.7429278,-2.7529526,-0.32267985,2.771799,186.68526,71.17536,88.0,1.0,1.0,1.0,1.0,0,,0,,,,,,,1,265,1,1,0,0.18544437,0.7685019,Primary,0.26973686,0.12341851,0.265,0,1,0,0,0,0,0,0,0,0,0,NONE,0,0,0,0,0,0,NONE,0.05,0,Spring_North,0.0,0.000105202,0.9465106,0.32267272,0.42537373,2.3158212,0.01712461,0.093939394,0.06883117,0.11030303,0,0,1,6,114,4.7910194,0.39666694,0,0,0,0.15178858,none,37,0.10810811,44,0.06818182,35,0.057142857,15,0.0,49,0.040816326,8,0.0,114,0.8296051,0,22,0.1720466,0.13756144,0.000105202,71.17536,204.31236
266,175.37535,252.1054,203.93785,76.730034,178.861,191.91129,250.00514,7.070468,9.20827,1.5202088,7.503702,8.677716,1.3023565,148.01608,5.585954,0.9952588,-5.951946,3.7560823,7.038026,147.74529,71.72001,79.0,1.0,0.37974682,0.7518987,1.0,0,,0,,,,,,,1,266,1,1,0,0.18614416,0.76901835,Primary,0.2713816,0.12377132,0.266,0,1,0,0,0,0,0,0,0,0,0,NONE,0,0,0,0,0,0,NONE,0.05,0,Spring_North,0.0,0.00022528144,0.9495351,0.3136608,0.544649,2.3838475,-0.7409747,0.093939394,0.06883117,0.11030303,0,0,2,5,114,2.1378016,1.101626,0,0,1,0.2514328,none,37,0.10810811,44,0.045454547,35,0.057142857,15,0.0,49,0.020408163,8,0.0,114,0.82942575,0,23,0.3942841,0.17748189,0.00022528144,71.72001,203.93785
267,176.1999,251.65608,209.01007,75.45618,179.51044,198.78836,250.32416,4.1951756,9.178871,2.2586572,3.3289778,8.4159155,2.187959,192.6021,44.369194,0.74093765,-3.2016437,0.38141114,3.2242825,173.20639,72.09499,99.0,1.0,1.0,1.0,1.0,0,,0,,,,,,,1,267,1,1,0,0.18684395,0.76953286,Primary,0.27302632,0.124123424,0.267,0,1,0,0,0,0,0,0,0,0,0,NONE,0,0,0,0,0,0,NONE,0.05,0,Spring_North,0.0,0.0003342029,0.95156753,0.30743983,0.37497723,2.4301941,-0.018055864,0.05,0.06883117,0.11030303,0,0,3,5,114,4.983696,1.105598,0,0,1,0.21990141,none,37,0.10810811,44,0.045454547,35,0.057142857,15,0.0,49,0.020408163,8,0.0,114,0.8292466,0,24,0.39648473,0.16493204,0.0003342029,72.09499,209.01007
268,176.11043,252.32686,200.86479,76.21643,179.29694,189.94942,249.51402,3.204651,8.597433,1.466903,3.095639,6.113357,2.6827984,221.65617,43.088104,0.75369006,-1.7503444,-1.1734291,2.107283,213.83786,72.444,64.0,1.0,1.0,1.0,1.0,0,,0,,,,,,,1,268,1,1,0,0.18754373,0.77004546,Primary,0.27467105,0.12447482,0.268,0,1,0,0,0,0,0,0,0,0,0,NONE,0,0,0,0,0,0,NONE,0.05,0,Spring_North,0.0,0.00045481135,0.9534226,0.3016378,0.3490101,3.4148169,-1.413237,0.05,0.06883117,0.11030303,0,0,4,5,114,5.392782,1.2235448,0,0,1,0.3297435,minor,37,0.10810811,44,0.045454547,35,0.057142857,15,0.0,49,0.020408163,8,0.0,114,0.8290676,0,25,0.45375043,0.20893154,0.00045481135,72.444,200.86479
284,176.16736,251.34363,207.35701,75.17626,179.47198,197.46346,247.90565,4.607365,10.387196,2.6580808,3.4034078,9.44287,2.2544765,188.28955,42.1238,0.763182,-3.5678062,0.5828448,3.6151004,170.72198,79.84387,96.0,1.0,1.0,1.0,1.0,0,,0,,,,,,,1,284,16,0,15,0.19874038,0.7779979,Primary,0.30098686,0.1300027,0.284,0,1,0,0,0,0,0,0,0,0,0,NONE,0,0,0,0,0,0,NONE,0.05,0,Spring_North,0.0,0.0073613655,0.98433095,0.17633103,7.399875,3.2151313,-0.29314816,0.05,0.06883117,0.11030303,0,0,20,5,114,5.779831,1.2209909,0,0,1,0.23905542,none,37,0.10810811,44,0.045454547,35,0.057142857,15,0.0,49,0.020408163,8,0.0,114,0.8262347,0,41,0.44882986,0.17364782,0.0073613655,79.84387,207.35701
285,175.72964,252.71704,209.19254,76.9874,179.266,198.81798,250.6131,4.394274,8.885367,2.1758018,3.44838,8.042826,2.022033,185.88495,41.697792,0.76734406,-3.395992,0.645972,3.4568834,169.23009,80.175,100.0,1.0,1.0,1.0,1.0,1,"Continue to Increase Temperatures Within Thermal Enclosure, Power APSS Sensors ON, Power SEIS Instrument ON, and Perform IDS Temperature Monitoring Activity",1,,0.0,,0.0,,0.0,1,285,1,1,0,0.19944017,0.77848,Primary,0.3026316,0.13034236,0.285,21,5,0,0,0,0,1,1,0,1,3,SEIS,1,0,0,0,1,0,SCIENCE,0.7613636,0,Spring_North,0.0,0.007863609,0.98533356,0.17063946,0.331125,3.2267854,0.05339005,0.2871212,0.17045455,0.15772727,1,1,0,5,115,4.491093,1.2189913,0,0,1,0.20805001,none,37,0.08108108,44,0.022727273,36,0.083333336,16,0.0625,49,0.020408163,9,0.11111111,115,0.82505953,0,42,0.44844395,0.18706281,0.007863609,80.175,209.19254
286,174.97957,252.8001,208.75456,77.82053,178.83925,198.61786,250.62296,4.360825,9.452982,2.294814,3.2821934,8.807665,2.167705,185.06122,42.573402,0.7587684,-3.3777049,0.6422361,3.43822,169.2343,80.62259,99.0,1.0,1.0,1.0,1.0,0,,0,,,,,,,1,286,1,1,0,0.20013995,0.7789604,Primary,0.30427632,0.13068135,0.286,0,1,0,0,0,0,0,0,0,0,0,NONE,0,0,0,0,0,0,NONE,0.05,0,Spring_North,0.0,0.00856862,0.98663646,0.16293705,0.44758585,3.2109435,0.74036527,0.2871212,0.15162337,0.15772727,0,0,1,5,115,5.0921574,1.2201387,0,0,1,0.22251086,none,37,0.08108108,44,0.022727273,36,0.083333336,16,0.0625,49,0.020408163,9,0.11111111,115,0.82488453,0,43,0.4484765,0.1882006,0.00856862,80.62259,208.75456
287,174.9105,252.28929,209.22913,77.378784,178.85834,198.71976,250.65926,4.446639,9.500387,2.447493,3.6413066,8.596955,2.1365323,184.99019,39.105907,0.7922158,-3.549948,0.7522566,3.6287768,168.03564,81.074,100.0,1.0,1.0,1.0,1.0,0,,0,,,,,,,1,287,1,1,0,0.20083974,0.77943915,Primary,0.30592105,0.13101964,0.287,0,1,0,0,0,0,0,0,0,0,0,NONE,0,0,0,0,0,0,NONE,0.05,0,Spring_North,0.0,0.009310037,0.9878896,0.1551587,0.45141414,3.2654479,0.8818783,0.2871212,0.15162337,0.106212124,0,0,2,5,115,5.0537486,1.1787206,0,0,1,0.2215868,none,37,0.08108108,44,0.022727273,36,0.083333336,16,0.0625,49,0.020408163,9,0.11111111,115,0.8247098,0,44,0.43662667,0.18789214,0.009310037,81.074,209.22913
288,174.92894,252.01978,209.26364,77.090836,179.19171,199.1388,250.64917,4.3605294,8.864181,2.4203682,3.3751233,8.493053,2.0328221,182.87228,39.715996,0.7864346,-3.4027724,0.85621476,3.5088408,165.87628,81.524,100.0,1.0,1.0,1.0,1.0,0,,0,,,,,,,1,288,1,1,0,0.20153953,0.7799162,Primary,0.30756578,0.13135727,0.288,0,1,0,0,0,0,0,0,0,0,0,NONE,0,0,0,0,0,0,NONE,0.05,0,Spring_North,0.0,0.010079446,0.9890777,0.14739512,0.45,3.0732574,0.042261526,0.05,0.15162337,0.106212124,0,0,3,5,115,4.5036516,0.46597463,0,0,0,0.15125631,none,37,0.08108108,44,0.022727273,36,0.083333336,16,0.0625,49,0.020408163,9,0.11111111,115,0.82453525,0,45,0.2093877,0.15982103,0.010079446,81.524,209.26364
289,175.73413,252.21257,208.99654,76.47845,179.5895,198.55733,250.4269,4.1640525,9.285371,2.3092797,3.2264533,8.122481,2.2298882,182.94182,38.196884,0.8007402,-3.3382177,0.71635646,3.414215,167.88844,81.97218,99.0,1.0,1.0,1.0,1.0,0,,0,,,,,,,1,289,1,1,0,0.20223933,0.7803917,Primary,0.30921054,0.13169421,0.289,0,1,0,0,0,0,0,0,0,0,0,NONE,0,0,0,0,0,0,NONE,0.05,0,Spring_North,0.0,0.010875785,0.9902004,0.13965388,0.4481818,3.0722768,1.3552911,0.05,0.15162337,0.106212124,0,0,4,5,115,5.1213183,0.46644607,0,0,0,0.16615999,none,37,0.08108108,44,0.022727273,36,0.083333336,16,0.0625,49,0.020408163,9,0.11111111,115,0.82436097,0,46,0.20951514,0.1658435,0.010875785,81.97218,208.99654
290,174.44269,252.87004,209.10258,78.427345,178.50243,198.78502,251.08789,4.3723087,9.449655,2.3442788,3.6967466,8.971259,2.1612506,185.34555,48.42093,0.69970185,-3.082934,0.6946152,3.160217,167.30272,82.424,100.0,1.0,1.0,1.0,1.0,0,,0,,,,,,,1,290,1,1,0,0.20293912,0.7808655,Primary,0.31085527,0.13203049,0.29,0,1,0,0,0,0,0,0,0,0,0,NONE,0,0,0,0,0,0,NONE,0.05,0,Spring_North,0.0,0.011708878,0.99127084,0.13184118,0.45181817,0.67763674,0.2909289,0.05,0.15162337,0.106212124,0,0,5,5,115,5.077346,0.13132435,0,0,0,0.13424608,none,37,0.08108108,44,0.022727273,36,0.083333336,16,0.0625,49,0.020408163,9,0.11111111,115,0.82418686,0,47,0.05512159,0.15313888,0.011708878,82.424,209.10258
291,175.82462,252.40367,209.26283,76.57905,179.4695,199.05739,250.40274,4.3449497,9.545887,2.5806367,3.4716117,8.73296,2.1970074,187.62108,42.458298,0.75990033,-3.3737104,0.6787376,3.4413087,168.62483,82.874,100.0,1.0,1.0,1.0,1.0,1,"IDA Wrist Actuator Characterization, Re-Center SEIS, and Meteor Search",1,,0.0,,0.0,,0.0,1,291,1,1,0,0.20363891,0.7813377,Primary,0.3125,0.13236609,0.291,9,4,0,0,1,0,1,1,0,0,3,IDA,0,1,0,0,0,0,MAINTENANCE,0.5477273,0,Spring_North,0.0,0.012568799,0.9922758,0.12405177,0.45,0.18578002,0.011714672,0.2159091,0.22272727,0.13939394,1,1,0,5,116,5.2009377,0.08814875,0,0,0,0.13324419,none,38,0.078947365,44,0.022727273,37,0.08108108,17,0.11764706,49,0.020408163,9,0.11111111,116,0.823013,1,0,0.03144689,0.17092493,0.012568799,82.874,209.26283
292,183.96634,252.1302,211.15056,68.16387,185.85983,200.13661,250.42119,2.8762486,7.2671204,1.8592621,2.1575272,6.7578893,2.5265968,200.70491,38.583466,0.7971284,-2.1511018,-0.046347562,2.1516008,181.2343,83.054,39.0,1.0,1.0,1.0,1.0,0,,0,,,,,,,1,292,1,1,0,0.2043387,0.7818082,Primary,0.31414473,0.13270102,0.292,0,1,0,0,0,0,0,0,0,0,0,NONE,0,0,0,0,0,0,NONE,0.05,0,Spring_North,0.0,0.01292119,0.9926606,0.12093384,0.18,0.79568094,0.39933246,0.2159091,0.1211039,0.13939394,0,0,1,5,116,4.390872,0.56044906,0,0,0,0.15724161,none,38,0.078947365,44,0.022727273,37,0.08108108,17,0.11764706,49,0.020408163,9,0.11111111,116,0.8228393,0,1,0.19198403,0.15517886,0.01292119,83.054,211.15056
293,176.48152,253.854,208.29385,77.37248,177.96689,196.3632,251.48901,5.319294,8.732572,2.0968688,4.8779445,8.367216,1.6416788,179.34166,37.29053,0.8091281,-4.4109945,1.066195,4.538022,166.4115,83.955,60.0,1.0,1.0,1.0,1.0,0,,0,,,,,,,1,293,1,1,0,0.20503849,0.78227717,Primary,0.31578946,0.13303529,0.293,0,1,0,0,0,0,0,0,0,0,0,NONE,0,0,0,0,0,0,NONE,0.05,0,Spring_North,0.0,0.014757284,0.9944395,0.10530952,0.901,0.8727347,-0.15587816,0.2159091,0.1211039,0.13939394,0,0,2,5,116,3.413278,0.71998405,0,0,0,0.14841096,none,38,0.078947365,44,0.022727273,37,0.08108108,17,0.11764706,49,0.020408163,9,0.11111111,116,0.82266587,0,2,0.24354959,0.1517073,0.014757284,83.955,208.29385
294,183.47836,253.33282,211.43317,69.85447,185.57048,200.20198,250.77014,2.7246585,7.9438896,1.636413,1.9909606,5.72229,2.915554,203.77974,40.39635,0.779933,-1.9409657,-0.29864013,1.9638058,188.74702,83.955,40.0,1.0,1.0,1.0,1.0,0,,0,,,,,,,1,294,1,1,0,0.20573828,0.7827445,Primary,0.31743422,0.13336888,0.294,0,1,0,0,0,0,0,0,0,0,0,NONE,0,0,0,0,0,0,NONE,0.05,0,Spring_North,0.0,0.014757284,0.9944395,0.10530952,0.0,1.1758682,0.36158812,0.05,0.1211039,0.13060606,0,0,3,5,116,5.219231,0.9165695,0,0,0,0.20996031,none,38,0.078947365,44,0.022727273,37,0.08108108,17,0.11764706,49,0.020408163,9,0.11111111,116,0.82249266,0,3,0.31138673,0.17638767,0.014757284,83.955,211.43317
297,174.08073,253.05693,207.72005,78.976204,176.85692,194.89217,251.71492,5.0776877,9.22357,2.2880056,4.931839,8.814969,1.8164902,179.65051,45.937542,0.72512543,-3.837831,1.0925573,3.9903169,164.10936,85.759,59.0,1.0,1.0,1.0,1.0,0,,0,,,,,,,1,297,3,0,2,0.20783766,0.7841372,Primary,0.3223684,0.13436568,0.297,0,1,0,0,0,0,0,0,0,0,0,NONE,0,0,0,0,0,0,NONE,0.05,0,Spring_North,0.0,0.018793706,0.9972618,0.07395184,1.804,1.3850627,-0.21274857,0.05,0.1211039,0.13060606,0,0,6,4,116,4.145882,0.9971084,0,0,0,0.19155243,none,38,0.05263158,44,0.022727273,37,0.08108108,17,0.11764706,49,0.020408163,9,0.11111111,116,0.8219743,0,6,0.34093297,0.16920595,0.018793706,85.759,207.72005
298,175.6007,251.7662,209.51352,76.1655,179.41129,199.09749,250.86441,4.469516,9.575672,2.4561214,3.29333,8.973707,2.1424408,183.25356,39.685997,0.78672,-3.520423,0.7391673,3.5971859,168.14212,86.0302,100.0,1.0,1.0,1.0,1.0,1,"IDA Horizontal Pin of Mole, Long Shadow Images, and HP3 Parameter Table Upload",1,,0.0,,0.0,,0.0,1,298,1,1,0,0.20853744,0.7845983,Primary,0.32401314,0.13469662,0.298,13,4,0,0,1,1,0,1,1,0,4,IDA,0,0,0,0,0,0,NONE,0.67727274,0,Spring_North,0.0,0.019441862,0.9976007,0.06923066,0.2712,1.3722699,0.06848937,0.2590909,0.2107143,0.17242424,1,1,0,5,117,5.1061563,1.0057187,0,0,0,0.2154482,none,39,0.07692308,45,0.044444446,37,0.08108108,18,0.16666667,50,0.04,9,0.11111111,117,0.8208019,0,7,0.3433662,0.20157717,0.019441862,86.0302,209.51352
299,183.56691,251.2962,211.0759,67.72929,185.42354,199.74881,249.63298,3.120856,8.980896,1.991349,2.465785,7.903538,2.8777027,197.58572,37.540844,0.806823,-2.3634408,-0.03361405,2.36368,180.81483,86.211,40.0,1.0,1.0,1.0,1.0,0,,0,,,,,,,1,299,1,1,0,0.20923723,0.78505784,Primary,0.3256579,0.13502689,0.299,0,1,0,0,0,0,0,0,0,0,0,NONE,0,0,0,0,0,0,NONE,0.05,0,Spring_North,0.0,0.019879946,0.9978142,0.066082336,0.1808,1.4765507,0.3021793,0.2590909,0.2107143,0.17242424,0,0,1,5,117,5.86004,1.0726099,0,0,0,0.23974465,none,39,0.07692308,45,0.044444446,37,0.08108108,18,0.16666667,50,0.04,9,0.11111111,117,0.8206298,0,8,0.36647224,0.211356,0.019879946,86.211,211.0759
300,174.36871,252.94122,207.74225,78.57252,176.56761,194.55493,250.83513,5.3125343,9.677626,2.9301734,4.741829,9.612878,1.8216588,175.24844,42.271854,0.7617309,-4.1533694,1.6408355,4.4657383,158.44295,87.114,59.0,1.0,1.0,1.0,1.0,0,,0,,,,,,,1,300,1,1,0,0.20993702,0.78551584,Primary,0.32730263,0.13535652,0.3,0,1,0,0,0,0,0,0,0,0,0,NONE,0,0,0,0,0,0,NONE,0.05,0,Spring_North,0.0,0.02213943,0.9987317,0.050348904,0.903,1.6649064,-0.5680516,0.2590909,0.1396104,0.17242424,0,0,2,5,117,4.365091,1.1826121,0,0,1,0.30501857,minor,39,0.07692308,45,0.044444446,37,0.08108108,18,0.16666667,50,0.04,9,0.11111111,117,0.8204579,0,9,0.40481803,0.21974978,0.02213943,87.114,207.74225
301,175.1702,254.22,209.35075,79.049805,178.74083,199.03929,251.26541,4.5582905,9.874922,2.5063045,3.3050895,9.082057,2.1663651,183.89267,36.212395,0.81895334,-3.7789772,0.8411787,3.8714662,167.45088,87.3852,100.0,1.0,1.0,1.0,1.0,0,,0,,,,,,,1,301,1,1,0,0.21063681,0.78597236,Primary,0.32894737,0.13568547,0.301,0,1,0,0,0,0,0,0,0,0,0,NONE,0,0,0,0,0,0,NONE,0.05,0,Spring_North,0.0,0.02284123,0.9989588,0.04562103,0.2712,1.5103766,0.17614818,0.05,0.1396104,0.17242424,0,0,3,5,117,5.3166313,1.0490639,0,0,0,0.22450292,none,39,0.07692308,45,0.044444446,37,0.08108108,18,0.16666667,50,0.04,9,0.11111111,117,0.82028615,0,10,0.3597943,0.18760362,0.02284123,87.3852,209.35075
302,174.48618,252.73506,209.24521,78.248886,179.05164,199.18907,251.09198,4.4782033,10.336704,2.7393107,3.3936906,9.470979,2.3082259,188.26418,42.18523,0.76258016,-3.503184,0.65928894,3.5646825,169.34177,87.8378,100.0,1.0,1.0,1.0,1.0,0,,0,,,,,,,1,302,1,1,0,0.2113366,0.7864274,Primary,0.3305921,0.13601376,0.302,0,1,0,0,0,0,0,0,0,0,0,NONE,0,0,0,0,0,0,NONE,0.05,0,Spring_North,0.0,0.024036245,0.999288,0.03772855,0.4526,1.4457293,-0.3646601,0.05,0.1396104,0.125,0,0,4,5,117,5.858501,0.9670381,0,0,0,0.32998717,minor,39,0.07692308,45,0.044444446,37,0.08108108,18,0.16666667,50,0.04,9,0.11111111,117,0.8201146,0,11,0.33276507,0.22985736,0.024036245,87.8378,209.24521
303,173.76682,252.95294,208.88396,79.186134,178.54297,198.79053,250.3139,4.5580835,9.885994,2.666886,3.6724222,9.084534,2.1688929,189.95592,42.35214,0.7609431,-3.5298812,0.583927,3.577853,170.60696,88.288376,99.0,1.0,1.0,1.0,1.0,0,,0,,,,,,,1,303,1,1,0,0.21203639,0.78688085,Primary,0.33223686,0.13634141,0.303,0,1,0,0,0,0,0,0,0,0,0,NONE,0,0,0,0,0,0,NONE,0.05,0,Spring_North,0.0,0.025255414,0.9995538,0.02986907,0.45057374,1.1510531,0.19398354,0.05,0.1396104,0.125,0,0,5,5,117,5.327911,0.69562227,0,0,0,0.19223154,none,39,0.07692308,45,0.044444446,37,0.08108108,18,0.16666667,50,0.04,9,0.11111111,117,0.81994337,0,12,0.24166127,0.17481503,0.025255414,88.288376,208.88396
304,174.32074,251.79082,209.06242,77.47007,178.52539,198.77458,250.7636,4.533817,10.851028,2.8807175,3.316316,9.317531,2.3933542,184.50931,36.06314,0.82030004,-3.7566247,0.8289776,3.8470032,167.55592,88.7428,100.0,1.0,1.0,1.0,1.0,0,,0,,,,,,,1,304,1,1,0,0.21273617,0.7873329,Primary,0.3338816,0.1366684,0.304,0,1,0,0,0,0,0,0,0,0,0,NONE,0,0,0,0,0,0,NONE,0.05,0,Spring_North,0.0,0.026514743,0.99975926,0.021940518,0.45442626,0.9877452,-0.07518257,0.05,0.1396104,0.125,0,0,6,4,117,6.3172116,0.6506646,0,0,0,0.2099093,none,39,0.051282052,45,0.022222223,37,0.054054055,18,0.16666667,50,0.02,9,0.11111111,117,0.8197723,0,13,0.22420806,0.18194601,0.026514743,88.7428,209.06242
305,174.19833,253.33759,208.94463,79.13925,178.08458,198.95152,250.84694,4.6076326,10.329999,2.7212853,3.5593235,9.419628,2.241932,189.12479,43.14579,0.7531193,-3.59805,0.6661639,3.6591992,169.51071,89.1958,100.0,1.0,1.0,1.0,1.0,1,"IDA Vertical Pin of Mole, First Opportunity to Hammer with Mole, Long Shadow Images, and Resumption of HP3 RAD Hourly Measurements",1,,0.0,,0.0,,0.0,1,305,1,1,0,0.21343596,0.78778344,Primary,0.33552632,0.13699473,0.305,21,5,0,0,1,1,0,0,1,0,3,IDA,1,0,0,0,0,0,SCIENCE,0.7613636,0,Spring_North,0.0,0.027799763,0.9999015,0.014035477,0.453,0.987554,-0.35521403,0.2871212,0.15162337,0.17242424,1,1,0,5,118,5.7223663,0.6540404,0,0,0,0.19789302,none,40,0.075,46,0.04347826,37,0.054054055,18,0.16666667,51,0.039215688,9,0.11111111,118,0.8186014,0,14,0.22526158,0.18055254,0.027799763,89.1958,208.94463
306,174.89401,252.83582,209.08842,77.941795,178.8375,198.72871,250.7685,4.7401395,9.859494,2.635468,3.2795923,9.243586,2.0800009,185.23894,37.437294,0.80777764,-3.8995535,0.72359556,3.9661202,169.48784,89.65154,99.0,1.0,1.0,1.0,1.0,0,,0,,,,,,,1,306,1,1,0,0.21413577,0.7882325,Primary,0.33717105,0.13732043,0.306,0,1,0,0,0,0,0,0,0,0,0,NONE,0,0,0,0,0,0,NONE,0.05,0,Spring_North,0.0,0.029122356,0.9999815,0.0060816417,0.45574546,0.5364736,0.22436264,0.2871212,0.15162337,0.17242424,0,0,1,5,118,5.119355,0.2888496,0,0,0,0.14976075,none,40,0.075,46,0.04347826,37,0.054054055,18,0.16666667,51,0.039215688,9,0.11111111,118,0.8184308,0,15,0.10155462,0.16135937,0.029122356,89.65154,209.08842
307,175.08446,253.23158,209.24426,78.147125,178.27475,198.77562,251.5022,4.4906898,9.797112,2.4364264,3.5692315,8.712102,2.18165,186.06947,35.38122,0.8264096,-3.774829,0.5629458,3.8165743,171.51791,90.1018,100.0,1.0,1.0,1.0,1.0,0,,0,,,,,,,1,307,1,1,0,0.21483555,0.7886801,Primary,0.33881578,0.13764545,0.307,0,1,0,0,0,0,0,0,0,0,0,NONE,0,0,0,0,0,0,NONE,0.05,0,Summer_North,0.0,0.030458272,0.99999845,-0.0017767443,0.45025456,0.17082801,-0.017746946,0.2871212,0.15162337,0.17242424,0,0,2,5,118,5.3064227,0.088121384,0,0,0,0.1357795,none,40,0.075,46,0.04347826,37,0.054054055,18,0.16666667,51,0.039215688,9,0.11111111,118,0.8182604,0,16,0.031129777,0.15582651,0.030458272,90.1018,209.24426
308,175.06316,253.14537,209.08371,78.08221,178.78825,198.18903,251.36949,4.5143247,10.246426,2.54023,3.6225255,9.045485,2.2697582,186.98015,39.228077,0.79106194,-3.6465797,0.6301432,3.7006247,170.19589,90.553566,99.0,1.0,1.0,1.0,1.0,0,,0,,,,,,,1,308,1,1,0,0.21553534,0.7891262,Primary,0.34046054,0.13796984,0.308,0,1,0,0,0,0,0,0,0,0,0,NONE,0,0,0,0,0,0,NONE,0.05,0,Summer_North,0.0,0.031827815,0.9999533,-0.009661393,0.45176566,0.13627458,-0.026914427,0.05,0.15162337,0.13924243,0,0,3,5,118,5.732101,0.09035856,0,0,0,0.14622678,none,40,0.075,46,0.04347826,37,0.054054055,18,0.16666667,51,0.039215688,9,0.11111111,118,0.81809014,0,17,0.031117572,0.16006501,0.031827815,90.553566,209.08371
309,174.94748,251.70387,209.433,76.756386,179.17467,199.14468,250.6243,4.5849977,10.08634,2.5821118,3.456216,9.214511,2.1998572,184.0735,39.48466,0.7886323,-3.6673527,0.7160741,3.7366078,168.95164,91.0094,100.0,1.0,1.0,1.0,1.0,0,,0,,,,,,,1,309,1,1,0,0.21623513,0.7895709,Primary,0.34210527,0.13829358,0.309,0,1,0,0,0,0,0,0,0,0,0,NONE,0,0,0,0,0,0,NONE,0.05,0,Summer_North,0.0,0.03323919,0.9998448,-0.017616441,0.45583433,0.18443666,0.091508456,0.05,0.15162337,0.13924243,0,0,4,5,118,5.5013423,0.0828701,0,0,0,0.13998552,none,40,0.075,46,0.04347826,37,0.054054055,18,0.16666667,51,0.039215688,9,0.11111111,118,0.81792015,0,18,0.029765593,0.157628,0.03323919,91.0094,209.433
310,176.10469,252.5254,209.82724,76.420715,179.53014,199.42532,250.93394,4.5635843,9.96722,2.6603384,3.5612361,9.418391,2.1840773,188.16917,40.079998,0.7829631,-3.6934283,0.6288301,3.746577,170.33768,91.4634,100.0,1.0,1.0,1.0,1.0,0,,0,,,,,,,1,310,1,1,0,0.21693492,0.7900142,Primary,0.34375,0.13861667,0.31,0,1,0,0,0,0,0,0,0,0,0,NONE,0,0,0,0,0,0,NONE,0.05,0,Summer_North,0.0,0.034674253,0.99967384,-0.025538372,0.454,0.3022946,0.12746815,0.05,0.15162337,0.13924243,0,0,5,5,118,5.403636,0.08270146,0,0,0,0.1376193,none,40,0.075,46,0.04347826,37,0.054054055,18,0.16666667,51,0.039215688,9,0.11111111,118,0.81775033,0,19,0.0321448,0.15674093,0.034674253,91.4634,209.82724
311,176.04234,252.43846,209.24298,76.39611,179.3578,199.00989,250.75967,4.7866216,10.544155,2.803823,3.646892,9.736775,2.2028387,186.77849,38.245354,0.8002885,-3.9141934,0.80176836,3.9954653,168.42389,91.915565,99.0,1.0,1.0,1.0,1.0,1,Second and Third Opportunities to Hammer with Mole and Long Shadow Images,1,,0.0,,0.0,,0.0,1,311,1,1,0,0.21763471,0.7904561,Primary,0.34539473,0.13893911,0.311,12,3,0,0,0,1,0,0,1,0,2,HP3,0,0,0,0,0,0,NONE,0.46363637,0,Summer_North,0.0,0.036132555,0.99944115,-0.0334267,0.45216566,0.292096,0.049727827,0.18787879,0.21071428,0.16681819,1,1,0,5,119,5.7575336,0.11124985,0,0,0,0.1487622,none,40,0.075,47,0.06382979,37,0.054054055,18,0.16666667,52,0.057692308,9,0.11111111,119,0.8165808,0,20,0.040877346,0.17638017,0.036132555,91.915565,209.24298
312,175.446,252.6541,209.6302,77.208084,178.87665,199.54753,251.19434,4.6836557,10.901134,2.6179285,3.5462568,9.231458,2.327484,183.12572,34.38932,0.8351665,-3.913153,0.8679934,4.0082636,167.49347,92.372,100.0,1.0,1.0,1.0,1.0,0,,0,,,,,,,1,312,1,1,0,0.2183345,0.79089653,Primary,0.34703946,0.13926092,0.312,0,1,0,0,0,0,0,0,0,0,0,NONE,0,0,0,0,0,0,NONE,0.05,0,Summer_North,0.0,0.037633926,0.9991432,-0.041387387,0.45643434,0.28097856,0.09029732,0.18787879,0.10909091,0.16681819,0,0,1,5,119,6.217478,0.114354946,0,0,0,0.16011377,none,40,0.075,47,0.06382979,37,0.054054055,18,0.16666667,52,0.057692308,9,0.11111111,119,0.8164114,0,21,0.04162063,0.15557426,0.037633926,92.372,209.6302
313,175.26956,254.14159,209.70436,78.87204,179.14696,199.62634,251.30846,4.6533203,10.772069,2.72153,3.326086,9.616867,2.314921,185.94481,39.17204,0.79159147,-3.771129,0.74344134,3.8437114,168.8477,92.827,100.0,1.0,1.0,1.0,1.0,0,,0,,,,,,,1,313,1,1,0,0.21903428,0.7913356,Primary,0.34868422,0.13958207,0.313,0,1,0,0,0,0,0,0,0,0,0,NONE,0,0,0,0,0,0,NONE,0.05,0,Summer_North,0.0,0.039159782,0.998783,-0.04932044,0.455,0.27660933,0.0766825,0.18787879,0.10909091,0.125,0,0,2,5,119,6.1187487,0.10380907,0,0,0,0.15676746,none,40,0.075,47,0.06382979,37,0.054054055,18,0.16666667,52,0.057692308,9,0.11111111,119,0.8162422,0,22,0.0382269,0.15429494,0.039159782,92.827,209.70436
314,175.16713,253.63342,209.29301,78.46629,179.2839,199.2189,251.40337,4.5798507,9.64437,2.4656422,3.6757355,8.750748,2.1058264,187.45589,38.25012,0.80024403,-3.7552373,0.53931177,3.7937665,171.8273,93.28016,99.0,1.0,1.0,1.0,1.0,0,,0,,,,,,,1,314,1,1,0,0.21973407,0.7917732,Primary,0.35032895,0.13990259,0.314,0,1,0,0,0,0,0,0,0,0,0,NONE,0,0,0,0,0,0,NONE,0.05,0,Summer_North,0.0,0.04070836,0.9983617,-0.057218354,0.45316163,0.27105814,0.03488319,0.05,0.10909091,0.125,0,0,3,5,119,5.06452,0.09129898,0,0,0,0.1302522,none,40,0.075,47,0.06382979,37,0.054054055,18,0.16666667,52,0.057692308,9,0.11111111,119,0.8160733,0,23,0.034193464,0.14374796,0.04070836,93.28016,209.29301
315,175.33647,253.5537,209.83728,78.21722,178.9682,199.72612,251.3658,4.4802866,9.790602,2.713634,3.4892576,9.198715,2.1852624,183.03488,36.350212,0.81770694,-3.6636992,0.853841,3.7618792,166.88113,93.737,100.0,1.0,1.0,1.0,1.0,0,,0,,,,,,,1,315,1,1,0,0.22043388,0.79220945,Primary,0.35197368,0.14022246,0.315,0,1,0,0,0,0,0,0,0,0,0,NONE,0,0,0,0,0,0,NONE,0.05,0,Summer_North,0.0,0.04229858,0.9978737,-0.06517672,0.45683837,0.24550676,0.06737913,0.05,0.10909091,0.125,0,0,4,5,119,5.310315,0.09870529,0,0,0,0.13684765,none,40,0.075,47,0.06382979,37,0.054054055,18,0.16666667,52,0.057692308,9,0.11111111,119,0.81590456,0,24,0.03598629,0.14644518,0.04229858,93.737,209.83728
316,175.04375,253.03117,209.58646,77.98742,179.34262,199.30052,251.77827,4.7020564,10.152421,2.7687948,3.422494,9.617495,2.159145,181.02858,38.31343,0.7996535,-3.7949586,0.95903885,3.9142644,165.8175,94.1926,100.0,1.0,1.0,1.0,1.0,0,,0,,,,,,,1,316,1,1,0,0.22113366,0.7926443,Primary,0.3536184,0.1405417,0.316,0,1,0,0,0,0,0,0,0,0,0,NONE,0,0,0,0,0,0,NONE,0.05,0,Summer_North,0.0,0.043913472,0.99732393,-0.07310939,0.4556,0.23830678,-0.040129162,0.05,0.10909091,0.125,0,0,5,5,119,5.450365,0.10186913,0,0,0,0.14050838,none,40,0.075,47,0.06382979,37,0.054054055,18,0.16666667,52,0.057692308,9,0.11111111,119,0.815736,0,25,0.03682881,0.14796849,0.043913472,94.1926,209.58646
317,174.78906,253.61275,209.20787,78.823685,178.70871,198.90111,250.89389,4.6047726,10.135449,2.6905804,3.577623,9.066496,2.2010748,189.315,39.902893,0.7846542,-3.7130156,0.6228604,3.7648957,170.47726,94.65137,99.0,1.0,1.0,1.0,1.0,0,,0,,,,,,,1,317,1,1,0,0.22183345,0.7930778,Primary,0.35526314,0.14086029,0.317,0,1,0,0,0,0,0,0,0,0,0,NONE,0,0,0,0,0,0,NONE,0.05,0,Summer_North,0.0,0.04556872,0.9967066,-0.08109247,0.45876363,0.24972829,-0.005852739,0.05,0.10909091,0.125,0,0,6,4,119,5.530677,0.09813557,0,0,0,0.14209682,none,40,0.075,47,0.06382979,37,0.027027028,18,0.11111111,52,0.057692308,9,0.0,119,0.8155677,0,26,0.03589493,0.14866278,0.04556872,94.65137,209.20787
318,175.42227,253.72621,209.95116,78.30393,179.37598,199.3326,251.92307,4.4716077,9.29407,2.5797126,3.332426,8.805445,2.0784628,188.16498,40.74199,0.77660865,-3.549554,0.66824365,3.6119087,169.33821,95.1046,100.0,1.0,1.0,1.0,1.0,1,"Additional Opportunities to Hammer with Mole and Meteor Search, Long Shadow Search, and Dust Devil Search Images",1,,0.0,,0.0,,0.0,1,318,1,1,0,0.22253324,0.79351,Primary,0.3569079,0.14117825,0.318,17,5,0,0,0,1,0,1,1,0,3,HP3,0,0,0,0,0,0,NONE,0.7068182,0,Summer_North,0.0,0.04723263,0.9960339,-0.08897427,0.45323637,0.2706738,0.053491358,0.2689394,0.14383118,0.16878788,1,1,0,5,120,4.8224626,0.0925708,0,0,0,0.12454571,none,40,0.075,48,0.083333336,37,0.027027028,19,0.15789473,53,0.0754717,9,0.0,120,0.8143996,0,27,0.03458394,0.15073621,0.04723263,95.1046,209.95116
319,174.95111,253.96078,209.78876,79.009674,178.7219,199.37886,251.53752,4.7292695,10.148909,2.6518438,3.506109,9.351407,2.145978,183.87088,40.140457,0.782385,-3.8016186,0.83680487,3.892627,167.58614,95.5612,100.0,1.0,1.0,1.0,1.0,0,,0,,,,,,,1,319,1,1,0,0.22323303,0.7939408,Primary,0.35855263,0.14149559,0.319,0,1,0,0,0,0,0,0,0,0,0,NONE,0,0,0,0,0,0,NONE,0.05,0,Summer_North,0.0,0.048937537,0.99529326,-0.09690892,0.4566,0.2799535,0.014066269,0.2689394,0.14383118,0.16878788,0,0,1,5,120,5.4196396,0.10095373,0,0,0,0.13968489,none,40,0.075,48,0.083333336,37,0.027027028,19,0.15789473,53,0.0754717,9,0.0,120,0.8142317,0,28,0.03740145,0.15685067,0.048937537,95.5612,209.78876
320,174.9545,253.99902,209.62027,79.04452,179.1493,199.18967,251.60956,4.62762,9.932286,2.7072575,3.4850945,9.258703,2.1463056,185.21657,39.579884,0.7877285,-3.7762992,0.7919045,3.8584387,168.15648,96.02097,99.0,1.0,1.0,1.0,1.0,0,,0,,,,,,,1,320,1,1,0,0.22393282,0.79437023,Primary,0.36019737,0.14181228,0.32,0,1,0,0,0,0,0,0,0,0,0,NONE,0,0,0,0,0,0,NONE,0.05,0,Summer_North,0.0,0.050683226,0.9944836,-0.10489244,0.4597697,0.2777322,0.054542508,0.2689394,0.14383118,0.12136364,0,0,2,5,120,5.3046665,0.09927302,0,0,0,0.13676402,none,40,0.075,48,0.083333336,37,0.027027028,19,0.15789473,53,0.0754717,9,0.0,120,0.814064,0,29,0.036829114,0.15574099,0.050683226,96.02097,209.62027
321,176.0235,253.9976,210.48495,77.974106,179.97382,200.18074,252.06367,4.593884,9.943153,2.6062195,3.649071,8.995191,2.1644328,184.04663,39.316166,0.7902287,-3.722492,0.7994164,3.807363,167.87964,96.4752,100.0,1.0,1.0,1.0,1.0,0,,0,,,,,,,1,321,1,1,0,0.2246326,0.7947984,Primary,0.3618421,0.14212833,0.321,0,1,0,0,0,0,0,0,0,0,0,NONE,0,0,0,0,0,0,NONE,0.05,0,Summer_North,0.0,0.052436296,0.99362075,-0.11277314,0.4542303,0.3915528,0.10794697,0.05,0.14383118,0.12136364,0,0,3,5,120,5.3492694,0.09895475,0,0,0,0.13780782,none,40,0.075,48,0.083333336,37,0.027027028,19,0.15789473,53,0.0754717,9,0.0,120,0.81389654,0,30,0.03907814,0.15621713,0.052436296,96.4752,210.48495
322,174.79677,253.888,209.3922,79.091225,179.01535,198.94357,251.2715,4.5668993,10.059118,2.793255,3.6731644,9.502357,2.2026143,183.30556,37.776672,0.8046433,-3.6893148,0.907643,3.7993236,166.17862,96.93095,99.0,1.0,1.0,1.0,1.0,0,,0,,,,,,,1,322,1,1,0,0.2253324,0.79522514,Primary,0.36348686,0.14244376,0.322,0,1,0,0,0,0,0,0,0,0,0,NONE,0,0,0,0,0,0,NONE,0.05,0,Summer_North,0.0,0.054223496,0.9926923,-0.12067308,0.45574948,0.41649783,-0.03237695,0.05,0.14383118,0.12136364,0,0,4,5,120,5.492219,0.08583891,0,0,0,0.14003937,none,40,0.075,48,0.083333336,37,0.027027028,19,0.15789473,53,0.0754717,9,0.0,120,0.8137293,0,31,0.035484247,0.1571683,0.054223496,96.93095,209.3922
323,175.23885,254.34946,210.43665,79.11061,179.63637,200.41786,252.23944,4.504648,9.839686,2.6118464,3.6410906,9.1095,2.1843407,184.93692,39.231037,0.7910339,-3.6201508,0.8436323,3.7171504,166.88203,97.3908,100.0,1.0,1.0,1.0,1.0,0,,0,,,,,,,1,323,1,1,0,0.2260322,0.7956506,Primary,0.3651316,0.14275856,0.323,0,1,0,0,0,0,0,0,0,0,0,NONE,0,0,0,0,0,0,NONE,0.05,0,Summer_North,0.0,0.056055367,0.9916918,-0.12863636,0.45985052,0.48910418,0.20479631,0.05,0.14383118,0.12136364,0,0,5,4,120,5.335038,0.08439989,0,0,0,0.1361253,none,40,0.05,48,0.083333336,37,0.0,19,0.10526316,53,0.0754717,9,0.0,120,0.8135622,0,32,0.03653172,0.15566114,0.056055367,97.3908,210.43665
324,175.05525,254.60506,210.34978,79.5498,179.4667,199.95277,252.64838,4.5343294,10.021467,2.5822644,3.6411805,9.1800785,2.2101321,182.4341,39.805153,0.7855858,-3.6496956,0.9531458,3.7721035,165.36368,97.8488,100.0,1.0,1.0,1.0,1.0,0,,0,,,,,,,1,324,1,1,0,0.22673199,0.79607475,Primary,0.36677632,0.14307272,0.324,0,1,0,0,0,0,0,0,0,0,0,NONE,0,0,0,0,0,0,NONE,0.05,0,Summer_North,0.0,0.05790829,0.9906319,-0.13655937,0.458,0.429871,0.06643663,0.05,0.14383118,0.12136364,0,0,6,4,120,5.487138,0.085909046,0,0,0,0.13992357,none,40,0.05,48,0.083333336,37,0.0,19,0.10526316,53,0.0754717,9,0.0,120,0.8133954,0,33,0.03578218,0.15723884,0.05790829,97.8488,210.34978
325,175.56479,254.60597,209.5329,79.04119,179.19849,199.19704,252.7036,4.5625186,10.504315,2.6028197,3.4218888,9.057997,2.3023064,182.62811,33.467716,0.8431595,-3.849665,0.8283759,3.937782,167.85619,98.30495,99.0,1.0,1.0,1.0,1.0,1,"Retract Scoop from Surface Contact and Long Shadow, Aeolian Change, Dust Devil Search, and Meteor Search Images",1,,0.0,,0.0,,0.0,1,325,1,1,0,0.22743177,0.7964976,Primary,0.36842105,0.14338626,0.325,17,6,0,0,1,0,0,1,1,0,3,IDA,0,0,0,0,0,0,NONE,0.75681823,0,Summer_North,0.0,0.0597818,0.98951334,-0.14444168,0.4561495,0.46590066,-0.042643476,0.2856061,0.15097404,0.16848485,1,1,0,5,121,5.9417973,0.07357838,0,0,0,0.14972678,none,41,0.07317073,48,0.083333336,37,0.0,20,0.15,54,0.09259259,9,0.0,121,0.81222874,0,34,0.032662988,0.16335416,0.0597818,98.30495,209.5329
326,175.09329,254.06909,210.24353,78.9758,179.24672,200.10643,252.00552,4.6346836,10.033113,2.6350753,3.797296,9.236968,2.164789,186.51518,35.55955,0.8248188,-3.8855371,0.66264844,3.9416368,170.32176,98.7654,100.0,1.0,1.0,1.0,1.0,0,,0,,,,,,,1,326,1,1,0,0.22813156,0.79691917,Primary,0.37006578,0.14369918,0.326,0,1,0,0,0,0,0,0,0,0,0,NONE,0,0,0,0,0,0,NONE,0.05,0,Summer_North,0.0,0.06170128,0.9883206,-0.15238903,0.4604505,0.47236565,0.10387572,0.2856061,0.15097404,0.14090909,0,0,1,5,121,5.398429,0.04745606,0,0,0,0.13424884,none,41,0.07317073,48,0.083333336,37,0.0,20,0.15,54,0.09259259,9,0.0,121,0.81206226,0,35,0.024613379,0.15722124,0.06170128,98.7654,210.24353
327,174.79346,253.29822,210.17673,78.50476,179.0374,200.45094,251.7395,4.6838846,10.48279,2.9597561,3.6135213,9.884538,2.2380545,186.55046,37.234566,0.8096423,-3.8839602,0.78090054,3.9616854,168.6318,99.225,100.0,1.0,1.0,1.0,1.0,0,,0,,,,,,,1,327,1,1,0,0.22883135,0.79733944,Primary,0.37171054,0.14401147,0.327,0,1,0,0,0,0,0,0,0,0,0,NONE,0,0,0,0,0,0,NONE,0.05,0,Summer_North,0.0,0.06364544,0.9870664,-0.1603119,0.4596,0.44196486,-0.051371373,0.2856061,0.15097404,0.14090909,0,0,2,5,121,5.798905,0.060764503,0,0,0,0.14510915,none,41,0.07317073,48,0.083333336,37,0.0,20,0.15,54,0.09259259,9,0.0,121,0.8118961,0,36,0.028155021,0.16162354,0.06364544,99.225,210.17673
328,175.25331,254.31476,209.83176,79.06145,179.30153,199.00977,251.94624,4.609303,10.344418,2.6476583,3.3980389,9.710956,2.2442477,188.85974,40.762928,0.7764068,-3.7753265,0.61550033,3.8251708,170.7404,99.68255,99.0,1.0,1.0,1.0,1.0,0,,0,,,,,,,1,328,1,1,0,0.22953114,0.7977584,Primary,0.37335527,0.14432314,0.328,0,1,0,0,0,0,0,0,0,0,0,NONE,0,0,0,0,0,0,NONE,0.05,0,Summer_North,0.0,0.06560879,0.9857547,-0.1681891,0.45754546,0.41216156,0.07326122,0.05,0.15097404,0.14090909,0,0,3,4,121,5.735115,0.061500743,0,0,0,0.14364223,none,41,0.048780486,48,0.0625,37,0.0,20,0.1,54,0.074074075,9,0.0,121,0.81173,0,37,0.027770653,0.16109489,0.06560879,99.68255,209.83176
329,175.02621,254.49844,210.32953,79.47222,179.03499,200.40338,252.42943,4.419367,10.002583,2.5281188,3.5827794,9.07884,2.2633522,182.75636,32.616528,0.85041416,-3.759711,0.80177164,3.8442507,167.96179,100.144,100.0,1.0,1.0,1.0,1.0,0,,0,,,,,,,1,329,1,1,0,0.23023093,0.79817617,Primary,0.375,0.14463417,0.329,0,1,0,0,0,0,0,0,0,0,0,NONE,0,0,0,0,0,0,NONE,0.05,0,Summer_North,0.0,0.067616984,0.9843682,-0.17612273,0.46145454,0.32728156,-0.017853318,0.05,0.15097404,0.14090909,0,0,4,4,121,5.583216,0.0882655,0,0,0,0.14245208,none,41,0.048780486,48,0.0625,37,0.0,20,0.1,54,0.074074075,9,0.0,121,0.81156427,0,38,0.03440339,0.16067684,0.067616984,100.144,210.32953
330,175.8464,254.21744,210.54243,78.37103,179.67664,199.80292,252.40553,4.6480207,9.640987,2.595015,3.6572754,9.251513,2.0742135,184.71921,35.84006,0.8223065,-3.8851738,0.8107921,3.9688737,168.21219,100.6046,100.0,1.0,1.0,1.0,1.0,0,,0,,,,,,,1,330,1,1,0,0.23093072,0.79859257,Primary,0.37664473,0.1449446,0.33,0,1,0,0,0,0,0,0,0,0,0,NONE,0,0,0,0,0,0,NONE,0.05,0,Summer_North,0.0,0.06964942,0.9829206,-0.18403026,0.4606,0.3457915,0.032111175,0.05,0.15097404,0.14090909,0,0,5,4,121,4.9929667,0.08880227,0,0,0,0.12830085,none,41,0.048780486,48,0.0625,37,0.0,20,0.1,54,0.074074075,9,0.0,121,0.8113986,0,39,0.034953497,0.15507433,0.06964942,100.6046,210.54243
331,176.43356,253.88727,210.1256,77.4537,179.53262,199.39832,252.43137,4.4525146,10.888883,2.5185368,4.0337954,9.347797,2.445558,185.38773,36.08863,0.8200703,-3.686172,0.6957596,3.751259,169.31125,101.06779,99.0,1.0,1.0,1.0,1.0,0,,0,,,,,,,1,331,1,1,0,0.2316305,0.7990078,Primary,0.37828946,0.1452544,0.331,0,1,0,0,0,0,0,0,0,0,0,NONE,0,0,0,0,0,0,NONE,0.05,0,Summer_North,0.0,0.07172132,0.9814007,-0.19197024,0.46318787,0.3337068,0.09878296,0.05,0.15097404,0.14090909,0,0,6,4,121,6.436368,0.101057835,0,0,0,0.1593048,none,41,0.048780486,48,0.0625,37,0.0,20,0.1,54,0.074074075,9,0.0,121,0.8112332,0,40,0.038543276,0.1675338,0.07172132,101.06779,210.1256
332,176.2108,253.91049,210.62654,77.699684,180.14539,200.40697,252.3893,4.5190115,9.868209,2.5422053,3.8675592,9.040781,2.1837096,184.29205,33.012962,0.8470509,-3.8703363,0.7032067,3.9337008,169.7022,101.5256,100.0,1.0,1.0,1.0,1.0,1,"Mole Recovery Activities and Long Shadow, Aeolian Change, Dust Devil Search, and Meteor Search Images",1,,0.0,,0.0,,0.0,1,332,1,1,0,0.2323303,0.7994217,Primary,0.37993422,0.14556359,0.332,15,6,0,0,0,1,0,1,1,0,3,HP3,0,0,0,1,0,0,RECOVERY,0.7295455,0,Summer_North,0.0,0.07379669,0.9798355,-0.19980575,0.45781213,0.26682144,0.06383535,0.27651516,0.14707792,0.18621212,1,1,0,5,122,5.3491974,0.10311953,0,0,0,0.13818955,none,41,0.048780486,49,0.08163265,37,0.0,21,0.14285715,55,0.09090909,9,0.0,122,0.8100681,0,41,0.037808914,0.15852147,0.07379669,101.5256,210.62654
333,176.42279,255.93123,210.44124,79.508446,179.8279,200.01936,252.03249,4.5329137,10.163794,2.5107136,4.13067,8.880246,2.2422209,186.87134,35.0841,0.8290491,-3.7955642,0.5848001,3.8403513,171.24104,101.98534,99.0,1.0,1.0,1.0,1.0,0,,0,,,,,,,1,333,1,1,0,0.2330301,0.79983443,Primary,0.38157895,0.14587215,0.333,0,1,0,0,0,0,0,0,0,0,0,NONE,0,0,0,0,0,0,NONE,0.05,0,Summer_North,0.0,0.07590814,0.9782008,-0.2076613,0.45973334,0.2741601,0.04408422,0.27651516,0.14707792,0.14242424,0,0,1,5,122,5.63088,0.09902746,0,0,0,0.1445897,none,41,0.048780486,49,0.08163265,37,0.0,21,0.14285715,55,0.09090909,9,0.0,122,0.8099031,0,42,0.036678478,0.16113928,0.07590814,101.98534,210.44124
334,176.27577,255.20586,210.75832,78.93008,180.07172,200.33261,253.13913,4.6038,10.734714,2.6714513,3.4990366,9.411197,2.3317072,183.75615,36.067688,0.82025903,-3.8649542,0.81323385,3.949585,168.1176,102.4492,100.0,1.0,1.0,1.0,1.0,0,,0,,,,,,,1,334,1,1,0,0.23372988,0.80024594,Primary,0.38322368,0.1461801,0.334,0,1,0,0,0,0,0,0,0,0,0,NONE,0,0,0,0,0,0,NONE,0.05,0,Summer_North,0.0,0.07806625,0.9764875,-0.21557392,0.46386668,0.31672055,0.15442593,0.27651516,0.14707792,0.14242424,0,0,2,5,122,6.1309133,0.08488742,0,0,0,0.15531793,none,41,0.048780486,49,0.08163265,37,0.0,21,0.14285715,55,0.09090909,9,0.0,122,0.8097383,0,43,0.033127252,0.16548824,0.07806625,102.4492,210.75832
335,176.1851,255.0708,211.08699,78.88569,179.84152,200.76846,252.88966,4.4835887,10.215603,2.743269,3.6742036,8.986453,2.2784436,188.78978,39.628654,0.7872651,-3.6652002,0.72153854,3.735547,168.86305,102.9112,100.0,1.0,1.0,1.0,1.0,0,,0,,,,,,,1,335,1,1,0,0.23442967,0.8006562,Primary,0.3848684,0.14648743,0.335,0,1,0,0,0,0,0,0,0,0,0,NONE,0,0,0,0,0,0,NONE,0.05,0,Summer_North,0.0,0.08024316,0.97471756,-0.22344066,0.462,0.31029528,0.12624332,0.05,0.14707792,0.14242424,0,0,3,4,122,5.7320147,0.08117256,0,0,0,0.1453789,none,41,0.024390243,49,0.06122449,37,0.0,21,0.14285715,55,0.07272727,9,0.0,122,0.8095737,0,44,0.03183096,0.16157024,0.08024316,102.9112,211.08699
336,175.4937,255.51866,210.43541,80.024956,179.78113,200.0227,252.55444,4.5159845,10.245299,2.7794156,3.72911,9.785801,2.2686746,184.41241,33.081917,0.8464631,-3.8556561,0.8011887,3.9380183,168.26123,103.37193,99.0,1.0,1.0,1.0,1.0,0,,0,,,,,,,1,336,1,1,0,0.23512946,0.8010652,Primary,0.38651314,0.14679414,0.336,0,1,0,0,0,0,0,0,0,0,0,NONE,0,0,0,0,0,0,NONE,0.05,0,Summer_North,0.0,0.08244127,0.9728893,-0.23127128,0.4607293,0.2996628,-0.017838977,0.05,0.14707792,0.14242424,0,0,4,4,122,5.729315,0.067772865,0,0,0,0.14408018,none,41,0.024390243,49,0.06122449,37,0.0,21,0.14285715,55,0.07272727,9,0.0,122,0.8094094,0,45,0.027413996,0.16110827,0.08244127,103.37193,210.43541
337,175.41582,255.18416,210.9425,79.76835,179.7425,200.74936,253.24648,4.508702,10.520812,2.9089367,3.8585894,9.650373,2.3334458,183.67868,37.64664,0.8058461,-3.7264645,0.9235119,3.8391943,166.08109,103.8368,100.0,1.0,1.0,1.0,1.0,0,,0,,,,,,,1,337,1,1,0,0.23582925,0.801473,Primary,0.3881579,0.14710025,0.337,0,1,0,0,0,0,0,0,0,0,0,NONE,0,0,0,0,0,0,NONE,0.05,0,Summer_North,0.0,0.0846865,0.9709809,-0.23915716,0.46487072,0.32936624,0.13615194,0.05,0.14707792,0.14242424,0,0,5,4,122,6.0121098,0.04678896,0,0,0,0.1489518,none,41,0.024390243,49,0.06122449,37,0.0,21,0.14285715,55,0.07272727,9,0.0,122,0.8092452,0,46,0.021453569,0.16311437,0.0846865,103.8368,210.9425
338,176.69662,255.30931,211.02626,78.61268,179.82753,200.69867,253.17801,4.531459,10.9284525,2.6645586,3.8964906,9.356936,2.411685,188.19469,39.96569,0.78405505,-3.7098367,0.6297575,3.762909,170.36569,104.2998,100.0,1.0,1.0,1.0,1.0,0,,0,,,,,,,1,338,1,1,0,0.23652904,0.80187964,Primary,0.38980263,0.14740574,0.338,0,1,0,0,0,0,0,0,0,0,0,NONE,0,0,0,0,0,0,NONE,0.05,0,Summer_North,0.0,0.08694987,0.9690166,-0.24699563,0.463,0.2695395,0.06662007,0.05,0.14707792,0.14242424,0,0,6,4,122,6.396993,0.037308775,0,0,0,0.15343517,none,41,0.024390243,49,0.06122449,37,0.0,21,0.14285715,55,0.07272727,9,0.0,122,0.80908126,0,47,0.017249286,0.16496511,0.08694987,104.2998,211.02626
339,175.88655,254.66771,210.60648,78.78116,179.76923,200.46497,253.2825,4.649736,10.693549,2.7863443,3.9840543,9.482151,2.2998185,188.11603,38.22058,0.8005194,-3.8747842,0.6571395,3.9301126,170.37457,104.76153,99.0,1.0,1.0,1.0,1.0,1,"Mole Recovery Activities and Long Shadow, Aeolian Change, Dust Devil Search, and Meteor Search Images",1,,0.0,,0.0,,0.0,1,339,1,1,0,0.23722883,0.8022851,Primary,0.39144737,0.14771062,0.339,15,6,0,0,0,1,0,1,1,0,3,HP3,0,0,0,1,0,0,RECOVERY,0.7295455,0,Summer_North,0.0,0.08923387,0.9669947,-0.25479648,0.46172526,0.2712914,0.027539661,0.27651516,0.14707792,0.18772727,1,1,0,5,123,6.0438128,0.058693383,0,0,0,0.15081061,none,41,0.024390243,50,0.08,37,0.0,22,0.18181819,56,0.08928572,9,0.0,123,0.8079175,0,48,0.023984328,0.16432261,0.08923387,104.76153,210.60648
340,176.76073,255.22623,211.49857,78.46551,180.3017,201.78787,252.81383,4.7189913,10.858966,3.1017814,3.8498242,10.0521555,2.30112,185.20941,34.917458,0.83052343,-4.0339737,0.911223,4.13561,167.27124,105.2274,100.0,1.0,1.0,1.0,1.0,0,,0,,,,,,,1,340,1,1,0,0.23792861,0.80268925,Primary,0.3930921,0.1480149,0.34,0,1,0,0,0,0,0,0,0,0,0,NONE,0,0,0,0,0,0,NONE,0.05,0,Summer_North,0.0,0.09156543,0.964891,-0.26265064,0.46587476,0.34943834,0.12337377,0.27651516,0.14707792,0.14060606,0,0,1,5,123,6.1399746,0.08684798,0,0,0,0.15571646,none,41,0.024390243,50,0.08,37,0.0,22,0.18181819,56,0.08928572,9,0.0,123,0.807754,0,49,0.034416556,0.16634217,0.09156543,105.2274,211.49857
341,176.98088,256.69266,211.8032,79.711754,180.45758,202.04137,254.68732,4.5780373,10.526949,2.7162569,4.0604215,9.093991,2.2994459,185.00345,42.215557,0.76228297,-3.6425238,0.83093613,3.7360988,167.14952,105.692,100.0,1.0,1.0,1.0,1.0,0,,0,,,,,,,1,341,1,1,0,0.23862842,0.8030923,Primary,0.39473686,0.14831857,0.341,0,1,0,0,0,0,0,0,0,0,0,NONE,0,0,0,0,0,0,NONE,0.05,0,Summer_North,0.0,0.093917504,0.9627295,-0.27046603,0.4646,0.47541416,0.11937029,0.27651516,0.14707792,0.14060606,0,0,2,4,123,5.9489117,0.08587456,0,0,0,0.1510301,none,41,0.024390243,50,0.06,37,0.0,22,0.18181819,56,0.071428575,9,0.0,123,0.8075906,0,50,0.03671117,0.16452481,0.093917504,105.692,211.8032
342,176.86317,256.03207,211.10335,79.16891,180.51227,200.52116,253.54079,4.554374,10.498542,2.9468777,3.6629515,9.860067,2.3051558,182.61646,33.740685,0.8408068,-3.8791132,0.89992577,3.9821334,166.93884,106.15982,99.0,1.0,1.0,1.0,1.0,0,,0,,,,,,,1,342,1,1,0,0.2393282,0.80349416,Primary,0.3963816,0.14862163,0.342,0,1,0,0,0,0,0,0,0,0,0,NONE,0,0,0,0,0,0,NONE,0.05,0,Summer_North,0.0,0.09631284,0.9604891,-0.27831757,0.46781817,0.47562608,0.11132482,0.05,0.14707792,0.14060606,0,0,3,4,123,5.9441676,0.077866204,0,0,0,0.15017861,none,41,0.024390243,50,0.06,37,0.0,22,0.18181819,56,0.071428575,9,0.0,123,0.80742747,0,51,0.034206867,0.16424131,0.09631284,106.15982,211.10335
343,177.10321,255.85927,211.58163,78.75606,180.98946,201.58873,253.89499,4.792808,9.613946,2.6749377,3.6369562,9.23564,2.005911,185.22856,38.890186,0.7942486,-3.9369128,0.7465507,4.0070715,169.26257,106.6226,100.0,1.0,1.0,1.0,1.0,0,,0,,,,,,,1,343,1,1,0,0.240028,0.8038949,Primary,0.39802632,0.14892408,0.343,0,1,0,0,0,0,0,0,0,0,0,NONE,0,0,0,0,0,0,NONE,0.05,0,Summer_North,0.0,0.09870888,0.9582098,-0.28606635,0.46278182,0.41892794,0.10652207,0.05,0.14707792,0.14060606,0,0,4,4,123,4.8211384,0.10554264,0,0,0,0.12570822,none,41,0.024390243,50,0.06,37,0.0,22,0.18181819,56,0.071428575,9,0.0,123,0.80726457,0,52,0.041706737,0.15451017,0.09870888,106.6226,211.58163
344,176.841,255.29256,211.41309,78.45155,180.25943,201.5348,253.87566,4.6258616,10.212718,2.8533015,3.783279,9.6553955,2.207744,187.33066,35.937057,0.82143503,-3.8692198,0.77391016,3.9458582,168.68912,107.0886,100.0,1.0,1.0,1.0,1.0,0,,0,,,,,,,1,344,1,1,0,0.24072778,0.8042944,Primary,0.39967105,0.14922594,0.344,0,1,0,0,0,0,0,0,0,0,0,NONE,0,0,0,0,0,0,NONE,0.05,0,Summer_North,0.0,0.10114803,0.9558515,-0.29385015,0.466,0.40387538,0.06447241,0.05,0.14707792,0.14060606,0,0,5,4,123,5.5868564,0.09373622,0,0,0,0.14304335,none,41,0.024390243,50,0.06,37,0.0,22,0.18181819,56,0.071428575,9,0.0,123,0.80710185,0,53,0.037697673,0.16150117,0.10114803,107.0886,211.41309
345,175.8444,256.9131,210.92671,81.06869,179.88701,200.66594,253.6095,4.436521,9.559617,2.3965101,3.92245,8.593809,2.1547554,185.28928,39.04936,0.7927493,-3.6337972,0.6239252,3.6869721,170.25728,107.55803,99.0,1.0,1.0,1.0,1.0,0,,0,,,,,,,1,345,1,1,0,0.24142757,0.80469275,Primary,0.40131578,0.14952718,0.345,0,1,0,0,0,0,0,0,0,0,0,NONE,0,0,0,0,0,0,NONE,0.05,0,Summer_North,0.0,0.10363182,0.9534119,-0.3016716,0.4694303,0.4162858,0.053374227,0.05,0.14707792,0.14060606,0,0,6,4,123,5.1230965,0.115667954,0,0,0,0.13390523,none,41,0.024390243,50,0.06,37,0.0,22,0.18181819,56,0.071428575,9,0.0,123,0.8069393,0,54,0.044824045,0.15790282,0.10363182,107.55803,210.92671
346,175.5042,256.87213,211.35963,81.367935,179.89418,201.76025,254.0894,4.528345,9.731342,2.6098561,3.6256373,8.947969,2.1489842,188.6043,40.93633,0.77473336,-3.6765547,0.5886105,3.7233744,170.90422,108.0222,100.0,1.0,1.0,1.0,1.0,1,"Mole Recovery Activities, Final Mini-Tactical Planning Cycle, Aeolian Change and Long Shadow Images, Transition to new SEIS/APSS Flight Software, SEIS Flash Maintenance, and New Block Libraries Uplink",1,,0.0,,0.0,,0.0,1,346,1,1,0,0.24212736,0.80509,Primary,0.40296054,0.14982782,0.346,27,8,0,0,0,1,1,1,1,0,4,HP3,0,1,0,1,0,1,MAINTENANCE,1.0,0,Summer_North,0.0,0.106113926,0.95093673,-0.30938548,0.4641697,0.29360682,-0.023153484,0.36666667,0.18571429,0.2039394,1,1,0,5,124,5.202997,0.11989725,0,0,0,0.13621695,none,41,0.024390243,51,0.078431375,38,0.02631579,23,0.2173913,57,0.0877193,9,0.0,124,0.80577695,1,0,0.043617386,0.16889341,0.106113926,108.0222,211.35963
347,175.12242,256.14523,210.82343,81.02282,179.67014,200.44237,253.48811,4.6264772,10.717357,2.6608844,3.9309797,9.12318,2.3165264,188.2008,39.53811,0.7881251,-3.8176901,0.5653227,3.8593197,171.57686,108.48731,99.0,1.0,1.0,1.0,1.0,0,,0,,,,,,,1,347,1,1,0,0.24282715,0.8054861,Primary,0.40460527,0.15012787,0.347,0,1,0,0,0,0,0,0,0,0,0,NONE,0,0,0,0,0,0,NONE,0.05,0,Summer_North,0.0,0.108627014,0.9483939,-0.31709465,0.46511313,0.35423502,-0.16329822,0.36666667,0.18571429,0.15863636,0,0,1,5,124,6.090879,0.10992043,0,0,0,0.15665965,none,41,0.024390243,51,0.078431375,38,0.02631579,23,0.2173913,57,0.0877193,9,0.0,124,0.8056148,0,1,0.041743156,0.17712724,0.108627014,108.48731,210.82343
348,174.90053,256.8806,211.3329,81.98009,179.44328,201.2165,254.47412,4.658435,10.220731,2.659619,3.92526,9.117102,2.194027,187.2977,38.02375,0.8023513,-3.8629766,0.6189135,3.9122424,170.89761,108.9568,100.0,1.0,1.0,1.0,1.0,0,,0,,,,,,,1,348,1,1,0,0.24352694,0.805881,Primary,0.40625,0.15042731,0.348,0,1,0,0,0,0,0,0,0,0,0,NONE,0,0,0,0,0,0,NONE,0.05,0,Summer_North,0.0,0.11118988,0.94576377,-0.32485515,0.46948686,0.27604592,0.038256437,0.36666667,0.18571429,0.15863636,0,0,2,4,124,5.5622964,0.11241768,0,0,0,0.14417256,none,41,0.024390243,51,0.05882353,38,0.02631579,23,0.17391305,57,0.07017544,9,0.0,124,0.80545294,0,2,0.040911984,0.17218907,0.11118988,108.9568,211.3329
349,175.24823,256.10843,211.30225,80.860214,179.33537,200.45023,254.49576,4.5473156,11.437672,2.9203982,3.789094,9.587262,2.5152578,183.82541,30.234947,0.87002504,-3.946977,0.77185684,4.0217395,168.93507,109.4248,100.0,1.0,1.0,1.0,1.0,0,,0,,,,,,,1,349,1,1,0,0.24422674,0.80627483,Primary,0.40789473,0.15072615,0.349,0,1,0,0,0,0,0,0,0,0,0,NONE,0,0,0,0,0,0,NONE,0.05,0,Summer_North,0.0,0.11377062,0.9430788,-0.33256936,0.468,0.27223533,-0.046565305,0.05,0.18571429,0.15863636,0,0,3,4,124,6.890356,0.11295962,0,0,0,0.16040064,none,41,0.024390243,51,0.05882353,38,0.02631579,23,0.17391305,57,0.07017544,9,0.0,124,0.80529124,0,3,0.041003115,0.17873691,0.11377062,109.4248,211.30225
350,176.75783,256.94894,210.94336,80.19112,179.5832,200.32365,254.1855,4.652613,10.138556,2.6630888,3.9598668,9.16953,2.17911,189.11589,36.72982,0.8142592,-3.8962352,0.57309735,3.938158,171.63237,109.8915,99.0,1.0,1.0,1.0,1.0,0,,0,,,,,,,1,350,1,1,0,0.24492653,0.8066675,Primary,0.40953946,0.15102442,0.35,0,1,0,0,0,0,0,0,0,0,0,NONE,0,0,0,0,0,0,NONE,0.05,0,Summer_North,0.0,0.11636987,0.9403386,-0.34024012,0.46670505,0.24786669,-0.07828829,0.05,0.18571429,0.15863636,0,0,4,4,124,5.485943,0.08162532,0,0,0,0.13950041,none,41,0.024390243,51,0.05882353,38,0.02631579,23,0.17391305,57,0.07017544,9,0.0,124,0.8051297,0,4,0.030684555,0.17043334,0.11636987,109.8915,210.94336
351,175.96759,256.98706,211.39444,81.01948,179.18175,201.26022,254.4504,4.8813467,11.614945,2.9039874,4.117523,10.406537,2.379455,184.12318,34.035225,0.8382542,-4.1807137,0.7633361,4.2498293,169.65262,110.363,100.0,1.0,1.0,1.0,1.0,0,,0,,,,,,,1,351,1,1,0,0.24562632,0.8070591,Primary,0.41118422,0.15132207,0.351,0,1,0,0,0,0,0,0,0,0,0,NONE,0,0,0,0,0,0,NONE,0.05,0,Summer_North,0.0,0.119021654,0.9375069,-0.3479667,0.47149494,0.24474081,0.07795475,0.05,0.18571429,0.15863636,0,0,5,4,124,6.7335987,0.14036949,0,0,0,0.16292438,none,41,0.024390243,51,0.05882353,38,0.02631579,23,0.17391305,57,0.07017544,9,0.0,124,0.8049684,0,5,0.049022105,0.17985938,0.119021654,110.363,211.39444
352,176.7714,256.48575,211.8791,79.71433,180.60062,201.17274,254.13127,5.0245194,11.139976,2.904189,3.7400255,10.0735855,2.2171226,184.11588,33.832542,0.84001225,-4.309276,0.9096179,4.404233,168.08076,110.833,100.0,1.0,1.0,1.0,1.0,0,,0,,,,,,,1,352,1,1,0,0.2463261,0.8074496,Primary,0.41282895,0.15161912,0.352,0,1,0,0,0,0,0,0,0,0,0,NONE,0,0,0,0,0,0,NONE,0.05,0,Summer_North,0.0,0.121690705,0.934621,-0.35564533,0.47,0.34220943,0.08657725,0.05,0.18571429,0.15863636,0,0,6,4,124,6.115456,0.18271306,0,0,0,0.16395326,none,41,0.024390243,51,0.05882353,38,0.02631579,23,0.17391305,57,0.07017544,9,0.0,124,0.8048073,0,6,0.06429785,0.18032733,0.121690705,110.833,211.8791
353,176.99724,255.85524,211.53444,78.858,180.31175,200.84236,254.73892,4.6568365,10.839713,2.7726126,3.9585688,9.747319,2.327699,185.65079,32.933826,0.84772444,-3.9928343,0.699971,4.053725,170.0567,111.30585,99.0,1.0,1.0,1.0,1.0,1,"Aeolian Change, Dust Devil Search, and Meteor Baseline Search Images",1,,0.0,,0.0,,0.0,1,353,1,1,0,0.24702589,0.8078389,Primary,0.41447368,0.15191558,0.353,10,4,0,0,0,0,0,1,1,0,2,APSS,0,0,0,0,0,0,NONE,0.48636365,0,Summer_North,0.0,0.12440162,0.93165416,-0.36334634,0.47284847,0.35424197,0.11850328,0.19545455,0.112337664,0.18772727,1,1,0,5,125,6.1828766,0.16814879,0,0,0,0.16423431,none,41,0.024390243,51,0.05882353,38,0.02631579,24,0.20833333,58,0.0862069,9,0.0,125,0.8036464,0,7,0.059983768,0.1625019,0.12440162,111.30585,211.53444
354,177.23079,256.6216,212.04996,79.39083,180.4925,201.30641,254.5388,4.860535,11.1380415,2.7932072,4.129627,9.474103,2.2915258,189.27437,41.263016,0.77157116,-3.990545,0.6672588,4.0459466,170.5074,111.7736,100.0,1.0,1.0,1.0,1.0,0,,0,,,,,,,1,354,1,1,0,0.24772568,0.8082272,Primary,0.4161184,0.15221146,0.354,0,1,0,0,0,0,0,0,0,0,0,NONE,0,0,0,0,0,0,NONE,0.05,0,Summer_North,0.0,0.12710848,0.9286568,-0.37093997,0.4677515,0.373006,0.11951077,0.19545455,0.112337664,0.14242424,0,0,1,5,125,6.277506,0.16946833,0,0,0,0.16560364,none,41,0.024390243,51,0.05882353,38,0.02631579,24,0.20833333,58,0.0862069,9,0.0,125,0.8034857,0,8,0.06078433,0.16310588,0.12710848,111.7736,212.04996
355,176.64645,257.3615,212.08627,80.71505,180.62263,201.48933,255.30621,4.6840043,10.881686,2.7118087,4.180578,9.712198,2.3231587,184.38936,35.719086,0.8233915,-3.9367764,0.82989985,4.0232997,168.09595,112.2446,100.0,1.0,1.0,1.0,1.0,0,,0,,,,,,,1,355,1,1,0,0.24842547,0.8086144,Primary,0.41776314,0.15250674,0.355,0,1,0,0,0,0,0,0,0,0,0,NONE,0,0,0,0,0,0,NONE,0.05,0,Summer_North,0.0,0.12985925,0.9255762,-0.37856138,0.471,0.42488995,0.130671,0.19545455,0.112337664,0.14242424,0,0,2,4,125,6.197682,0.16731408,0,0,0,0.16451366,none,41,0.0,51,0.05882353,38,0.02631579,24,0.16666667,58,0.06896552,9,0.0,125,0.8033252,0,9,0.061180137,0.16272606,0.12985925,112.2446,212.08627
356,176.4445,258.44577,211.63701,82.00128,180.20554,201.10376,255.52573,4.5730567,11.090693,2.7797675,3.9513555,9.765819,2.4252255,185.59795,37.751236,0.8048787,-3.7465477,0.79794586,3.8305793,167.9767,112.71906,99.0,1.0,1.0,1.0,1.0,0,,0,,,,,,,1,356,1,1,0,0.24912526,0.80900043,Primary,0.4194079,0.15280144,0.356,0,1,0,0,0,0,0,0,0,0,0,NONE,0,0,0,0,0,0,NONE,0.05,0,Summer_North,0.0,0.13265553,0.92240965,-0.38621292,0.4744606,0.4043236,0.11560741,0.05,0.112337664,0.14242424,0,0,3,4,125,6.517637,0.16210946,0,0,0,0.16492607,none,41,0.0,51,0.05882353,38,0.02631579,24,0.16666667,58,0.06896552,9,0.0,125,0.80316484,0,10,0.059125356,0.16294715,0.13265553,112.71906,211.63701
357,176.47603,257.43237,212.06535,80.956345,180.01051,202.17906,255.34187,4.898593,10.336513,2.806966,4.064823,9.851149,2.1100984,185.87997,40.44755,0.7794414,-4.025196,0.7156101,4.0883126,169.91913,113.1882,100.0,1.0,1.0,1.0,1.0,0,,0,,,,,,,1,357,1,1,0,0.24982505,0.8093854,Primary,0.42105263,0.15309553,0.357,0,1,0,0,0,0,0,0,0,0,0,NONE,0,0,0,0,0,0,NONE,0.05,0,Summer_North,0.0,0.1354452,0.91921645,-0.3937526,0.4691394,0.28353658,0.111818954,0.05,0.112337664,0.14242424,0,0,4,4,125,5.43792,0.16114263,0,0,0,0.14566652,none,41,0.0,51,0.05882353,38,0.02631579,24,0.16666667,58,0.06896552,9,0.0,125,0.80300474,0,11,0.056330014,0.15529935,0.1354452,113.1882,212.06535
358,177.28555,257.97458,211.84789,80.68902,180.4748,201.25006,255.90334,4.55469,10.300164,2.6167073,3.91456,9.594798,2.2614415,185.21463,31.74578,0.8577043,-3.935805,0.62987965,3.9858887,170.90758,113.65889,99.0,1.0,1.0,1.0,1.0,0,,0,,,,,,,1,358,1,1,0,0.25052485,0.80976933,Primary,0.42269737,0.15338905,0.358,0,1,0,0,0,0,0,0,0,0,0,NONE,0,0,0,0,0,0,NONE,0.05,0,Summer_North,0.0,0.13826866,0.9159508,-0.40129066,0.47068888,0.21785672,-0.0052028624,0.05,0.112337664,0.14242424,0,0,5,4,125,5.7454743,0.17895433,0,0,0,0.15470588,none,41,0.0,51,0.05882353,38,0.02631579,24,0.16666667,58,0.06896552,9,0.0,125,0.8028448,0,12,0.06055434,0.15897109,0.13826866,113.65889,211.84789
359,176.51964,258.1895,212.39085,81.66986,180.04417,201.96234,255.50714,4.8133097,10.669498,2.7270083,4.2683845,9.733433,2.2166657,191.84695,42.449245,0.7599893,-3.914576,0.5630073,3.9548557,171.81566,114.1344,100.0,1.0,1.0,1.0,1.0,0,,0,,,,,,,1,359,1,1,0,0.25122464,0.81015223,Primary,0.4243421,0.15368198,0.359,0,1,0,0,0,0,0,0,0,0,0,NONE,0,0,0,0,0,0,NONE,0.05,0,Summer_North,0.0,0.14114583,0.91258883,-0.40887845,0.4755111,0.293567,0.14273447,0.05,0.112337664,0.14242424,0,0,6,4,125,5.8561893,0.13817687,0,0,0,0.153615,none,41,0.0,51,0.05882353,38,0.02631579,24,0.16666667,58,0.06896552,9,0.0,125,0.80268514,0,13,0.049342796,0.15859061,0.14114583,114.1344,212.39085
360,177.94524,257.61932,212.98846,79.67407,180.80675,203.06465,255.679,4.713229,10.490664,2.7054975,4.270464,9.375325,2.225791,190.66441,42.035778,0.76404357,-3.8252692,0.53103644,3.8619535,172.09653,114.6084,100.0,1.0,1.0,1.0,1.0,0,,0,,,,,,,1,360,1,1,0,0.25192443,0.810534,Primary,0.42598686,0.15397432,0.36,0,1,0,0,0,0,0,0,0,0,0,NONE,0,0,0,0,0,0,NONE,0.05,0,Summer_North,0.0,0.14403845,0.9091751,-0.41641408,0.474,0.4352511,0.15641767,0.05,0.05,0.14242424,0,0,7,4,125,5.777434,0.13548829,0,0,0,0.1514727,none,41,0.0,51,0.05882353,38,0.02631579,24,0.16666667,58,0.06896552,9,0.0,125,0.80252564,0,14,0.051424272,0.1422051,0.14403845,114.6084,212.98846
361,177.89438,258.41565,212.19202,80.52129,180.7873,201.66957,255.48407,4.8411326,10.759164,2.7726572,4.277117,9.664245,2.2224476,190.85086,43.54675,0.7491426,-3.9055152,0.57775897,3.948019,171.58504,115.08048,99.0,1.0,1.0,1.0,1.0,0,,0,,,,,,,1,361,1,1,0,0.2526242,0.81091475,Primary,0.4276316,0.15426609,0.361,0,1,0,0,0,0,0,0,0,0,0,NONE,0,0,0,0,0,0,NONE,0.05,0,Summer_North,0.0,0.1469436,0.9057132,-0.42389095,0.47208485,0.43299228,0.01762371,0.05,0.05,0.07909091,0,0,8,4,125,5.918031,0.13249527,0,0,0,0.15457971,none,41,0.0,51,0.05882353,38,0.02631579,24,0.16666667,58,0.06896552,9,0.0,125,0.8023663,0,15,0.050440077,0.14350368,0.1469436,115.08048,212.19202
362,176.80818,257.69525,212.51463,80.88708,180.72037,201.92784,255.71312,4.8056545,10.719373,2.7608552,4.053193,9.449434,2.2305748,190.33234,42.156235,0.7628643,-3.9066544,0.5326486,3.9427989,172.23595,115.557,100.0,1.0,1.0,1.0,1.0,0,,0,,,,,,,1,362,1,1,0,0.253324,0.81129444,Primary,0.42927632,0.15455726,0.362,0,1,0,0,0,0,0,0,0,0,0,NONE,0,0,0,0,0,0,NONE,0.05,0,Summer_North,0.0,0.14990033,0.90215653,-0.43140882,0.47651514,0.448749,0.14627005,0.05,0.05,0.07909091,0,0,9,3,125,5.913718,0.13412406,0,0,0,0.15462591,none,41,0.0,51,0.039215688,38,0.02631579,24,0.125,58,0.05172414,9,0.0,125,0.80220723,0,16,0.051275447,0.14357783,0.14990033,115.557,212.51463
363,176.84401,257.85974,212.81544,81.01574,180.56616,202.7601,255.42905,4.8609185,10.492774,2.748052,4.370686,9.810216,2.1585991,187.17604,40.369904,0.7801868,-3.9688833,0.68507624,4.0275755,170.20657,116.0326,100.0,1.0,1.0,1.0,1.0,0,,0,,,,,,,1,363,1,1,0,0.2540238,0.8116731,Primary,0.43092105,0.15484786,0.363,0,1,0,0,0,0,0,0,0,0,0,NONE,0,0,0,0,0,0,NONE,0.05,0,Summer_North,0.0,0.15287551,0.8985445,-0.43888247,0.4756,0.40664312,0.12501518,0.05,0.05,0.07909091,0,0,10,3,125,5.6318555,0.11635556,0,0,0,0.14620864,none,41,0.0,51,0.039215688,38,0.02631579,24,0.125,58,0.05172414,9,0.0,125,0.8020483,0,17,0.044840466,0.14026655,0.15287551,116.0326,212.81544
364,177.27417,258.8342,212.48807,81.56002,181.01868,201.6271,255.66899,4.8426113,10.918155,2.8332312,4.470568,9.590402,2.2546005,190.55885,40.061115,0.78314364,-3.9699788,0.63262886,4.0200686,170.94586,116.506676,99.0,1.0,1.0,1.0,1.0,0,,0,,,,,,,1,364,1,1,0,0.25472358,0.8120507,Primary,0.43256578,0.15513787,0.364,0,1,0,0,0,0,0,0,0,0,0,NONE,0,0,0,0,0,0,NONE,0.05,0,Summer_North,0.0,0.15586498,0.8948824,-0.4463021,0.47407678,0.3787322,0.10669632,0.05,0.05,0.07909091,0,0,11,3,125,6.0755434,0.10884258,0,0,0,0.15619145,none,41,0.0,51,0.039215688,38,0.02631579,24,0.125,58,0.05172414,9,0.0,125,0.8018896,0,18,0.041911013,0.14431523,0.15586498,116.506676,212.48807
365,177.44478,258.21597,212.95491,80.7712,180.78436,202.8167,256.28137,4.5644712,10.910155,2.6031253,4.07103,9.494614,2.3902342,186.14627,40.259216,0.78124803,-3.689271,0.65518266,3.7469969,169.92976,116.9852,100.0,1.0,1.0,1.0,1.0,0,,0,,,,,,,1,365,1,1,0,0.25542337,0.8124273,Primary,0.43421054,0.1554273,0.365,0,1,0,0,0,0,0,0,0,0,0,NONE,0,0,0,0,0,0,NONE,0.05,0,Summer_North,0.0,0.15890637,0.8911238,-0.45376033,0.47852322,0.30285227,0.094009615,0.05,0.05,0.07909091,0,0,12,3,125,6.3456845,0.105541565,0,0,0,0.15971763,none,41,0.0,51,0.039215688,38,0.02631579,24,0.125,58,0.05172414,9,0.0,125,0.8017311,0,19,0.039311145,0.14578117,0.15890637,116.9852,212.95491
366,176.61563,259.60352,222.47473,82.987885,179.7187,232.52618,256.75214,6.6200843,11.303043,2.4790843,7.3635745,9.627282,1.7073866,153.62852,17.797003,0.95290387,-5.727074,3.180665,6.551031,150.95337,117.5896,65.0,1.0,0.6923077,0.8769231,1.0,1,"HP3 Mole Recovery Operations, HP3 Calibrations, and Aeolian Change, Dust Devil Search, and Meteor Baseline Search Images",1,,0.0,,0.0,,0.0,1,366,1,1,0,0.25612316,0.81280285,Primary,0.43585527,0.15571617,0.366,17,7,0,0,0,1,0,1,1,0,3,HP3,0,1,0,1,0,0,MAINTENANCE,0.8068182,0,Summer_North,0.0,0.16278179,0.8862877,-0.46313518,0.6044,3.72099,1.5810452,0.30227274,0.15811688,0.12954545,1,1,0,4,126,4.682959,0.7065085,0,0,0,0.17771715,none,41,0.0,52,0.057692308,38,0.02631579,25,0.16,59,0.06779661,9,0.0,126,0.80057275,1,0,0.2981029,0.18041562,0.16278179,117.5896,222.47473
367,176.84825,259.825,212.65909,82.976746,180.76619,202.0903,256.72736,4.66087,9.82646,2.42513,4.3030324,8.726679,2.1082888,188.57913,43.075012,0.7538196,-3.7367835,0.53111386,3.7743387,171.91066,117.95846,99.0,1.0,1.0,1.0,1.0,0,,0,,,,,,,1,367,1,1,0,0.25682294,0.81317735,Primary,0.4375,0.15600444,0.367,0,1,0,0,0,0,0,0,0,0,0,NONE,0,0,0,0,0,0,NONE,0.05,0,Summer_North,0.0,0.16516535,0.8832878,-0.4688312,0.36885455,3.7388556,0.077844955,0.30227274,0.15811688,0.12954545,0,0,1,4,126,5.16559,0.71075284,0,0,0,0.18971941,none,41,0.0,52,0.057692308,38,0.02631579,25,0.16,59,0.06779661,9,0.0,126,0.8004146,0,1,0.29980117,0.18527186,0.16516535,117.95846,212.65909
368,177.67674,258.57224,213.27103,80.8955,180.81407,203.25177,256.6009,4.8925967,11.373854,2.9259531,4.240446,9.892435,2.3247068,187.69577,39.337856,0.7900234,-4.071265,0.7919805,4.1475816,168.99178,118.4184,100.0,1.0,1.0,1.0,1.0,0,,0,,,,,,,1,368,1,1,0,0.25752273,0.8135509,Primary,0.43914473,0.15629214,0.368,0,1,0,0,0,0,0,0,0,0,0,NONE,0,0,0,0,0,0,NONE,0.05,0,Summer_North,0.0,0.16815698,0.8794958,-0.47590667,0.45994544,3.672874,0.1260677,0.30227274,0.15811688,0.10045455,0,0,2,4,126,6.4812565,0.7087615,0,0,0,0.21525851,none,41,0.0,52,0.057692308,38,0.02631579,25,0.16,59,0.06779661,9,0.0,126,0.8002567,0,2,0.2978158,0.19554277,0.16815698,118.4184,213.27103
369,177.1936,258.44287,208.03215,81.24925,180.12917,197.95778,255.17474,4.3795357,10.581849,2.7109783,3.8770921,9.706963,2.4162035,195.088,40.270237,0.7811424,-3.5112724,0.23980686,3.5194519,176.09297,118.87372,89.0,1.0,1.0,1.0,1.0,0,,0,,,,,,,1,369,1,1,0,0.25822252,0.81392336,Primary,0.44078946,0.15657927,0.369,0,1,0,0,0,0,0,0,0,0,0,NONE,0,0,0,0,0,0,NONE,0.05,0,Summer_North,0.0,0.17113958,0.8756861,-0.48288077,0.4553191,4.3394895,-0.7972157,0.05,0.15811688,0.10045455,0,0,3,3,126,6.202314,0.74893486,0,0,0,0.31817725,minor,41,0.0,52,0.03846154,38,0.02631579,25,0.12,59,0.050847456,9,0.0,126,0.800099,0,3,0.32415622,0.23676546,0.17113958,118.87372,208.03215
370,179.47105,258.80392,213.60428,79.33288,182.03441,204.03648,256.95532,5.210864,12.189709,2.9951515,4.7251744,10.269433,2.3392875,190.36794,42.64551,0.75805855,-4.2812467,0.71075195,4.3398438,170.574,119.377,100.0,1.0,0.99,0.996,1.0,0,,0,,,,,,,1,370,1,1,0,0.2589223,0.8142949,Primary,0.44243422,0.15686582,0.37,0,1,0,0,0,0,0,0,0,0,0,NONE,0,0,0,0,0,0,NONE,0.05,0,Summer_North,0.0,0.17446052,0.8714108,-0.49055398,0.5032809,4.3281317,0.18603557,0.05,0.15811688,0.10045455,0,0,4,3,126,6.978845,0.7517684,1,0,0,0.46921834,minor,41,0.0,52,0.03846154,38,0.02631579,25,0.12,59,0.050847456,9,0.0,126,0.7999415,0,4,0.32480946,0.29723704,0.17446052,119.377,213.60428
371,178.91908,258.35153,213.86188,79.43247,181.71394,203.65477,256.7985,5.1135454,12.194107,3.0545146,4.787721,10.200541,2.3846679,190.66571,43.053677,0.7540306,-4.2040815,0.74530923,4.2696357,169.94693,119.857,100.0,1.0,1.0,1.0,1.0,0,,0,,,,,,,1,371,1,1,0,0.25962213,0.8146654,Primary,0.44407895,0.1571518,0.371,0,1,0,0,0,0,0,0,0,0,0,NONE,0,0,0,0,0,0,NONE,0.05,0,Summer_North,0.0,0.17765124,0.8672706,-0.497837,0.48,4.2982035,0.1511614,0.05,0.15811688,0.10045455,0,0,5,3,126,7.0805616,0.74781126,1,1,0,0.46885398,minor,41,0.0,52,0.03846154,38,0.02631579,25,0.12,59,0.050847456,9,0.0,126,0.7997841,0,5,0.32295227,0.29714638,0.17765124,119.857,213.86188
372,178.49402,260.0103,212.943,81.51628,181.14168,202.67024,257.3378,4.9558554,10.522111,2.6219068,4.47122,9.72968,2.1231675,186.67429,42.655598,0.75795925,-3.9901423,0.7632751,4.06249,169.1707,120.335655,99.0,1.0,1.0,1.0,1.0,0,,0,,,,,,,1,372,1,1,0,0.26032192,0.81503487,Primary,0.44572368,0.15743722,0.372,0,1,0,0,0,0,0,0,0,0,0,NONE,0,0,0,0,0,0,NONE,0.05,0,Summer_North,0.0,0.18085556,0.8630814,-0.50506485,0.47865656,4.2986135,-1.5886238,0.05,0.15811688,0.10045455,0,0,6,3,126,5.5662556,0.7183648,0,1,0,0.3000598,minor,41,0.0,52,0.03846154,38,0.02631579,25,0.12,59,0.050847456,9,0.0,126,0.799627,0,6,0.3137364,0.22968368,0.18085556,120.335655,212.943
373,179.19688,258.88046,213.63515,79.68357,182.07022,203.49176,257.11566,5.161702,11.762345,3.012949,4.5442867,10.272584,2.2787726,189.3933,43.49468,0.7496599,-4.1369114,0.6669239,4.1903253,170.84196,120.8186,100.0,1.0,1.0,1.0,1.0,1,"HP3 Mole Recovery Operations, HP3 RAD Calibrations, and Aeolian Change, Dust Devil Search, and Meteor Baseline Search Images",1,,0.0,,0.0,,0.0,1,373,1,1,0,0.2610217,0.81540334,Primary,0.4473684,0.15772206,0.373,18,7,0,0,0,1,0,1,1,0,3,HP3,0,1,0,1,0,0,MAINTENANCE,0.8204546,0,Summer_North,0.0,0.18411115,0.8587936,-0.5123217,0.48294345,2.0454698,0.16267645,0.3068182,0.16006494,0.15181819,1,1,0,4,127,6.600643,0.30032316,0,0,0,0.17765196,none,41,0.0,53,0.056603774,38,0.02631579,26,0.15384616,60,0.06666667,9,0.0,127,0.7984701,1,0,0.13628739,0.18161249,0.18411115,120.8186,213.63515
374,178.6073,258.71976,213.61026,80.11246,181.75348,203.55078,256.72665,5.3974786,13.037496,3.1123347,4.6446953,10.630295,2.415479,194.66875,50.10915,0.6821976,-4.2623453,0.59901965,4.304232,172.00018,121.3008,100.0,1.0,1.0,1.0,1.0,0,,0,,,,,,,1,374,1,1,0,0.2617215,0.81577086,Primary,0.44901314,0.15800633,0.374,0,1,0,0,0,0,0,0,0,0,0,NONE,0,0,0,0,0,0,NONE,0.05,0,Summer_North,0.0,0.18738411,0.8544516,-0.5195311,0.4822,2.0834322,0.0565383,0.3068182,0.16006494,0.15181819,0,0,1,4,127,7.640017,0.3261326,1,0,0,0.43002835,minor,41,0.0,53,0.056603774,38,0.02631579,26,0.15384616,60,0.06666667,9,0.0,127,0.7983133,0,1,0.14515577,0.28261793,0.18738411,121.3008,213.61026
375,178.4906,260.58994,213.66136,82.09932,181.76154,204.00266,257.60916,5.213162,11.425958,3.0968091,4.33144,10.850964,2.191752,195.79045,45.597588,0.72857034,-4.1686897,0.507923,4.199519,173.05319,121.78125,99.0,1.0,1.0,1.0,1.0,0,,0,,,,,,,1,375,1,1,0,0.26242128,0.81613743,Primary,0.4506579,0.15829003,0.375,0,1,0,0,0,0,0,0,0,0,0,NONE,0,0,0,0,0,0,NONE,0.05,0,Summer_North,0.0,0.19066726,0.85006505,-0.52667767,0.48045254,2.1061053,0.9382013,0.3068182,0.16006494,0.15181819,0,0,2,4,127,6.2127957,0.32842496,0,0,0,0.1797114,none,41,0.0,53,0.056603774,38,0.02631579,26,0.15384616,60,0.06666667,9,0.0,127,0.7981568,0,2,0.14634174,0.18254592,0.19066726,121.78125,213.66136
376,178.82469,260.97144,214.47495,82.14673,181.80487,204.20595,258.52756,5.165288,11.85852,2.9994118,4.495776,10.513187,2.29581,195.81735,51.723213,0.66533136,-3.8912024,0.51033723,3.9245255,172.52821,122.25833,96.0,1.0,1.0,1.0,1.0,0,,0,,,,,,,1,376,1,1,0,0.26312107,0.816503,Primary,0.45230263,0.15857317,0.376,0,1,0,0,0,0,0,0,0,0,0,NONE,0,0,0,0,0,0,NONE,0.05,0,Summer_North,0.0,0.19394886,0.8456502,-0.53373754,0.47708082,0.45111096,0.14511007,0.05,0.16006494,0.15181819,0,0,3,3,127,6.6932316,0.13184862,0,0,0,0.16213983,none,41,0.0,53,0.03773585,38,0.0,26,0.115384616,60,0.05,9,0.0,127,0.79800045,0,3,0.05061139,0.17557201,0.19394886,122.25833,214.47495
377,178.99553,259.98642,213.71202,80.99089,181.55963,204.04147,257.42288,5.316467,11.03375,2.9975455,4.5532837,10.546806,2.0753913,193.26003,47.65316,0.70760715,-4.144,0.61069167,4.1887565,171.61679,122.7504,100.0,1.0,0.98,0.992,1.0,0,,0,,,,,,,1,377,1,1,0,0.26382086,0.8168676,Primary,0.45394737,0.15885574,0.377,0,1,0,0,0,0,0,0,0,0,0,NONE,0,0,0,0,0,0,NONE,0.05,0,Summer_North,0.0,0.19735579,0.84103525,-0.54098034,0.49206668,0.4497573,-0.024976214,0.05,0.16006494,0.15181819,0,0,4,3,127,5.7172823,0.14239159,0,0,0,0.15066114,none,41,0.0,53,0.03773585,38,0.0,26,0.115384616,60,0.05,9,0.0,127,0.7978443,0,4,0.053886123,0.17103519,0.19735579,122.7504,213.71202
378,180.09906,259.7723,213.55762,79.67325,181.59457,202.5084,257.4178,4.976238,10.563399,2.7406867,4.7583747,9.24973,2.1227682,191.16342,47.709126,0.70703214,-3.7958968,0.6845867,3.857135,169.77666,123.237335,99.0,1.0,0.989899,0.9959596,1.0,0,,0,,,,,,,1,378,1,1,0,0.26452065,0.81723124,Primary,0.4555921,0.15913776,0.378,0,1,0,0,0,0,0,0,0,0,0,NONE,0,0,0,0,0,0,NONE,0.05,0,Summer_North,0.0,0.20074914,0.83640736,-0.54810834,0.48693332,0.4461714,0.102437176,0.05,0.16006494,0.15181819,0,0,5,3,127,5.5871615,0.16255905,0,0,0,0.1493875,none,41,0.0,53,0.03773585,38,0.0,26,0.115384616,60,0.05,9,0.0,127,0.79768836,0,5,0.060129736,0.1705803,0.20074914,123.237335,213.55762
379,178.45094,258.96747,213.61996,80.51654,181.15433,203.27553,257.48474,5.191203,12.513644,3.247682,4.1137896,10.82779,2.410548,194.13605,49.483612,0.68870145,-3.9427876,0.5817196,3.98547,171.60712,123.7196,100.0,1.0,1.0,1.0,1.0,0,,0,,,,,,,1,379,1,1,0,0.26522043,0.81759393,Primary,0.45723686,0.1594192,0.379,0,1,0,0,0,0,0,0,0,0,0,NONE,0,0,0,0,0,0,NONE,0.05,0,Summer_North,0.0,0.20413128,0.8317643,-0.555129,0.48226666,0.32182014,-0.0025295375,0.05,0.16006494,0.15181819,0,0,6,3,127,7.3224416,0.1325945,1,0,0,0.4122085,minor,41,0.0,53,0.03773585,38,0.0,26,0.115384616,60,0.05,9,0.0,127,0.79753256,0,6,0.04817709,0.27576324,0.20413128,123.7196,213.61996
380,178.69447,260.15073,213.65845,81.45627,180.99736,203.2234,257.92032,5.1160474,11.338795,3.0041037,4.722575,10.456749,2.2163193,192.46819,43.940273,0.7452246,-4.036901,0.5741449,4.077525,171.90544,124.2056,100.0,1.0,1.0,1.0,1.0,1,"HP3 Mole Recovery Operations, HP3 RAD Calibrations, and Aeolian Change, Dust Devil Search, and Meteor Baseline Search Images",1,,0.0,,0.0,,0.0,1,380,1,1,0,0.26592022,0.8179557,Primary,0.4588816,0.15970007,0.38,18,7,0,0,0,1,0,1,1,0,3,HP3,0,1,0,1,0,0,MAINTENANCE,0.8204546,0,Summer_North,0.0,0.2075608,0.82702565,-0.5621642,0.486,0.32051492,0.008031615,0.3068182,0.16006494,0.20318183,1,1,0,4,128,6.2227473,0.13604675,0,0,0,0.1622378,none,41,0.0,54,0.055555556,38,0.0,27,0.14814815,61,0.06557377,9,0.0,128,0.796377,1,0,0.0492316,0.1761794,0.2075608,124.2056,213.65845
381,179.32825,259.6127,213.70616,80.28446,181.92003,202.84514,258.09738,5.061529,10.813739,2.9197235,4.231982,10.18206,2.136457,195.96632,49.570824,0.68779594,-3.8352458,0.38771144,3.8547933,174.22748,124.69454,99.0,1.0,1.0,1.0,1.0,0,,0,,,,,,,1,381,1,1,0,0.26662,0.81831646,Primary,0.46052632,0.15998039,0.381,0,1,0,0,0,0,0,0,0,0,0,NONE,0,0,0,0,0,0,NONE,0.05,0,Summer_North,0.0,0.21103235,0.8221982,-0.56920123,0.48894545,0.31523493,0.0074654063,0.3068182,0.16006494,0.15272728,0,0,1,4,128,5.7522097,0.110144354,0,0,0,0.14853232,none,41,0.0,54,0.055555556,38,0.0,27,0.14814815,61,0.06557377,9,0.0,128,0.7962216,0,1,0.041008525,0.1707516,0.21103235,124.69454,213.70616
382,178.27637,261.37772,214.11664,83.10135,181.13585,204.6771,257.79175,5.2070417,11.46139,3.0869012,4.461429,10.620177,2.2011328,194.57805,45.902565,0.72548026,-4.1911697,0.48279858,4.218886,173.42882,125.1782,100.0,1.0,0.99,0.996,1.0,0,,0,,,,,,,1,382,1,1,0,0.2673198,0.8186763,Primary,0.46217105,0.16026016,0.382,0,1,0,0,0,0,0,0,0,0,0,NONE,0,0,0,0,0,0,NONE,0.05,0,Summer_North,0.0,0.21448702,0.81736416,-0.5761214,0.48365456,0.3353896,-0.05971697,0.3068182,0.16006494,0.15272728,0,0,2,4,128,6.2543483,0.1095689,0,0,0,0.16008845,none,41,0.0,54,0.055555556,38,0.0,27,0.14814815,61,0.06557377,9,0.0,128,0.79606646,0,2,0.041244153,0.17542835,0.21448702,125.1782,214.11664
383,179.50923,261.44745,213.92653,81.93822,182.4454,203.48398,258.2139,5.418527,11.950864,3.054982,4.494238,11.493727,2.205556,196.9783,53.03076,0.6515951,-4.050044,0.45091298,4.0750685,173.64713,125.663826,99.0,1.0,1.0,1.0,1.0,0,,0,,,,,,,1,383,1,1,0,0.2680196,0.8190352,Primary,0.46381578,0.16053934,0.383,0,1,0,0,0,0,0,0,0,0,0,NONE,0,0,0,0,0,0,NONE,0.05,0,Summer_North,0.0,0.21797627,0.8124518,-0.58302844,0.48562828,0.19618465,0.035752047,0.05,0.16006494,0.15272728,0,0,3,3,128,6.532337,0.1505074,1,0,0,0.41385782,minor,41,0.0,54,0.055555556,38,0.0,27,0.11111111,61,0.04918033,9,0.0,128,0.7959115,0,3,0.051195912,0.27699032,0.21797627,125.663826,213.92653
384,179.81978,261.7965,214.71347,81.97673,182.37282,204.0035,259.29565,5.2322855,11.632464,3.0685406,4.6127944,10.480479,2.2232091,191.47899,50.81143,0.67487293,-3.8937776,0.77039874,3.969259,168.80835,126.1544,100.0,1.0,0.99,0.996,1.0,0,,0,,,,,,,1,384,1,1,0,0.26871938,0.81939316,Primary,0.46546054,0.160818,0.384,0,1,0,0,0,0,0,0,0,0,0,NONE,0,0,0,0,0,0,NONE,0.05,0,Summer_North,0.0,0.2215216,0.8074301,-0.58996326,0.4905717,0.40843913,0.19264257,0.05,0.16006494,0.15272728,0,0,4,3,128,6.4001794,0.1412231,0,0,0,0.16300298,none,41,0.0,54,0.055555556,38,0.0,27,0.11111111,61,0.04918033,9,0.0,128,0.7957567,0,4,0.05266747,0.17670259,0.2215216,126.1544,214.71347
385,178.94522,261.31076,224.58688,82.365555,180.78879,229.97336,259.6084,6.6121917,11.114489,3.6477597,7.421654,10.910138,1.6809084,155.2766,41.30884,0.7711266,-5.0677423,3.2851403,6.039384,147.04686,126.7301,70.0,1.0,0.75714284,0.9028571,1.0,0,,0,,,,,,,1,385,1,1,0,0.26941916,0.8197502,Primary,0.46710527,0.16109608,0.385,0,1,0,0,0,0,0,0,0,0,0,NONE,0,0,0,0,0,0,NONE,0.05,0,Summer_North,0.0,0.22570817,0.8014616,-0.59804624,0.5757,4.0356574,1.8278205,0.05,0.16006494,0.15272728,0,0,5,3,128,4.5022974,0.54370415,0,0,0,0.1583806,none,41,0.0,54,0.055555556,38,0.0,27,0.11111111,61,0.04918033,9,0.0,128,0.7956021,0,5,0.25359648,0.17490774,0.22570817,126.7301,224.58688
386,178.27348,261.58887,213.65906,83.31537,180.61053,203.01033,259.43637,5.1320515,11.4129715,2.9413574,4.4101567,10.214007,2.2238615,194.12575,52.418835,0.65803057,-3.7071793,0.5721118,3.7510653,171.22702,127.15284,99.0,1.0,1.0,1.0,1.0,0,,0,,,,,,,1,386,1,1,0,0.27011895,0.8201063,Primary,0.46875,0.16137362,0.386,0,1,0,0,0,0,0,0,0,0,0,NONE,0,0,0,0,0,0,NONE,0.05,0,Summer_North,0.0,0.22880004,0.7970273,-0.6039433,0.42273837,4.0326877,0.00010133305,0.05,0.16006494,0.15272728,0,0,6,3,128,6.2809196,0.5480331,0,0,0,0.2004596,none,41,0.0,54,0.055555556,38,0.0,27,0.11111111,61,0.04918033,9,0.0,128,0.79544765,0,6,0.25489128,0.1917934,0.22880004,127.15284,213.65906
387,177.74512,262.3168,213.85713,84.57168,180.4552,203.5698,259.3131,5.2931952,11.98033,3.0863297,4.2364917,11.217032,2.2633457,195.96,52.349476,0.6587593,-3.8554966,0.4122602,3.877475,173.89667,127.6236,100.0,1.0,1.0,1.0,1.0,0,,0,,,,,,,1,387,1,1,0,0.27081874,0.8204615,Primary,0.47039473,0.16165058,0.387,0,1,0,0,0,0,0,0,0,0,0,NONE,0,0,0,0,0,0,NONE,0.05,0,Summer_North,0.0,0.23226051,0.79203826,-0.6104714,0.47076163,4.0183964,0.025162254,0.05,0.05,0.15272728,0,0,7,3,128,6.6871357,0.53686833,1,0,0,0.44943163,minor,41,0.0,54,0.055555556,38,0.0,27,0.11111111,61,0.04918033,9,0.0,128,0.79529345,0,7,0.2510989,0.26391995,0.23226051,127.6236,213.85713
388,177.51872,261.71964,214.23843,84.2009,180.71013,203.70479,259.56918,5.1430197,11.80582,3.1974168,4.238677,10.859846,2.2955036,193.66992,50.87785,0.674179,-3.7101328,0.71070415,3.77759,169.15593,128.1146,100.0,1.0,1.0,1.0,1.0,0,,0,,,,,,,1,388,1,1,0,0.27151856,0.8208158,Primary,0.47203946,0.16192701,0.388,0,1,0,0,0,0,0,0,0,0,0,NONE,0,0,0,0,0,0,NONE,0.05,0,Summer_North,0.0,0.235889,0.78677773,-0.6172364,0.491,3.9834707,0.020300046,0.05,0.05,0.101363644,0,0,8,3,128,6.662801,0.5285581,0,0,0,0.19866647,none,41,0.0,54,0.055555556,38,0.0,27,0.11111111,61,0.04918033,9,0.0,128,0.79513943,0,8,0.24777496,0.16366778,0.235889,128.1146,214.23843
389,176.9329,260.98315,213.76187,84.05026,180.62993,202.74133,259.07138,5.3057446,11.508421,3.0362144,4.322848,10.736963,2.169049,199.31178,54.26282,0.638607,-3.905459,0.43908355,3.930064,173.58528,128.60918,99.0,1.0,1.0,1.0,1.0,0,,0,,,,,,,1,389,1,1,0,0.27221835,0.82116914,Primary,0.47368422,0.16220288,0.389,0,1,0,0,0,0,0,0,0,0,0,NONE,0,0,0,0,0,0,NONE,0.05,0,Summer_North,0.0,0.23956358,0.78142047,-0.62400484,0.49458182,4.0074577,-0.027443852,0.05,0.05,0.101363644,0,0,9,3,128,6.2026763,0.522778,0,0,0,0.19736281,none,41,0.0,54,0.055555556,38,0.0,27,0.11111111,61,0.04918033,9,0.0,128,0.7949856,0,9,0.24645928,0.16320017,0.23956358,128.60918,213.76187
390,177.56815,262.88486,214.45193,85.3167,180.44432,203.47577,260.21912,5.1652694,12.21557,2.7103481,4.571866,9.793719,2.3649435,196.75587,54.317818,0.6380265,-3.657089,0.4100004,3.6799998,173.60321,129.0988,100.0,1.0,1.0,1.0,1.0,0,,0,,,,,,,1,390,1,1,0,0.27291813,0.82152164,Primary,0.47532895,0.1624782,0.39,0,1,0,0,0,0,0,0,0,0,0,NONE,0,0,0,0,0,0,NONE,0.05,0,Summer_North,0.0,0.24322039,0.7760596,-0.6306596,0.48961818,3.977121,-0.043589335,0.05,0.05,0.101363644,0,0,10,3,128,7.0503016,0.53381634,1,0,0,0.44915062,minor,41,0.0,54,0.055555556,38,0.0,27,0.11111111,61,0.04918033,9,0.0,128,0.794832,0,10,0.24929112,0.26396903,0.24322039,129.0988,214.45193
391,178.26076,261.94824,214.3786,83.68748,181.09225,203.5082,259.7831,5.315176,11.623727,3.153618,4.564018,11.098702,2.186894,192.38132,54.691807,0.634077,-3.7765903,0.73287666,3.8470433,169.0178,129.5918,100.0,1.0,1.0,1.0,1.0,0,,0,,,,,,,1,391,1,1,0,0.27361792,0.8218732,Primary,0.47697368,0.16275297,0.391,0,1,0,0,0,0,0,0,0,0,0,NONE,0,0,0,0,0,0,NONE,0.05,0,Summer_North,0.0,0.2469214,0.77060443,-0.6373137,0.493,3.9916868,-1.7013805,0.05,0.05,0.101363644,0,0,11,3,128,6.308551,0.5300725,0,0,0,0.2988059,none,41,0.0,54,0.055555556,38,0.0,27,0.11111111,61,0.04918033,9,0.0,128,0.7946785,0,11,0.24841891,0.20388488,0.2469214,129.5918,214.3786
392,178.77257,262.92148,214.31061,84.14891,181.24165,204.46236,259.7704,5.27467,11.473106,2.913751,4.203486,10.09749,2.1751325,197.97841,57.631542,0.6029763,-3.7021158,0.59129953,3.7490394,170.9254,130.0884,99.0,1.0,1.0,1.0,1.0,0,,0,,,,,,,1,392,1,1,0,0.2743177,0.82222384,Primary,0.4786184,0.16302718,0.392,0,1,0,0,0,0,0,0,0,0,0,NONE,0,0,0,0,0,0,NONE,0.05,0,Summer_North,0.0,0.25066835,0.76505184,-0.64396864,0.49659395,0.32467708,0.108590506,0.05,0.05,0.101363644,0,0,12,3,128,6.1984367,0.08193353,0,0,0,0.1566705,none,41,0.0,54,0.055555556,38,0.0,27,0.11111111,61,0.04918033,9,0.0,128,0.79452527,0,12,0.03236611,0.14708436,0.25066835,130.0884,214.31061
393,177.81326,262.5495,214.20688,84.736244,180.85333,203.24263,260.02332,5.491432,12.323154,3.3275187,4.578062,11.859736,2.2440693,196.2282,60.786003,0.5696283,-3.780287,0.8014848,3.8643172,168.02959,130.58,100.0,1.0,1.0,1.0,1.0,0,,0,,,,,,,1,393,1,1,0,0.2750175,0.8225736,Primary,0.48026314,0.16330086,0.393,0,1,0,0,0,0,0,0,0,0,0,NONE,0,0,0,0,0,0,NONE,0.05,0,Summer_North,0.0,0.25439608,0.7594984,-0.6505091,0.49160606,0.26243883,0.058291487,0.05,0.05,0.101363644,0,0,13,3,128,6.8317227,0.11446749,1,0,0,0.41053948,minor,41,0.0,54,0.055555556,38,0.0,27,0.11111111,61,0.04918033,9,0.0,128,0.7943722,0,13,0.041273315,0.24868552,0.25439608,130.58,214.20688
394,177.18501,262.7105,213.64131,85.52548,180.31352,202.63014,260.4906,5.3450284,11.0225115,2.905293,4.811961,10.314301,2.0621989,195.08098,56.166462,0.618484,-3.7585857,0.67333186,3.8184214,169.84349,131.0736,99.0,1.0,1.0,1.0,1.0,0,,0,,,,,,,1,394,1,1,0,0.2757173,0.8229225,Primary,0.4819079,0.16357398,0.394,0,1,0,0,0,0,0,0,0,0,0,NONE,0,0,0,0,0,0,NONE,0.05,0,Summer_North,0.0,0.2581571,0.75386626,-0.6570279,0.49359596,0.31336066,-0.09952108,0.05,0.05,0.101363644,0,0,14,3,128,5.6774836,0.116808556,0,0,0,0.1473481,none,41,0.0,54,0.055555556,38,0.0,27,0.11111111,61,0.04918033,9,0.0,128,0.7942194,0,14,0.043057457,0.14346246,0.2581571,131.0736,213.64131
395,177.25201,262.4247,214.44037,85.17269,180.183,203.91475,260.0781,5.0901556,12.088946,2.6763237,4.541108,9.850138,2.374966,195.62128,53.800827,0.6434815,-3.6231842,0.595944,3.6718678,170.65958,131.5716,100.0,1.0,1.0,1.0,1.0,0,,0,,,,,,,1,395,1,1,0,0.27641708,0.82327056,Primary,0.48355263,0.16384657,0.395,0,1,0,0,0,0,0,0,0,0,0,NONE,0,0,0,0,0,0,NONE,0.05,0,Summer_North,0.0,0.26196992,0.7481271,-0.66355544,0.49800405,0.33249453,0.11308284,0.05,0.05,0.05,0,0,15,3,128,6.998791,0.12907164,1,1,0,0.41188416,minor,41,0.0,54,0.055555556,38,0.0,27,0.11111111,61,0.04918033,9,0.0,128,0.79406667,0,15,0.047293797,0.24933033,0.26196992,131.5716,214.44037
396,177.1132,262.75812,214.24025,85.64491,179.91817,204.11098,260.06564,5.432627,12.959314,3.1927197,4.4688306,10.912032,2.38546,195.32224,53.26366,0.64914286,-3.9635506,0.6799264,4.0214467,170.26596,132.0682,100.0,1.0,1.0,1.0,1.0,0,,0,,,,,,,1,396,1,1,0,0.27711686,0.8236177,Primary,0.48519737,0.1641186,0.396,0,1,0,0,0,0,0,0,0,0,0,NONE,0,0,0,0,0,0,NONE,0.05,0,Summer_North,0.0,0.26578987,0.74234784,-0.6700147,0.4966,0.27951422,-0.035280745,0.05,0.05,0.05,0,0,16,2,128,7.526687,0.14100428,1,1,0,0.41298282,minor,41,0.0,54,0.037037037,38,0.0,27,0.074074075,61,0.032786883,9,0.0,128,0.7939142,0,16,0.049938522,0.24982317,0.26578987,132.0682,214.24025
397,176.95267,262.66467,213.73096,85.71199,180.43608,202.33931,259.79636,5.4135942,12.026642,3.034417,4.418662,10.376088,2.221563,196.91592,53.007454,0.6518404,-3.9571614,0.523632,3.991656,172.46211,132.56378,99.0,1.0,1.0,1.0,1.0,0,,0,,,,,,,1,397,1,1,0,0.27781665,0.82396394,Primary,0.4868421,0.16439009,0.397,0,1,0,0,0,0,0,0,0,0,0,NONE,0,0,0,0,0,0,NONE,0.05,0,Summer_North,0.0,0.26961958,0.73652476,-0.6764106,0.4955879,0.3179742,-0.107941166,0.05,0.05,0.05,0,0,17,2,128,6.6130476,0.13179308,1,1,0,0.4121347,minor,41,0.0,54,0.037037037,38,0.0,27,0.074074075,61,0.032786883,9,0.0,128,0.7937619,0,17,0.04784668,0.24953721,0.26961958,132.56378,213.73096
398,178.42549,263.2845,215.27167,84.85898,181.24731,203.75375,261.3299,5.03638,10.833145,2.484467,4.5934143,9.277623,2.1509786,196.89171,59.05587,0.5879043,-3.3158221,0.44517624,3.345573,172.3533,133.0644,100.0,1.0,1.0,1.0,1.0,0,,0,,,,,,,1,398,1,1,0,0.27851644,0.8243093,Primary,0.48848686,0.16466103,0.398,0,1,0,0,0,0,0,0,0,0,0,NONE,0,0,0,0,0,0,NONE,0.05,0,Summer_North,0.0,0.27350563,0.7305867,-0.68281996,0.50061214,0.5360889,0.16017607,0.05,0.05,0.05,0,0,18,2,128,5.796766,0.17478663,0,1,0,0.15555614,none,41,0.0,54,0.037037037,38,0.0,27,0.074074075,61,0.032786883,9,0.0,128,0.7936098,0,18,0.06581559,0.14695902,0.27350563,133.0644,215.27167
399,177.1731,263.65414,214.7348,86.48104,180.24277,204.18196,260.76663,4.946803,10.46998,2.612821,4.428872,9.392722,2.1165144,195.0543,55.4866,0.62567616,-3.4049833,0.67494196,3.471233,168.78807,133.5634,100.0,1.0,1.0,1.0,1.0,0,,0,,,,,,,1,399,1,1,0,0.27921623,0.82465386,Primary,0.4901316,0.16493145,0.399,0,1,0,0,0,0,0,0,0,0,0,NONE,0,0,0,0,0,0,NONE,0.05,0,Summer_North,0.0,0.27739638,0.72461224,-0.68915683,0.499,0.56551534,0.08798653,0.05,0.05,0.05,0,0,19,2,128,5.5231767,0.22005405,0,0,0,0.1531419,none,41,0.0,54,0.037037037,38,0.0,27,0.074074075,61,0.032786883,9,0.0,128,0.79345787,0,19,0.08060318,0.1460465,0.27739638,133.5634,214.7348
400,177.00052,263.74744,213.8682,86.746925,179.95454,202.46394,260.79315,5.1628985,11.440604,2.7178483,4.5503454,9.987016,2.2159266,195.94861,55.501728,0.6255162,-3.5727136,0.6006965,3.6228604,170.45587,134.06097,99.0,1.0,1.0,1.0,1.0,1,"HP3 Mole Recovery Operations, HP3 RAD Calibrations, Landed Model Energy Fault Response Enabling, Overnight Battery Characterization, and Aeolian Change, Dust Devil Search, and Meteor Baseline Search Images",1,,0.0,,0.0,,0.0,1,400,1,1,0,0.27991602,0.8249975,Primary,0.49177632,0.1652013,0.4,27,9,0,0,0,1,1,1,1,0,4,HP3,0,1,0,1,0,0,MAINTENANCE,1.0,0,Summer_North,0.0,0.28129286,0.7186001,-0.69542354,0.49757978,0.5910901,0.037814658,0.36666667,0.18571429,0.11333334,1,1,0,3,129,6.2777057,0.1936431,0,0,0,0.1678295,none,41,0.0,55,0.054545455,39,0.025641026,28,0.10714286,62,0.048387095,9,0.0,129,0.7923061,1,0,0.07285749,0.18625323,0.28129286,134.06097,213.8682
401,176.78265,264.16605,214.14809,87.38341,179.49577,203.07582,261.64108,5.0163918,12.628256,2.6052556,4.2633376,9.56685,2.5173984,192.47668,55.181286,0.62890434,-3.457912,0.5976765,3.5091841,170.19371,134.5636,100.0,1.0,1.0,1.0,1.0,0,,0,,,,,,,1,401,1,1,0,0.2806158,0.82534033,Primary,0.49342105,0.16547064,0.401,0,1,0,0,0,0,0,0,0,0,0,NONE,0,0,0,0,0,0,NONE,0.05,0,Summer_North,0.0,0.28524554,0.71247196,-0.70170057,0.5026202,0.5281749,-0.04871197,0.36666667,0.18571429,0.11333334,0,0,1,3,129,7.611864,0.1935703,1,0,0,0.4178228,minor,41,0.0,55,0.054545455,39,0.025641026,28,0.10714286,62,0.048387095,9,0.0,129,0.7921546,0,1,0.071536414,0.28630358,0.28524554,134.5636,214.14809
402,175.8426,263.09125,214.03358,87.24863,179.24324,202.84915,260.43674,5.3230753,12.227549,3.0624719,4.101749,10.5148115,2.2970836,195.7641,57.89185,0.6002209,-3.6567757,0.6169386,3.7084527,170.42375,135.0646,100.0,1.0,1.0,1.0,1.0,0,,0,,,,,,,1,402,1,1,0,0.2813156,0.8256823,Primary,0.49506578,0.16573943,0.402,0,1,0,0,0,0,0,0,0,0,0,NONE,0,0,0,0,0,0,NONE,0.05,0,Summer_North,0.0,0.28920192,0.7063091,-0.70790356,0.501,0.5385638,-0.034444425,0.36666667,0.18571429,0.11333334,0,0,2,3,129,6.9044733,0.20007887,1,1,0,0.41842207,minor,41,0.0,55,0.054545455,39,0.025641026,28,0.10714286,62,0.048387095,9,0.0,129,0.7920033,0,2,0.07378965,0.28659624,0.28920192,135.0646,214.03358
403,177.47328,263.51477,214.09149,86.04148,180.22853,202.88257,261.00525,5.1516576,10.590519,2.8232574,3.9835112,9.655,2.0557497,197.49055,59.700775,0.5810863,-3.3599684,0.6579647,3.4237852,168.92027,135.56985,99.0,1.0,1.0,1.0,1.0,0,,0,,,,,,,1,403,1,1,0,0.28201538,0.8260234,Primary,0.49671054,0.16600768,0.403,0,1,0,0,0,0,0,0,0,0,0,NONE,0,0,0,0,0,0,NONE,0.05,0,Summer_North,0.0,0.29320818,0.7000392,-0.7141044,0.5052485,0.5437481,0.060087737,0.05,0.18571429,0.11333334,0,0,3,2,129,5.4388614,0.16914289,0,1,0,0.14642578,none,41,0.0,55,0.036363635,39,0.025641026,28,0.071428575,62,0.032258064,9,0.0,129,0.79185206,0,3,0.0642057,0.17785066,0.29320818,135.56985,214.09149
404,175.37321,264.06284,214.23315,88.68963,179.27364,202.89299,261.35672,5.1842136,11.667689,2.82945,4.015945,10.386522,2.250619,196.90694,58.400578,0.5948368,-3.4597733,0.48368934,3.4934204,172.04141,136.0698,100.0,1.0,1.0,1.0,1.0,0,,0,,,,,,,1,404,1,1,0,0.28271517,0.8263637,Primary,0.49835527,0.1662754,0.404,0,1,0,0,0,0,0,0,0,0,0,NONE,0,0,0,0,0,0,NONE,0.05,0,Summer_North,0.0,0.29718828,0.69378155,-0.7201855,0.4999515,0.4916553,-0.17308526,0.05,0.18571429,0.11333334,0,0,4,2,129,6.483476,0.12641229,0,0,0,0.16163929,none,41,0.0,55,0.036363635,39,0.025641026,28,0.071428575,62,0.032258064,9,0.0,129,0.79170114,0,4,0.049745068,0.18398888,0.29718828,136.0698,214.23315
405,176.94545,264.12177,214.12894,87.1763,180.03455,202.47891,261.39865,4.928321,10.642601,2.5730882,4.023851,9.596538,2.1594782,195.81955,57.436695,0.60503894,-3.3398886,0.4892826,3.3755374,171.66565,136.57137,99.0,1.0,1.0,1.0,1.0,0,,0,,,,,,,1,405,1,1,0,0.283415,0.8267031,Primary,0.5,0.16654257,0.405,0,1,0,0,0,0,0,0,0,0,0,NONE,0,0,0,0,0,0,NONE,0.05,0,Summer_North,0.0,0.30119672,0.6874506,-0.72623116,0.5015636,0.27100986,-0.10097815,0.05,0.18571429,0.11333334,0,0,5,2,129,5.71428,0.1434034,0,0,0,0.15068208,none,41,0.0,55,0.036363635,39,0.025641026,28,0.071428575,62,0.032258064,9,0.0,129,0.79155034,0,5,0.05051457,0.17965879,0.30119672,136.57137,214.12894
406,177.71011,264.40378,215.02281,86.693665,180.86806,202.82373,262.3674,4.907609,11.347494,2.6899924,4.310464,9.561106,2.3122246,195.53577,57.04641,0.6091705,-3.305161,0.51938695,3.3457215,171.06934,137.078,100.0,1.0,1.0,1.0,1.0,0,,0,,,,,,,1,406,1,1,0,0.28411478,0.8270417,Primary,0.50164473,0.16680923,0.406,0,1,0,0,0,0,0,0,0,0,0,NONE,0,0,0,0,0,0,NONE,0.05,0,Summer_North,0.0,0.3052612,0.6810021,-0.73228145,0.5066364,0.37263906,0.19243665,0.05,0.18571429,0.11333334,0,0,6,2,129,6.4398856,0.1510311,0,0,0,0.16390604,none,41,0.0,55,0.036363635,39,0.025641026,28,0.071428575,62,0.032258064,9,0.0,129,0.7913997,0,6,0.05500116,0.18500109,0.3052612,137.078,215.02281
407,179.35834,264.46667,215.37146,85.108345,181.69226,203.83684,262.20242,5.336639,10.696248,2.7689826,4.8548,9.813527,2.0043042,200.32867,63.150383,0.544764,-3.430321,0.44748572,3.4593852,172.56773,137.583,100.0,1.0,1.0,1.0,1.0,1,"HP3 Mole Recovery Operations, New WUTT Installation, APSS/SEIS DBLT Dumps, SEIS Flash Maintenance and Tilt Measurement, and Aeolian Change, Dust Devil Search, and Meteor Baseline Search Images",1,,0.0,,0.0,,0.0,1,407,1,1,0,0.28481457,0.82737947,Primary,0.50328946,0.16707535,0.407,27,10,0,0,0,1,1,1,1,0,4,HP3,1,1,1,1,0,1,SCIENCE,1.0,0,Summer_North,0.0,0.30932766,0.67452145,-0.73825526,0.505,0.53515375,0.20389567,0.36666667,0.18571429,0.17666666,1,1,0,3,130,5.359609,0.17600861,0,0,0,0.14515123,none,41,0.0,56,0.05357143,40,0.05,29,0.10344828,63,0.04761905,9,0.0,130,0.79024935,1,0,0.0661791,0.17790179,0.30932766,137.583,215.37146
408,178.09392,264.8694,215.23013,86.775475,181.06767,203.39578,263.25577,4.9770594,9.772642,2.2524376,4.1697087,8.560086,1.9635375,194.21208,68.29804,0.49141675,-2.9824796,0.4534089,3.0167472,171.35585,138.08656,99.0,1.0,1.0,1.0,1.0,0,,0,,,,,,,1,408,1,1,0,0.28551435,0.82771635,Primary,0.5049342,0.16734093,0.408,0,1,0,0,0,0,0,0,0,0,0,NONE,0,0,0,0,0,0,NONE,0.05,0,Summer_North,0.0,0.31339726,0.6680072,-0.7441548,0.50355554,0.59242064,0.19942383,0.36666667,0.18571429,0.17666666,0,0,1,3,130,4.795583,0.18048054,0,0,0,0.13199322,none,41,0.0,56,0.05357143,40,0.05,29,0.10344828,63,0.04761905,9,0.0,130,0.79009914,0,1,0.06876168,0.17269115,0.31339726,138.08656,215.23013
409,178.65225,264.80307,216.27798,86.15083,182.46536,205.1573,263.09857,4.8790936,11.366881,2.368531,4.798226,9.042639,2.3297117,195.06299,70.4105,0.46996763,-3.006667,0.41776744,3.0355518,172.08957,138.5952,100.0,1.0,1.0,1.0,1.0,0,,0,,,,,,,1,409,1,1,0,0.28621414,0.82805246,Primary,0.5065789,0.16760598,0.409,0,1,0,0,0,0,0,0,0,0,0,NONE,0,0,0,0,0,0,NONE,0.05,0,Summer_North,0.0,0.31752262,0.6613747,-0.7500557,0.50864446,0.8101102,0.36441615,0.36666667,0.18571429,0.17666666,0,0,2,3,130,6.4877877,0.17324804,0,0,0,0.16595164,none,41,0.0,56,0.05357143,40,0.05,29,0.10344828,63,0.04761905,9,0.0,130,0.78994906,0,2,0.07098813,0.18632706,0.31752262,138.5952,216.27798
410,179.93852,264.64355,216.13496,84.70503,182.47427,205.72833,262.79187,5.048529,11.136259,2.4118686,4.755391,10.248431,2.2058423,196.47643,66.811646,0.5066803,-3.1646006,0.22562881,3.172634,175.92184,139.1028,100.0,1.0,1.0,1.0,1.0,0,,0,,,,,,,1,410,1,1,0,0.28691393,0.8283878,Primary,0.5082237,0.1678705,0.41,0,1,0,0,0,0,0,0,0,0,0,NONE,0,0,0,0,0,0,NONE,0.05,0,Summer_North,0.0,0.3216538,0.65470386,-0.7558855,0.5076,0.8346544,0.31696814,0.05,0.18571429,0.17666666,0,0,3,2,130,6.0877295,0.16766426,0,0,0,0.16190058,none,41,0.0,56,0.035714287,40,0.05,29,0.06896552,63,0.031746034,9,0.0,130,0.7897992,0,3,0.06974545,0.18475908,0.3216538,139.1028,216.13496
411,180.08371,264.922,215.89926,84.838295,182.33453,204.46603,262.58554,4.9476585,10.105389,2.1755407,4.529952,8.736156,2.0424588,196.87569,63.497025,0.5411335,-3.0416703,0.283619,3.0548646,174.67288,139.60934,99.0,1.0,1.0,1.0,1.0,0,,0,,,,,,,1,411,1,1,0,0.28761372,0.82872224,Primary,0.50986844,0.1681345,0.411,0,1,0,0,0,0,0,0,0,0,0,NONE,0,0,0,0,0,0,NONE,0.05,0,Summer_North,0.0,0.3257904,0.6479957,-0.761644,0.50654346,0.7458506,0.29505458,0.05,0.18571429,0.17666666,0,0,4,2,130,5.1577306,0.1566048,0,0,0,0.13850771,none,41,0.0,56,0.035714287,40,0.05,29,0.06896552,63,0.031746034,9,0.0,130,0.7896496,0,4,0.06444849,0.1754543,0.3257904,139.60934,215.89926
412,180.19019,264.91412,216.6583,84.72395,182.95369,206.46873,263.08862,4.892727,10.80425,2.4906356,4.406004,9.2277355,2.2082267,196.41647,71.748375,0.45654902,-2.86132,0.62008524,2.9277394,167.77234,140.121,100.0,1.0,1.0,1.0,1.0,0,,0,,,,,,,1,412,1,1,0,0.2883135,0.8290559,Primary,0.5115132,0.16839796,0.412,0,1,0,0,0,0,0,0,0,0,0,NONE,0,0,0,0,0,0,NONE,0.05,0,Summer_North,0.0,0.32998255,0.6411684,-0.7674002,0.5116566,0.6054728,0.2725784,0.05,0.18571429,0.17666666,0,0,5,2,130,5.911523,0.159996,0,0,0,0.15695523,none,41,0.0,56,0.035714287,40,0.05,29,0.06896552,63,0.031746034,9,0.0,130,0.7895001,0,5,0.06261408,0.18288563,0.32998255,140.121,216.6583
413,180.74109,265.0054,217.12166,84.26432,183.55823,206.14566,263.137,4.7614574,9.826241,2.276933,4.6009817,8.523714,2.0637045,193.07626,65.4638,0.52062756,-2.8537855,0.71162844,2.9411745,165.99811,140.631,100.0,1.0,1.0,1.0,1.0,0,,0,,,,,,,1,413,1,1,0,0.2890133,0.8293888,Primary,0.5131579,0.16866091,0.413,0,1,0,0,0,0,0,0,0,0,0,NONE,0,0,0,0,0,0,NONE,0.05,0,Summer_North,0.0,0.33417463,0.63431233,-0.7730769,0.51,0.6728189,0.29169926,0.05,0.18571429,0.17666666,0,0,6,2,130,5.0647836,0.18187042,0,0,0,0.13859782,none,41,0.0,56,0.035714287,40,0.05,29,0.06896552,63,0.031746034,9,0.0,130,0.7893508,0,6,0.07085611,0.17559491,0.33417463,140.631,217.12166
414,181.36801,265.9011,216.60341,84.5331,183.89908,205.7592,263.58475,4.780605,10.720111,2.295568,4.487848,8.772464,2.2424173,199.84521,75.665794,0.41810822,-2.565365,0.6273407,2.640957,166.25844,141.1447,99.0,1.0,1.0,1.0,1.0,1,"HP3 Mole Recovery Operations and Aeolian Change, Dust Devil Search, and Meteor Baseline Search Images",1,,0.0,,0.0,,0.0,1,414,1,1,0,0.28971308,0.82972085,Primary,0.51480263,0.16892332,0.414,15,5,0,0,0,1,0,1,1,0,3,HP3,0,0,0,1,0,0,RECOVERY,0.67954546,0,Summer_North,0.0,0.33841038,0.62735575,-0.7787328,0.51369697,0.60884553,0.22888015,0.25984848,0.13993506,0.21863636,1,1,0,3,131,5.9395065,0.103429526,0,0,0,0.15242018,none,41,0.0,57,0.05263158,40,0.05,30,0.1,64,0.046875,9,0.0,131,0.78820175,0,7,0.0449638,0.17008123,0.33841038,141.1447,216.60341
415,182.464,266.71402,217.90665,84.25001,184.5105,206.59299,264.83984,4.7664256,9.341496,2.1123,4.5557885,8.196104,1.9598534,196.633,65.53082,0.5199318,-2.898263,0.4041991,2.9263127,172.0606,141.6532,100.0,1.0,1.0,1.0,1.0,0,,0,,,,,,,1,415,1,1,0,0.29041287,0.83005214,Primary,0.51644737,0.16918522,0.415,0,1,0,0,0,0,0,0,0,0,0,NONE,0,0,0,0,0,0,NONE,0.05,0,Summer_North,0.0,0.34261608,0.62041986,-0.78426987,0.508503,0.6795545,0.27144465,0.25984848,0.13993506,0.15530303,0,0,1,3,131,4.5750704,0.107220426,0,0,0,0.11994262,none,41,0.0,57,0.05263158,40,0.05,30,0.1,64,0.046875,9,0.0,131,0.78805286,0,8,0.04761043,0.15714231,0.34261608,141.6532,217.90665
416,182.15053,266.2156,218.11263,84.06509,184.21555,206.80608,264.41214,4.2822104,7.5525227,1.7687709,4.484502,6.8251047,1.7636971,195.10788,83.17587,0.34864324,-1.853611,0.5599923,1.9363536,163.18997,142.1658,100.0,1.0,1.0,1.0,1.0,0,,0,,,,,,,1,416,1,1,0,0.29111266,0.8303826,Primary,0.5180921,0.16944659,0.416,0,1,0,0,0,0,0,0,0,0,0,NONE,0,0,0,0,0,0,NONE,0.05,0,Summer_North,0.0,0.34686822,0.6133786,-0.789789,0.5126,0.8429526,0.3296101,0.25984848,0.13993506,0.15530303,0,0,2,3,131,3.270312,0.24535435,0,0,0,0.10127033,none,41,0.0,57,0.05263158,40,0.05,30,0.1,64,0.046875,9,0.0,131,0.7879041,0,9,0.0942537,0.14972547,0.34686822,142.1658,218.11263
417,182.6909,266.16528,217.45543,83.47437,184.61234,206.15475,263.7919,4.3410935,9.076492,2.0810776,3.8681834,7.8184667,2.0908308,199.96965,66.324234,0.51171297,-2.355726,0.44885534,2.3981068,169.21228,142.68251,99.0,1.0,1.0,1.0,1.0,0,,0,,,,,,,1,417,1,1,0,0.29181245,0.83071226,Primary,0.5197368,0.16970743,0.417,0,1,0,0,0,0,0,0,0,0,0,NONE,0,0,0,0,0,0,NONE,0.05,0,Summer_North,0.0,0.35116687,0.60623115,-0.7952885,0.51671517,0.7837838,0.2593609,0.05,0.13993506,0.15530303,0,0,3,3,131,4.7353983,0.2627396,0,0,0,0.13811918,none,41,0.0,57,0.05263158,40,0.05,30,0.1,64,0.046875,9,0.0,131,0.78775555,0,10,0.098478794,0.164517,0.35116687,142.68251,217.45543
418,181.09573,267.5389,217.85753,86.44319,183.79407,206.35297,265.507,4.771325,10.086259,2.354768,3.8018005,8.799288,2.1139324,200.49625,67.42478,0.50036836,-2.700054,0.54304636,2.7541225,168.62814,143.1934,100.0,1.0,1.0,1.0,1.0,0,,0,,,,,,,1,418,1,1,0,0.29251224,0.83104116,Primary,0.52138156,0.16996776,0.418,0,1,0,0,0,0,0,0,0,0,0,NONE,0,0,0,0,0,0,NONE,0.05,0,Summer_North,0.0,0.35542896,0.59911585,-0.80066234,0.5108848,0.61074793,0.19987385,0.05,0.13993506,0.15530303,0,0,4,3,131,5.3149333,0.24050759,0,0,0,0.15001506,none,41,0.0,57,0.05263158,40,0.05,30,0.1,64,0.046875,9,0.0,131,0.7876072,0,11,0.08794379,0.16932727,0.35542896,143.1934,217.85753
419,182.58069,266.19308,218.16573,83.61242,184.68231,207.15079,264.5469,4.524645,9.557054,2.3440735,4.74503,8.243852,2.112222,201.73799,65.03156,0.5251195,-2.6383443,0.47826576,2.6813426,169.72528,143.70592,99.0,1.0,1.0,1.0,1.0,0,,0,,,,,,,1,419,1,1,0,0.29321203,0.8313692,Primary,0.5230263,0.17022756,0.419,0,1,0,0,0,0,0,0,0,0,0,NONE,0,0,0,0,0,0,NONE,0.05,0,Summer_North,0.0,0.35971624,0.5919299,-0.80598944,0.5125192,0.57532775,0.17401075,0.05,0.13993506,0.15530303,0,0,5,3,131,5.032409,0.21959332,0,0,0,0.14129224,none,41,0.0,57,0.05263158,40,0.05,30,0.1,64,0.046875,9,0.0,131,0.7874591,0,12,0.08066133,0.16589,0.35971624,143.70592,218.16573
420,183.13815,267.0604,218.837,83.92224,185.73094,207.56203,265.12436,4.7658362,9.94747,2.5946267,3.9529767,9.377231,2.0872452,198.80154,67.24602,0.50220644,-2.8657086,0.6524469,2.9390428,167.17389,144.2242,100.0,1.0,1.0,1.0,1.0,1,"HP3 Mole Recovery Operations, New WUTT Installation, Update LME Curve, APSS/SEIS DBLT Dumps, and Aeolian Change, Dust Devil Search, and Meteor Baseline Search Images",1,,0.0,,0.0,,0.0,1,420,1,1,0,0.2939118,0.83169657,Primary,0.5246711,0.17048684,0.42,24,9,0,0,0,1,1,1,1,0,4,HP3,0,0,1,1,0,1,DEPLOYMENT,1.0,0,Summer_North,0.0,0.36406308,0.58461505,-0.8113108,0.5182808,0.6898975,0.37226564,0.36666667,0.27564934,0.21863636,1,1,0,4,132,5.181633,0.22012234,0,0,0,0.14493106,none,41,0.0,58,0.06896552,41,0.07317073,31,0.12903225,65,0.06153846,9,0.0,132,0.7863111,0,13,0.08319124,0.20167589,0.36406308,144.2242,218.837
421,185.52278,267.41086,229.79839,81.88807,186.50166,234.13457,266.3273,5.9634924,10.324121,2.7457118,6.27627,9.910812,1.7312207,154.51477,52.495995,0.65721977,-4.1888947,2.5591152,4.908758,148.57805,144.8335,70.0,1.0,0.78571427,0.9142857,1.0,0,,0,,,,,,,1,421,1,1,0,0.2946116,0.8320231,Primary,0.5263158,0.17074561,0.421,0,1,0,0,0,0,0,0,0,0,0,NONE,0,0,0,0,0,0,NONE,0.05,0,Summer_North,0.0,0.36918753,0.57595444,-0.8174818,0.6093,4.457897,1.9819556,0.36666667,0.18571429,0.21863636,0,0,1,4,132,4.360629,0.5636879,0,0,0,0.15681222,none,41,0.0,58,0.06896552,41,0.07317073,31,0.12903225,65,0.06153846,9,0.0,132,0.7861633,0,14,0.2685696,0.18399632,0.36918753,144.8335,229.79839
422,184.02873,267.5751,219.68004,83.54637,186.54701,209.03168,265.57233,4.6181664,9.472062,2.4868011,3.82114,9.036403,2.0510437,200.67781,63.90974,0.53681695,-2.8542113,0.54340005,2.9054785,169.22072,145.28014,99.0,1.0,1.0,1.0,1.0,0,,0,,,,,,,1,422,1,1,0,0.29531142,0.8323489,Primary,0.52796054,0.17100386,0.422,0,1,0,0,0,0,0,0,0,0,0,NONE,0,0,0,0,0,0,NONE,0.05,0,Summer_North,0.0,0.37295341,0.56956446,-0.8219467,0.44664142,4.386606,0.26123607,0.36666667,0.18571429,0.15530303,0,0,2,4,132,4.8538957,0.5667782,0,0,0,0.16896412,none,41,0.0,58,0.06896552,41,0.07317073,31,0.12903225,65,0.06153846,9,0.0,132,0.7860157,0,15,0.26806653,0.18890874,0.37295341,145.28014,219.68004
423,184.3744,267.54288,219.89674,83.16847,186.17577,208.71132,266.17755,4.9523983,10.175506,2.527488,5.0057354,9.229335,2.0546622,199.82472,68.830315,0.485984,-2.9540997,0.627365,3.019982,168.01018,145.7774,100.0,1.0,1.0,1.0,1.0,0,,0,,,,,,,1,423,1,1,0,0.2960112,0.83267385,Primary,0.52960527,0.1712616,0.423,0,1,0,0,0,0,0,0,0,0,0,NONE,0,0,0,0,0,0,NONE,0.05,0,Summer_North,0.0,0.37715513,0.5624096,-0.8268588,0.49725857,4.3107457,0.40688708,0.05,0.18571429,0.15530303,0,0,3,4,132,5.2231073,0.5294947,0,0,0,0.17441405,none,41,0.0,58,0.06896552,41,0.07317073,31,0.12903225,65,0.06153846,9,0.0,132,0.7858682,0,16,0.25482178,0.19114031,0.37715513,145.7774,219.89674
424,185.21866,267.14648,219.41565,81.92783,186.54427,209.80647,265.14822,5.3368363,11.814916,2.8526788,4.873774,10.255397,2.2138426,200.59114,65.38274,0.5214693,-3.408871,0.40522307,3.4328716,173.22089,146.2964,100.0,1.0,1.0,1.0,1.0,0,,0,,,,,,,1,424,1,1,0,0.296711,0.8329981,Primary,0.53125,0.17151882,0.424,0,1,0,0,0,0,0,0,0,0,0,NONE,0,0,0,0,0,0,NONE,0.05,0,Summer_North,0.0,0.3815504,0.5548967,-0.83191925,0.519,4.160646,0.2596867,0.05,0.18571429,0.15530303,0,0,4,4,132,6.4780793,0.5036995,0,0,0,0.19637764,none,41,0.0,58,0.06896552,41,0.07317073,31,0.12903225,65,0.06153846,9,0.0,132,0.785721,0,17,0.24364388,0.19997728,0.3815504,146.2964,219.41565
425,184.51132,266.9686,218.7967,82.45726,186.2614,208.45714,265.43753,5.5535226,11.670799,3.003644,5.025849,11.0712385,2.1015127,204.05559,68.992546,0.48433176,-3.5522416,0.27491355,3.5628638,175.57462,146.8145,99.0,1.0,1.0,1.0,1.0,0,,0,,,,,,,1,425,1,1,0,0.2974108,0.8333216,Primary,0.53289473,0.17177552,0.425,0,1,0,0,0,0,0,0,0,0,0,NONE,0,0,0,0,0,0,NONE,0.05,0,Summer_North,0.0,0.3859477,0.54735154,-0.8369028,0.51809496,4.0746746,0.1051651,0.05,0.18571429,0.15530303,0,0,5,4,132,6.117276,0.5329181,0,0,0,0.19624183,none,41,0.0,58,0.06896552,41,0.07317073,31,0.12903225,65,0.06153846,9,0.0,132,0.78557396,0,18,0.2510228,0.19997442,0.3859477,146.8145,218.7967
426,184.22023,268.6608,219.04959,84.44057,185.90472,208.70142,265.63904,5.786085,12.430662,3.2317169,5.2453947,11.376352,2.1483717,206.85861,66.10542,0.51397645,-3.7626586,0.03561939,3.7628272,179.45763,147.3376,100.0,1.0,1.0,1.0,1.0,0,,0,,,,,,,1,426,1,1,0,0.29811057,0.8336443,Primary,0.53453946,0.17203172,0.426,0,1,0,0,0,0,0,0,0,0,0,NONE,0,0,0,0,0,0,NONE,0.05,0,Summer_North,0.0,0.390397,0.539688,-0.8418651,0.523105,3.9976194,0.035430957,0.05,0.18571429,0.15530303,0,0,6,4,132,6.644577,0.51817,1,0,0,0.44770998,minor,41,0.0,58,0.06896552,41,0.07317073,31,0.12903225,65,0.06153846,9,0.0,132,0.78542703,0,19,0.24481277,0.30061308,0.390397,147.3376,219.04959
427,183.9105,267.94437,219.07736,84.03385,185.5889,207.87706,266.653,5.939005,12.705087,3.2503245,5.455058,12.38482,2.1392617,201.84897,73.405426,0.44012624,-3.5762563,0.44657448,3.6040306,172.8822,147.8598,100.0,1.0,1.0,1.0,1.0,1,"HP3 Mole Recovery Operations, HP3 RAD Calibrations, Update LME Curve, and Long Shadow, Aeolian Change, Dust Devil Search and Meteor Baseline Search Images",1,,0.0,,0.0,,0.0,1,427,1,1,0,0.29881036,0.83396626,Primary,0.5361842,0.17228739,0.427,23,8,0,0,0,1,0,1,1,0,3,HP3,0,1,0,1,0,1,MAINTENANCE,0.9250001,0,Summer_North,0.0,0.39484772,0.5319928,-0.8467489,0.5222,3.9791183,-1.7868385,0.3416667,0.17500001,0.21363637,1,1,0,5,133,6.766082,0.51297015,1,1,0,0.5472312,moderate,41,0.0,59,0.084745765,41,0.07317073,32,0.15625,66,0.07575758,9,0.0,133,0.78428036,1,0,0.24280211,0.33814436,0.39484772,147.8598,219.07736
428,181.87057,267.75525,217.73114,85.88469,184.24805,206.70702,265.07397,6.0049534,13.89772,3.6816337,4.8862348,12.9354725,2.314376,210.87724,66.83115,0.50647926,-3.9234328,0.08791685,3.9244177,178.71632,148.38597,99.0,1.0,1.0,1.0,1.0,0,,0,,,,,,,1,428,1,1,0,0.29951015,0.83428746,Primary,0.5378289,0.17254256,0.428,0,1,0,0,0,0,0,0,0,0,0,NONE,0,0,0,0,0,0,NONE,0.05,0,Summer_North,0.0,0.3993411,0.5241945,-0.8515986,0.5261697,0.71172243,-0.32481545,0.3416667,0.17500001,0.21363637,0,0,1,5,133,7.8927674,0.5200784,1,1,0,0.4478857,minor,41,0.0,59,0.084745765,41,0.07317073,32,0.15625,66,0.07575758,9,0.0,133,0.78413385,0,1,0.1776051,0.29845744,0.3993411,148.38597,217.73114
429,182.59337,267.06567,218.1875,84.47232,184.49866,206.46089,265.5133,5.76309,12.065433,3.1373796,5.1468267,11.38578,2.09357,204.87933,71.400764,0.46002227,-3.562152,0.5435637,3.6033857,171.32393,148.9064,100.0,1.0,1.0,1.0,1.0,0,,0,,,,,,,1,429,1,1,0,0.30020994,0.8346079,Primary,0.5394737,0.17279722,0.429,0,1,0,0,0,0,0,0,0,0,0,NONE,0,0,0,0,0,0,NONE,0.05,0,Summer_North,0.0,0.4037938,0.5164377,-0.8563248,0.5204303,0.7296994,-0.28487405,0.3416667,0.17500001,0.17166667,0,0,2,5,133,6.3023424,0.3715514,1,1,0,0.43421024,minor,41,0.0,59,0.084745765,41,0.07317073,32,0.15625,66,0.07575758,9,0.0,133,0.7839875,0,2,0.13144886,0.2930385,0.4037938,148.9064,218.1875
430,182.34972,268.15366,217.91736,85.80393,184.42258,206.43907,265.97195,5.3262086,11.94277,2.8743973,5.05725,11.288048,2.2422647,206.33882,72.56222,0.44845483,-2.959607,0.5505427,3.010377,169.46234,149.42888,99.0,1.0,1.0,1.0,1.0,0,,0,,,,,,,1,430,1,1,0,0.30090973,0.8349276,Primary,0.54111844,0.17305137,0.43,0,1,0,0,0,0,0,0,0,0,0,NONE,0,0,0,0,0,0,NONE,0.05,0,Summer_North,0.0,0.40827206,0.5086075,-0.8609985,0.52247876,0.6487111,-0.24971475,0.05,0.17500001,0.17166667,0,0,3,4,133,6.6165614,0.2736789,1,1,0,0.4251987,minor,41,0.0,59,0.06779661,41,0.048780486,32,0.125,66,0.060606062,9,0.0,133,0.7838414,0,3,0.09911834,0.289485,0.40827206,149.42888,217.91736
431,181.60501,267.6272,218.46747,86.022194,183.5455,207.57559,266.1554,5.633659,11.865073,3.0423865,5.3053484,10.9954405,2.1061044,204.58215,68.97645,0.48449567,-3.3902225,0.53009677,3.4314153,171.11316,149.9566,100.0,1.0,1.0,1.0,1.0,0,,0,,,,,,,1,431,1,1,0,0.30160952,0.8352466,Primary,0.5427632,0.17330502,0.431,0,1,0,0,0,0,0,0,0,0,0,NONE,0,0,0,0,0,0,NONE,0.05,0,Summer_North,0.0,0.41280296,0.50065583,-0.8656464,0.5277212,0.53884274,-0.054873712,0.05,0.17500001,0.17166667,0,0,4,4,133,6.231415,0.23290429,0,1,0,0.17136438,none,41,0.0,59,0.06779661,41,0.048780486,32,0.125,66,0.060606062,9,0.0,133,0.7836954,0,4,0.084078215,0.18800236,0.41280296,149.9566,218.46747
432,181.62737,267.95294,218.25247,86.325584,184.02477,207.62119,266.66913,5.601331,12.618832,3.252192,4.833352,11.342533,2.2528272,202.93225,67.33586,0.50128233,-3.6289117,0.48834023,3.661622,172.33578,150.4826,100.0,1.0,1.0,1.0,1.0,0,,0,,,,,,,1,432,1,1,0,0.3023093,0.83556485,Primary,0.5444079,0.17355816,0.432,0,1,0,0,0,0,0,0,0,0,0,NONE,0,0,0,0,0,0,NONE,0.05,0,Summer_North,0.0,0.41732645,0.49268785,-0.8702061,0.526,0.52131164,-0.13285218,0.05,0.17500001,0.17166667,0,0,5,4,133,7.0175004,0.2280222,1,1,0,0.42099494,minor,41,0.0,59,0.06779661,41,0.048780486,32,0.125,66,0.060606062,9,0.0,133,0.78354967,0,5,0.08218711,0.28790557,0.41732645,150.4826,218.25247
433,181.41376,266.80444,217.69545,85.390686,183.49872,207.21198,265.5128,5.922416,12.986511,3.40087,4.8489127,12.005705,2.1927724,205.67966,66.479004,0.51011354,-3.9300923,0.2941132,3.941082,175.72018,151.00766,99.0,1.0,1.0,1.0,1.0,0,,0,,,,,,,1,433,1,1,0,0.3030091,0.83588237,Primary,0.54605263,0.17381078,0.433,0,1,0,0,0,0,0,0,0,0,0,NONE,0,0,0,0,0,0,NONE,0.05,0,Summer_North,0.0,0.42184886,0.48469257,-0.8746846,0.5250667,0.48265904,-0.23031725,0.05,0.17500001,0.17166667,0,0,6,4,133,7.064095,0.2399154,1,1,0,0.42208996,minor,41,0.0,59,0.06779661,41,0.048780486,32,0.125,66,0.060606062,9,0.0,133,0.78340405,0,6,0.08511513,0.28839457,0.42184886,151.00766,217.69545
434,182.68353,268.81567,218.37254,86.13214,184.2512,207.4294,266.01013,5.6936846,12.094226,3.2985127,5.0701084,11.428591,2.1241477,201.76463,67.45978,0.5000087,-3.6178262,0.6146797,3.6696727,170.35736,151.5384,100.0,1.0,1.0,1.0,1.0,1,"HP3 Mole Recovery Operations, HP3 RAD High Rate and Calibrations, New WUTT Installation, APSS/SEIS DBLT Dumps, SEIS VBB Recentering and Calibration, and Long Shadow, Aeolian Change, and Dust Devil Search Images",1,,0.0,,0.0,,0.0,1,434,1,1,0,0.30370888,0.8361991,Primary,0.54769737,0.17406291,0.434,31,12,0,0,0,1,1,1,1,0,4,HP3,0,1,1,1,0,1,MAINTENANCE,1.0,0,Summer_North,0.0,0.42642674,0.47656965,-0.8791367,0.53073335,0.30888706,0.106900595,0.36666667,0.18571429,0.235,1,1,0,5,134,6.400542,0.22362487,1,1,0,0.42059004,minor,41,0.0,60,0.083333336,42,0.071428575,33,0.15151516,67,0.07462686,9,0.0,134,0.7822586,1,0,0.07642616,0.29087406,0.42642674,151.5384,218.37254
435,181.92891,267.93118,219.91623,86.00228,183.70274,203.89493,266.18094,7.6640916,11.422995,2.9964066,8.247417,10.93032,1.4904563,145.78801,19.04457,0.9462564,-6.092059,4.2225747,7.4123764,145.2731,152.12785,84.0,1.0,0.5595238,0.8238095,1.0,0,,0,,,,,,,1,435,1,1,0,0.30440867,0.8365152,Primary,0.5493421,0.17431453,0.435,0,1,0,0,0,0,0,0,0,0,0,NONE,0,0,0,0,0,0,NONE,0.05,0,Summer_North,0.0,0.43151852,0.46750006,-0.883993,0.58945715,0.71885246,0.2881213,0.36666667,0.18571429,0.17166667,0,0,1,5,134,3.7589025,0.77995354,0,1,0,0.16224787,none,41,0.0,60,0.083333336,42,0.071428575,33,0.15151516,67,0.07462686,9,0.0,134,0.78211343,0,1,0.2591601,0.18758802,0.43151852,152.12785,219.91623
436,181.60693,267.11584,217.73534,85.50891,183.4867,207.6164,264.84805,5.522121,11.520555,3.0664055,4.374068,10.553253,2.0862553,209.96799,66.74534,0.5073642,-3.4740283,0.2894282,3.486064,175.23758,152.59546,99.0,1.0,1.0,1.0,1.0,0,,0,,,,,,,1,436,1,1,0,0.30510846,0.8368305,Primary,0.5509868,0.17456566,0.436,0,1,0,0,0,0,0,0,0,0,0,NONE,0,0,0,0,0,0,NONE,0.05,0,Summer_North,0.0,0.43556288,0.46027023,-0.8877789,0.4675974,0.76038074,-0.03033769,0.36666667,0.18571429,0.17166667,0,0,2,5,134,5.9984336,0.79442656,0,0,0,0.21746075,none,41,0.0,60,0.083333336,42,0.071428575,33,0.15151516,67,0.07462686,9,0.0,134,0.78196836,0,2,0.2645508,0.20972395,0.43556288,152.59546,217.73534
437,181.2746,268.9059,218.13522,87.631325,183.47836,206.65616,266.15518,5.3136,11.539556,2.730989,4.7290406,10.166958,2.171702,208.5259,70.19546,0.47213694,-3.2385428,-0.0016046285,3.2385433,180.02838,153.1286,100.0,1.0,1.0,1.0,1.0,0,,0,,,,,,,1,437,1,1,0,0.30580825,0.8371451,Primary,0.55263156,0.17481627,0.437,0,1,0,0,0,0,0,0,0,0,0,NONE,0,0,0,0,0,0,NONE,0.05,0,Summer_North,0.0,0.44017935,0.4519895,-0.89202327,0.5331454,0.7446527,-0.055375073,0.05,0.18571429,0.17166667,0,0,3,4,134,6.2259555,0.7959811,0,0,0,0.22307777,none,41,0.0,60,0.06666667,42,0.04761905,33,0.121212125,67,0.05970149,9,0.0,134,0.7818235,0,3,0.26471326,0.21202146,0.44017935,153.1286,218.13522
438,181.71738,268.64935,218.14375,86.93197,183.50629,207.20677,266.35162,5.8079286,12.046981,2.7769523,5.5067782,11.024773,2.0742302,211.53264,70.199844,0.4720926,-3.4496846,-0.3240988,3.4648757,185.3672,153.6602,100.0,1.0,1.0,1.0,1.0,0,,0,,,,,,,1,438,1,1,0,0.30650803,0.83745897,Primary,0.5542763,0.1750664,0.438,0,1,0,0,0,0,0,0,0,0,0,NONE,0,0,0,0,0,0,NONE,0.05,0,Summer_North,0.0,0.44478762,0.44369382,-0.8961784,0.5316,0.7474793,-0.018121349,0.05,0.18571429,0.17166667,0,0,4,4,134,6.239053,0.788689,1,0,0,0.47261775,minor,41,0.0,60,0.06666667,42,0.04761905,33,0.121212125,67,0.05970149,9,0.0,134,0.7816788,0,4,0.26248726,0.31188807,0.44478762,153.6602,218.14375
439,181.59406,267.9902,217.60857,86.39614,183.36375,206.71814,265.30573,5.681757,12.298851,3.211666,4.952758,11.4505205,2.164621,206.87712,69.36665,0.48052847,-3.5081127,0.42578238,3.5338569,173.07982,154.19664,99.0,1.0,1.0,1.0,1.0,0,,0,,,,,,,1,439,1,1,0,0.30720782,0.83777213,Primary,0.5559211,0.175316,0.439,0,1,0,0,0,0,0,0,0,0,0,NONE,0,0,0,0,0,0,NONE,0.05,0,Summer_North,0.0,0.44944265,0.43528396,-0.90029323,0.5364364,0.79547906,-0.014480534,0.05,0.18571429,0.17166667,0,0,5,4,134,6.6170936,0.78363585,1,1,0,0.4721525,minor,41,0.0,60,0.06666667,42,0.04761905,33,0.121212125,67,0.05970149,9,0.0,134,0.7815343,0,5,0.26189482,0.31175256,0.44944265,154.19664,217.60857
440,181.4384,267.17175,218.10127,85.73335,183.3519,208.10286,264.74173,5.420464,11.787027,3.0367806,4.603468,10.522047,2.1745422,202.89853,69.32487,0.48095283,-3.3069346,0.6820752,3.376543,168.34583,154.7274,100.0,1.0,1.0,1.0,1.0,0,,0,,,,,,,1,440,1,1,0,0.30790764,0.83808464,Primary,0.5575658,0.17556512,0.44,0,1,0,0,0,0,0,0,0,0,0,NONE,0,0,0,0,0,0,NONE,0.05,0,Summer_North,0.0,0.4540528,0.42692545,-0.9042868,0.5307636,0.76423824,-0.045212712,0.05,0.18571429,0.17166667,0,0,6,4,134,6.366564,0.8084756,0,1,0,0.22443959,none,41,0.0,60,0.06666667,42,0.04761905,33,0.121212125,67,0.05970149,9,0.0,134,0.78138995,0,6,0.26903138,0.21271794,0.4540528,154.7274,218.10127
441,182.09062,268.75266,217.70457,86.662025,184.0442,207.0682,264.75555,5.4049406,11.66482,2.8437393,5.0287676,10.477062,2.1581771,207.28348,67.931755,0.49516588,-3.1956725,0.41097334,3.2219903,172.67181,155.25984,99.0,1.0,1.0,1.0,1.0,1,"HP3 Mole Recovery Operations, HP3 RAD High Rate, Calibrations, and Hourly, New WUTT Installation, BST Dumps, SEIS Flash Maintenance and Tilt Measurement, and Long Shadow, Aeolian Change, Dust Devil Search, and Cloud Images",1,,0.0,,0.0,,0.0,1,441,1,1,0,0.30860743,0.8383964,Primary,0.55921054,0.17581375,0.441,33,15,0,0,0,1,1,0,1,0,3,HP3,1,1,1,1,0,1,SCIENCE,0.9250001,0,Summer_North,0.0,0.45868146,0.4185038,-0.90821505,0.5324384,0.79301786,-0.36860833,0.3416667,0.17500001,0.23,1,1,0,5,135,6.259879,0.82625717,0,0,0,0.3260768,minor,41,0.0,61,0.08196721,43,0.069767445,33,0.121212125,68,0.073529415,9,0.0,135,0.78024584,1,0,0.27519548,0.2510947,0.45868146,155.25984,217.70457
442,181.83815,268.7898,218.18643,86.95166,183.65111,206.97864,265.44208,5.79225,11.933442,2.8837936,5.005893,10.834565,2.060243,211.24313,73.69978,0.43723312,-3.333912,0.15983939,3.3377414,177.25514,155.7976,100.0,1.0,1.0,1.0,1.0,0,,0,,,,,,,1,442,1,1,0,0.30930722,0.8387074,Primary,0.56085527,0.17606187,0.442,0,1,0,0,0,0,0,0,0,0,0,NONE,0,0,0,0,0,0,NONE,0.05,0,Summer_North,0.0,0.46336,0.40996125,-0.91210294,0.5377616,0.24944635,0.07518269,0.3416667,0.17500001,0.17166667,0,0,1,5,135,6.141192,0.1982502,1,0,0,0.416003,minor,41,0.0,61,0.08196721,43,0.069767445,33,0.121212125,68,0.073529415,9,0.0,135,0.78010184,0,1,0.06725078,0.28711557,0.46336,155.7976,218.18643
443,182.77605,268.48175,218.29214,85.70571,184.42517,207.01956,266.19064,5.8822675,12.582,2.9534585,5.2636247,11.192198,2.138971,203.95584,75.56106,0.4191181,-3.3297474,0.44338512,3.359138,172.41518,156.3342,100.0,1.0,1.0,1.0,1.0,0,,0,,,,,,,1,443,1,1,0,0.310007,0.83901775,Primary,0.5625,0.1763095,0.443,0,1,0,0,0,0,0,0,0,0,0,NONE,0,0,0,0,0,0,NONE,0.05,0,Summer_North,0.0,0.46803167,0.40140113,-0.9159024,0.5366,0.25999337,0.026154645,0.3416667,0.17500001,0.17166667,0,0,2,5,135,6.6997323,0.22997753,1,1,0,0.42117494,minor,41,0.0,61,0.08196721,43,0.069767445,33,0.121212125,68,0.073529415,9,0.0,135,0.77995807,0,2,0.07740725,0.28923464,0.46803167,156.3342,218.29214
444,183.36066,268.78796,218.37675,85.42729,184.96082,207.63484,265.23044,5.463318,10.706336,2.7281513,5.058367,10.183812,1.9596765,207.80858,71.42192,0.4598106,-3.1837544,0.21766931,3.1911867,176.08885,156.86963,99.0,1.0,1.0,1.0,1.0,0,,0,,,,,,,1,444,1,1,0,0.3107068,0.8393274,Primary,0.56414473,0.17655663,0.444,0,1,0,0,0,0,0,0,0,0,0,NONE,0,0,0,0,0,0,NONE,0.05,0,Summer_North,0.0,0.47269592,0.39282468,-0.91961336,0.53542626,0.29127115,0.03883384,0.05,0.17500001,0.17166667,0,0,3,4,135,5.2430177,0.2026401,0,1,0,0.14479825,none,41,0.0,61,0.06557377,43,0.069767445,33,0.09090909,68,0.05882353,9,0.0,135,0.7798145,0,3,0.069489025,0.17873423,0.47269592,156.86963,218.37675
445,182.76582,269.83398,218.7229,87.06817,184.53906,207.59033,266.38773,5.4409947,10.490914,2.4275222,5.445622,9.942481,1.9281243,205.46745,75.091606,0.42365724,-2.9437537,0.21424964,2.95154,175.8373,157.4104,100.0,1.0,1.0,1.0,1.0,0,,0,,,,,,,1,445,1,1,0,0.31140658,0.8396364,Primary,0.56578946,0.17680328,0.445,0,1,0,0,0,0,0,0,0,0,0,NONE,0,0,0,0,0,0,NONE,0.05,0,Summer_North,0.0,0.47740918,0.38412774,-0.92327994,0.54077375,0.38613716,0.18572135,0.05,0.17500001,0.17166667,0,0,4,4,135,5.0499196,0.19820379,0,0,0,0.13974409,none,41,0.0,61,0.06557377,43,0.069767445,33,0.09090909,68,0.05882353,9,0.0,135,0.779671,0,4,0.07005689,0.17676277,0.47740918,157.4104,218.7229
446,183.46614,269.77112,218.85347,86.30497,185.10258,208.07706,266.55185,5.527944,11.270633,2.4461343,5.268917,9.888416,2.0388472,208.0734,71.83311,0.45570382,-3.1864183,-0.061995175,3.1870213,181.11461,157.95,100.0,1.0,1.0,1.0,1.0,0,,0,,,,,,,1,446,1,1,0,0.31210637,0.8399446,Primary,0.5674342,0.17704943,0.446,0,1,0,0,0,0,0,0,0,0,0,NONE,0,0,0,0,0,0,NONE,0.05,0,Summer_North,0.0,0.4821142,0.37541556,-0.9268566,0.5396,0.38629353,0.12536687,0.05,0.17500001,0.17166667,0,0,5,4,135,5.742689,0.19400443,0,0,0,0.1560246,none,41,0.0,61,0.06557377,43,0.069767445,33,0.09090909,68,0.05882353,9,0.0,135,0.7795278,0,5,0.06874464,0.18332513,0.4821142,157.95,218.85347
447,182.20528,269.995,218.38387,87.78971,184.38914,207.59935,266.33185,5.53616,9.895736,2.1499772,5.2384872,9.504147,1.7874728,213.35118,70.87081,0.4653355,-3.1226823,-0.49247125,3.161277,188.96217,158.48782,99.0,1.0,1.0,1.0,1.0,0,,0,,,,,,,1,447,1,1,0,0.31280616,0.84025216,Primary,0.5690789,0.17729507,0.447,0,1,0,0,0,0,0,0,0,0,0,NONE,0,0,0,0,0,0,NONE,0.05,0,Summer_North,0.0,0.48680526,0.36669904,-0.93033963,0.5378182,0.3742462,0.11321534,0.05,0.17500001,0.17166667,0,0,6,4,135,4.3595753,0.18466619,0,0,0,0.121888824,none,41,0.0,61,0.06557377,43,0.069767445,33,0.09090909,68,0.05882353,9,0.0,135,0.77938473,0,6,0.065570764,0.16972087,0.48680526,158.48782,218.38387
448,182.80719,268.7851,218.73824,85.97789,184.58884,207.7782,265.87418,5.538373,11.95524,2.5736885,5.164492,10.3257675,2.1586194,212.665,68.33594,0.4910294,-3.3215017,-0.24129258,3.3302546,184.15498,159.0312,100.0,1.0,1.0,1.0,1.0,0,,0,,,,,,,1,448,1,1,0,0.31350595,0.84055907,Primary,0.5707237,0.17754024,0.448,0,1,0,0,0,0,0,0,0,0,0,NONE,0,0,0,0,0,0,NONE,0.05,0,Summer_North,0.0,0.49154603,0.35785952,-0.9337754,0.5433818,0.25857556,0.091966726,0.05,0.05,0.17166667,0,0,7,4,135,6.416867,0.17010558,1,0,0,0.41566232,minor,41,0.0,61,0.06557377,43,0.069767445,33,0.09090909,68,0.05882353,9,0.0,135,0.7792418,0,7,0.058622643,0.2560303,0.49154603,159.0312,218.73824
449,183.1244,269.7016,219.20465,86.57719,184.86546,208.33795,266.5924,5.1878133,10.378281,2.417499,4.793412,9.6816025,2.0005116,205.1895,70.395256,0.47012126,-3.0481715,0.11534077,3.050353,177.833,159.5738,100.0,1.0,1.0,1.0,1.0,0,,0,,,,,,,1,449,1,1,0,0.31420574,0.84086525,Primary,0.57236844,0.17778492,0.449,0,1,0,0,0,0,0,0,0,0,0,NONE,0,0,0,0,0,0,NONE,0.05,0,Summer_North,0.0,0.49628073,0.3490006,-0.9371225,0.5426,0.32547948,0.15208453,0.05,0.05,0.10833334,0,0,8,4,135,5.190468,0.20458613,0,0,0,0.14371315,none,41,0.0,61,0.06557377,43,0.069767445,33,0.09090909,68,0.05882353,9,0.0,135,0.7790991,0,8,0.07080453,0.14730057,0.49628073,159.5738,219.20465
450,182.89467,270.4465,218.4919,87.551834,184.911,208.02924,266.52765,5.2214313,11.172512,2.4777186,4.8036156,10.40323,2.1397414,210.27985,68.63832,0.48794156,-3.0793798,-0.18895072,3.0851715,183.51126,160.1207,99.0,1.0,1.0,1.0,1.0,0,,0,,,,,,,1,450,1,1,0,0.31490552,0.8411708,Primary,0.5740132,0.1780291,0.45,0,1,0,0,0,0,0,0,0,0,0,NONE,0,0,0,0,0,0,NONE,0.05,0,Summer_North,0.0,0.5010533,0.34003988,-0.94041103,0.546897,0.2959734,0.019192524,0.05,0.05,0.10833334,0,0,9,3,135,5.951081,0.14985135,0,0,0,0.15697289,none,41,0.0,61,0.04918033,43,0.046511628,33,0.060606062,68,0.04411765,9,0.0,135,0.7789566,0,9,0.05304957,0.15265435,0.5010533,160.1207,218.4919
451,182.04631,269.8822,218.68103,87.8359,184.599,208.18384,266.14566,5.396838,10.38933,2.1978989,5.3938317,9.065068,1.9250772,213.87183,65.62771,0.5189265,-3.2774162,-0.6236498,3.3362248,190.77383,160.6614,100.0,1.0,1.0,1.0,1.0,0,,0,,,,,,,1,451,1,1,0,0.3156053,0.84147567,Primary,0.5756579,0.1782728,0.451,0,1,0,0,0,0,0,0,0,0,0,NONE,0,0,0,0,0,0,NONE,0.05,0,Summer_North,0.0,0.5057717,0.33115014,-0.94357806,0.54070306,0.26438308,-0.0069783223,0.05,0.05,0.10833334,0,0,10,3,135,4.992492,0.14849581,0,0,0,0.13378565,none,41,0.0,61,0.04918033,43,0.046511628,33,0.060606062,68,0.04411765,9,0.0,135,0.7788142,0,10,0.05197306,0.1434293,0.5057717,160.6614,218.68103
452,181.44182,269.778,218.73618,88.336205,183.7128,208.14708,267.0178,5.628681,11.390666,2.4698033,4.915583,10.098225,2.0236828,213.8612,67.90845,0.4954047,-3.24142,-0.54156667,3.2863505,189.4852,161.2066,100.0,1.0,1.0,1.0,1.0,0,,0,,,,,,,1,452,1,1,0,0.3163051,0.8417798,Primary,0.57730263,0.17851602,0.452,0,1,0,0,0,0,0,0,0,0,0,NONE,0,0,0,0,0,0,NONE,0.05,0,Summer_North,0.0,0.5105288,0.32215664,-0.9466864,0.5452,0.2644118,-0.019550212,0.05,0.05,0.10833334,0,0,11,3,135,5.761985,0.17089514,0,0,0,0.15436107,none,41,0.0,61,0.04918033,43,0.046511628,33,0.060606062,68,0.04411765,9,0.0,135,0.77867204,0,11,0.05899042,0.15170921,0.5105288,161.2066,218.73618
453,180.57623,269.52603,218.27368,88.9498,183.35947,207.74904,266.76416,5.453185,11.476986,2.8523765,4.380929,10.723521,2.104639,206.98308,67.017235,0.5045615,-3.319186,0.14207774,3.3222253,177.54895,161.7559,99.0,1.0,1.0,1.0,1.0,0,,0,,,,,,,1,453,1,1,0,0.3170049,0.84208333,Primary,0.57894737,0.17875874,0.453,0,1,0,0,0,0,0,0,0,0,0,NONE,0,0,0,0,0,0,NONE,0.05,0,Summer_North,0.0,0.5153208,0.31306586,-0.9497314,0.5493091,0.3057814,-0.018364172,0.05,0.05,0.10833334,0,0,12,3,135,6.023801,0.1663124,0,0,0,0.16023807,none,41,0.0,61,0.04918033,43,0.046511628,33,0.060606062,68,0.04411765,9,0.0,135,0.77853,0,12,0.058408506,0.15410973,0.5153208,161.7559,218.27368
454,181.23164,269.40854,218.53574,88.17691,183.6264,207.90852,266.23178,5.7570033,12.313958,2.9837306,4.5423694,11.013351,2.1389527,207.98341,68.18464,0.4925766,-3.4853058,0.2644218,3.495322,175.66142,162.2998,100.0,1.0,1.0,1.0,1.0,1,"HP3 Mole Recovery Operations, HP3 RAD High Rate, SEIS VBB3 Characterization, and Long Shadow, Aeolian Change, Dust Devil Search, and Cloud Images",1,,0.0,,0.0,,0.0,1,454,1,1,0,0.31770468,0.8423862,Primary,0.5805921,0.17900097,0.454,22,9,0,0,0,1,1,0,1,0,3,HP3,0,1,0,1,0,0,MAINTENANCE,0.9250001,0,Summer_North,0.0,0.5200642,0.30403638,-0.95266044,0.5438909,0.2891668,-0.033748765,0.3416667,0.17500001,0.16666667,1,1,0,4,136,6.556955,0.20722407,1,0,0,0.41907996,minor,41,0.0,62,0.06451613,44,0.06818182,33,0.060606062,69,0.057971016,9,0.0,136,0.7773882,1,0,0.07088155,0.2892961,0.5200642,162.2998,218.53574
455,181.71054,269.94525,217.92534,88.23473,183.51903,207.14975,265.47888,5.749634,10.142245,2.3654735,5.379229,9.685085,1.763981,213.13954,66.8322,0.50646836,-3.4551077,-0.5294838,3.4954429,188.7126,162.84618,99.0,1.0,1.0,1.0,1.0,0,,0,,,,,,,1,455,1,1,0,0.31840447,0.8426883,Primary,0.5822368,0.17924273,0.455,0,1,0,0,0,0,0,0,0,0,0,NONE,0,0,0,0,0,0,NONE,0.05,0,Summer_North,0.0,0.5248274,0.29493797,-0.9555164,0.54638183,0.3980207,-0.21321858,0.3416667,0.17500001,0.16666667,0,0,1,4,136,4.392611,0.2349589,0,0,0,0.12731427,none,41,0.0,62,0.06451613,44,0.06818182,33,0.060606062,69,0.057971016,9,0.0,136,0.77724653,0,1,0.081815936,0.17263941,0.5248274,162.84618,217.92534
456,181.01822,270.7958,218.44052,89.77759,183.35622,207.908,267.2643,5.540649,11.27446,2.4120753,5.075087,10.039527,2.0348628,212.32149,66.695404,0.5078794,-3.3241105,-0.5197454,3.364498,188.8866,163.3974,100.0,1.0,1.0,1.0,1.0,0,,0,,,,,,,1,456,1,1,0,0.31910425,0.84298986,Primary,0.58388156,0.17948401,0.456,0,1,0,0,0,0,0,0,0,0,0,NONE,0,0,0,0,0,0,NONE,0.05,0,Summer_North,0.0,0.52963054,0.28573185,-0.9583096,0.55121815,0.27392128,-0.008564482,0.3416667,0.17500001,0.10833334,0,0,2,4,136,5.7338114,0.19505045,0,0,0,0.15590732,none,41,0.0,62,0.06451613,44,0.06818182,33,0.060606062,69,0.057971016,9,0.0,136,0.7771051,0,2,0.06675348,0.18412615,0.52963054,163.3974,218.44052
457,180.48874,271.17734,218.60522,90.688614,183.02844,208.28728,266.83023,5.3337293,11.195669,2.4020612,4.985251,9.63943,2.0990322,210.16864,63.17473,0.5445088,-3.343773,-0.34403127,3.3614244,185.87433,163.9476,100.0,1.0,1.0,1.0,1.0,0,,0,,,,,,,1,457,1,1,0,0.31980407,0.8432907,Primary,0.5855263,0.1797248,0.457,0,1,0,0,0,0,0,0,0,0,0,NONE,0,0,0,0,0,0,NONE,0.05,0,Summer_North,0.0,0.53442204,0.27651638,-0.9610092,0.5502,0.28072077,-0.012634104,0.05,0.17500001,0.10833334,0,0,3,3,136,5.86194,0.16761735,0,0,0,0.15646407,none,41,0.0,62,0.048387095,44,0.06818182,33,0.030303031,69,0.04347826,9,0.0,136,0.7769638,0,3,0.05830016,0.18439831,0.53442204,163.9476,218.60522
458,180.98344,270.49756,218.28061,89.514114,183.60858,207.64688,266.47992,5.487019,11.049582,2.3875237,5.2897134,9.643518,2.0137675,215.51567,64.49497,0.53070784,-3.2996433,-0.5909858,3.35215,190.15434,164.49637,99.0,1.0,1.0,1.0,1.0,0,,0,,,,,,,1,458,1,1,0,0.32050386,0.84359086,Primary,0.5871711,0.17996511,0.458,0,1,0,0,0,0,0,0,0,0,0,NONE,0,0,0,0,0,0,NONE,0.05,0,Summer_North,0.0,0.539198,0.26729935,-0.9636135,0.54877377,0.26792392,-0.07592749,0.05,0.17500001,0.10833334,0,0,4,3,136,5.562562,0.15688066,0,0,0,0.14827283,none,41,0.0,62,0.048387095,44,0.06818182,33,0.030303031,69,0.04347826,9,0.0,136,0.7768227,0,4,0.054672748,0.1811712,0.539198,164.49637,218.28061
459,180.29022,271.49545,218.63463,91.205246,183.47931,208.1854,267.33954,5.4773545,10.668594,2.432934,4.974921,9.896884,1.947764,217.55246,67.185646,0.5028276,-3.2129736,-0.8664566,3.327754,195.09218,165.0508,100.0,1.0,1.0,1.0,1.0,0,,0,,,,,,,1,459,1,1,0,0.32120365,0.8438904,Primary,0.5888158,0.18020494,0.459,0,1,0,0,0,0,0,0,0,0,0,NONE,0,0,0,0,0,0,NONE,0.05,0,Summer_North,0.0,0.54401946,0.25796252,-0.96615493,0.55442625,0.24872579,0.06015638,0.05,0.17500001,0.10833334,0,0,5,3,136,5.19124,0.1569521,0,0,0,0.13934587,none,41,0.0,62,0.048387095,44,0.06818182,33,0.030303031,69,0.04347826,9,0.0,136,0.7766817,0,5,0.054298967,0.17764975,0.54401946,165.0508,218.63463
460,181.00572,271.9359,218.60222,90.9302,183.10078,207.96156,267.9153,5.4861336,10.658455,2.4109054,5.0144424,9.65578,1.9427989,222.65536,67.73386,0.49719483,-3.0848758,-0.8961825,3.2124135,196.19902,165.6038,100.0,1.0,1.0,1.0,1.0,0,,0,,,,,,,1,460,1,1,0,0.32190344,0.8441893,Primary,0.59046054,0.18044429,0.46,0,1,0,0,0,0,0,0,0,0,0,NONE,0,0,0,0,0,0,NONE,0.05,0,Summer_North,0.0,0.5488244,0.24862565,-0.9685997,0.553,0.2551109,0.011078333,0.05,0.17500001,0.10833334,0,0,6,3,136,5.172321,0.1542933,0,0,0,0.13864589,none,41,0.0,62,0.048387095,44,0.06818182,33,0.030303031,69,0.04347826,9,0.0,136,0.776541,0,6,0.053597838,0.177419,0.5488244,165.6038,218.60222
461,180.15831,270.7313,218.30684,90.57298,183.47186,208.04286,267.5784,5.338789,11.296071,2.411365,5.0625863,9.2576065,2.115849,218.52322,65.48777,0.5203787,-3.203058,-0.81989455,3.3063285,194.35785,166.15517,99.0,1.0,1.0,1.0,1.0,1,"Long Shadow, Aeolian Change, Dust Devil Search, and Cloud Images",1,,0.0,,0.0,,0.0,1,461,1,1,0,0.32260323,0.84448755,Primary,0.59210527,0.18068317,0.461,10,5,0,0,0,0,0,0,1,0,1,CAMERA,0,0,0,0,0,0,NONE,0.4613636,0,Summer_North,0.0,0.5536107,0.23929337,-0.9709473,0.5513616,0.25427204,0.06358137,0.18712121,0.10876623,0.13575758,1,1,0,4,137,5.9572825,0.13988343,0,0,0,0.1562043,none,41,0.0,62,0.048387095,44,0.06818182,33,0.030303031,70,0.057142857,9,0.0,137,0.7754004,0,7,0.049066525,0.16828313,0.5536107,166.15517,218.30684
462,181.93312,271.31207,218.82858,89.378944,183.52806,208.1708,268.2131,5.5051403,11.890031,2.5466993,5.1174965,10.458006,2.159805,213.63863,64.26191,0.53313905,-3.468096,-0.75174147,3.5486343,192.23018,166.7126,100.0,1.0,1.0,1.0,1.0,0,,0,,,,,,,1,462,1,1,0,0.323303,0.84478515,Primary,0.59375,0.18092155,0.462,0,1,0,0,0,0,0,0,0,0,0,NONE,0,0,0,0,0,0,NONE,0.05,0,Summer_North,0.0,0.55844456,0.22983572,-0.97322947,0.5574384,0.1961983,0.064678,0.18712121,0.10876623,0.13575758,0,0,1,4,137,6.38489,0.082176834,0,0,0,0.15756635,none,41,0.0,62,0.048387095,44,0.06818182,33,0.030303031,70,0.057142857,9,0.0,137,0.77526,0,8,0.029791128,0.1688771,0.55844456,166.7126,218.82858
463,181.14883,271.5058,218.52922,90.35696,183.2427,208.0039,267.8966,5.326504,10.307831,2.472241,5.1669774,9.771442,1.9351962,213.87195,69.492325,0.47925296,-3.237873,-0.38732266,3.260957,186.82146,167.2686,100.0,1.0,1.0,1.0,1.0,0,,0,,,,,,,1,463,1,1,0,0.3240028,0.8450821,Primary,0.59539473,0.18115948,0.463,0,1,0,0,0,0,0,0,0,0,0,NONE,0,0,0,0,0,0,NONE,0.05,0,Summer_North,0.0,0.5632605,0.2203808,-0.9754139,0.556,0.19240622,-0.012666717,0.18712121,0.10876623,0.13575758,0,0,2,4,137,4.9813266,0.083817534,0,0,0,0.12756184,none,41,0.0,62,0.048387095,44,0.06818182,33,0.030303031,70,0.057142857,9,0.0,137,0.7751197,0,9,0.030226838,0.1569244,0.5632605,167.2686,218.52922
464,181.2244,271.8475,218.26953,90.6231,183.19781,207.52908,267.59665,5.394255,10.265495,2.4585688,5.374425,9.637273,1.9030421,213.07625,74.52859,0.42912787,-3.0040212,-0.20642929,3.0111055,183.93105,167.82918,99.0,1.0,1.0,1.0,1.0,0,,0,,,,,,,1,464,1,1,0,0.3247026,0.8453784,Primary,0.59703946,0.18139692,0.464,0,1,0,0,0,0,0,0,0,0,0,NONE,0,0,0,0,0,0,NONE,0.05,0,Summer_North,0.0,0.5681101,0.21082695,-0.9775234,0.5605818,0.21432884,-0.0018449243,0.05,0.10876623,0.13575758,0,0,3,3,137,4.8712397,0.07593349,0,0,0,0.124187365,none,41,0.0,62,0.032258064,44,0.045454547,33,0.0,70,0.042857144,9,0.0,137,0.77497965,0,10,0.028209483,0.15562361,0.5681101,167.82918,218.26953
465,181.09607,271.0952,218.64476,89.99914,183.21596,208.10304,267.92,5.3307934,12.111094,2.5884564,5.318121,10.14499,2.271912,207.01512,65.641174,0.51878685,-3.3613298,-0.091154955,3.3625655,181.5534,168.3838,100.0,1.0,1.0,1.0,1.0,0,,0,,,,,,,1,465,1,1,0,0.32540238,0.8456741,Primary,0.5986842,0.18163389,0.465,0,1,0,0,0,0,0,0,0,0,0,NONE,0,0,0,0,0,0,NONE,0.05,0,Summer_North,0.0,0.57290167,0.20135488,-0.97951835,0.5546182,0.19770809,0.0016883541,0.05,0.10876623,0.13575758,0,0,4,3,137,6.780301,0.0795104,1,0,0,0.40732086,minor,41,0.0,62,0.032258064,44,0.045454547,33,0.0,70,0.042857144,9,0.0,137,0.77483976,0,11,0.028987002,0.26892596,0.57290167,168.3838,218.64476
466,181.63382,271.00507,218.26457,89.37123,183.52722,207.12846,267.87274,5.417455,11.344067,2.2982757,5.409505,9.290433,2.0939844,212.38168,71.7389,0.45664358,-3.0296135,-0.27343374,3.0419278,185.15718,168.94073,99.0,1.0,1.0,1.0,1.0,0,,0,,,,,,,1,466,1,1,0,0.32610217,0.84596914,Primary,0.6003289,0.18187039,0.466,0,1,0,0,0,0,0,0,0,0,0,NONE,0,0,0,0,0,0,NONE,0.05,0,Summer_North,0.0,0.5777064,0.19182421,-0.9814293,0.5569374,0.2181968,-0.056274258,0.05,0.10876623,0.13575758,0,0,5,3,137,5.9266114,0.073879436,0,0,0,0.14938915,none,41,0.0,62,0.032258064,44,0.045454547,33,0.0,70,0.042857144,9,0.0,137,0.77470005,0,12,0.027645849,0.16580221,0.5777064,168.94073,218.26457
467,181.64001,271.0581,218.8599,89.418076,183.5117,208.09065,268.19012,5.475423,10.574078,2.3143804,5.427367,9.763617,1.9311893,213.00485,73.30483,0.4411167,-2.9656389,-0.3164099,2.9824703,186.08997,169.503,100.0,1.0,1.0,1.0,1.0,0,,0,,,,,,,1,467,1,1,0,0.32680196,0.8462635,Primary,0.6019737,0.1821064,0.467,0,1,0,0,0,0,0,0,0,0,0,NONE,0,0,0,0,0,0,NONE,0.05,0,Summer_North,0.0,0.58254963,0.18218404,-0.98326445,0.56226265,0.2579561,0.092177026,0.05,0.10876623,0.13575758,0,0,6,3,137,5.098655,0.07187878,0,0,0,0.12928537,none,41,0.0,62,0.032258064,44,0.045454547,33,0.0,70,0.042857144,9,0.0,137,0.7745605,0,13,0.027839575,0.15780953,0.58254963,169.503,218.8599
468,181.53568,272.8438,219.40172,91.30813,184.19986,208.4019,268.46564,5.5108213,9.861115,2.0595152,5.512862,8.854493,1.7894094,213.26492,70.51988,0.46886542,-3.082345,-0.6387971,3.1478426,191.70845,170.0642,100.0,1.0,1.0,1.0,1.0,1,"HP3 Mole Recovery Operations, SEIS Flash Maintenance and Tilt Measurement, and Long Shadow, Aeolian Change, Dust Devil Search, and Cloud Images",1,,0.0,,0.0,,0.0,1,468,1,1,0,0.32750174,0.8465573,Primary,0.60361844,0.18234196,0.468,21,9,0,0,0,1,1,0,1,0,3,HP3,1,1,0,1,0,0,SCIENCE,0.91136366,0,Summer_North,0.0,0.58737576,0.17254458,-0.9850017,0.5612,0.39584544,0.09552339,0.33712122,0.17305195,0.19318183,1,1,0,4,138,4.3502946,0.077328525,0,0,0,0.11178253,none,41,0.0,63,0.04761905,45,0.06666667,33,0.0,71,0.056338027,9,0.0,138,0.77342117,1,0,0.032392137,0.16727859,0.58737576,170.0642,219.40172
469,180.70274,272.6382,218.93982,91.93546,184.02971,208.30913,268.66864,5.5286155,10.1369915,2.4345837,4.99267,9.827045,1.8335496,216.83246,68.722755,0.48708037,-3.2365305,-0.8151036,3.3375926,194.13568,170.62393,99.0,1.0,1.0,1.0,1.0,0,,0,,,,,,,1,469,1,1,0,0.32820153,0.8468505,Primary,0.6052632,0.18257704,0.469,0,1,0,0,0,0,0,0,0,0,0,NONE,0,0,0,0,0,0,NONE,0.05,0,Summer_North,0.0,0.5921809,0.16291392,-0.9866403,0.5597293,0.4046828,0.06843396,0.33712122,0.17305195,0.13484849,0,0,1,4,138,4.6083755,0.08186489,0,0,0,0.118409306,none,41,0.0,63,0.04761905,45,0.06666667,33,0.0,71,0.056338027,9,0.0,138,0.773282,0,1,0.03399555,0.16997801,0.5921809,170.62393,218.93982
470,181.57936,272.93597,219.60397,91.35662,183.90948,208.47853,269.64478,5.2936945,10.329836,2.1811779,4.9263,8.78767,1.9513471,216.61101,66.35826,0.51136124,-3.13633,-0.7475982,3.2242005,193.40724,171.1888,100.0,1.0,1.0,1.0,1.0,0,,0,,,,,,,1,470,1,1,0,0.32890132,0.847143,Primary,0.6069079,0.18281165,0.47,0,1,0,0,0,0,0,0,0,0,0,NONE,0,0,0,0,0,0,NONE,0.05,0,Summer_North,0.0,0.5970213,0.153179,-0.98819846,0.5648707,0.5168279,0.22240569,0.33712122,0.17305195,0.13484849,0,0,2,4,138,5.036141,0.0891442,0,0,0,0.12937103,none,41,0.0,63,0.04761905,45,0.06666667,33,0.0,71,0.056338027,9,0.0,138,0.773143,0,2,0.038589995,0.17441136,0.5970213,171.1888,219.60397
471,181.90773,273.0133,219.87509,91.10557,184.19562,209.00674,268.8077,5.462892,11.700962,2.4907365,4.891534,9.878473,2.1418986,215.5423,65.19704,0.5233988,-3.3576634,-0.8008374,3.4518464,193.41501,171.753,100.0,1.0,1.0,1.0,1.0,0,,0,,,,,,,1,471,1,1,0,0.3296011,0.84743494,Primary,0.60855263,0.18304579,0.471,0,1,0,0,0,0,0,0,0,0,0,NONE,0,0,0,0,0,0,NONE,0.05,0,Summer_North,0.0,0.6018465,0.1434408,-0.9896589,0.5642,0.5675313,0.2050552,0.05,0.17305195,0.13484849,0,0,3,3,138,6.2380695,0.08941217,0,0,0,0.15823254,none,41,0.0,63,0.031746034,45,0.044444446,33,0.0,71,0.04225352,9,0.0,138,0.7730041,0,3,0.039720222,0.18600456,0.6018465,171.753,219.87509
472,181.92433,272.72043,219.61111,90.796104,184.49626,209.12056,269.29446,5.524966,11.883802,2.6229534,4.862611,10.336452,2.1509278,213.16565,66.64677,0.50838125,-3.4165263,-0.47608525,3.4495375,187.93295,172.31572,99.0,1.0,1.0,1.0,1.0,0,,0,,,,,,,1,472,1,1,0,0.3303009,0.8477262,Primary,0.61019737,0.18327947,0.472,0,1,0,0,0,0,0,0,0,0,0,NONE,0,0,0,0,0,0,NONE,0.05,0,Summer_North,0.0,0.6066492,0.13371433,-0.9910199,0.5627172,0.5602911,0.2244253,0.05,0.17305195,0.13484849,0,0,4,3,138,6.3588367,0.082885265,0,0,0,0.15763158,none,41,0.0,63,0.031746034,45,0.044444446,33,0.0,71,0.04225352,9,0.0,138,0.7728655,0,4,0.037526216,0.18581271,0.6066492,172.31572,219.61111
473,182.25883,272.01498,220.27507,89.75615,184.34575,209.50058,269.3924,5.222475,9.5608425,2.3177683,5.0086856,8.853036,1.830711,213.77284,70.143135,0.47266525,-3.1235492,-0.2613384,3.1344628,184.78264,172.8842,100.0,1.0,1.0,1.0,1.0,0,,0,,,,,,,1,473,1,1,0,0.3310007,0.8480169,Primary,0.6118421,0.18351267,0.473,0,1,0,0,0,0,0,0,0,0,0,NONE,0,0,0,0,0,0,NONE,0.05,0,Summer_North,0.0,0.61149067,0.12387512,-0.9922978,0.5684828,0.49952197,0.23586254,0.05,0.17305195,0.13484849,0,0,5,3,138,4.338367,0.12251203,0,0,0,0.115655795,none,41,0.0,63,0.031746034,45,0.044444446,33,0.0,71,0.04225352,9,0.0,138,0.77272695,0,5,0.048685607,0.16907087,0.61149067,172.8842,220.27507
474,181.58377,273.2351,220.22978,91.65134,184.30267,209.3281,269.63306,5.271747,9.885337,2.0388749,5.281567,8.684293,1.8751539,216.03665,72.08509,0.4531937,-2.8061912,-0.5281389,2.855458,190.65866,173.4512,100.0,1.0,1.0,1.0,1.0,0,,0,,,,,,,1,474,1,1,0,0.3317005,0.848307,Primary,0.6134868,0.18374541,0.474,0,1,0,0,0,0,0,0,0,0,0,NONE,0,0,0,0,0,0,NONE,0.05,0,Summer_North,0.0,0.61630857,0.11404942,-0.9934751,0.567,0.47007057,0.1380099,0.05,0.17305195,0.13484849,0,0,6,3,138,4.6135902,0.13393214,0,0,0,0.12332882,none,41,0.0,63,0.031746034,45,0.044444446,33,0.0,71,0.04225352,9,0.0,138,0.7725886,0,6,0.051655307,0.1721885,0.61630857,173.4512,220.22978
475,182.54025,273.17133,219.84413,90.63108,185.08028,208.94699,269.59467,5.397468,10.261989,2.184469,5.4236393,8.93462,1.9012598,221.3212,75.03006,0.42425385,-2.820259,-0.62647796,2.8890028,192.52403,174.02284,99.0,1.0,1.0,1.0,1.0,1,"Command Loss Timer Set to 25 Days, SEIS Data Processing to L2, APSS Data Processing to L1, Deimos Eclipse Movie, and Aeolian Change and Tau Images",1,,0.0,,0.0,,0.0,1,475,1,1,0,0.3324003,0.84859645,Primary,0.61513156,0.1839777,0.475,26,7,0,0,0,0,1,1,1,0,3,SEIS,0,0,0,0,0,0,NONE,0.875,0,Summer_North,0.0,0.6211544,0.104131855,-0.9945635,0.5716485,0.45185193,0.15071881,0.325,0.16785714,0.18984848,1,1,0,4,139,4.864521,0.12517257,0,0,0,0.12855935,none,41,0.0,63,0.031746034,46,0.06521739,34,0.029411765,72,0.055555556,9,0.0,139,0.7714505,0,7,0.04853536,0.17338035,0.6211544,174.02284,219.84413
476,182.65535,273.47046,220.2725,90.815125,184.8215,209.66876,269.39905,5.3591814,10.078775,2.2065935,5.2249055,8.721457,1.8806558,216.73355,69.21909,0.4820275,-3.1152287,-0.83412606,3.2249675,194.98976,174.5884,100.0,1.0,1.0,1.0,1.0,0,,0,,,,,,,1,476,1,1,0,0.33310008,0.8488853,Primary,0.6167763,0.18420951,0.476,0,1,0,0,0,0,0,0,0,0,0,NONE,0,0,0,0,0,0,NONE,0.05,0,Summer_North,0.0,0.6259367,0.094309874,-0.9955429,0.5655515,0.29966977,0.11142208,0.325,0.16785714,0.16242425,0,0,1,4,139,4.719594,0.10822898,0,0,0,0.12351254,none,41,0.0,63,0.031746034,46,0.06521739,34,0.029411765,72,0.055555556,9,0.0,139,0.77131253,0,8,0.040087327,0.1714099,0.6259367,174.5884,220.2725
477,182.41647,272.94113,219.99826,90.52466,184.59447,208.92207,269.8356,5.226725,9.239756,2.0440888,5.168591,8.518945,1.7677906,220.00371,69.84941,0.47563472,-2.8690317,-0.839954,2.989459,196.31822,175.1563,99.0,1.0,1.0,1.0,1.0,0,,0,,,,,,,1,477,1,1,0,0.33379987,0.84917355,Primary,0.6184211,0.18444085,0.477,0,1,0,0,0,0,0,0,0,0,0,NONE,0,0,0,0,0,0,NONE,0.05,0,Summer_North,0.0,0.63072646,0.084437974,-0.9964287,0.5678929,0.25568417,0.02052926,0.325,0.16785714,0.16242425,0,0,2,4,139,4.01303,0.11778784,0,0,0,0.10739362,none,41,0.0,63,0.031746034,46,0.06521739,34,0.029411765,72,0.055555556,9,0.0,139,0.7711747,0,9,0.042174052,0.16501057,0.63072646,175.1563,219.99826
478,181.74721,273.20258,220.33516,91.455376,184.8108,209.73048,269.7428,5.3204403,10.868523,2.2959769,5.092711,8.916801,2.0427861,215.01329,63.771408,0.538263,-3.252605,-0.7110769,3.3294246,192.33185,175.7296,100.0,1.0,1.0,1.0,1.0,0,,0,,,,,,,1,478,1,1,0,0.33449966,0.8494612,Primary,0.6200658,0.18467174,0.478,0,1,0,0,0,0,0,0,0,0,0,NONE,0,0,0,0,0,0,NONE,0.05,0,Summer_North,0.0,0.6355489,0.074463554,-0.99722373,0.5733071,0.27227697,0.120673686,0.05,0.16785714,0.16242425,0,0,3,4,139,5.548082,0.10731809,0,0,0,0.14336103,none,41,0.0,63,0.031746034,46,0.06521739,34,0.029411765,72,0.055555556,9,0.0,139,0.7710371,0,10,0.039236724,0.17944571,0.6355489,175.7296,220.33516
479,182.27373,273.72653,220.3802,91.45282,184.48466,209.9155,269.72452,5.299209,9.388577,2.1595104,5.155098,8.599173,1.7716941,218.3936,68.26403,0.49176458,-3.0656002,-0.7965439,3.1673944,194.56525,176.3018,100.0,1.0,1.0,1.0,1.0,0,,0,,,,,,,1,479,1,1,0,0.33519945,0.84974825,Primary,0.62171054,0.18490216,0.479,0,1,0,0,0,0,0,0,0,0,0,NONE,0,0,0,0,0,0,NONE,0.05,0,Summer_North,0.0,0.64034843,0.06450096,-0.99791765,0.5722,0.19547208,0.017522441,0.05,0.16785714,0.16242425,0,0,4,4,139,4.0893683,0.06531629,0,0,0,0.10439896,none,41,0.0,63,0.031746034,46,0.06521739,34,0.029411765,72,0.055555556,9,0.0,139,0.7708996,0,11,0.024494447,0.16390902,0.64034843,176.3018,220.3802
480,181.52834,273.8172,220.13786,92.28886,184.67763,209.64828,269.59064,5.071808,9.730674,1.8838978,5.011552,8.293464,1.9185811,220.6092,65.9889,0.51518273,-2.7483954,-1.1095166,2.9639,201.98373,176.87248,99.0,1.0,1.0,1.0,1.0,0,,0,,,,,,,1,480,1,1,0,0.33589923,0.8500347,Primary,0.62335527,0.18513213,0.48,0,1,0,0,0,0,0,0,0,0,0,NONE,0,0,0,0,0,0,NONE,0.05,0,Summer_North,0.0,0.64512134,0.054558333,-0.9985106,0.57068485,0.19246137,-0.0153194815,0.05,0.16785714,0.16242425,0,0,5,4,139,4.6588664,0.1066907,0,0,0,0.121909864,none,41,0.0,63,0.031746034,46,0.06521739,34,0.029411765,72,0.055555556,9,0.0,139,0.7707623,0,12,0.037393168,0.17096141,0.64512134,176.87248,220.13786
481,182.16928,273.29865,220.39415,91.12936,184.17374,209.10452,269.85165,4.972919,9.003156,1.7315179,5.0022783,7.738473,1.8104368,226.48354,68.022995,0.49423116,-2.4089627,-1.210592,2.6960406,206.6812,177.449,100.0,1.0,1.0,1.0,1.0,0,,0,,,,,,,1,481,1,1,0,0.33659902,0.8503205,Primary,0.625,0.18536164,0.481,0,1,0,0,0,0,0,0,0,0,0,NONE,0,0,0,0,0,0,NONE,0.05,0,Summer_North,0.0,0.6499284,0.04450864,-0.999009,0.57651514,0.21003474,0.091669306,0.05,0.16785714,0.16242425,0,0,6,4,139,4.0302367,0.15738769,0,0,0,0.11145371,none,41,0.0,63,0.031746034,46,0.06521739,34,0.029411765,72,0.055555556,9,0.0,139,0.77062523,0,13,0.05363702,0.16682693,0.6499284,177.449,220.39415
482,181.00931,274.21814,220.34486,93.20884,183.86633,209.2988,270.5711,5.1774583,8.936258,1.8803554,5.065774,8.284431,1.7259934,222.46198,71.36701,0.46036002,-2.5888178,-1.0233514,2.7837431,201.56873,178.024,100.0,1.0,1.0,1.0,1.0,1,"HP3 Mole Recovery Operations, APSS Data Processing to L2, Overnight Battery Characterization, and Long Shadow, Aeolian Change, Tau Images",1,,0.0,,0.0,,0.0,1,482,1,1,0,0.3372988,0.8506058,Primary,0.62664473,0.18559068,0.482,19,7,0,0,0,1,0,1,1,0,3,HP3,0,1,0,1,0,0,MAINTENANCE,0.83409095,0,Summer_North,0.0,0.6547077,0.03448087,-0.9994054,0.575,0.1464089,0.012061396,0.31136364,0.162013,0.21469697,1,1,0,5,140,3.7588003,0.14071164,0,0,0,0.103387855,none,41,0.0,64,0.046875,46,0.06521739,35,0.057142857,73,0.06849315,9,0.0,140,0.7694883,1,0,0.04710018,0.1625375,0.6547077,178.024,220.34486
483,181.38089,274.24875,220.21425,92.86786,184.98688,209.066,270.5783,4.971684,7.898368,1.5343446,5.250977,7.031837,1.5886705,225.58597,69.36625,0.48053256,-2.3240957,-1.2912118,2.658693,209.0555,178.59787,99.0,1.0,1.0,1.0,1.0,0,,0,,,,,,,1,483,1,1,0,0.3379986,0.85089046,Primary,0.62828946,0.18581928,0.483,0,1,0,0,0,0,0,0,0,0,0,NONE,0,0,0,0,0,0,NONE,0.05,0,Summer_North,0.0,0.65946203,0.024469366,-0.9997006,0.5738687,0.14763756,0.035998657,0.31136364,0.162013,0.15727273,0,0,1,5,140,2.926684,0.14560719,0,0,0,0.08381895,none,41,0.0,64,0.046875,46,0.06521739,35,0.057142857,73,0.06849315,9,0.0,140,0.7693515,0,1,0.0486591,0.15475781,0.65946203,178.59787,220.21425
484,182.14655,273.48062,220.56755,91.33407,184.6096,209.6621,270.5047,5.0339794,7.980447,1.6457928,4.8786387,7.6070967,1.5853157,228.05061,68.7501,0.48680156,-2.4114087,-1.2860956,2.732935,208.0727,179.1772,100.0,1.0,1.0,1.0,1.0,0,,0,,,,,,,1,484,1,1,0,0.3386984,0.85117453,Primary,0.6299342,0.1860474,0.484,0,1,0,0,0,0,0,0,0,0,0,NONE,0,0,0,0,0,0,NONE,0.05,0,Summer_North,0.0,0.6642454,0.014360076,-0.9998969,0.57933134,0.1372574,0.038730867,0.31136364,0.162013,0.15727273,0,0,2,4,140,2.9464672,0.14659363,0,0,0,0.08438574,none,41,0.0,64,0.03125,46,0.04347826,35,0.057142857,73,0.05479452,9,0.0,140,0.76921487,0,2,0.048753913,0.15503234,0.6642454,179.1772,220.56755
485,181.04663,274.73807,220.41591,93.69143,184.19957,208.81313,270.98248,4.8599467,8.442156,1.3860497,4.775826,7.1485343,1.7370882,235.88222,65.77861,0.51736164,-2.0601103,-1.7233019,2.6858563,219.9128,179.7554,100.0,1.0,1.0,1.0,1.0,0,,0,,,,,,,1,485,1,1,0,0.33939818,0.8514581,Primary,0.6315789,0.1862751,0.485,0,1,0,0,0,0,0,0,0,0,0,NONE,0,0,0,0,0,0,NONE,0.05,0,Summer_North,0.0,0.6690027,0.0042690625,-0.9999909,0.5782,0.14022675,0.005949683,0.05,0.162013,0.15727273,0,0,3,4,140,3.582209,0.14553496,0,0,0,0.09958341,none,41,0.0,64,0.03125,46,0.04347826,35,0.057142857,73,0.05479452,9,0.0,140,0.76907843,0,3,0.04848355,0.16115916,0.6690027,179.7554,220.41591
486,182.31522,274.0327,220.18007,91.71751,184.73956,208.63759,270.55658,4.857283,8.030473,1.3362468,4.9045024,6.9347315,1.653285,234.1647,65.52719,0.5199695,-2.069561,-1.8017321,2.7439609,221.04239,180.3379,99.0,1.0,1.0,1.0,1.0,0,,0,,,,,,,1,486,1,1,0,0.34009796,0.85174096,Primary,0.6332237,0.18650231,0.486,0,1,0,0,0,0,0,0,0,0,0,NONE,0,0,0,0,0,0,NONE,0.05,0,Fall_North,0.005631818,0.67377806,-0.005897592,-0.9999826,0.5825091,0.15302467,0.007032629,0.05,0.162013,0.15727273,0,0,4,4,140,3.1731904,0.11466595,0,0,0,0.08915342,none,41,0.0,64,0.03125,46,0.04347826,35,0.057142857,73,0.05479452,9,0.0,140,0.7689422,0,4,0.040767234,0.15703484,0.66998345,180.3379,220.18007
487,182.00066,271.6557,212.46077,89.65506,184.08281,203.03209,262.39346,4.561952,8.1086645,1.4350829,4.5400667,6.8574934,1.7774549,246.832,57.689934,0.6023582,-1.7166101,-2.325624,2.8905497,233.5679,180.87358,85.0,1.0,1.0,1.0,1.0,0,,0,,,,,,,1,487,1,1,0,0.34079775,0.8520233,Primary,0.63486844,0.18672907,0.487,0,1,0,0,0,0,0,0,0,0,0,NONE,0,0,0,0,0,0,NONE,0.05,0,Fall_North,0.0145598035,0.67815363,-0.015246401,-0.9998838,0.53567916,2.985724,-1.3222307,0.05,0.162013,0.15727273,0,0,5,4,140,3.5467122,0.19169524,0,0,0,0.20880347,none,41,0.0,64,0.03125,46,0.04347826,35,0.057142857,73,0.05479452,9,0.0,140,0.7688061,0,5,0.12602927,0.20494251,0.6682798,180.87358,212.46077
488,182.11052,273.14484,216.86249,91.034325,183.94862,205.53288,270.16483,4.7628117,7.260586,1.2569498,4.91352,6.4138007,1.5244327,240.96582,54.047142,0.64088327,-2.0026329,-2.4321256,3.1505194,230.53166,181.52657,92.0,1.0,1.0,1.0,1.0,0,,0,,,,,,,1,488,1,1,0,0.34149754,0.85230505,Primary,0.6365132,0.18695539,0.488,0,1,0,0,0,0,0,0,0,0,0,NONE,0,0,0,0,0,0,NONE,0.05,0,Fall_North,0.025442753,0.6834663,-0.026640438,-0.99964505,0.652977,3.052939,-0.5803976,0.05,0.162013,0.15727273,0,0,6,4,140,2.497774,0.19824098,0,0,0,0.18852322,none,41,0.0,64,0.03125,46,0.04347826,35,0.057142857,73,0.05479452,9,0.0,140,0.7686702,0,6,0.13273165,0.19687797,0.666077,181.52657,216.86249
489,181.87498,274.923,219.96162,93.04803,184.2103,208.1605,270.1439,4.721161,7.588191,1.2165968,4.761042,6.6463137,1.6072721,234.26993,57.967728,0.59941775,-2.1475775,-2.0366163,2.959712,223.48093,182.08173,99.0,1.0,1.0,1.0,1.0,1,"HP3 Mole Recovery Operations, APSS Data Processing to L3, and Long Shadow, Aeolian Change, Dust Devil Search, Cloud, and Tau Images",1,,0.0,,0.0,,0.0,1,489,1,1,0,0.34219733,0.8525862,Primary,0.6381579,0.18718126,0.489,21,9,0,0,0,1,0,1,1,0,3,HP3,0,0,0,1,0,0,RECOVERY,0.91136366,0,Fall_North,0.034695454,0.6879644,-0.036325,-0.99934006,0.5551621,3.022243,-0.042104393,0.33712122,0.17305195,0.21469697,1,1,0,5,141,2.86703,0.15879267,0,0,0,0.09747597,none,41,0.0,65,0.046153847,46,0.04347826,36,0.083333336,74,0.067567565,9,0.0,141,0.76753443,0,7,0.12251656,0.16361633,0.66409516,182.08173,219.96162
490,182.66957,275.45874,220.75235,92.78917,184.56757,209.09235,271.39655,4.827889,7.6113267,1.3376403,4.8745756,6.830929,1.5765332,228.62346,60.887302,0.56855994,-2.3820374,-1.698968,2.9258494,215.49805,182.6614,100.0,1.0,1.0,1.0,1.0,0,,0,,,,,,,1,490,1,1,0,0.34289712,0.8528668,Primary,0.63980263,0.18740667,0.49,0,1,0,0,0,0,0,0,0,0,0,NONE,0,0,0,0,0,0,NONE,0.05,0,Fall_North,0.044356667,0.6926422,-0.04643349,-0.9989214,0.57967275,3.0745735,0.030800635,0.33712122,0.17305195,0.15969698,0,0,1,5,141,2.783438,0.14524402,0,0,0,0.098081864,none,41,0.0,65,0.046153847,46,0.04347826,36,0.083333336,74,0.067567565,9,0.0,141,0.76739883,0,8,0.12225056,0.16390614,0.66191894,182.6614,220.75235
491,181.43095,275.0199,220.08083,93.58893,184.19778,208.88167,270.805,4.7507486,8.191142,1.551654,4.7079535,7.4453487,1.7241791,234.36464,59.163998,0.58676076,-2.2700098,-1.7731363,2.8804438,217.9939,183.24304,99.0,1.0,1.0,1.0,1.0,0,,0,,,,,,,1,491,1,1,0,0.34359694,0.8531469,Primary,0.64144737,0.18763164,0.491,0,1,0,0,0,0,0,0,0,0,0,NONE,0,0,0,0,0,0,NONE,0.05,0,Fall_North,0.054050673,0.6973161,-0.056571513,-0.99839854,0.5816404,3.031637,-0.05584744,0.33712122,0.17305195,0.15969698,0,0,2,4,141,3.4403934,0.103938445,0,0,0,0.113961816,none,41,0.0,65,0.046153847,46,0.04347826,36,0.083333336,74,0.054054055,9,0.0,141,0.7672634,0,9,0.111333475,0.17030552,0.6596257,183.24304,220.08083
492,181.0559,275.27325,220.52882,94.21735,183.77205,209.23563,270.94543,4.712976,8.612019,1.5016595,4.8035946,7.1426144,1.8272994,229.01062,63.835922,0.53758854,-2.2964413,-1.3962984,2.6876183,211.30074,183.8306,100.0,1.0,1.0,1.0,1.0,0,,0,,,,,,,1,492,1,1,0,0.34429672,0.85342634,Primary,0.6430921,0.18785614,0.492,0,1,0,0,0,0,0,0,0,0,0,NONE,0,0,0,0,0,0,NONE,0.05,0,Fall_North,0.06384333,0.70201695,-0.066806786,-0.99776596,0.5875596,3.0427346,0.058127664,0.05,0.17305195,0.15969698,0,0,3,4,141,3.8990421,0.095629886,0,0,0,0.12814838,none,41,0.0,65,0.046153847,46,0.04347826,36,0.083333336,74,0.054054055,9,0.0,141,0.76712817,0,10,0.11189755,0.17602748,0.6571979,183.8306,220.52882
493,180.62238,274.52148,220.70029,93.899124,183.73782,209.06593,271.0488,4.4704113,7.046089,1.2592506,4.777275,6.3652363,1.5761613,231.3453,63.53632,0.54072225,-2.0016534,-1.5490516,2.5310428,217.7358,184.4166,100.0,1.0,1.0,1.0,1.0,0,,0,,,,,,,1,493,1,1,0,0.3449965,0.8537052,Primary,0.6447368,0.1880802,0.493,0,1,0,0,0,0,0,0,0,0,0,NONE,0,0,0,0,0,0,NONE,0.05,0,Fall_North,0.07361,0.7066841,-0.0770079,-0.9970305,0.586,3.0911744,1.3732527,0.05,0.17305195,0.15969698,0,0,4,4,141,2.575678,0.12519997,0,0,0,0.10293922,none,41,0.0,65,0.046153847,46,0.04347826,36,0.083333336,74,0.054054055,9,0.0,141,0.7669931,0,11,0.12509017,0.16599108,0.6546651,184.4166,220.70029
494,181.91884,275.23166,220.1428,93.31282,183.94989,207.85243,271.12198,4.635543,7.72996,1.220151,4.651461,6.6715417,1.6675415,231.58408,58.620296,0.59251183,-2.1285696,-1.8158809,2.7978978,220.46747,185.00142,99.0,1.0,1.0,1.0,1.0,0,,0,,,,,,,1,494,1,1,0,0.3456963,0.8539836,Primary,0.64638156,0.18830383,0.494,0,1,0,0,0,0,0,0,0,0,0,NONE,0,0,0,0,0,0,NONE,0.05,0,Fall_North,0.08335707,0.7113204,-0.0871805,-0.9961925,0.58482426,1.3585451,0.5467219,0.05,0.17305195,0.15969698,0,0,5,4,141,3.0944173,0.11569324,0,0,0,0.11844294,none,41,0.0,65,0.046153847,46,0.04347826,36,0.083333336,74,0.054054055,9,0.0,141,0.7668582,0,12,0.08928289,0.17223978,0.6520268,185.00142,220.1428
495,181.47917,275.32715,220.75441,93.84797,183.74997,209.07646,271.7869,4.4749565,6.73888,1.2421468,4.5575614,6.394233,1.5059096,234.42242,56.931034,0.6103918,-2.0238998,-1.9273412,2.7947834,223.60011,185.5918,100.0,1.0,1.0,1.0,1.0,1,"Phobos Eclipse RAD Observations and Imaging, Aeolian Change, Dust Devil Search, and Tau Images, and SEIS Flash Maintenance and Tilt Measurement",1,,0.0,,0.0,,0.0,1,495,1,1,0,0.3463961,0.85426134,Primary,0.6480263,0.18852699,0.495,21,9,0,0,0,1,1,0,1,0,3,HP3,1,1,0,0,0,0,SCIENCE,0.91136366,0,Fall_North,0.09319667,0.7159783,-0.09744047,-0.99524134,0.5903758,0.34511352,0.13213034,0.33712122,0.2961039,0.21712121,1,1,0,5,142,2.2639234,0.13763072,0,0,0,0.10441801,none,41,0.0,66,0.060606062,47,0.06382979,36,0.083333336,75,0.06666667,9,0.0,142,0.76572347,1,0,0.07819439,0.19778997,0.6492515,185.5918,220.75441
496,181.40424,274.35275,220.10861,92.948524,183.98265,208.78087,270.37796,4.620162,7.6260524,1.2552636,4.6682305,6.809229,1.6506028,236.70781,53.564114,0.6459772,-2.141939,-2.2432897,3.101653,226.32397,186.181,100.0,1.0,1.0,1.0,1.0,0,,0,,,,,,,1,496,1,1,0,0.34709588,0.85453856,Primary,0.6496711,0.18874972,0.496,0,1,0,0,0,0,0,0,0,0,0,NONE,0,0,0,0,0,0,NONE,0.05,0,Fall_North,0.10301667,0.7206041,-0.107669674,-0.9941867,0.5892,0.31601322,-0.10729027,0.33712122,0.17305195,0.21712121,0,0,1,5,142,3.0058904,0.13495867,0,0,0,0.12595077,none,41,0.0,66,0.060606062,47,0.06382979,36,0.083333336,75,0.06666667,9,0.0,142,0.7655889,0,1,0.079702854,0.1756872,0.6463699,186.181,220.10861
497,181.7216,275.02127,219.90121,93.299675,183.97185,208.73982,271.37585,4.709863,7.5765824,1.2491934,4.5493336,7.0603776,1.608663,236.5137,52.250008,0.65980405,-2.1963415,-2.2959208,3.1772895,226.26987,186.76862,99.0,1.0,0.989899,0.9959596,1.0,0,,0,,,,,,,1,497,1,1,0,0.34779567,0.85481524,Primary,0.6513158,0.188972,0.497,0,1,0,0,0,0,0,0,0,0,0,NONE,0,0,0,0,0,0,NONE,0.05,0,Fall_North,0.11281027,0.7251943,-0.11786005,-0.9930302,0.58761615,0.3380181,-0.02993476,0.33712122,0.17305195,0.16484849,0,0,2,5,142,2.8667195,0.1135044,0,0,0,0.12454456,none,41,0.0,66,0.060606062,47,0.06382979,36,0.083333336,75,0.06666667,9,0.0,142,0.7654545,0,2,0.0763743,0.17517175,0.64338493,186.76862,219.90121
498,181.50935,274.82336,220.22125,93.31402,183.80045,209.43143,270.6566,4.601758,7.166229,1.268835,4.780827,6.6994166,1.5572808,243.16609,49.871758,0.6846681,-1.956024,-2.5756624,3.2342026,232.78603,187.3622,100.0,1.0,1.0,1.0,1.0,0,,0,,,,,,,1,498,1,1,0,0.34849545,0.85509133,Primary,0.65296054,0.18919383,0.498,0,1,0,0,0,0,0,0,0,0,0,NONE,0,0,0,0,0,0,NONE,0.05,0,Fall_North,0.122703336,0.72980696,-0.12814133,-0.9917559,0.5935838,0.32562447,-0.051263206,0.05,0.17305195,0.16484849,0,0,3,4,142,2.564471,0.0990297,0,0,0,0.11989732,none,41,0.0,66,0.045454547,47,0.04255319,36,0.083333336,75,0.053333335,9,0.0,142,0.76532024,0,3,0.07455216,0.17335983,0.64025724,187.3622,220.22125
499,181.8735,275.76703,221.11826,93.89352,184.48984,209.2248,271.98032,4.6098323,7.526454,1.2041825,4.6259522,6.665668,1.6326959,235.55046,56.66439,0.61321425,-2.057879,-2.0343,2.8936555,224.66986,187.9542,100.0,1.0,1.0,1.0,1.0,0,,0,,,,,,,1,499,1,1,0,0.34919524,0.8553669,Primary,0.65460527,0.18941522,0.499,0,1,0,0,0,0,0,0,0,0,0,NONE,0,0,0,0,0,0,NONE,0.05,0,Fall_North,0.13257,0.7343828,-0.13838148,-0.990379,0.592,0.43977004,0.06966157,0.05,0.17305195,0.16484849,0,0,4,4,142,2.9166217,0.08699719,0,0,0,0.1312084,none,41,0.0,66,0.045454547,47,0.04255319,36,0.083333336,75,0.053333335,9,0.0,142,0.7651862,0,4,0.076098315,0.17793117,0.63702565,187.9542,221.11826
500,182.34839,274.76758,220.64848,92.41919,185.07378,209.5008,270.98727,4.58306,8.261867,1.5372683,4.54792,7.055189,1.8026967,237.27689,51.2313,0.6704833,-2.3788483,-2.1984742,3.239168,222.74336,188.551,99.0,1.0,1.0,1.0,1.0,0,,0,,,,,,,1,500,1,1,0,0.34989503,0.8556419,Primary,0.65625,0.18963617,0.5,0,1,0,0,0,0,0,0,0,0,0,NONE,0,0,0,0,0,0,NONE,0.05,0,Fall_North,0.14251667,0.7389704,-0.14868969,-0.9888839,0.5968,0.43469334,0.084278755,0.05,0.17305195,0.16484849,0,0,5,4,142,3.6788068,0.07022048,0,0,0,0.15197958,none,41,0.0,66,0.045454547,47,0.04255319,36,0.083333336,75,0.053333335,9,0.0,142,0.76505226,0,5,0.07372213,0.18628652,0.6336548,188.551,220.64848
501,181.99344,274.16605,220.88757,92.1726,184.26572,209.95317,269.8733,4.5823083,7.203817,1.217084,4.559666,6.680317,1.5720934,244.16785,51.306694,0.6696943,-1.7458242,-2.6478453,3.1715906,236.60162,189.1414,100.0,1.0,0.99,0.996,1.0,0,,0,,,,,,,1,501,1,1,0,0.35059482,0.8559164,Primary,0.65789473,0.18985668,0.501,0,1,0,0,0,0,0,0,0,0,0,NONE,0,0,0,0,0,0,NONE,0.05,0,Fall_North,0.15235667,0.7434833,-0.1588715,-0.98729926,0.5904,0.44830644,0.022193775,0.05,0.17305195,0.16484849,0,0,6,4,142,2.6215084,0.06924036,0,0,0,0.13038808,none,41,0.0,66,0.045454547,47,0.04255319,36,0.083333336,75,0.053333335,9,0.0,142,0.76491857,0,6,0.07664801,0.17769672,0.6302087,189.1414,220.88757
502,182.17787,274.1625,220.05151,91.984634,184.52109,208.48431,270.1912,4.5111938,7.9935756,1.4922696,4.629735,7.355346,1.7719424,249.70201,40.339085,0.7804824,-1.7502024,-3.189996,3.6385827,241.24847,189.73419,99.0,1.0,1.0,1.0,1.0,1,"HP3 Mole Recovery Operations, HP3 RAD Hourly and SSA Monitoring, and Long Shadow, Aeolian Change, Dust Devil Search, and Tau Images",1,,0.0,,0.0,,0.0,1,502,1,1,0,0.3512946,0.85619026,Primary,0.65953946,0.19007674,0.502,21,9,0,0,0,1,0,0,1,0,2,HP3,1,0,0,1,0,0,SCIENCE,0.8363637,0,Fall_North,0.16223653,0.74798846,-0.16907758,-0.98560274,0.5927919,0.46543518,-0.009515138,0.3121212,0.16233766,0.21727273,1,1,0,5,143,3.4823818,0.059182562,0,0,0,0.15412548,none,41,0.0,67,0.05970149,47,0.04255319,36,0.083333336,76,0.065789476,9,0.0,143,0.763785,0,7,0.07681474,0.18490985,0.6266374,189.73419,220.05151
503,182.22668,274.74966,220.56146,92.522964,184.34193,209.07503,271.0723,4.5394144,7.8922834,1.3059323,4.590306,6.7611237,1.7386125,251.09825,39.136196,0.7919299,-1.6198245,-3.301933,3.6778517,243.86888,190.3326,100.0,1.0,1.0,1.0,1.0,0,,0,,,,,,,1,503,1,1,0,0.3519944,0.8564636,Primary,0.6611842,0.19029637,0.503,0,1,0,0,0,0,0,0,0,0,0,NONE,0,0,0,0,0,0,NONE,0.05,0,Fall_North,0.17221,0.7525094,-0.179362,-0.9837831,0.5984081,0.44608116,0.1100424,0.3121212,0.16233766,0.21727273,0,0,1,5,143,3.3528688,0.06293839,0,0,0,0.15534477,none,41,0.0,67,0.05970149,47,0.04255319,36,0.083333336,76,0.065789476,9,0.0,143,0.7636516,0,8,0.080583945,0.18544427,0.6229198,190.3326,220.56146
504,181.87518,274.71478,220.4252,92.83958,184.81248,209.20287,270.89767,4.775759,8.28797,1.4115773,4.805271,7.5008445,1.7354246,252.47156,37.044346,0.8113865,-1.6781691,-3.587528,3.9606323,244.9308,190.9298,100.0,1.0,1.0,1.0,1.0,0,,0,,,,,,,1,504,1,1,0,0.35269418,0.8567364,Primary,0.6628289,0.19051556,0.504,0,1,0,0,0,0,0,0,0,0,0,NONE,0,0,0,0,0,0,NONE,0.05,0,Fall_North,0.18216333,0.7569937,-0.18960615,-0.9818602,0.5972,0.36929145,0.033991855,0.3121212,0.16233766,0.1598485,0,0,2,5,143,3.5122108,0.08480031,0,0,0,0.16517259,none,41,0.0,67,0.05970149,47,0.04255319,36,0.083333336,76,0.065789476,9,0.0,143,0.76351833,0,9,0.08883378,0.18942204,0.6190972,190.9298,220.4252
505,182.53848,276.6937,220.34879,94.15521,184.49898,208.85573,271.74448,4.5763264,7.156694,1.1296302,4.664298,6.5045915,1.5638512,241.95012,50.64478,0.6766131,-1.8810295,-2.4906785,3.121178,232.93889,191.52539,99.0,1.0,1.0,1.0,1.0,0,,0,,,,,,,1,505,1,1,0,0.35339397,0.85700876,Primary,0.6644737,0.19073431,0.505,0,1,0,0,0,0,0,0,0,0,0,NONE,0,0,0,0,0,0,NONE,0.05,0,Fall_North,0.19208974,0.76143813,-0.19980206,-0.9798363,0.59558386,0.35261473,-0.12824558,0.05,0.16233766,0.1598485,0,0,3,4,143,2.5803673,0.08527962,0,0,0,0.1467683,none,41,0.0,67,0.05970149,47,0.021276595,36,0.055555556,76,0.05263158,9,0.0,143,0.7633853,0,10,0.09161772,0.18210688,0.6151737,191.52539,220.34879
506,183.88507,275.48715,221.30536,91.60209,185.41393,209.67867,271.7129,4.5196233,8.31052,1.7124465,4.4815583,7.59486,1.8387638,235.21382,55.680412,0.6236263,-2.1930785,-1.8867007,2.8929627,220.70534,192.1264,100.0,1.0,1.0,1.0,1.0,0,,0,,,,,,,1,506,1,1,0,0.35409376,0.8572805,Primary,0.66611844,0.19095261,0.506,0,1,0,0,0,0,0,0,0,0,0,NONE,0,0,0,0,0,0,NONE,0.05,0,Fall_North,0.20210667,0.7658944,-0.21006908,-0.9776865,0.60101616,0.40382698,0.10947967,0.05,0.16233766,0.1598485,0,0,4,4,143,3.7908964,0.08969125,0,0,0,0.18030506,none,41,0.0,67,0.05970149,47,0.021276595,36,0.055555556,76,0.05263158,9,0.0,143,0.7632524,0,11,0.09706156,0.19556811,0.61110204,192.1264,221.30536
507,183.36227,277.23962,221.9142,93.87734,185.22165,210.4428,272.08817,4.3405776,7.451658,1.5235379,4.5073085,6.6386204,1.7167435,238.00298,54.029903,0.6410651,-2.0212502,-2.016603,2.855195,224.93405,192.726,100.0,1.0,1.0,1.0,1.0,0,,0,,,,,,,1,507,1,1,0,0.35479355,0.8575517,Primary,0.6677632,0.1911705,0.507,0,1,0,0,0,0,0,0,0,0,0,NONE,0,0,0,0,0,0,NONE,0.05,0,Fall_North,0.2121,0.77031106,-0.22028886,-0.97543466,0.5996,0.6408473,0.17110549,0.05,0.16233766,0.1598485,0,0,5,4,143,3.1110804,0.12851676,0,0,0,0.17152171,none,41,0.0,67,0.05970149,47,0.021276595,36,0.055555556,76,0.05263158,9,0.0,143,0.76311964,0,12,0.117112935,0.19210123,0.60692805,192.726,221.9142
508,182.75163,276.00656,220.98483,93.254906,185.17987,209.78145,271.8499,4.714613,8.47593,1.5773897,4.91117,7.514611,1.7977997,247.1711,43.562305,0.748988,-2.0163896,-3.0202432,3.6314867,236.27194,193.32477,99.0,1.0,1.0,1.0,1.0,0,,0,,,,,,,1,508,1,1,0,0.35549337,0.85782236,Primary,0.6694079,0.19138794,0.508,0,1,0,0,0,0,0,0,0,0,0,NONE,0,0,0,0,0,0,NONE,0.05,0,Fall_North,0.22207946,0.77469206,-0.2304704,-0.9730793,0.5987677,0.644489,0.15555236,0.05,0.16233766,0.1598485,0,0,6,4,143,3.7613168,0.14308135,0,0,0,0.19249839,none,41,0.0,67,0.05970149,47,0.021276595,36,0.055555556,76,0.05263158,9,0.0,143,0.7629871,0,13,0.124744385,0.20053829,0.60264885,193.32477,220.98483
509,182.61531,276.314,221.08456,93.69869,184.85115,209.30612,272.65692,4.516501,7.990647,1.2957988,4.7228184,6.562132,1.7692119,248.50981,42.733364,0.757193,-1.6171714,-3.0845325,3.4827554,242.33269,193.9292,100.0,1.0,1.0,1.0,1.0,1,"HP3 Mole Recovery Operations and Long Shadow, Aeolian Change, Dust Devil Search, and Tau Images",1,,0.0,,0.0,,0.0,1,509,1,1,0,0.35619316,0.8580925,Primary,0.67105263,0.19160494,0.509,15,6,0,0,0,1,0,0,1,0,2,HP3,0,0,0,1,0,0,RECOVERY,0.6545454,0,Fall_North,0.23215333,0.779084,-0.24072273,-0.9705939,0.60443234,0.5572309,0.08718238,0.25151515,0.13636363,0.20015152,1,1,0,5,144,3.474146,0.14274253,0,0,0,0.18958777,none,41,0.0,68,0.073529415,47,0.021276595,36,0.055555556,77,0.064935066,9,0.0,144,0.7618547,0,14,0.12585981,0.19327687,0.5982171,193.9292,221.08456
510,182.35695,275.0288,221.07664,92.671844,184.79129,209.09096,271.60535,4.5562816,8.241056,1.2646403,4.640506,6.8778567,1.8087242,248.349,47.222862,0.71202075,-1.6505988,-2.8666515,3.3078947,240.06696,194.5318,100.0,1.0,1.0,1.0,1.0,0,,0,,,,,,,1,510,1,1,0,0.35689294,0.85836214,Primary,0.67269737,0.19182152,0.51,0,1,0,0,0,0,0,0,0,0,0,NONE,0,0,0,0,0,0,NONE,0.05,0,Fall_North,0.24219666,0.78343177,-0.25091732,-0.9680085,0.6026,0.53134555,0.108575,0.25151515,0.13636363,0.14272727,0,0,1,5,144,3.684775,0.14230208,0,0,0,0.19863202,none,41,0.0,68,0.073529415,47,0.021276595,36,0.055555556,77,0.064935066,9,0.0,144,0.76172245,0,15,0.12820068,0.19694085,0.5936872,194.5318,221.07664
511,182.92308,275.92285,220.5665,92.99977,184.95055,209.24147,270.9011,4.8705816,8.392272,1.3850484,4.946133,7.633505,1.7230533,251.17197,37.943943,0.80309254,-1.7528874,-3.5853736,3.9909296,243.94601,195.13905,99.0,1.0,1.0,1.0,1.0,0,,0,,,,,,,1,511,1,1,0,0.35759273,0.8586312,Primary,0.6743421,0.19203766,0.511,0,1,0,0,0,0,0,0,0,0,0,NONE,0,0,0,0,0,0,NONE,0.05,0,Fall_North,0.25231767,0.7877814,-0.26116264,-0.96529484,0.6072606,0.50711876,0.03628506,0.25151515,0.13636363,0.14272727,0,0,2,5,144,3.5216904,0.1673145,0,0,0,0.20105979,none,41,0.0,68,0.073529415,47,0.021276595,36,0.055555556,77,0.064935066,9,0.0,144,0.76159036,0,16,0.1385724,0.1979582,0.58901024,195.13905,220.5665
512,182.86696,277.15494,221.51254,94.28799,185.06947,210.44351,272.35336,4.5177383,8.229323,1.4861735,4.5122805,7.237091,1.8215581,244.68028,44.503815,0.73958874,-2.0112207,-2.7896793,3.439087,234.21027,195.74,100.0,1.0,1.0,1.0,1.0,0,,0,,,,,,,1,512,1,1,0,0.35829252,0.8588998,Primary,0.6759868,0.19225337,0.512,0,1,0,0,0,0,0,0,0,0,0,NONE,0,0,0,0,0,0,NONE,0.05,0,Fall_North,0.26233333,0.792054,-0.27127248,-0.9625026,0.6009394,0.4271531,0.034529313,0.05,0.13636363,0.14272727,0,0,3,4,144,3.7115846,0.16927052,0,0,0,0.20981477,none,41,0.0,68,0.05882353,47,0.021276595,36,0.027777778,77,0.051948052,9,0.0,144,0.76145846,0,17,0.1405397,0.20150635,0.58427185,195.74,221.51254
513,183.4627,276.65747,220.94926,93.194756,185.1165,209.88521,271.69675,4.5168915,8.538955,1.6192876,4.744453,7.4446936,1.8904494,246.28082,42.886364,0.7556837,-1.8920832,-2.9623897,3.515072,237.43356,196.34315,99.0,1.0,1.0,1.0,1.0,0,,0,,,,,,,1,513,1,1,0,0.3589923,0.8591678,Primary,0.67763156,0.19246864,0.513,0,1,0,0,0,0,0,0,0,0,0,NONE,0,0,0,0,0,0,NONE,0.05,0,Fall_North,0.27238587,0.79631,-0.2813895,-0.95959365,0.6031515,0.43454024,-0.16082314,0.05,0.13636363,0.14272727,0,0,4,4,144,4.0220637,0.16942674,0,0,0,0.22131991,none,41,0.0,68,0.05882353,47,0.021276595,36,0.027777778,77,0.051948052,9,0.0,144,0.76132673,0,18,0.14375684,0.20615453,0.57940644,196.34315,220.94926
514,181.96619,274.72897,220.85971,92.7628,185.14749,209.84349,270.717,4.801035,8.609443,1.3456074,4.7137094,7.1484,1.7932472,259.1746,41.100216,0.77314854,-1.1929291,-3.59545,3.7881842,251.64474,196.9516,100.0,1.0,1.0,1.0,1.0,0,,0,,,,,,,1,514,1,1,0,0.3596921,0.8594353,Primary,0.6792763,0.19268349,0.514,0,1,0,0,0,0,0,0,0,0,0,NONE,0,0,0,0,0,0,NONE,0.05,0,Fall_North,0.28252667,0.8005701,-0.29156378,-0.9565514,0.6084485,0.28459647,-0.02085282,0.05,0.13636363,0.14272727,0,0,5,4,144,3.8084075,0.15110974,0,0,0,0.2185494,none,41,0.0,68,0.05882353,47,0.021276595,36,0.027777778,77,0.051948052,9,0.0,144,0.7611952,0,19,0.137967,0.20509236,0.57438767,196.9516,220.85971
515,182.55856,276.6267,221.29471,94.06814,185.16039,209.56308,273.25983,4.4247255,7.442547,1.2632977,4.6850038,6.754648,1.6820358,247.26434,51.690063,0.6656788,-1.5512413,-2.5138147,2.953915,238.32182,197.5588,100.0,1.0,1.0,1.0,1.0,0,,0,,,,,,,1,515,1,1,0,0.36039189,0.8597023,Primary,0.6809211,0.19289792,0.515,0,1,0,0,0,0,0,0,0,0,0,NONE,0,0,0,0,0,0,NONE,0.05,0,Fall_North,0.29264668,0.80478764,-0.3016844,-0.9534078,0.6072,0.3043745,0.035025552,0.05,0.13636363,0.14272727,0,0,6,4,144,3.0178213,0.16678624,0,0,0,0.20502031,none,41,0.0,68,0.05882353,47,0.021276595,36,0.027777778,77,0.051948052,9,0.0,144,0.76106375,0,20,0.14632192,0.19972672,0.56926924,197.5588,221.29471
516,182.76274,276.7378,221.08882,93.97505,184.90567,210.28558,273.82373,4.309385,8.031214,1.5684011,4.63983,7.136112,1.8636566,249.11884,47.92588,0.7048034,-1.5542089,-2.7007709,3.1160438,240.08093,198.16493,99.0,1.0,1.0,1.0,1.0,1,"HP3 Mole Recovery Operations, HP3 RAD Calibrations and SSA Monitoring, WUTT Installation, and Long Shadow, Dust Devil Search, and Tau Images",1,,0.0,,0.0,,0.0,1,516,1,1,0,0.36109167,0.8599688,Primary,0.6825658,0.1931119,0.516,21,9,0,0,0,1,0,0,1,0,2,HP3,1,1,1,1,0,1,SCIENCE,0.8363637,0,Fall_North,0.30274898,0.8089637,-0.31175354,-0.950163,0.6061394,0.3044614,0.0020281423,0.3121212,0.16233766,0.19515152,1,1,0,5,145,3.7218287,0.19936769,0,0,0,0.22899866,none,41,0.0,69,0.072463766,47,0.021276595,36,0.027777778,78,0.06410257,9,0.0,145,0.7599325,1,0,0.15956078,0.2162075,0.5640508,198.16493,221.08882
517,182.321,275.17227,221.032,92.851265,184.398,209.94783,272.08096,4.6124606,7.9189024,1.2422309,4.7213254,7.01302,1.7168498,252.83131,43.228306,0.75230217,-1.5065088,-3.193922,3.5313888,244.7477,198.7764,100.0,1.0,1.0,1.0,1.0,0,,0,,,,,,,1,517,1,1,0,0.36179146,0.86023474,Primary,0.68421054,0.19332546,0.517,0,1,0,0,0,0,0,0,0,0,0,NONE,0,0,0,0,0,0,NONE,0.05,0,Fall_North,0.31294,0.81314135,-0.32187575,-0.94678193,0.6114606,0.30427137,0.07758409,0.3121212,0.16233766,0.14272727,0,0,1,5,145,3.3064418,0.19980913,0,0,0,0.22312203,none,41,0.0,69,0.072463766,47,0.021276595,36,0.027777778,78,0.06410257,9,0.0,145,0.75980145,0,1,0.16275245,0.21390271,0.5586769,198.7764,221.032
518,183.26225,275.1534,221.67775,91.89115,185.21964,210.48741,272.50058,4.2393775,7.1192913,1.3119304,4.501976,6.203684,1.6793246,248.61057,46.38991,0.7205273,-1.6609895,-2.7001216,3.1701014,238.4021,199.3866,100.0,1.0,1.0,1.0,1.0,0,,0,,,,,,,1,518,1,1,0,0.36249125,0.8605002,Primary,0.68585527,0.1935386,0.518,0,1,0,0,0,0,0,0,0,0,0,NONE,0,0,0,0,0,0,NONE,0.05,0,Fall_North,0.32311,0.81727487,-0.33194053,-0.9433003,0.6102,0.30389374,0.027533881,0.3121212,0.16233766,0.14272727,0,0,2,5,145,2.8799133,0.18837728,0,0,0,0.21587573,none,41,0.0,69,0.072463766,47,0.021276595,36,0.027777778,78,0.06410257,9,0.0,145,0.7596705,0,2,0.16221455,0.21105003,0.5532052,199.3866,221.67775
519,182.78967,275.73105,220.58452,92.94137,184.83208,209.55038,271.8057,4.771152,10.175764,1.7557908,4.6728554,7.940458,2.1327686,260.4701,38.248722,0.8002571,-1.0800227,-3.6960692,3.8506334,253.7112,199.99513,99.0,1.0,1.0,1.0,1.0,0,,0,,,,,,,1,519,1,1,0,0.36319104,0.86076516,Primary,0.6875,0.1937513,0.519,0,1,0,0,0,0,0,0,0,0,0,NONE,0,0,0,0,0,0,NONE,0.05,0,Fall_North,0.3332522,0.82136124,-0.34194028,-0.9397217,0.6085313,0.3454775,-0.060790166,0.05,0.16233766,0.14272727,0,0,3,4,145,5.4046116,0.2170354,0,0,0,0.28331232,none,41,0.0,69,0.057971016,47,0.021276595,36,0.0,78,0.051282052,9,0.0,145,0.7595397,0,3,0.17509267,0.23807044,0.5476408,199.99513,220.58452
520,182.42844,275.77057,220.83263,93.34214,185.29778,209.11794,271.99625,4.534114,7.8208017,1.5064985,4.7232966,7.221811,1.7248799,257.832,38.58289,0.7971338,-1.278055,-3.4531112,3.6820376,249.68964,200.6098,100.0,1.0,1.0,1.0,1.0,0,,0,,,,,,,1,520,1,1,0,0.36389083,0.8610296,Primary,0.68914473,0.1939636,0.52,0,1,0,0,0,0,0,0,0,0,0,NONE,0,0,0,0,0,0,NONE,0.05,0,Fall_North,0.34349668,0.825452,-0.35200176,-0.93599933,0.61466867,0.35492897,-0.00451476,0.05,0.16233766,0.14272727,0,0,4,4,145,3.2866879,0.21702573,0,0,0,0.23645467,none,41,0.0,69,0.057971016,47,0.021276595,36,0.0,78,0.051282052,9,0.0,145,0.7594091,0,4,0.17835803,0.21937308,0.541912,200.6098,220.83263
521,182.39525,275.2863,221.41231,92.89103,184.97966,209.77338,272.28433,4.5409718,8.3268385,1.4868847,4.5757165,6.995146,1.8337128,255.44135,38.670845,0.7963093,-1.3334246,-3.410797,3.6621792,248.64737,201.2228,100.0,1.0,1.0,1.0,1.0,0,,0,,,,,,,1,521,1,1,0,0.36459062,0.86129355,Primary,0.69078946,0.19417545,0.521,0,1,0,0,0,0,0,0,0,0,0,NONE,0,0,0,0,0,0,NONE,0.05,0,Fall_North,0.35371333,0.8294944,-0.36199555,-0.9321798,0.613,0.366083,0.019598471,0.05,0.16233766,0.14272727,0,0,5,4,145,3.7858665,0.18178771,0,0,0,0.24930641,none,41,0.0,69,0.057971016,47,0.021276595,36,0.0,78,0.051282052,9,0.0,145,0.7592787,0,5,0.17061462,0.22455943,0.5360912,201.2228,221.41231
522,182.52016,275.43063,220.62155,92.91049,184.80948,209.25934,271.67914,5.05464,8.802211,1.3409771,5.010849,7.2111816,1.7414119,259.99066,42.959595,0.75496054,-1.0543094,-3.7041795,3.8513005,254.11221,201.83392,99.0,1.0,1.0,1.0,1.0,0,,0,,,,,,,1,522,1,1,0,0.3652904,0.86155695,Primary,0.6924342,0.1943869,0.522,0,1,0,0,0,0,0,0,0,0,0,NONE,0,0,0,0,0,0,NONE,0.05,0,Fall_North,0.36389866,0.83348686,-0.37191743,-0.9282658,0.6111192,0.40274212,-0.07787899,0.05,0.16233766,0.14272727,0,0,6,4,145,3.7475705,0.27560845,0,0,0,0.26109767,none,41,0.0,69,0.057971016,47,0.021276595,36,0.0,78,0.051282052,9,0.0,145,0.7591485,0,6,0.20381674,0.22932151,0.5301821,201.83392,220.62155
523,183.12106,277.58417,221.55698,94.4631,185.42607,209.67368,274.2122,4.515685,7.6122513,1.4706802,4.731462,7.023895,1.6857357,244.87906,49.40559,0.6895113,-1.761597,-2.5826015,3.1261885,235.70204,202.451,100.0,1.0,1.0,1.0,1.0,1,"HP3 Mole Recovery Operations, HP3 RAD Calibrations and SSA Monitoring, SEIS VBB Recentering and Tilt Measurements, MAVEN No_Op Test, MEX Demonstration, and Long Shadow, Aeolian Change, Dust Devil Search, and Tau Images",1,,0.0,,0.0,,0.0,1,523,1,1,0,0.3659902,0.86181986,Primary,0.6940789,0.19459791,0.523,32,13,0,0,0,1,1,0,1,0,3,HP3,1,1,0,1,0,0,SCIENCE,0.9250001,0,Fall_North,0.37418333,0.8374797,-0.3818932,-0.9242065,0.6170808,0.44923085,0.087496586,0.3416667,0.17500001,0.20106061,1,1,0,5,146,3.0965662,0.25181353,0,0,0,0.24735828,none,41,0.0,70,0.071428575,48,0.041666668,36,0.0,79,0.06329114,9,0.0,146,0.7580184,1,0,0.2004075,0.22738688,0.52410877,202.451,221.55698
524,182.11333,276.10544,221.19463,93.9921,185.02374,209.84361,273.21323,4.520448,8.229925,1.4220101,4.7220173,7.01258,1.8205994,255.35336,40.006638,0.78366405,-1.3223056,-3.297804,3.5530274,248.15092,203.066,100.0,1.0,1.0,1.0,1.0,0,,0,,,,,,,1,524,1,1,0,0.36668998,0.8620823,Primary,0.6957237,0.1948085,0.524,0,1,0,0,0,0,0,0,0,0,0,NONE,0,0,0,0,0,0,NONE,0.05,0,Fall_North,0.38443333,0.8414202,-0.39179122,-0.92005414,0.615,0.4491804,-0.08051982,0.3416667,0.17500001,0.16075759,0,0,1,5,146,3.7094772,0.2540414,0,0,0,0.26640928,none,41,0.0,70,0.071428575,48,0.041666668,36,0.0,79,0.06329114,9,0.0,146,0.75788844,0,1,0.20417936,0.23505275,0.51795024,203.066,221.19463
525,181.96367,274.36853,220.40671,92.404854,184.6032,208.52754,271.32706,5.2196217,8.722636,1.3391255,5.08891,7.708874,1.6711241,264.61038,37.177895,0.8101625,-0.7504866,-4.1909256,4.2575917,259.8474,203.68594,99.0,1.0,1.0,1.0,1.0,0,,0,,,,,,,1,525,1,1,0,0.36738977,0.8623442,Primary,0.69736844,0.19501868,0.525,0,1,0,0,0,0,0,0,0,0,0,NONE,0,0,0,0,0,0,NONE,0.05,0,Fall_North,0.39476565,0.8453525,-0.40172306,-0.91576123,0.6199394,0.44574746,-0.029635927,0.3416667,0.17500001,0.16075759,0,0,2,4,146,3.503014,0.29167604,0,0,0,0.26904014,none,41,0.0,70,0.057142857,48,0.020833334,36,0.0,79,0.050632913,9,0.0,146,0.7577586,0,2,0.21899755,0.23615055,0.5116364,203.68594,220.40671
526,182.69855,277.27054,221.4383,94.57199,185.43027,209.35559,273.6287,4.5941844,7.589716,1.3406918,4.5453005,7.1336365,1.6520269,258.154,42.97483,0.75481,-1.1060762,-3.3226109,3.5018775,251.58772,204.2998,100.0,1.0,1.0,1.0,1.0,0,,0,,,,,,,1,526,1,1,0,0.3680896,0.86260563,Primary,0.6990132,0.19522843,0.526,0,1,0,0,0,0,0,0,0,0,0,NONE,0,0,0,0,0,0,NONE,0.05,0,Fall_North,0.40499666,0.8492064,-0.41151118,-0.9114047,0.6138606,0.44773427,0.100944385,0.05,0.17500001,0.16075759,0,0,3,4,146,2.9955316,0.2958282,0,0,0,0.26130545,none,41,0.0,70,0.057142857,48,0.020833334,36,0.0,79,0.050632913,9,0.0,146,0.75762904,0,3,0.22340855,0.23310202,0.5052807,204.2998,221.4383
527,182.49335,272.9184,220.2714,90.42503,184.9712,209.41817,270.1923,5.5180383,11.600108,2.3862379,4.898739,10.098542,2.1022158,273.29044,31.521114,0.8595632,-0.053637356,-4.8291416,4.829439,269.36365,204.9153,99.0,1.0,1.0,1.0,1.0,0,,0,,,,,,,1,527,1,1,0,0.36878937,0.8628665,Primary,0.7006579,0.19543776,0.527,0,1,0,0,0,0,0,0,0,0,0,NONE,0,0,0,0,0,0,NONE,0.05,0,Fall_North,0.41525504,0.8530304,-0.42127806,-0.9069315,0.615503,0.53772825,-0.19015196,0.05,0.17500001,0.16075759,0,0,4,4,146,6.0820694,0.40948296,0,0,0,0.35013163,minor,41,0.0,70,0.057142857,48,0.020833334,36,0.0,79,0.050632913,9,0.0,146,0.7574996,0,4,0.26394632,0.26867783,0.4988052,204.9153,220.2714
528,182.74626,276.37894,220.68063,93.63268,184.62863,208.77986,273.37292,5.370545,9.034799,1.3549533,5.188588,7.99498,1.6822872,265.19336,42.030815,0.7640921,-0.4400231,-4.0443006,4.068167,263.7906,205.5364,100.0,1.0,1.0,1.0,1.0,0,,0,,,,,,,1,528,1,1,0,0.36948916,0.863127,Primary,0.70230263,0.19564667,0.528,0,1,0,0,0,0,0,0,0,0,0,NONE,0,0,0,0,0,0,NONE,0.05,0,Fall_North,0.42560667,0.8568478,-0.43108442,-0.9023116,0.62109697,0.5115196,0.009848142,0.05,0.17500001,0.16075759,0,0,5,4,146,3.6642542,0.42426255,0,0,0,0.29746354,none,41,0.0,70,0.057142857,48,0.020833334,36,0.0,79,0.050632913,9,0.0,146,0.7573703,0,5,0.2711408,0.24765582,0.49216768,205.5364,220.68063
529,183.00243,275.8777,221.77495,92.87527,185.31123,210.2897,273.22397,4.2855206,7.7959323,1.5961832,4.485723,7.0643797,1.8191332,248.5679,43.97213,0.7449068,-1.7100368,-2.7826579,3.2661002,238.42787,206.156,100.0,1.0,1.0,1.0,1.0,0,,0,,,,,,,1,529,1,1,0,0.37018895,0.8633869,Primary,0.70394737,0.19585517,0.529,0,1,0,0,0,0,0,0,0,0,0,NONE,0,0,0,0,0,0,NONE,0.05,0,Fall_North,0.43593332,0.86061424,-0.44081667,-0.89759713,0.6196,0.5931048,0.036327813,0.05,0.17500001,0.16075759,0,0,6,4,146,3.5104117,0.4928707,0,0,0,0.30420995,minor,41,0.0,70,0.057142857,48,0.020833334,36,0.0,79,0.050632913,9,0.0,146,0.75724113,0,6,0.29741436,0.2503996,0.4854438,206.156,221.77495
530,182.48726,272.7209,220.28038,90.23365,185.06989,210.21147,270.16785,5.6105905,11.034179,1.9152199,5.1517687,9.298608,1.9666697,270.55667,31.254782,0.8617548,-0.1717322,-4.907726,4.9107294,267.9959,206.7741,99.0,1.0,1.0,1.0,1.0,1,"HP3 Mole Recovery Operations, HP3 RAD Hourly and Thermal Conductivity Measurements, and Long Shadow, Aeolian Change, Dust Devil Search, and Tau Images",1,,0.0,,0.0,,0.0,1,530,1,1,0,0.37088874,0.8636464,Primary,0.7055921,0.19606325,0.53,22,9,0,0,0,1,0,0,1,1,3,HP3,1,0,0,1,1,0,SCIENCE,0.9250001,0,Fall_North,0.44623485,0.8643295,-0.45047387,-0.8927896,0.6180909,0.6060079,-0.1523738,0.3416667,0.17500001,0.21909092,1,1,0,5,147,5.423588,0.53694165,0,0,0,0.35841697,minor,41,0.0,71,0.07042254,48,0.020833334,36,0.0,80,0.0625,10,0.1,147,0.75611216,0,7,0.31457666,0.27247757,0.47863558,206.7741,220.28038
531,182.38187,276.22272,220.96698,93.84086,185.30714,209.61925,272.50055,5.227793,8.079529,1.1396769,4.975395,7.6026034,1.545495,261.47064,39.16852,0.79162467,-0.6738607,-4.0756617,4.1309934,260.6118,207.3982,100.0,1.0,1.0,1.0,1.0,0,,0,,,,,,,1,531,1,1,0,0.37158853,0.8639053,Primary,0.7072368,0.19627093,0.531,0,1,0,0,0,0,0,0,0,0,0,NONE,0,0,0,0,0,0,NONE,0.05,0,Fall_North,0.45663667,0.86803794,-0.46017188,-0.88782984,0.6241091,0.591227,0.0933787,0.3416667,0.17500001,0.16666667,0,0,1,5,147,2.8517356,0.492653,0,0,0,0.29662433,none,41,0.0,71,0.07042254,48,0.020833334,36,0.0,80,0.0625,10,0.1,147,0.75598335,0,8,0.30351844,0.24780557,0.47166,207.3982,220.96698
532,182.71198,272.4557,220.7273,89.743706,185.03833,209.75908,269.85806,5.3031054,10.232008,1.8899219,4.8056035,8.575211,1.9294372,269.71738,32.549854,0.8509771,-0.3167748,-4.5814886,4.592427,266.04474,208.0202,100.0,1.0,1.0,1.0,1.0,0,,0,,,,,,,1,532,1,1,0,0.37228832,0.8641638,Primary,0.70888156,0.19647817,0.532,0,1,0,0,0,0,0,0,0,0,0,NONE,0,0,0,0,0,0,NONE,0.05,0,Fall_North,0.46700335,0.87169033,-0.46978283,-0.88278204,0.622,0.5646731,-0.11850039,0.3416667,0.17500001,0.16666667,0,0,2,4,147,4.9289026,0.49651724,0,0,0,0.35110083,minor,41,0.0,71,0.056338027,48,0.020833334,36,0.0,80,0.05,10,0.1,147,0.7558547,0,9,0.307291,0.26964116,0.46460804,208.0202,220.7273
533,182.95917,276.16394,220.44516,93.20479,185.54929,208.32016,273.10587,5.256555,8.211773,1.1099422,5.06052,7.437705,1.5621966,259.69888,44.62679,0.7383551,-0.6780645,-3.806427,3.8663495,259.89948,208.64029,99.0,1.0,1.0,1.0,1.0,0,,0,,,,,,,1,533,1,1,0,0.3729881,0.8644218,Primary,0.7105263,0.19668502,0.533,0,1,0,0,0,0,0,0,0,0,0,NONE,0,0,0,0,0,0,NONE,0.05,0,Fall_North,0.47733805,0.8752879,-0.47930902,-0.8776462,0.62008286,0.5234388,0.028961701,0.05,0.17500001,0.16666667,0,0,3,4,147,2.9552176,0.4369324,0,0,0,0.30226415,minor,41,0.0,71,0.056338027,48,0.020833334,36,0.0,80,0.05,10,0.1,147,0.7557262,0,10,0.29087514,0.2501515,0.45747966,208.64029,220.44516
534,184.31476,274.81512,221.80414,90.50035,186.24289,210.56949,272.3171,4.731745,7.392451,1.1706189,4.745657,6.7431135,1.5623097,260.1428,43.03148,0.75425005,-1.0166821,-3.4456751,3.5925367,253.56076,209.267,100.0,1.0,1.0,1.0,1.0,0,,0,,,,,,,1,534,1,1,0,0.3736879,0.86467934,Primary,0.7121711,0.19689143,0.534,0,1,0,0,0,0,0,0,0,0,0,NONE,0,0,0,0,0,0,NONE,0.05,0,Fall_North,0.48778334,0.8788793,-0.4888801,-0.872351,0.62671715,0.610417,0.18725036,0.05,0.17500001,0.16666667,0,0,4,4,147,2.660706,0.44980097,0,0,0,0.30054155,minor,41,0.0,71,0.056338027,48,0.020833334,36,0.0,80,0.05,10,0.1,147,0.7555979,0,11,0.2998347,0.24950735,0.45017666,209.267,221.80414
535,184.03937,272.29272,221.14047,88.25335,185.94249,210.45409,269.54788,5.699164,11.055765,1.6580999,5.475743,8.599634,1.9398924,272.31015,31.347216,0.86099565,0.0030873667,-4.972762,4.972763,270.03558,209.8914,100.0,1.0,1.0,1.0,1.0,0,,0,,,,,,,1,535,1,1,0,0.37438768,0.86493635,Primary,0.7138158,0.19709745,0.535,0,1,0,0,0,0,0,0,0,0,0,NONE,0,0,0,0,0,0,NONE,0.05,0,Fall_North,0.49819,0.8824124,-0.49835762,-0.86697155,0.6244,0.6007343,-0.10574427,0.05,0.17500001,0.16666667,0,0,5,4,147,5.356601,0.49602422,0,0,0,0.37381998,minor,41,0.0,71,0.056338027,48,0.020833334,36,0.0,80,0.05,10,0.1,147,0.75546974,0,12,0.31723666,0.2788636,0.44280335,209.8914,221.14047
536,183.05823,275.15283,220.57327,92.09462,185.73518,209.07437,272.70926,5.766274,9.932646,1.2344619,5.5545826,7.9557242,1.7225415,264.48856,36.506058,0.816294,-0.42732018,-4.72631,4.7455883,264.83377,210.5204,99.0,1.0,1.0,1.0,1.0,0,,0,,,,,,,1,536,1,1,0,0.37508747,0.8651929,Primary,0.71546054,0.19730304,0.536,0,1,0,0,0,0,0,0,0,0,0,NONE,0,0,0,0,0,0,NONE,0.05,0,Fall_North,0.50867325,0.8859255,-0.50784504,-0.86144847,0.6289939,0.5145239,0.048816234,0.05,0.17500001,0.16666667,0,0,6,4,147,4.1663723,0.35781723,0,0,0,0.3366526,minor,41,0.0,71,0.056338027,48,0.020833334,36,0.0,80,0.05,10,0.1,147,0.7553417,0,13,0.27530828,0.26404145,0.4352789,210.5204,220.57327
537,183.8532,274.43643,221.1363,90.58323,186.27437,209.90356,271.19095,5.0339007,8.1880665,1.5316832,4.8390784,7.6467733,1.6265849,268.40863,36.08765,0.82007915,-0.42536077,-4.137662,4.159468,264.1305,211.1426,100.0,1.0,1.0,1.0,1.0,0,,0,,,,,,,1,537,1,1,0,0.37578726,0.86544895,Primary,0.71710527,0.19750823,0.537,0,1,0,0,0,0,0,0,0,0,0,NONE,0,0,0,0,0,0,NONE,0.05,0,Fall_North,0.5190433,0.88935494,-0.51716983,-0.8558828,0.62220603,0.45538685,0.028220449,0.05,0.05,0.16666667,0,0,7,4,147,3.154166,0.35977516,0,0,0,0.31662852,minor,41,0.0,71,0.056338027,48,0.020833334,36,0.0,80,0.05,10,0.1,147,0.75521386,0,14,0.27781233,0.22482656,0.4277412,211.1426,221.1363
538,183.27388,272.5587,220.05222,89.2848,185.7786,209.2894,269.28586,6.504093,10.771691,1.7505484,6.2733665,9.600248,1.6561404,276.72525,29.626223,0.874867,0.66652876,-5.726418,5.765078,276.6391,211.76726,99.0,1.0,1.0,1.0,1.0,0,,0,,,,,,,1,538,1,1,0,0.37648705,0.86570454,Primary,0.71875,0.19771302,0.538,0,1,0,0,0,0,0,0,0,0,0,NONE,0,0,0,0,0,0,NONE,0.05,0,Fall_North,0.52945435,0.8927517,-0.5264701,-0.8501936,0.62466264,0.57271034,-0.11251161,0.05,0.05,0.10833334,0,0,8,4,147,4.2675986,0.5799792,0,0,0,0.36785576,minor,41,0.0,71,0.056338027,48,0.020833334,36,0.0,80,0.05,10,0.1,147,0.7550862,0,15,0.35233724,0.24536215,0.42008042,211.76726,220.05222
539,183.43408,276.23633,220.43828,92.80224,185.63463,208.85944,272.21075,5.7081485,9.180541,1.410318,5.5293775,8.597645,1.608322,263.69946,35.240257,0.8276636,-0.33213317,-4.7396803,4.751303,265.99155,212.3978,100.0,1.0,1.0,1.0,1.0,0,,0,,,,,,,1,539,1,1,0,0.37718683,0.86595964,Primary,0.72039473,0.19791739,0.539,0,1,0,0,0,0,0,0,0,0,0,NONE,0,0,0,0,0,0,NONE,0.05,0,Fall_North,0.5399633,0.8961331,-0.5357944,-0.8443485,0.6305374,0.59225965,-0.0011460725,0.05,0.05,0.10833334,0,0,9,3,147,3.4723928,0.5806776,0,0,0,0.352992,minor,41,0.0,71,0.04225352,48,0.020833334,36,0.0,80,0.0375,10,0.1,147,0.7549586,0,16,0.35611212,0.23946129,0.41225412,212.3978,220.43828
540,183.74037,274.8928,221.07448,91.15242,185.82695,209.53674,271.5392,4.944178,8.474679,1.3506913,4.7394915,7.586826,1.7140723,265.0657,37.020638,0.81160355,-0.62191,-3.9825928,4.030858,261.12454,213.0258,100.0,1.0,1.0,1.0,1.0,0,,0,,,,,,,1,540,1,1,0,0.37788662,0.86621433,Primary,0.72203946,0.19812134,0.54,0,1,0,0,0,0,0,0,0,0,0,NONE,0,0,0,0,0,0,NONE,0.05,0,Fall_North,0.55043,0.8994532,-0.54501665,-0.8384252,0.628,0.5772498,-0.121608734,0.05,0.05,0.10833334,0,0,10,3,147,3.5305007,0.615994,0,0,0,0.36182842,minor,41,0.0,71,0.04225352,48,0.020833334,36,0.0,80,0.0375,10,0.1,147,0.75483125,0,17,0.37000552,0.24304043,0.40436718,213.0258,221.07448
541,183.33366,275.85623,220.35864,92.52258,185.85895,209.10509,272.5642,5.278083,8.75508,1.4837403,5.1400743,8.113378,1.6587615,263.469,38.10941,0.8015547,-0.75459236,-4.2375746,4.304236,259.90308,213.65245,99.0,1.0,1.0,1.0,1.0,0,,0,,,,,,,1,541,1,1,0,0.3785864,0.8664685,Primary,0.7236842,0.19832489,0.541,0,1,0,0,0,0,0,0,0,0,0,NONE,0,0,0,0,0,0,NONE,0.05,0,Fall_North,0.5608742,0.90271837,-0.55415386,-0.83241427,0.62665457,0.4364706,-0.13030589,0.05,0.05,0.10833334,0,0,11,3,147,3.4769979,0.53395414,0,0,0,0.35716516,minor,41,0.0,71,0.04225352,48,0.020833334,36,0.0,80,0.0375,10,0.1,147,0.75470406,0,18,0.34453416,0.24121964,0.3964069,213.65245,220.35864
542,182.59016,271.74222,220.74551,89.15206,185.66272,209.83691,269.8933,5.8404655,9.768278,1.7264557,5.6979384,8.741876,1.6725171,269.68442,36.768433,0.81390727,-0.0949619,-4.798179,4.799119,268.86618,214.285,100.0,1.0,1.0,1.0,1.0,0,,0,,,,,,,1,542,1,1,0,0.3792862,0.8667222,Primary,0.7253289,0.19852804,0.542,0,1,0,0,0,0,0,0,0,0,0,NONE,0,0,0,0,0,0,NONE,0.05,0,Fall_North,0.5714167,0.9059654,-0.5633097,-0.8262458,0.6325455,0.3904168,0.028705604,0.05,0.05,0.10833334,0,0,12,3,147,3.9278126,0.54260564,0,0,0,0.37302473,minor,41,0.0,71,0.04225352,48,0.020833334,36,0.0,80,0.0375,10,0.1,147,0.75457704,0,19,0.3494567,0.24760793,0.38828164,214.285,220.74551
543,183.42004,271.8206,219.72278,88.40056,185.75159,209.18645,268.3613,7.6266456,11.436398,1.6028103,7.4831195,10.171294,1.4995317,275.9212,27.37594,0.8921272,0.8786196,-6.796401,6.8529587,277.36618,214.9156,100.0,1.0,1.0,1.0,1.0,1,"HP3 Mole Recovery Operations, HP3 RAD Hourly and Other Calibrations, and Long Shadow, Aeolian Change, Dust Devil Search, and Tau Images",1,,0.0,,0.0,,0.0,1,543,1,1,0,0.37998602,0.8669754,Primary,0.7269737,0.19873078,0.543,21,9,0,0,0,1,0,0,1,0,2,HP3,0,1,0,1,0,0,MAINTENANCE,0.8363637,0,Fall_North,0.58192664,0.9091531,-0.57236916,-0.81999606,0.6306,0.52016884,-0.23558801,0.3121212,0.16233766,0.16075759,1,1,0,4,148,3.809752,0.9502729,0,0,0,0.41192392,minor,41,0.0,72,0.055555556,48,0.020833334,36,0.0,81,0.049382716,10,0.1,148,0.75345016,1,0,0.48299202,0.29164645,0.38009268,214.9156,219.72278
544,183.16344,273.82803,220.57063,90.66461,185.8247,209.2881,270.4283,5.277344,8.925448,1.3880603,5.087067,7.749118,1.6912766,270.37668,35.539883,0.82499444,0.19653875,-4.4147234,4.4190965,272.54907,215.54405,99.0,1.0,1.0,1.0,1.0,0,,0,,,,,,,1,544,1,1,0,0.3806858,0.8672282,Primary,0.72861844,0.19893312,0.544,0,1,0,0,0,0,0,0,0,0,0,NONE,0,0,0,0,0,0,NONE,0.05,0,Fall_North,0.59240085,0.9122807,-0.5813287,-0.81366885,0.6284505,0.44392332,0.086401284,0.3121212,0.16233766,0.16075759,0,0,1,4,148,3.6481044,0.91947174,0,0,0,0.40938854,minor,41,0.0,72,0.055555556,48,0.020833334,36,0.0,81,0.049382716,10,0.1,148,0.7533234,0,1,0.47491223,0.29067665,0.37184483,215.54405,220.57063
545,183.30566,272.5301,220.10078,89.22442,185.623,209.63808,269.23145,7.177532,12.78941,1.8307517,6.7898784,11.023705,1.7818674,278.01672,29.57999,0.87523186,0.7611968,-6.3128996,6.358626,276.87543,216.1788,100.0,1.0,1.0,1.0,1.0,0,,0,,,,,,,1,545,1,1,0,0.3813856,0.8674806,Primary,0.7302632,0.19913505,0.545,0,1,0,0,0,0,0,0,0,0,0,NONE,0,0,0,0,0,0,NONE,0.05,0,Fall_North,0.60298,0.9153893,-0.59030706,-0.8071788,0.6347495,0.4374923,-0.056251,0.3121212,0.16233766,0.10242425,0,0,2,4,148,5.611878,1.0245512,1,0,0,0.72054124,major,41,0.0,72,0.055555556,48,0.020833334,36,0.0,81,0.049382716,10,0.1,148,0.75319684,0,2,0.51087016,0.41518202,0.36342785,216.1788,220.10078
546,183.57166,274.87994,221.47325,91.308304,186.23706,209.24947,272.602,4.524967,8.444748,1.2819932,4.5587425,6.9503274,1.8662562,258.2303,56.333134,0.61672026,-0.565263,-2.7607143,2.8179896,258.4285,216.8118,100.0,1.0,1.0,1.0,1.0,0,,0,,,,,,,1,546,1,1,0,0.38208538,0.8677324,Primary,0.7319079,0.19933657,0.546,0,1,0,0,0,0,0,0,0,0,0,NONE,0,0,0,0,0,0,NONE,0.05,0,Fall_North,0.61353,0.91843855,-0.5991885,-0.800608,0.633,0.5892565,0.06645994,0.05,0.16233766,0.10242425,0,0,3,3,148,3.919781,1.164681,0,0,1,0.43971696,minor,41,0.0,72,0.041666668,48,0.020833334,36,0.0,81,0.037037037,10,0.1,148,0.7530704,0,3,0.56106365,0.30289656,0.35494897,216.8118,221.47325
547,184.39865,273.63342,220.44139,89.23479,186.41753,209.14073,271.08456,4.700996,9.190073,1.6286858,4.627309,8.200188,1.9549205,259.67426,46.46127,0.71980053,-1.0463072,-3.2743788,3.4374866,252.27905,217.44864,99.0,1.0,1.0,1.0,1.0,0,,0,,,,,,,1,547,1,1,0,0.38278517,0.8679838,Primary,0.73355263,0.19953771,0.547,0,1,0,0,0,0,0,0,0,0,0,NONE,0,0,0,0,0,0,NONE,0.05,0,Fall_North,0.62414396,0.9214547,-0.60805,-0.79389876,0.63683635,0.5474576,0.013791149,0.05,0.16233766,0.10242425,0,0,4,3,148,4.4890776,1.1979587,0,0,1,0.45765913,minor,41,0.0,72,0.041666668,48,0.020833334,36,0.0,81,0.037037037,10,0.1,148,0.7529442,0,4,0.57380974,0.3101176,0.34633434,217.44864,220.44139
548,184.2074,276.8362,221.40096,92.62881,186.31926,209.04855,274.69406,4.6101246,7.939442,1.2432289,4.662857,6.659286,1.7221752,253.03514,52.43711,0.6578386,-1.1871597,-2.8076851,3.048351,247.08014,218.079,100.0,1.0,1.0,1.0,1.0,0,,0,,,,,,,1,548,1,1,0,0.38348496,0.86823475,Primary,0.73519737,0.19973843,0.548,0,1,0,0,0,0,0,0,0,0,0,NONE,0,0,0,0,0,0,NONE,0.05,0,Fall_North,0.63465,0.92438895,-0.6167474,-0.7871611,0.63036364,0.64040434,0.10923971,0.05,0.16233766,0.10242425,0,0,5,3,148,3.3293176,1.2686671,0,0,1,0.43395916,minor,41,0.0,72,0.041666668,48,0.020833334,36,0.0,81,0.037037037,10,0.1,148,0.75281805,0,5,0.6010295,0.30068177,0.33772552,218.079,221.40096
549,183.6016,275.5437,221.02216,91.94212,186.06839,209.35773,272.85025,4.4395394,7.8320913,1.3333445,4.4537992,6.975237,1.7641674,255.06766,42.218235,0.7622567,-1.31175,-3.1899347,3.4491117,247.64679,218.714,100.0,1.0,1.0,1.0,1.0,0,,0,,,,,,,1,549,1,1,0,0.38418475,0.8684852,Primary,0.7368421,0.19993876,0.549,0,1,0,0,0,0,0,0,0,0,0,NONE,0,0,0,0,0,0,NONE,0.05,0,Fall_North,0.64523333,0.9272929,-0.6254333,-0.7802776,0.635,0.6565861,0.21656193,0.05,0.16233766,0.10242425,0,0,6,3,148,3.3925517,1.3471544,0,0,1,0.43971384,minor,41,0.0,72,0.041666668,48,0.020833334,36,0.0,81,0.037037037,10,0.1,148,0.7526921,0,6,0.60711884,0.30302772,0.3289726,218.714,221.02216
550,183.65056,276.09558,221.00078,92.445015,185.82393,208.74957,273.49716,4.2671447,7.1484013,1.1361934,4.448557,6.375107,1.6752188,249.01852,55.604145,0.624433,-1.3217479,-2.3797286,2.7221546,240.95135,219.35284,99.0,1.0,1.0,1.0,1.0,1,"HP3 Mole Recovery Operations, HP3 RAD Calibrations and SSA Monitoring, Disable IDA Survival Heaters, IDA Temperature Monitoring, Update LME Curves, and Long Shadow, Aeolian Change, Dust Devil Search, Meteor Search, and Tau Images",1,,0.0,,0.0,,0.0,1,550,1,1,0,0.38488454,0.86873525,Primary,0.7384868,0.20013867,0.55,33,13,0,0,1,1,0,1,1,0,4,IDA,1,1,0,1,1,1,SCIENCE,1.0,0,Fall_North,0.6558808,0.9301614,-0.63409436,-0.77325565,0.6388485,0.50829494,0.07169266,0.36666667,0.18571429,0.16575758,1,1,0,4,149,2.8812566,1.0113374,0,0,0,0.4247896,minor,42,0.023809524,73,0.05479452,48,0.020833334,37,0.027027028,82,0.048780486,10,0.1,149,0.7515663,1,0,0.52406216,0.3032962,0.3200864,219.35284,221.00078
551,184.42722,276.6549,221.76848,92.227684,186.2472,209.40657,273.5673,4.267838,7.38879,1.1714023,4.267228,6.6087694,1.7312722,243.88254,60.911827,0.5683013,-1.4750503,-1.9746715,2.464772,233.24081,219.9852,100.0,1.0,1.0,1.0,1.0,0,,0,,,,,,,1,551,1,1,0,0.38558432,0.8689848,Primary,0.74013156,0.2003382,0.551,0,1,0,0,0,0,0,0,0,0,0,NONE,0,0,0,0,0,0,NONE,0.05,0,Fall_North,0.66642,0.9329481,-0.6425897,-0.76621044,0.6323515,0.59023166,0.27794886,0.36666667,0.18571429,0.16575758,0,0,1,4,149,3.1209517,1.0367978,0,0,0,0.43711627,minor,42,0.023809524,73,0.05479452,48,0.020833334,37,0.027027028,82,0.048780486,10,0.1,149,0.7514407,0,1,0.5368903,0.3082708,0.31121284,219.9852,221.76848
552,184.30295,274.79108,221.72708,90.48812,186.69234,209.04611,272.03595,4.4599476,7.4070067,1.1066363,4.5019813,6.2708907,1.6607833,254.62025,47.57329,0.7084273,-0.94842714,-3.058949,3.2026055,252.77396,220.61903,99.0,1.0,1.0,1.0,1.0,0,,0,,,,,,,1,552,1,1,0,0.3862841,0.8692339,Primary,0.7417763,0.20053732,0.552,0,1,0,0,0,0,0,0,0,0,0,NONE,0,0,0,0,0,0,NONE,0.05,0,Fall_North,0.67698383,0.93568844,-0.65102637,-0.75905514,0.6338303,0.47186008,0.04230617,0.36666667,0.18571429,0.16575758,0,0,2,4,149,2.9470592,0.16279323,0,0,0,0.35668507,minor,42,0.023809524,73,0.05479452,48,0.020833334,37,0.027027028,82,0.048780486,10,0.1,149,0.75131524,0,2,0.26382834,0.27614227,0.3022425,220.61903,221.72708
553,183.65363,273.98196,220.71114,90.328354,185.67764,210.23096,270.07672,5.991162,9.004337,1.1639762,5.853229,8.043545,1.5029367,266.4429,40.240757,0.7814248,0.004740792,-4.7674108,4.767413,270.05698,221.2588,100.0,1.0,1.0,1.0,1.0,0,,0,,,,,,,1,553,1,1,0,0.3869839,0.8694826,Primary,0.7434211,0.20073605,0.553,0,1,0,0,0,0,0,0,0,0,0,NONE,0,0,0,0,0,0,NONE,0.05,0,Fall_North,0.6876467,0.9384003,-0.65946126,-0.75173855,0.6397697,0.50195915,0.04495836,0.05,0.18571429,0.16575758,0,0,3,3,149,3.0131757,0.6015207,0,0,0,0.4029363,minor,42,0.023809524,73,0.04109589,48,0.0,37,0.027027028,82,0.036585364,10,0.1,149,0.7511899,0,3,0.405083,0.29468662,0.29311246,221.2588,220.71114
554,184.73158,273.0353,220.80574,88.30372,186.81735,209.41597,269.5223,5.3175273,8.502262,1.3179941,5.3338294,7.796685,1.5989128,270.79648,34.838665,0.83121896,0.42505124,-4.5503144,4.5701237,275.33658,221.8968,100.0,1.0,1.0,1.0,1.0,0,,0,,,,,,,1,554,1,1,0,0.3876837,0.86973083,Primary,0.7450658,0.20093438,0.554,0,1,0,0,0,0,0,0,0,0,0,NONE,0,0,0,0,0,0,NONE,0.05,0,Fall_North,0.69828,0.9410503,-0.667791,-0.7443488,0.638,0.42951846,-0.09920275,0.05,0.18571429,0.16575758,0,0,4,3,149,3.184735,0.6489423,0,0,0,0.4156834,minor,42,0.023809524,73,0.04109589,48,0.0,37,0.027027028,82,0.036585364,10,0.1,149,0.7510647,0,4,0.4216333,0.29982927,0.28393373,221.8968,220.80574
555,184.921,270.22803,219.55875,85.30703,187.03853,208.74626,267.65384,6.757933,12.426969,1.873578,6.6776805,10.22911,1.8388712,281.33203,24.802528,0.9105604,1.2689481,-6.1131563,6.243469,281.7267,222.53282,99.0,1.0,1.0,1.0,1.0,0,,0,,,,,,,1,555,1,1,0,0.38838348,0.8699786,Primary,0.74671054,0.20113231,0.555,0,1,0,0,0,0,0,0,0,0,0,NONE,0,0,0,0,0,0,NONE,0.05,0,Fall_North,0.7088803,0.9436376,-0.6760124,-0.73689026,0.63601816,0.7410088,-0.24390152,0.05,0.18571429,0.16575758,0,0,5,3,149,5.669036,0.9845975,1,0,0,0.7605978,major,42,0.023809524,73,0.04109589,48,0.0,37,0.027027028,82,0.036585364,10,0.1,149,0.7509397,0,5,0.5363877,0.4378388,0.2747115,222.53282,219.55875
556,184.4395,275.79376,221.07396,91.35427,186.79762,208.60902,273.22177,4.8163633,9.28365,1.4278573,4.858448,8.0115185,1.9275228,255.82903,57.839745,0.60077244,-0.27346084,-2.9634457,2.976036,264.72778,223.1744,100.0,1.0,1.0,1.0,1.0,0,,0,,,,,,,1,556,1,1,0,0.38908327,0.8702259,Primary,0.74835527,0.20132984,0.556,0,1,0,0,0,0,0,0,0,0,0,NONE,0,0,0,0,0,0,NONE,0.05,0,Fall_North,0.7195733,0.94619215,-0.6842213,-0.7292744,0.64158183,0.74220055,0.0121967755,0.05,0.18571429,0.16575758,0,0,6,3,149,4.467287,0.95411086,0,0,0,0.48315543,minor,42,0.023809524,73,0.04109589,48,0.0,37,0.027027028,82,0.036585364,10,0.1,149,0.7508149,0,6,0.53007,0.32690552,0.26533753,223.1744,221.07396
557,184.81699,273.7417,221.3295,88.924736,186.8102,209.63019,271.18576,4.1474295,6.946544,1.0221761,4.212917,5.737623,1.6749035,254.12863,53.405495,0.64764875,-0.9746481,-2.5004535,2.6836927,248.70473,223.814,100.0,1.0,1.0,1.0,1.0,1,"HP3 Mole Recovery Operations, HP3 RAD Calibrations and SSA Monitoring, Battery Characterization, IDA Temperature Monitoring, and Long Shadow, Aeolian Change, Dust Devil Search, and Tau Images",1,,0.0,,0.0,,0.0,1,557,1,1,0,0.38978305,0.8704728,Primary,0.75,0.201527,0.557,26,11,0,0,1,1,0,1,1,0,4,IDA,1,1,0,1,1,0,SCIENCE,1.0,0,Fall_North,0.7302333,0.9486831,-0.6923195,-0.72159106,0.6396,0.75625855,-0.07316116,0.36666667,0.18571429,0.22909091,1,1,0,4,150,2.7991147,0.9729462,0,0,0,0.44901955,minor,43,0.046511628,74,0.054054055,48,0.0,38,0.05263158,83,0.04819277,10,0.1,150,0.7496902,1,0,0.5394584,0.31364483,0.2559231,223.814,221.3295
558,184.88637,274.18292,220.60109,89.29657,186.65646,208.86208,271.29755,4.5466833,7.6590257,0.92029124,4.486969,6.0808992,1.6845303,262.86267,44.013336,0.7444955,-0.3683256,-3.4410362,3.460693,263.89038,224.45142,99.0,1.0,1.0,1.0,1.0,0,,0,,,,,,,1,558,1,1,0,0.39048284,0.87071925,Primary,0.75164473,0.20172374,0.558,0,1,0,0,0,0,0,0,0,0,0,NONE,0,0,0,0,0,0,NONE,0.05,0,Fall_North,0.7408569,0.95110995,-0.7003042,-0.71384454,0.63741416,0.68276364,-0.18766463,0.36666667,0.18571429,0.17666666,0,0,1,4,150,3.1123421,0.9378759,0,0,0,0.45757577,minor,43,0.046511628,74,0.054054055,48,0.0,38,0.05263158,83,0.04819277,10,0.1,150,0.74956566,0,1,0.53014284,0.3171109,0.2464736,224.45142,220.60109
559,184.40807,270.73956,219.52652,86.331505,187.171,208.42311,266.05106,5.9774756,10.682883,1.9888889,5.438194,9.763141,1.7871898,278.45874,26.413681,0.89918804,0.8344874,-5.3957124,5.459861,278.79156,225.0946,100.0,1.0,1.0,1.0,1.0,0,,0,,,,,,,1,559,1,1,0,0.39118263,0.87096524,Primary,0.75328946,0.20192009,0.559,0,1,0,0,0,0,0,0,0,0,0,NONE,0,0,0,0,0,0,NONE,0.05,0,Fall_North,0.75157666,0.9535022,-0.7082733,-0.70593834,0.64318585,0.7068458,-0.19743574,0.36666667,0.18571429,0.17666666,0,0,2,4,150,4.705408,0.92761725,0,0,0,0.49924627,minor,43,0.046511628,74,0.054054055,48,0.0,38,0.05263158,83,0.04819277,10,0.1,150,0.74944127,0,2,0.5306421,0.3338226,0.2368722,225.0946,219.52652
560,185.63568,272.56842,220.41489,86.932755,188.23268,208.30463,268.88733,5.9020634,9.886211,1.7527469,5.89778,9.069249,1.6750432,271.94562,38.681244,0.79621166,0.4851012,-4.884997,4.909024,275.6711,225.7362,100.0,1.0,1.0,1.0,1.0,0,,0,,,,,,,1,560,1,1,0,0.39188245,0.8712108,Primary,0.7549342,0.20211606,0.56,0,1,0,0,0,0,0,0,0,0,0,NONE,0,0,0,0,0,0,NONE,0.05,0,Fall_North,0.76227,0.9558315,-0.71613383,-0.69796294,0.6416,0.7020142,-0.06514117,0.05,0.18571429,0.17666666,0,0,3,3,150,3.9841475,0.9181554,0,0,0,0.4852998,minor,43,0.046511628,74,0.04054054,48,0.0,38,0.05263158,83,0.036144577,10,0.0,150,0.74931705,0,3,0.5307864,0.3282875,0.22722985,225.7362,220.41489
561,186.09581,266.83942,218.79582,80.743614,188.1314,208.36491,264.1878,6.2738748,12.1399355,2.2780514,5.3350124,10.276209,1.9349982,284.424,23.623888,0.91851074,1.3972276,-5.638389,5.808931,283.91788,226.3821,99.0,1.0,1.0,1.0,1.0,0,,0,,,,,,,1,561,1,1,0,0.39258224,0.8714559,Primary,0.7565789,0.20231164,0.561,0,1,0,0,0,0,0,0,0,0,0,NONE,0,0,0,0,0,0,NONE,0.05,0,Fall_North,0.7730349,0.9581188,-0.7239563,-0.68984586,0.6458909,0.9203024,-0.12715311,0.05,0.18571429,0.17666666,0,0,4,3,150,5.866061,0.9811269,1,0,0,0.7906803,major,43,0.046511628,74,0.04054054,48,0.0,38,0.05263158,83,0.036144577,10,0.0,150,0.749193,0,4,0.5582466,0.4504831,0.21745956,226.3821,218.79582
562,185.95999,272.85376,219.74464,86.89377,188.07773,208.30199,270.09744,6.0840135,10.216999,1.5809659,5.7387085,9.450157,1.6793189,266.03885,35.139942,0.8285541,-0.13427235,-5.1074524,5.1092167,268.49408,227.0202,100.0,1.0,1.0,1.0,1.0,0,,0,,,,,,,1,562,1,1,0,0.39328203,0.87170064,Primary,0.7582237,0.20250681,0.562,0,1,0,0,0,0,0,0,0,0,0,NONE,0,0,0,0,0,0,NONE,0.05,0,Fall_North,0.78367,0.96032125,-0.7315941,-0.68174046,0.6381091,0.9016853,-0.22155322,0.05,0.18571429,0.17666666,0,0,5,3,150,4.132985,0.8616266,0,0,0,0.4922358,minor,43,0.046511628,74,0.04054054,48,0.0,38,0.05263158,83,0.036144577,10,0.0,150,0.7490691,0,5,0.5236186,0.3311487,0.20774628,227.0202,219.74464
563,186.12668,273.4266,220.88359,87.29991,189.09627,209.50974,271.24017,4.965226,9.68454,1.7293664,4.908733,8.142042,1.9504731,260.6145,56.633633,0.6135398,-0.6455096,-3.2167857,3.2809134,258.6532,227.6602,99.0,1.0,1.0,1.0,1.0,0,,0,,,,,,,1,563,1,1,0,0.3939818,0.8719449,Primary,0.75986844,0.20270161,0.563,0,1,0,0,0,0,0,0,0,0,0,NONE,0,0,0,0,0,0,NONE,0.05,0,Fall_North,0.7943367,0.962473,-0.73916346,-0.6735261,0.640002,0.8738068,-0.07431862,0.05,0.18571429,0.17666666,0,0,6,3,150,4.719314,0.8467437,0,0,0,0.5092385,moderate,43,0.046511628,74,0.04054054,48,0.0,38,0.05263158,83,0.036144577,10,0.0,150,0.7489453,0,6,0.5215811,0.33799312,0.19794539,227.6602,220.88359
564,186.10443,274.90396,221.15372,88.79954,188.45538,208.88199,272.14246,4.4381876,8.379073,1.4635723,4.231633,7.991871,1.8879493,247.04695,80.03908,0.37691778,-1.013271,-0.9478913,1.3875215,223.09062,228.3064,100.0,1.0,1.0,1.0,1.0,1,"HP3 RAD Calibrations and SSA Monitoring, Battery Characterization, IDA Temperature Monitoring, and Long Shadow, Aeolian Change, Dust Devil Search, and Tau Images",1,,0.0,,0.0,,0.0,1,564,1,1,0,0.3946816,0.8721887,Primary,0.7615132,0.20289601,0.564,22,10,0,0,1,1,0,1,1,0,4,IDA,1,1,0,0,1,0,SCIENCE,1.0,0,Fall_North,0.80510664,0.9645869,-0.7467125,-0.66514695,0.646198,0.8371979,0.09210494,0.36666667,0.18571429,0.24,1,1,0,4,151,3.9408858,0.7786616,0,0,0,0.4885499,minor,44,0.06818182,75,0.053333335,48,0.0,39,0.07692308,84,0.04761905,10,0.0,151,0.7478217,1,0,0.5027295,0.3301109,0.18799159,228.3064,221.15372
565,187.1781,273.4947,221.4627,86.316605,189.80197,210.06363,270.4634,4.482641,7.245095,0.9465346,4.3479843,6.0815477,1.6162558,250.9543,66.21373,0.51285577,-0.9713645,-1.9168006,2.1488774,243.12578,228.9504,100.0,1.0,1.0,1.0,1.0,0,,0,,,,,,,1,565,1,1,0,0.3953814,0.8724321,Primary,0.7631579,0.20309003,0.565,0,1,0,0,0,0,0,0,0,0,0,NONE,0,0,0,0,0,0,NONE,0.05,0,Fall_North,0.81584,0.9666349,-0.75414133,-0.6567121,0.644,0.9662442,0.32269752,0.36666667,0.18571429,0.17666666,0,0,1,4,151,2.7624536,0.7913897,0,0,0,0.46566355,minor,44,0.06818182,75,0.053333335,48,0.0,39,0.07692308,84,0.04761905,10,0.0,151,0.74769825,0,1,0.5125996,0.3209996,0.17801549,228.9504,221.4627
566,187.2993,268.59933,211.27774,81.30002,189.6257,203.20737,258.29126,5.7922554,10.878828,2.0341253,5.369369,9.875083,1.8781677,270.67535,40.261623,0.7812249,0.5073303,-4.8735685,4.8999033,275.943,229.53448,81.0,1.0,1.0,1.0,1.0,0,,0,,,,,,,1,566,1,1,0,0.39608118,0.87267506,Primary,0.76480263,0.20328365,0.566,0,1,0,0,0,0,0,0,0,0,0,NONE,0,0,0,0,0,0,NONE,0.05,0,Fall_North,0.8255747,0.96844137,-0.76079667,-0.64899033,0.5840815,3.5685184,-1.5228573,0.36666667,0.18571429,0.17666666,0,0,2,4,151,5.086572,0.77356213,0,0,0,0.62383133,moderate,44,0.06818182,75,0.053333335,48,0.0,39,0.07692308,84,0.04761905,10,0.0,151,0.747575,0,2,0.56363404,0.38430986,0.16892068,229.53448,211.27774
576,233.66382,270.9007,258.96716,37.23687,238.58601,261.78137,270.1219,3.8929415,5.053794,0.7914887,4.05126,4.866758,1.2981942,144.84987,67.72392,0.4972967,-1.585076,0.73911977,1.7489322,155.0004,236.569,22.0,1.0,1.0,1.0,1.0,0,,0,,,,,,,1,576,10,0,9,0.40307906,0.87508136,Primary,0.78125,0.20519876,0.576,0,1,0,0,0,0,0,0,0,0,0,NONE,0,0,0,0,0,0,NONE,0.05,0,Fall_North,0.9428167,0.98632514,-0.8345499,-0.55093235,7.0345187,15.553012,6.695223,0.05,0.18571429,0.17666666,0,0,12,4,151,1.1608524,0.92306215,0,0,0,0.49004534,minor,44,0.06818182,75,0.053333335,48,0.0,39,0.07692308,84,0.04761905,10,0.0,151,0.74635047,0,12,0.87200123,0.33122402,0.056401353,236.569,258.96716
577,187.11307,269.47534,219.86545,82.36226,189.57188,209.15181,266.63666,4.6046143,9.582833,1.6936734,4.5497913,8.090349,2.0811372,267.3846,40.789627,0.7761494,-0.13109872,-3.767265,3.7695453,268.00696,236.80739,99.0,1.0,1.0,1.0,1.0,1,"Unsafe APSS and Power ON (All Sensors), Retract IDA, Mole Pit Mosaic, Solar Array Vibration Image Campaign, Install WUTT, and Tau Images",1,,0.0,,0.0,,0.0,1,577,1,1,0,0.40377888,0.8753197,Primary,0.78289473,0.20538817,0.577,22,8,0,0,1,1,1,1,1,0,5,IDA,0,0,1,0,0,1,DEPLOYMENT,1.0,0,Fall_North,0.94678974,0.9868042,-0.83683485,-0.5474554,0.23838384,15.491477,0.02013264,0.36666667,0.32142857,0.24,1,1,0,5,152,4.978219,0.7843161,0,0,0,0.57070065,moderate,45,0.08888889,76,0.065789476,49,0.020408163,40,0.1,85,0.05882353,10,0.0,152,0.7452288,0,13,0.8297299,0.3978073,0.052508105,236.80739,219.86545
578,186.97133,270.57733,219.98773,83.60602,189.5261,209.33044,266.85226,5.0093193,9.766766,1.5637879,4.7671437,8.650225,1.9497191,266.89426,40.200214,0.7818131,-0.1713609,-4.064425,4.068036,267.5858,237.3584,100.0,1.0,1.0,1.0,1.0,0,,0,,,,,,,1,578,1,1,0,0.40447867,0.87555766,Primary,0.78453946,0.20557721,0.578,0,1,0,0,0,0,0,0,0,0,0,NONE,0,0,0,0,0,0,NONE,0.05,0,Fall_North,0.9559733,0.98787904,-0.842061,-0.53938234,0.55101615,15.478615,-0.14931118,0.36666667,0.32142857,0.24,0,0,1,5,152,4.7574463,0.59493124,0,0,0,0.5516252,moderate,45,0.08888889,76,0.065789476,49,0.020408163,40,0.1,85,0.05882353,10,0.0,152,0.74510735,0,14,0.7731587,0.39021963,0.04349303,237.3584,219.98773
579,186.86699,267.56024,219.5066,80.69326,189.36633,209.31946,265.29538,5.2261915,9.23257,1.5270984,5.1196294,8.001401,1.7665962,273.76004,31.15213,0.86259604,0.364352,-4.596491,4.610909,274.53223,238.0074,100.0,1.0,1.0,1.0,1.0,0,,0,,,,,,,1,579,1,1,0,0.40517846,0.8757951,Primary,0.7861842,0.20576587,0.579,0,1,0,0,0,0,0,0,0,0,0,NONE,0,0,0,0,0,0,NONE,0.05,0,Fall_North,0.96679,0.9890872,-0.8481165,-0.5298097,0.649,15.545284,-0.27451843,0.36666667,0.32142857,0.24,0,0,2,5,152,4.0063787,0.6190313,0,0,0,0.5401011,moderate,45,0.08888889,76,0.065789476,49,0.020408163,40,0.1,85,0.05882353,10,0.0,152,0.74498606,0,15,0.7839533,0.38565245,0.032847565,238.0074,219.5066
580,186.7842,268.1803,218.45,81.396095,189.19945,209.02324,264.61484,6.0924664,10.321263,1.5248994,6.044848,9.199872,1.6941026,278.42715,26.99642,0.89493555,1.0028157,-5.436785,5.5284963,280.45074,238.65437,99.0,1.0,1.0,1.0,1.0,0,,0,,,,,,,1,580,1,1,0,0.40587825,0.87603223,Primary,0.7878289,0.20595415,0.58,0,1,0,0,0,0,0,0,0,0,0,NONE,0,0,0,0,0,0,NONE,0.05,0,Fall_North,0.9775729,0.9902291,-0.85404485,-0.52019936,0.6469737,15.678291,-0.5021189,0.05,0.18571429,0.24,0,0,3,5,152,4.228797,0.7659992,0,0,0,0.6632973,moderate,45,0.08888889,76,0.065789476,49,0.020408163,40,0.1,85,0.05882353,10,0.0,152,0.74486494,0,16,0.833227,0.40104476,0.02220795,238.65437,218.45
581,186.39139,270.79736,219.79135,84.405975,189.43121,208.9901,267.7567,5.278299,9.962011,1.8318956,4.9071045,8.957149,1.8873526,265.55426,52.24809,0.6598242,0.24320836,-3.990549,3.9979534,273.48764,239.307,100.0,1.0,1.0,1.0,1.0,0,,0,,,,,,,1,581,1,1,0,0.40657803,0.8762689,Primary,0.7894737,0.20614205,0.581,0,1,0,0,0,0,0,0,0,0,0,NONE,0,0,0,0,0,0,NONE,0.05,0,Fall_North,0.98845,0.99131775,-0.85991466,-0.51043785,0.6526263,15.739829,1.418934,0.05,0.18571429,0.17666666,0,0,4,5,152,4.683712,0.73223966,0,0,0,0.5754844,moderate,45,0.08888889,76,0.065789476,49,0.020408163,40,0.1,85,0.05882353,10,0.0,152,0.7447439,0,17,0.8259146,0.36596197,0.011449729,239.307,219.79135
582,186.60146,269.9375,219.94176,83.33606,188.97563,209.00003,267.2819,4.7837577,9.918229,1.7753302,4.617774,8.548557,2.0733135,261.99808,55.26687,0.62799954,-0.34965444,-3.329204,3.3475153,264.0044,239.957,100.0,1.0,1.0,1.0,1.0,0,,0,,,,,,,1,582,1,1,0,0.40727782,0.87650526,Primary,0.79111844,0.20632958,0.582,0,1,0,0,0,0,0,0,0,0,0,NONE,0,0,0,0,0,0,NONE,0.05,0,Fall_North,0.9992833,0.9923386,-0.86564994,-0.5006498,0.65,14.892529,-6.5042334,0.05,0.18571429,0.17666666,0,0,5,4,152,5.1344714,0.67688584,0,0,0,0.6855658,moderate,45,0.08888889,76,0.05263158,49,0.020408163,40,0.1,85,0.047058824,10,0.0,152,0.74462306,0,18,0.8118247,0.41003683,0.0007111954,239.957,219.94176
583,186.54367,266.85193,218.69762,80.30825,189.37271,208.43294,264.09158,5.58853,9.752001,1.7309756,5.456152,9.273487,1.7450029,275.50882,29.396421,0.87667626,0.42511025,-4.9287286,4.9470277,274.92966,240.61095,99.0,1.0,1.0,1.0,1.0,0,,0,,,,,,,1,583,1,1,0,0.4079776,0.8767411,Primary,0.7927632,0.20651673,0.583,0,1,0,0,0,0,0,0,0,0,0,NONE,0,0,0,0,0,0,NONE,0.05,0,Fall_North,0.9898177,0.9933017,-0.87130755,-0.4907374,0.65393937,0.630901,-0.19463839,0.05,0.18571429,0.17666666,0,0,6,4,152,4.1634707,0.50225765,0,0,0,0.5423398,moderate,45,0.08888889,76,0.05263158,49,0.020408163,40,0.1,85,0.047058824,10,0.0,152,0.74450237,0,19,0.46730015,0.35278866,0.010114117,240.61095,218.69762
584,186.20116,267.88226,218.66571,81.68109,188.95934,208.05595,264.70114,5.6531587,9.574102,1.7419248,5.417169,9.269301,1.6935844,275.18314,31.450077,0.86014897,0.5309738,-4.926267,4.9547997,276.15182,241.2576,100.0,1.0,1.0,1.0,1.0,1,"SEIS Tilt Measurement and Flash Maintenance, HP3 Unsafe and RAD Single Measurements, and Dust Devil and Tau Images",1,,0.0,,0.0,,0.0,1,584,1,1,0,0.4086774,0.8769766,Primary,0.7944079,0.20670351,0.584,18,7,0,0,0,1,1,0,1,0,3,HP3,1,1,0,0,0,0,SCIENCE,0.8204546,0,Fall_North,0.97904,0.9941908,-0.8767905,-0.48087248,0.6466606,0.66534877,-0.22033614,0.3068182,0.16006494,0.22803031,1,1,0,5,153,3.9209433,0.43827394,0,0,0,0.5263026,moderate,45,0.08888889,77,0.064935066,50,0.04,40,0.1,86,0.058139537,10,0.0,153,0.7433818,1,0,0.4447343,0.34035364,0.020838212,241.2576,218.66571
585,186.65605,269.80838,224.56935,83.15231,188.69159,222.28148,267.53427,4.2869263,7.484021,1.3801581,4.5566797,5.915353,1.7457778,240.73563,69.23426,0.48187336,-0.7517438,-2.1303675,2.2591114,250.56357,242.0388,75.0,1.0,0.61333334,0.84533334,1.0,0,,0,,,,,,,1,585,1,1,0,0.4093772,0.8772117,Primary,0.79605263,0.20688991,0.585,0,1,0,0,0,0,0,0,0,0,0,NONE,0,0,0,0,0,0,NONE,0.05,0,Fall_North,0.96602,0.995181,-0.8832653,-0.46887353,0.7812,2.1224227,0.84379065,0.3068182,0.16006494,0.22803031,0,0,1,5,153,3.197095,0.5957521,0,0,0,0.51817936,moderate,45,0.08888889,77,0.064935066,50,0.04,40,0.1,86,0.058139537,10,0.0,153,0.7432614,0,1,0.5202267,0.3371465,0.033816263,242.0388,224.56935
586,186.27643,268.31644,218.8315,82.04,188.9857,207.9858,264.8363,4.6782966,9.167928,1.7739275,4.5749416,8.249955,1.9596721,263.35898,45.152607,0.73306525,-0.4233784,-3.5521247,3.5772672,263.20297,242.56294,99.0,1.0,1.0,1.0,1.0,0,,0,,,,,,,1,586,1,1,0,0.41007698,0.87744635,Primary,0.79769737,0.20707595,0.586,0,1,0,0,0,0,0,0,0,0,0,NONE,0,0,0,0,0,0,NONE,0.05,0,Fall_North,0.95728433,0.9957938,-0.8875175,-0.46077394,0.5241394,2.1607132,0.06358339,0.3068182,0.16006494,0.22803031,0,0,2,5,153,4.489631,0.63742435,0,0,0,0.5496188,moderate,45,0.08888889,77,0.064935066,50,0.04,40,0.1,86,0.058139537,10,0.0,153,0.7431411,0,2,0.5314503,0.34976435,0.042535998,242.56294,218.8315
587,186.12926,266.90796,218.62772,80.77871,188.45581,208.32404,263.88065,5.280288,9.556265,1.568017,5.230923,8.795476,1.8097998,272.23917,34.41312,0.83495826,0.2321593,-4.5315986,4.5375414,272.93277,243.2102,100.0,1.0,1.0,1.0,1.0,0,,0,,,,,,,1,587,1,1,0,0.41077676,0.87768066,Primary,0.7993421,0.2072616,0.587,0,1,0,0,0,0,0,0,0,0,0,NONE,0,0,0,0,0,0,NONE,0.05,0,Fall_North,0.94649667,0.9964933,-0.89266604,-0.45071864,0.6472606,2.1424944,-0.19393937,0.05,0.16006494,0.22803031,0,0,3,5,153,4.275976,0.50738317,0,0,0,0.52819,moderate,45,0.08888889,77,0.064935066,50,0.04,40,0.1,86,0.058139537,10,0.0,153,0.7430211,0,3,0.48710164,0.34123486,0.053315714,243.2102,218.62772
588,185.48865,267.12445,218.08195,81.6358,188.14037,207.827,263.57544,5.428975,8.47873,1.4244251,5.528187,7.690521,1.5617552,277.7312,30.692091,0.86634207,0.8409304,-4.709146,4.783641,280.12482,243.85896,99.0,1.0,1.0,1.0,1.0,0,,0,,,,,,,1,588,1,1,0,0.41147655,0.8779145,Primary,0.8009868,0.2074469,0.588,0,1,0,0,0,0,0,0,0,0,0,NONE,0,0,0,0,0,0,NONE,0.05,0,Fall_North,0.93568385,0.9971308,-0.8977123,-0.44058216,0.6487697,2.2484171,-0.30996728,0.05,0.16006494,0.16469698,0,0,4,5,153,3.049755,0.52030545,0,0,0,0.4955534,minor,45,0.08888889,77,0.064935066,50,0.04,40,0.1,86,0.058139537,10,0.0,153,0.7429011,0,4,0.49009156,0.32822222,0.06413162,243.85896,218.08195
589,185.49782,265.15323,217.86057,79.65542,188.24088,208.2959,262.18884,6.1484237,9.5714,1.5065867,6.111131,8.419387,1.5567242,280.7368,25.875994,0.9030468,1.2756102,-5.525295,5.670632,282.99994,244.5132,100.0,1.0,1.0,1.0,1.0,0,,0,,,,,,,1,589,1,1,0,0.41217634,0.878148,Primary,0.80263156,0.20763183,0.589,0,1,0,0,0,0,0,0,0,0,0,NONE,0,0,0,0,0,0,NONE,0.05,0,Fall_North,0.92478,0.99770916,-0.90268445,-0.43030316,0.6542303,2.3363264,-0.13950633,0.05,0.16006494,0.16469698,0,0,5,4,153,3.422976,0.6268268,0,0,0,0.50997895,moderate,45,0.06666667,77,0.051948052,50,0.04,40,0.075,86,0.046511628,10,0.0,153,0.7427813,0,5,0.52200305,0.33403435,0.07504767,244.5132,217.86057
590,184.65086,263.1339,216.93935,78.48304,187.8201,207.20502,260.7639,7.4683204,10.804903,1.7289469,7.620508,9.79493,1.4467648,286.71143,24.725697,0.9110883,2.2822762,-6.5952315,6.9789586,289.08817,245.1646,100.0,1.0,1.0,1.0,1.0,0,,0,,,,,,,1,590,1,1,0,0.41287613,0.8783811,Primary,0.8042763,0.20781638,0.59,0,1,0,0,0,0,0,0,0,0,0,NONE,0,0,0,0,0,0,NONE,0.05,0,Fall_North,0.9139233,0.9982205,-0.90751815,-0.42001286,0.6514,2.5045452,-0.28772813,0.05,0.16006494,0.16469698,0,0,6,4,153,3.336583,1.0400357,0,0,0,0.5416035,moderate,45,0.06666667,77,0.051948052,50,0.04,40,0.075,86,0.046511628,10,0.0,153,0.74266165,0,6,0.6516581,0.34672606,0.0859235,245.1646,216.93935
591,183.9372,264.0609,216.1265,80.12373,187.23521,206.37502,260.83923,7.1614227,10.788995,1.7256956,7.1657987,9.580725,1.5065434,286.1855,24.665653,0.9114999,2.1852674,-6.353455,6.718764,288.98062,245.81357,99.0,1.0,1.0,1.0,1.0,1,"HP3 RAD Single Measurements, Payload Block Libraries Upload, and Meteor Search and Tau Images",1,,0.0,,0.0,,0.0,1,591,1,1,0,0.41357592,0.87861377,Primary,0.8059211,0.20800056,0.591,14,5,0,0,0,1,0,1,1,0,3,HP3,1,0,0,0,0,0,SCIENCE,0.6659091,0,Fall_North,0.9031072,0.99866587,-0.91221714,-0.40970707,0.64896566,2.7470787,-1.4071434,0.25530303,0.13798702,0.20575759,1,1,0,5,154,3.6275716,1.2048812,0,0,1,0.64851767,moderate,45,0.06666667,78,0.06410257,50,0.04,41,0.09756097,87,0.057471264,10,0.0,154,0.74154216,0,7,0.70505714,0.38436407,0.09676351,245.81357,216.1265
592,184.25337,264.34744,216.69234,80.09409,187.00511,206.64954,260.97815,6.585022,9.590675,1.6505632,6.818158,8.954469,1.4564378,284.42764,27.286545,0.89279145,1.8555864,-5.774025,6.064863,287.81573,246.4682,100.0,1.0,1.0,1.0,1.0,0,,0,,,,,,,1,592,1,1,0,0.4142757,0.87884605,Primary,0.8075658,0.20818438,0.592,0,1,0,0,0,0,0,0,0,0,0,NONE,0,0,0,0,0,0,NONE,0.05,0,Fall_North,0.89219666,0.9990504,-0.91683865,-0.399258,0.65463436,1.0250424,-0.35652786,0.25530303,0.13798702,0.14242424,0,0,1,5,154,3.0056534,1.031147,0,0,0,0.6241327,moderate,45,0.06666667,78,0.06410257,50,0.04,41,0.09756097,87,0.057471264,10,0.0,154,0.7414228,0,8,0.61182564,0.37465188,0.107700974,246.4682,216.69234
593,183.85135,262.19788,216.11559,78.346535,186.94118,206.67688,259.62122,7.6074767,11.06228,1.8056045,7.9143715,10.673434,1.4541326,289.2252,20.410177,0.9385229,2.6352596,-6.789712,7.2831845,291.2125,247.1202,100.0,1.0,1.0,1.0,1.0,0,,0,,,,,,,1,593,1,1,0,0.4149755,0.879078,Primary,0.80921054,0.20836782,0.593,0,1,0,0,0,0,0,0,0,0,0,NONE,0,0,0,0,0,0,NONE,0.05,0,Fall_North,0.88133,0.99936855,-0.9213225,-0.38879916,0.652,0.9921632,-0.41868836,0.25530303,0.13798702,0.14242424,0,0,2,5,154,3.454803,0.945395,0,0,0,0.6226965,moderate,45,0.06666667,78,0.06410257,50,0.04,41,0.09756097,87,0.057471264,10,0.0,154,0.74130356,0,9,0.58102477,0.37411913,0.11859505,247.1202,216.11559
594,184.0146,264.43604,215.88228,80.42142,186.78378,206.3004,261.22238,6.9951944,11.242752,1.7606541,7.0714855,9.805219,1.6072109,285.00107,22.700565,0.924514,2.0288448,-6.2978115,6.6165433,287.85638,247.76956,99.0,1.0,1.0,1.0,1.0,0,,0,,,,,,,1,594,1,1,0,0.4156753,0.8793095,Primary,0.81085527,0.2085509,0.594,0,1,0,0,0,0,0,0,0,0,0,NONE,0,0,0,0,0,0,NONE,0.05,0,Fall_North,0.87050724,0.9996212,-0.9256697,-0.37833253,0.64936566,0.87197906,-0.3666124,0.05,0.13798702,0.14242424,0,0,3,5,154,4.2475576,0.7758717,0,0,0,0.62183136,moderate,45,0.06666667,78,0.06410257,50,0.04,41,0.09756097,87,0.057471264,10,0.0,154,0.74118453,0,10,0.5221934,0.37381473,0.1294437,247.76956,215.88228
595,184.81395,263.15308,216.35938,78.33913,187.35759,206.41855,259.75403,7.372232,12.423816,1.8549482,7.4873056,10.303904,1.6852176,285.17694,22.201845,0.9276727,2.0721173,-6.6416874,6.957419,287.3272,248.4242,100.0,1.0,1.0,1.0,1.0,0,,0,,,,,,,1,595,1,1,0,0.4163751,0.8795406,Primary,0.8125,0.20873362,0.595,0,1,0,0,0,0,0,0,0,0,0,NONE,0,0,0,0,0,0,NONE,0.05,0,Fall_North,0.85959667,0.99981093,-0.9299319,-0.3677318,0.65463436,0.67545563,-0.25020078,0.05,0.13798702,0.14242424,0,0,4,5,154,5.0515833,0.52186334,1,0,0,0.76342344,major,45,0.06666667,78,0.06410257,50,0.04,41,0.09756097,87,0.057471264,10,0.0,154,0.7410656,0,11,0.43529487,0.43049315,0.14037679,248.4242,216.35938
596,184.54503,262.30176,215.88919,77.75674,186.99426,206.49449,259.35785,8.136209,12.588731,1.8426206,8.481518,10.499304,1.5472479,289.11072,21.833824,0.9299653,2.7905784,-7.1930532,7.7153964,291.204,249.0762,100.0,1.0,1.0,1.0,1.0,0,,0,,,,,,,1,596,1,1,0,0.4170749,0.87977135,Primary,0.81414473,0.20891596,0.596,0,1,0,0,0,0,0,0,0,0,0,NONE,0,0,0,0,0,0,NONE,0.05,0,Fall_North,0.84873,0.99993503,-0.9340562,-0.35712603,0.652,0.40254825,-0.17502473,0.05,0.13798702,0.14242424,0,0,5,4,154,4.4525228,0.49046752,1,1,0,0.74177337,major,45,0.044444446,78,0.051282052,50,0.04,41,0.07317073,87,0.04597701,10,0.0,154,0.7409469,0,12,0.41656837,0.4218747,0.15126014,249.0762,215.88919
597,184.13495,264.93304,215.72974,80.79809,186.69089,205.84087,261.1007,7.308895,10.958572,1.737111,7.2915645,10.216667,1.4993473,282.99506,24.471481,0.91282547,1.790189,-6.5466213,6.7869744,285.2938,249.73215,99.0,1.0,1.0,1.0,1.0,0,,0,,,,,,,1,597,1,1,0,0.41777468,0.8800017,Primary,0.81578946,0.20909795,0.597,0,1,0,0,0,0,0,0,0,0,0,NONE,0,0,0,0,0,0,NONE,0.05,0,Fall_North,0.83779746,0.9999945,-0.93808347,-0.3464093,0.6559515,0.328308,-0.0661261,0.05,0.13798702,0.14242424,0,0,6,4,154,3.649677,0.4867846,0,1,0,0.46774578,minor,45,0.044444446,78,0.051282052,50,0.04,41,0.07317073,87,0.04597701,10,0.0,154,0.7408283,0,13,0.41060293,0.31230518,0.16220164,249.73215,215.72974
598,184.18216,269.47842,217.688,85.29626,187.3063,207.02094,265.58572,5.439999,8.416049,1.4334953,5.44817,7.5176144,1.5470681,270.07162,42.723938,0.7572859,0.43112743,-4.3244696,4.345907,275.69327,250.3808,100.0,1.0,1.0,1.0,1.0,1,"HP3 Mole Recovery Operations, HP3 RAD Hourly Measurements and SSA Monitoring, and Tau Images",1,,0.0,,0.0,,0.0,1,598,1,1,0,0.41847447,0.8802317,Primary,0.8174342,0.20927958,0.598,14,5,0,0,0,1,0,0,1,0,2,HP3,1,0,0,1,0,0,SCIENCE,0.5909091,0,Fall_North,0.8269867,0.999989,-0.941945,-0.33576724,0.6486485,0.6803272,0.16594605,0.23030305,0.12727273,0.17848486,1,1,0,5,155,2.97605,0.8632796,0,0,0,0.48188025,minor,45,0.044444446,79,0.06329114,50,0.04,41,0.07317073,88,0.056818184,10,0.0,155,0.7397098,0,14,0.5325636,0.31567186,0.17301142,250.3808,217.688
599,184.61002,269.4821,217.95921,84.872055,187.59033,206.07083,266.12918,4.9483914,9.039083,1.7315625,4.6907296,8.684599,1.8266709,266.34406,51.027317,0.67261684,-0.1266027,-3.5812922,3.5835292,267.97537,251.03056,99.0,1.0,0.97979796,0.9919192,1.0,0,,0,,,,,,,1,599,1,1,0,0.41917425,0.8804613,Primary,0.8190789,0.20946084,0.599,0,1,0,0,0,0,0,0,0,0,0,NONE,0,0,0,0,0,0,NONE,0.05,0,Fall_North,0.8161572,0.9999191,-0.9456921,-0.3250637,0.6497657,0.9177867,0.30727118,0.23030305,0.12727273,0.12712121,0,0,1,5,155,4.090691,1.1785477,0,0,1,0.52487975,moderate,45,0.044444446,79,0.06329114,50,0.04,41,0.07317073,88,0.056818184,10,0.0,155,0.7395915,0,15,0.632975,0.33291307,0.1838279,251.03056,217.95921
600,184.0069,266.4873,217.17834,82.48041,187.14207,206.39351,263.20978,5.838721,9.558003,1.7354174,5.986785,8.881315,1.637003,273.00174,26.906412,0.8955971,0.3021796,-5.2917323,5.300353,273.26828,251.6852,100.0,1.0,1.0,1.0,1.0,0,,0,,,,,,,1,600,1,1,0,0.41987404,0.8806905,Primary,0.8207237,0.20964174,0.6,0,1,0,0,0,0,0,0,0,0,0,NONE,0,0,0,0,0,0,NONE,0.05,0,Fall_North,0.80524665,0.99978375,-0.94934434,-0.31423768,0.65463436,0.9280405,0.21601099,0.23030305,0.12727273,0.12712121,0,0,2,5,155,3.7192826,1.173618,0,0,1,0.51157993,moderate,45,0.044444446,79,0.06329114,50,0.04,41,0.07317073,88,0.056818184,10,0.0,155,0.7394733,0,16,0.6283691,0.32763448,0.19471124,251.6852,217.17834
601,184.30492,268.453,217.64034,84.148094,187.15689,206.65825,264.24664,5.417564,9.544012,1.9069259,5.0321574,9.404036,1.7616796,271.75046,40.592293,0.7780502,0.17446952,-4.3966684,4.400129,272.27243,252.3372,100.0,1.0,1.0,1.0,1.0,0,,0,,,,,,,1,601,1,1,0,0.42057383,0.88091934,Primary,0.82236844,0.20982227,0.601,0,1,0,0,0,0,0,0,0,0,0,NONE,0,0,0,0,0,0,NONE,0.05,0,Fall_North,0.79438,0.9995841,-0.9528587,-0.30341446,0.652,0.9173329,0.21349403,0.05,0.12727273,0.12712121,0,0,3,5,155,4.126448,1.2300684,0,0,1,0.5170291,moderate,45,0.044444446,79,0.06329114,50,0.04,41,0.07317073,88,0.056818184,10,0.0,155,0.73935527,0,17,0.6425717,0.32985547,0.20553447,252.3372,217.64034
602,183.98868,265.92712,216.76047,81.93844,186.91469,206.13478,262.57477,5.6777015,9.480151,1.8181096,5.428931,9.122547,1.6697164,277.71167,28.996302,0.8798015,0.59242076,-5.0529337,5.0875435,276.687,252.98657,99.0,1.0,1.0,1.0,1.0,0,,0,,,,,,,1,602,1,1,0,0.42127362,0.88114774,Primary,0.8240132,0.21000245,0.602,0,1,0,0,0,0,0,0,0,0,0,NONE,0,0,0,0,0,0,NONE,0.05,0,Fall_North,0.78355724,0.99932086,-0.9562362,-0.29259592,0.64936566,0.8885078,0.14521223,0.05,0.12727273,0.12712121,0,0,4,5,155,3.8024497,1.1605349,0,0,1,0.504905,moderate,45,0.044444446,79,0.06329114,50,0.04,41,0.07317073,88,0.056818184,10,0.0,155,0.7392374,0,18,0.6169481,0.32504708,0.21629576,252.98657,216.76047
603,184.61575,262.83444,216.02216,78.21867,187.2085,206.54535,260.05283,7.6388307,12.490751,1.7305398,7.4925957,10.300142,1.6351653,290.27246,19.654762,0.9428592,2.6131732,-6.8126683,7.2966514,290.9856,253.6418,100.0,1.0,0.99,0.996,1.0,0,,0,,,,,,,1,603,1,1,0,0.4219734,0.88137585,Primary,0.8256579,0.21018226,0.603,0,1,0,0,0,0,0,0,0,0,0,NONE,0,0,0,0,0,0,NONE,0.05,0,Fall_North,0.77263665,0.9989903,-0.9595197,-0.2816415,0.65523434,0.8623929,0.048734657,0.05,0.12727273,0.12712121,0,0,5,4,155,4.851921,1.0228353,1,0,0,0.7699623,major,45,0.022222223,79,0.050632913,50,0.04,41,0.048780486,88,0.045454547,10,0.0,155,0.7391197,0,19,0.5699976,0.4311112,0.22713378,253.6418,216.02216
604,183.17108,261.02472,215.07384,77.85364,186.06996,205.93355,257.85587,8.477943,12.112817,1.6952069,8.644335,11.047261,1.4287448,294.73703,18.826233,0.94744885,3.5906172,-7.304202,8.139035,296.17792,254.2942,100.0,1.0,1.0,1.0,1.0,1,"HP3 Mole Recovery Operations, HP3 RAD Single Measurements and SSA Monitoring, and Dust Devil and Tau Images",1,,0.0,,0.0,,0.0,1,604,1,1,0,0.4226732,0.88160354,Primary,0.82730263,0.21036172,0.604,17,6,0,0,0,1,0,0,1,0,2,HP3,1,0,0,1,0,0,SCIENCE,0.68181825,0,Fall_North,0.76176333,0.9985964,-0.96266437,-0.2706979,0.6524,1.0402973,-0.43569365,0.26060608,0.21753249,0.16924243,1,1,0,5,156,3.6348736,1.3177437,1,1,1,0.8421558,major,45,0.022222223,80,0.0625,50,0.04,41,0.048780486,89,0.056179777,10,0.0,156,0.7380021,0,20,0.64999586,0.4829447,0.23790227,254.2942,215.07384
605,182.69432,261.00595,214.0788,78.31163,185.58862,204.74524,257.6857,7.983553,11.834501,1.8653626,7.825048,10.975632,1.4823602,294.76837,20.47654,0.9381351,3.5401323,-6.821618,7.685507,297.4274,254.94357,99.0,1.0,1.0,1.0,1.0,0,,0,,,,,,,1,605,1,1,0,0.42337298,0.8818308,Primary,0.82894737,0.21054082,0.605,0,1,0,0,0,0,0,0,0,0,0,NONE,0,0,0,0,0,0,NONE,0.05,0,Fall_North,0.75094056,0.99814004,-0.9656704,-0.25977033,0.64936566,1.4138397,-0.6467346,0.26060608,0.14025974,0.16924243,0,0,1,5,156,3.8509483,1.4183005,0,1,1,0.59302515,moderate,45,0.022222223,80,0.0625,50,0.04,41,0.048780486,89,0.056179777,10,0.0,156,0.7378847,0,21,0.6544572,0.36401534,0.24859619,254.94357,214.0788
606,182.74991,261.22403,215.02599,78.474106,186.78691,205.45978,258.07532,7.9439173,11.758127,2.099668,7.8176136,11.235334,1.4801421,291.30157,22.559685,0.9254123,3.1026115,-6.8758173,7.5434117,294.2866,255.5976,100.0,1.0,1.0,1.0,1.0,0,,0,,,,,,,1,606,1,1,0,0.42407277,0.8820578,Primary,0.8305921,0.21071956,0.606,0,1,0,0,0,0,0,0,0,0,0,NONE,0,0,0,0,0,0,NONE,0.05,0,Fall_North,0.74004,0.99761575,-0.96857274,-0.24873047,0.6540343,1.300547,-0.35872644,0.26060608,0.14025974,0.12818183,0,0,2,5,156,3.8142095,1.2943373,0,0,1,0.5877811,moderate,45,0.022222223,80,0.0625,50,0.04,41,0.048780486,89,0.056179777,10,0.0,156,0.7377674,0,22,0.6488492,0.36195877,0.2593402,255.5976,215.02599
607,182.90602,259.937,214.48792,77.03098,185.79716,205.6036,257.53458,8.610927,11.436849,1.8146455,8.669615,11.074063,1.3281786,297.25006,16.095234,0.9613117,4.045698,-7.3353844,8.377084,298.87814,256.2492,100.0,1.0,1.0,1.0,1.0,0,,0,,,,,,,1,607,1,1,0,0.42477256,0.88228434,Primary,0.8322368,0.21089794,0.607,0,1,0,0,0,0,0,0,0,0,0,NONE,0,0,0,0,0,0,NONE,0.05,0,Fall_North,0.72918,0.99702895,-0.97133875,-0.23769945,0.6516,1.2808336,-0.52540284,0.05,0.14025974,0.12818183,0,0,3,4,156,2.825922,1.3049737,0,0,1,0.5596601,moderate,45,0.0,80,0.05,50,0.02,41,0.024390243,89,0.04494382,10,0.0,156,0.7376503,0,23,0.6451844,0.35075137,0.2700154,256.2492,214.48792
608,182.62152,262.26874,214.04688,79.64722,185.25197,204.95078,257.92398,8.094878,11.557852,1.7008874,8.276769,10.372296,1.4277982,292.78433,18.524141,0.9490785,3.2376256,-7.1042166,7.8071837,294.5003,256.90515,99.0,1.0,1.0,1.0,1.0,0,,0,,,,,,,1,608,1,1,0,0.42547235,0.88251054,Primary,0.83388156,0.21107596,0.608,0,1,0,0,0,0,0,0,0,0,0,NONE,0,0,0,0,0,0,NONE,0.05,0,Fall_North,0.7182475,0.9963733,-0.97399634,-0.22656374,0.6559515,1.0111287,-0.45226488,0.05,0.14025974,0.12818183,0,0,4,4,156,3.462974,0.98187345,0,0,0,0.56101876,moderate,45,0.0,80,0.05,50,0.02,41,0.024390243,89,0.04494382,10,0.0,156,0.7375333,0,24,0.5439185,0.3513358,0.2807307,256.90515,214.04688
609,182.15793,264.5397,215.36803,82.381775,185.9512,205.19997,260.91934,6.6694794,10.348676,1.5087379,6.657069,9.142279,1.5516467,284.00076,28.723148,0.88191676,1.7448119,-5.768044,6.0261683,286.83038,257.5526,100.0,1.0,1.0,1.0,1.0,0,,0,,,,,,,1,609,1,1,0,0.42617214,0.8827364,Primary,0.8355263,0.21125363,0.609,0,1,0,0,0,0,0,0,0,0,0,NONE,0,0,0,0,0,0,NONE,0.05,0,Fall_North,0.70745665,0.99566233,-0.9764943,-0.21554324,0.6474485,0.71773386,-0.109020196,0.05,0.14025974,0.12818183,0,0,5,4,156,3.6791964,0.64118016,0,0,0,0.4305355,minor,45,0.0,80,0.05,50,0.02,41,0.024390243,89,0.04494382,10,0.0,156,0.73741645,0,25,0.4279022,0.29918337,0.2912744,257.5526,215.36803
610,182.4358,263.11667,214.84839,80.68087,185.98578,205.12968,259.7799,7.3023386,10.9083,1.5356591,7.689334,9.126128,1.4938092,289.01196,22.046448,0.9286447,2.5156703,-6.4677434,6.9397626,291.25388,258.20157,99.0,1.0,1.0,1.0,1.0,0,,0,,,,,,,1,610,1,1,0,0.42687193,0.8829618,Primary,0.8371711,0.21143095,0.61,0,1,0,0,0,0,0,0,0,0,0,NONE,0,0,0,0,0,0,NONE,0.05,0,Fall_North,0.69664055,0.99488616,-0.97887295,-0.20446931,0.64896566,0.5117967,-0.037577093,0.05,0.14025974,0.12818183,0,0,6,4,156,3.6059616,0.6771236,0,0,0,0.42775658,minor,45,0.0,80,0.05,50,0.02,41,0.024390243,89,0.04494382,10,0.0,156,0.73729974,0,26,0.43166733,0.29811266,0.30180812,258.20157,214.84839
611,183.18973,261.5974,206.97801,78.40771,185.21843,198.77264,254.97871,7.1709414,9.268336,1.5307984,7.546929,9.018769,1.2924854,289.37424,21.976969,0.92907745,2.4773183,-6.360135,6.825571,291.28128,258.7154,65.0,1.0,1.0,1.0,1.0,1,HP3 Mole Recovery Operations and Dust Devil and Tau Images,1,,0.0,,0.0,,0.0,1,611,1,1,0,0.4275717,0.8831869,Primary,0.8388158,0.21160792,0.611,10,3,0,0,0,1,0,0,1,0,2,HP3,0,0,0,1,0,0,RECOVERY,0.43636367,0,Fall_North,0.6880769,0.99422663,-0.98066723,-0.19568282,0.513819,2.9373116,-1.1834656,0.17878789,0.10519481,0.1539394,1,22,0,5,157,2.0973952,0.6612399,0,0,0,0.48657444,minor,45,0.0,81,0.061728396,50,0.02,41,0.024390243,90,0.055555556,10,0.0,157,0.73618317,0,27,0.4741738,0.31326437,0.31012225,258.7154,206.97801
618,184.18216,264.43604,216.35938,80.30825,187.14207,,260.97815,6.9951944,10.348676,1.7309756,,9.273487,1.5516467,284.42764,24.725697,,,,,,263.35,100.0,,,1.0,1.0,1,"HP3 Mole Recovery Operations, APSS Recovery Operations, VBB2 Recentering and POS Gain to High, and Dust Devil and Tau Images",1,,0.0,,0.0,,0.0,1,618,7,0,6,0.43247026,0.8847523,Primary,0.8503289,0.21283677,0.618,20,7,0,0,0,1,1,1,1,0,4,HP3,0,0,0,1,0,0,RECOVERY,0.9227273,0,Fall_North,0.61083335,0.9864889,-0.99327207,-0.11580399,4.6346154,3.1264234,0.22223012,0.469697,0.22987014,0.21212122,8,15,0,6,158,3.353481,0.6910404,0,0,0,0.3886407,minor,45,0.0,82,0.07317073,51,0.039215688,42,0.04761905,91,0.06593407,10,0.0,158,0.7343714,0,34,0.46423835,0.30589384,0.38390857,263.35,216.35938
625,184.18216,264.43604,216.35938,80.30825,187.14207,,260.97815,6.9951944,10.348676,1.7309756,,9.273487,1.5516467,284.42764,24.725697,,,,,,267.89,100.0,,,1.0,1.0,1,Dust Devil and Tau Images,1,,0.0,,0.0,,0.0,1,625,7,0,6,0.43736878,0.8863,Primary,0.8618421,0.21404856,0.625,5,2,0,0,0,0,0,0,1,0,1,CAMERA,0,0,0,0,0,0,NONE,0.24318182,0,Fall_North,0.5351667,0.975824,-0.999322,-0.036818124,4.54,3.2466507,0.31190878,0.53409094,0.25746754,0.18893941,15,8,0,7,159,3.353481,0.6919036,0,0,0,0.3584535,minor,45,0.0,82,0.07317073,51,0.039215688,42,0.04761905,92,0.07608695,10,0.0,159,0.73256665,0,41,0.44428968,0.30134994,0.45359552,267.89,216.35938
632,201.48018,265.55283,242.32016,64.07264,206.65933,247.55339,264.38928,5.662223,8.275974,0.95966715,5.519798,7.0575933,1.4616123,268.93466,42.468063,0.75980437,-0.04370505,-4.4088025,4.409019,269.43204,272.944,27.0,1.0,0.962963,0.9851852,1.0,1,"HP3 Mole Recovery Operations, APSS Recovery Operations, and Dust Devil and Tau Images",1,,0.0,,0.0,,0.0,1,632,7,0,6,0.44226733,0.88783056,Primary,0.87335527,0.2152435,0.632,13,5,0,0,0,1,0,1,1,0,3,HP3,0,0,0,1,0,0,RECOVERY,0.65227276,0,Winter_North,0.45093334,0.96044314,-0.99868023,0.05135989,5.054,11.186405,4.7122145,0.6060606,0.34350652,0.22909091,22,1,0,7,160,2.613752,0.732189,0,0,0,0.31067246,minor,45,0.0,83,0.072289154,51,0.019607844,43,0.069767445,93,0.07526882,10,0.0,160,0.730769,0,48,0.59547865,0.30437648,0.5273473,272.944,242.32016
633,181.26952,263.92014,214.54813,82.65062,184.68692,204.23627,260.05667,6.55447,9.009458,1.417275,6.8727345,8.451252,1.3745517,284.73993,26.804707,0.8963426,1.7602439,-5.7671504,6.0298,286.97318,273.20462,99.0,1.0,1.0,1.0,1.0,0,,0,,,,,,,1,633,1,1,0,0.44296712,0.8880478,Primary,0.875,0.21541284,0.633,0,1,0,0,0,0,0,0,0,0,0,NONE,0,0,0,0,0,0,NONE,0.05,0,Winter_North,0.4465899,0.9595518,-0.9984363,0.05590177,0.26060605,11.158153,-0.13664913,0.31515154,0.34350652,0.22909091,0,0,1,7,160,2.4549878,0.5521264,0,0,0,0.28853634,none,45,0.0,83,0.072289154,51,0.019607844,43,0.069767445,93,0.07526882,10,0.0,160,0.73065555,0,49,0.5371866,0.29556173,0.53102565,273.20462,214.54813
634,180.98204,262.26636,214.2728,81.28431,184.54556,204.09604,259.12082,7.676263,12.349677,1.7867318,7.8476157,10.726068,1.6088136,290.58307,18.722992,0.9480084,2.5940676,-6.8616767,7.3356524,290.70917,273.7604,100.0,1.0,1.0,1.0,1.0,0,,0,,,,,,,1,634,1,1,0,0.4436669,0.8882647,Primary,0.87664473,0.21558185,0.634,0,1,0,0,0,0,0,0,0,0,0,NONE,0,0,0,0,0,0,NONE,0.05,0,Winter_North,0.43732667,0.9576192,-0.997847,0.06558426,0.55579394,11.210591,-0.09593164,0.25075758,0.34350652,0.22909091,0,0,2,7,160,4.6734138,0.6464028,1,0,0,0.596884,moderate,45,0.0,83,0.072289154,51,0.019607844,43,0.069767445,93,0.07526882,10,0.0,160,0.7305423,0,50,0.5650225,0.41894042,0.53882676,273.7604,214.2728
635,181.1256,263.07852,214.0287,81.95294,184.4794,204.08382,259.5455,7.328215,11.433487,1.70626,7.5289946,9.770618,1.5602007,286.42847,21.575768,0.93155336,2.1671786,-6.6001916,6.9468837,288.17764,274.4012,99.0,1.0,1.0,1.0,1.0,0,,0,,,,,,,1,635,1,1,0,0.4443667,0.8884813,Primary,0.87828946,0.21575052,0.635,0,1,0,0,0,0,0,0,0,0,0,NONE,0,0,0,0,0,0,NONE,0.05,0,Winter_North,0.42664662,0.9553375,-0.9970511,0.076739945,0.640802,11.252652,1.1751167,0.05,0.34350652,0.22909091,0,0,3,7,160,4.1052713,0.64910156,0,0,0,0.32919165,minor,45,0.0,83,0.072289154,51,0.019607844,43,0.069767445,93,0.07526882,10,0.0,160,0.73042923,0,51,0.56353194,0.31190306,0.547746,274.4012,214.0287
636,181.60893,262.3121,211.31226,80.70318,184.49254,201.98651,256.3318,6.9418926,10.61957,1.7251643,7.3409944,9.2224455,1.5297801,284.18286,23.542393,0.91904867,1.7711042,-6.243853,6.4901857,285.83627,275.02744,93.0,1.0,1.0,1.0,1.0,0,,0,,,,,,,1,636,1,1,0,0.44506648,0.88869756,Primary,0.8799342,0.21591884,0.636,0,1,0,0,0,0,0,0,0,0,0,NONE,0,0,0,0,0,0,NONE,0.05,0,Winter_North,0.4162093,0.95305264,-0.9961528,0.08763284,0.6262388,10.659071,-0.8411863,0.05,0.2883117,0.22909091,0,0,4,7,160,3.677677,0.63956326,0,0,0,0.41385114,minor,45,0.0,83,0.072289154,51,0.019607844,43,0.069767445,93,0.07526882,10,0.0,160,0.7303162,0,52,0.545164,0.3320077,0.55638325,275.02744,211.31226
637,180.94109,264.55508,209.60445,83.61398,183.87505,195.60149,261.09375,6.6109915,9.78373,1.363474,6.391795,9.277581,1.4799187,270.7757,29.262974,0.8777221,0.25296503,-5.94157,5.9469523,272.43793,275.85428,70.0,1.0,0.4,0.76,1.0,0,,0,,,,,,,1,637,1,1,0,0.44576627,0.88891345,Primary,0.8815789,0.21608683,0.637,0,1,0,0,0,0,0,0,0,0,0,NONE,0,0,0,0,0,0,NONE,0.05,0,Winter_North,0.40242857,0.949953,-0.99478453,0.101998866,0.8268449,11.173984,-1.1258199,0.05,0.16363637,0.1869697,0,0,5,7,160,3.1727386,0.6444037,0,0,0,0.39663634,minor,45,0.0,83,0.072289154,51,0.019607844,43,0.069767445,93,0.07526882,10,0.0,160,0.73020345,0,53,0.55317146,0.29399243,0.5676648,275.85428,209.60445
638,180.73625,267.1226,214.76575,86.38635,183.71643,203.77997,261.68976,5.602067,8.175835,1.4560031,5.898885,7.7150474,1.4594318,275.37885,32.19107,0.8539931,0.7384952,-4.896521,4.951898,278.57672,276.328,99.0,1.0,1.0,1.0,1.0,1,"SEIS VBB2 Recentering, TWINS Configuration File Update, and Dust Devil and Tau Images",1,,0.0,,0.0,,0.0,1,638,1,1,0,0.44646606,0.88912904,Primary,0.8832237,0.2162545,0.638,13,5,0,0,0,0,1,1,1,0,3,SEIS,0,0,0,0,0,1,COMMUNICATION,0.65227276,0,Winter_North,0.39453316,0.94813484,-0.9939072,0.110220216,0.4737244,11.217064,-4.592404,0.25075758,0.22207794,0.22712122,1,1,0,8,161,2.5737674,0.78300583,0,0,0,0.39182934,minor,45,0.0,83,0.072289154,52,0.03846154,44,0.09090909,94,0.08510638,10,0.0,161,0.72909075,0,54,0.59511,0.30706945,0.5740642,276.328,214.76575
639,181.04222,267.66486,215.8132,86.62264,183.91594,204.76495,263.8101,4.8691278,9.171948,1.3976527,5.0224457,6.507932,1.8836944,276.71408,44.496544,0.73966163,0.2219536,-3.5805469,3.5874197,273.54715,276.9722,100.0,1.0,1.0,1.0,1.0,0,,0,,,,,,,1,639,1,1,0,0.44716585,0.8893443,Primary,0.88486844,0.21642183,0.639,0,1,0,0,0,0,0,0,0,0,0,NONE,0,0,0,0,0,0,NONE,0.05,0,Winter_North,0.38379666,0.9456133,-0.99260515,0.12138774,0.6441899,2.1941779,0.21084537,0.25075758,0.13603896,0.22712122,0,0,1,7,161,4.302821,0.9785306,0,0,0,0.34713632,minor,45,0.0,83,0.060240965,52,0.03846154,44,0.06818182,94,0.07446808,10,0.0,161,0.7289782,0,55,0.46694866,0.2677219,0.58269006,276.9722,215.8132
640,181.18211,267.2858,215.32239,86.10369,183.98161,204.3008,261.89313,5.407271,9.134629,1.5532295,5.7490487,7.6261888,1.6893234,282.37842,31.07681,0.86321205,0.8955966,-4.6524005,4.7378187,280.89627,277.613,100.0,1.0,1.0,1.0,1.0,0,,0,,,,,,,1,640,1,1,0,0.44786564,0.88955915,Primary,0.8865132,0.21658881,0.64,0,1,0,0,0,0,0,0,0,0,0,NONE,0,0,0,0,0,0,NONE,0.05,0,Winter_North,0.37311667,0.9430492,-0.9911855,0.13248129,0.6408,2.2751403,0.17493151,0.25075758,0.13603896,0.22712122,0,0,2,7,161,3.727358,1.062656,0,0,0,0.3367652,minor,45,0.0,83,0.060240965,52,0.03846154,44,0.06818182,94,0.07446808,10,0.0,161,0.7288658,0,56,0.49176827,0.2636128,0.5911818,277.613,215.32239
641,181.05414,264.34167,214.69106,83.28754,184.20468,204.1468,260.64984,6.6924577,12.397147,1.8720443,6.968953,9.278186,1.8524058,286.81888,21.779007,0.930304,1.8583032,-6.0211515,6.3013935,287.15176,278.25043,99.0,1.0,1.0,1.0,1.0,0,,0,,,,,,,1,641,1,1,0,0.44856542,0.8897737,Primary,0.8881579,0.21675546,0.641,0,1,0,0,0,0,0,0,0,0,0,NONE,0,0,0,0,0,0,NONE,0.05,0,Winter_North,0.3624931,0.94044363,-0.98965037,0.14349978,0.63741416,2.301447,0.11039045,0.05,0.13603896,0.22712122,0,0,3,7,161,5.7046895,0.91209286,1,0,0,0.6162249,moderate,45,0.0,83,0.060240965,52,0.03846154,44,0.06818182,94,0.07446808,10,0.0,161,0.7287535,0,57,0.441959,0.37543595,0.5995393,278.25043,214.69106
642,180.46562,263.63364,214.764,83.168,183.91693,204.71458,260.18503,7.3338366,13.129443,1.779302,7.4796777,9.870517,1.7902558,288.80072,19.547445,0.94346356,2.411539,-6.5965753,7.023555,290.08112,278.893,100.0,1.0,1.0,1.0,1.0,0,,0,,,,,,,1,642,1,1,0,0.4492652,0.88998795,Primary,0.88980263,0.21692179,0.642,0,1,0,0,0,0,0,0,0,0,0,NONE,0,0,0,0,0,0,NONE,0.05,0,Winter_North,0.35178334,0.9377618,-0.98797876,0.15458968,0.6425859,2.3381922,0.5752919,0.05,0.13603896,0.22712122,0,0,4,7,161,5.7956066,0.91324586,1,1,0,0.6142345,moderate,45,0.0,83,0.060240965,52,0.03846154,44,0.06818182,94,0.07446808,10,0.0,161,0.7286414,0,58,0.43986547,0.37467903,0.60787284,278.893,214.764
643,180.16052,265.32565,215.2209,85.16514,183.70526,204.84978,262.04538,6.29357,9.257871,1.435159,6.614973,8.452689,1.4710047,279.95126,31.128748,0.86278737,1.1891357,-5.3922815,5.5218425,282.43613,279.5324,100.0,1.0,1.0,1.0,1.0,0,,0,,,,,,,1,643,1,1,0,0.449965,0.8902018,Primary,0.89144737,0.21708778,0.643,0,1,0,0,0,0,0,0,0,0,0,NONE,0,0,0,0,0,0,NONE,0.05,0,Winter_North,0.34112668,0.93503857,-0.9861921,0.1656053,0.6394,2.1140597,0.93607473,0.05,0.13603896,0.22712122,0,0,5,7,161,2.9643013,0.8576217,0,1,0,0.28673267,none,45,0.0,83,0.060240965,52,0.03846154,44,0.06818182,94,0.07446808,10,0.0,161,0.72852945,0,59,0.4146188,0.2437175,0.61607194,279.5324,215.2209
644,180.48311,263.92664,214.357,83.44352,183.92775,204.11275,260.58582,6.7614775,10.74044,1.7163594,7.1527224,8.84872,1.5884753,285.3938,23.938444,0.9164201,1.8307863,-6.0520344,6.322887,286.83096,280.17465,99.0,1.0,1.0,1.0,1.0,0,,0,,,,,,,1,644,1,1,0,0.4506648,0.8904154,Primary,0.8930921,0.21725343,0.644,0,1,0,0,0,0,0,0,0,0,0,NONE,0,0,0,0,0,0,NONE,0.05,0,Winter_North,0.33042222,0.9322486,-0.9842738,0.17664956,0.6422667,0.48868635,-0.06812432,0.05,0.13603896,0.20136364,0,0,6,7,161,3.9789624,0.8738416,0,0,0,0.3083558,minor,45,0.0,83,0.060240965,52,0.03846154,44,0.06818182,94,0.07446808,10,0.0,161,0.7284176,0,60,0.38294834,0.2524059,0.6242129,280.17465,214.357
645,180.09378,263.50262,214.46469,83.40885,183.4355,204.67801,260.6955,7.037402,11.591973,1.5032655,7.2858295,8.8431635,1.647195,288.0211,21.571533,0.9315793,2.222056,-6.2757883,6.657556,289.49744,280.8088,100.0,1.0,1.0,1.0,1.0,1,"HP3 Mole Recovery Operations, BEE Parameter Table Update, and Dust Devil and Tau Images",1,,0.0,,0.0,,0.0,1,645,1,1,0,0.45136458,0.8906286,Primary,0.8947368,0.21741876,0.645,14,5,0,0,0,1,0,1,1,0,3,HP3,0,0,0,1,0,1,RECOVERY,0.6659091,0,Winter_North,0.31985334,0.9294406,-0.98225844,0.18753219,0.63413334,0.523762,-0.22475158,0.25530303,0.13798702,0.18424243,1,1,0,8,162,4.554571,0.89550006,0,0,0,0.31997085,minor,45,0.0,84,0.071428575,52,0.03846154,45,0.08888889,95,0.08421053,10,0.0,162,0.7273059,0,61,0.3872862,0.257928,0.63215595,280.8088,214.46469
646,179.95547,264.09656,214.23962,84.141075,183.29118,203.91301,260.5738,6.813269,11.9317255,1.6402278,6.766429,9.637241,1.7512481,287.73965,21.618156,0.9312936,2.1298482,-6.0862527,6.4481564,289.2872,281.44363,99.0,1.0,1.0,1.0,1.0,0,,0,,,,,,,1,646,1,1,0,0.4520644,0.8908415,Primary,0.89638156,0.21758376,0.646,0,1,0,0,0,0,0,0,0,0,0,NONE,0,0,0,0,0,0,NONE,0.05,0,Winter_North,0.3092729,0.9265769,-0.98012036,0.19840369,0.63482624,0.41717106,-0.18045901,0.25530303,0.13798702,0.17136364,0,0,1,7,162,5.1184564,0.62231755,1,0,0,0.554152,moderate,45,0.0,84,0.05952381,52,0.03846154,45,0.08888889,95,0.07368421,10,0.0,162,0.7271943,0,62,0.296336,0.35163954,0.6400118,281.44363,214.23962
647,180.13136,264.0365,214.45195,83.90514,184.00409,204.17154,259.788,7.521932,13.519421,2.0426915,7.7267075,10.369243,1.7973336,289.3118,20.883574,0.93573266,2.4930913,-6.7145424,7.1624427,290.3698,282.0826,100.0,1.0,1.0,1.0,1.0,0,,0,,,,,,,1,647,1,1,0,0.45276418,0.8910541,Primary,0.8980263,0.21774843,0.647,0,1,0,0,0,0,0,0,0,0,0,NONE,0,0,0,0,0,0,NONE,0.05,0,Winter_North,0.29862332,0.9236416,-0.97784686,0.20932162,0.6389737,0.32909656,-0.03984954,0.25530303,0.13798702,0.13121213,0,0,2,7,162,5.997489,0.41393423,1,1,0,0.5518539,moderate,45,0.0,84,0.05952381,52,0.03846154,45,0.08888889,95,0.07368421,10,0.0,162,0.7270829,0,63,0.22604606,0.3507593,0.6478207,282.0826,214.45195
648,180.4909,261.79327,214.00174,81.30237,183.77382,204.69614,257.74976,8.329229,13.951157,1.7822837,8.24338,11.30965,1.6749637,292.63446,16.950006,0.9571849,3.0935376,-7.3859134,8.007602,292.726,282.7186,100.0,1.0,1.0,1.0,1.0,0,,0,,,,,,,1,648,1,1,0,0.45346397,0.8912663,Primary,0.8996711,0.21791276,0.648,0,1,0,0,0,0,0,0,0,0,0,NONE,0,0,0,0,0,0,NONE,0.05,0,Winter_North,0.28802332,0.9206677,-0.97546315,0.22016288,0.636,0.3935851,-0.12704432,0.05,0.13798702,0.13121213,0,0,3,7,162,5.6219277,0.6548488,1,1,0,0.5607604,moderate,45,0.0,84,0.05952381,52,0.03846154,45,0.08888889,95,0.07368421,10,0.0,162,0.7269716,0,64,0.2996651,0.35436085,0.6554939,282.7186,214.00174
649,180.49118,261.14673,213.3976,80.65556,184.2334,204.15245,257.85858,8.168677,13.45187,1.7425618,8.0886755,11.070958,1.6467623,293.04285,18.263615,0.9504649,3.1844943,-7.167905,7.8434596,293.9542,283.35144,99.0,1.0,1.0,1.0,1.0,0,,0,,,,,,,1,649,1,1,0,0.45416376,0.89147824,Primary,0.9013158,0.21807678,0.649,0,1,0,0,0,0,0,0,0,0,0,NONE,0,0,0,0,0,0,NONE,0.05,0,Winter_North,0.2774761,0.9176571,-0.972972,0.23092327,0.6328343,0.54898167,-0.30388272,0.05,0.13798702,0.13121213,0,0,4,7,162,5.2831926,0.76021844,1,1,0,0.5580937,moderate,45,0.0,84,0.05952381,52,0.03846154,45,0.08888889,95,0.07368421,10,0.0,162,0.72686046,0,65,0.33271542,0.3533331,0.6630292,283.35144,213.3976
650,179.69658,263.63028,214.07428,83.933685,183.6703,203.77562,259.4952,7.115402,12.214873,1.7419623,7.132638,9.662378,1.7166806,286.2572,22.883224,0.92334235,2.0911188,-6.355104,6.690301,288.21356,283.989,100.0,1.0,1.0,1.0,1.0,0,,0,,,,,,,1,650,1,1,0,0.45486355,0.89168984,Primary,0.90296054,0.21824045,0.65,0,1,0,0,0,0,0,0,0,0,0,NONE,0,0,0,0,0,0,NONE,0.05,0,Winter_North,0.26685,0.9145725,-0.97034216,0.2417356,0.6375657,0.3729035,-0.04711978,0.05,0.13798702,0.13121213,0,0,5,7,162,5.099471,0.6368203,1,1,0,0.5380614,moderate,45,0.0,84,0.05952381,52,0.03846154,45,0.08888889,95,0.07368421,10,0.0,162,0.7267495,0,66,0.28723878,0.345359,0.6705188,283.989,214.07428
651,180.38513,265.3068,214.51605,84.92167,184.31552,204.0128,261.1576,6.7389274,11.984544,1.5752249,6.9863973,8.429387,1.7784052,285.95444,21.807207,0.9301299,1.8628716,-6.0766277,6.3557606,287.0436,284.6234,100.0,1.0,1.0,1.0,1.0,0,,0,,,,,,,1,651,1,1,0,0.45556334,0.8919011,Primary,0.90460527,0.21840382,0.651,0,1,0,0,0,0,0,0,0,0,0,NONE,0,0,0,0,0,0,NONE,0.05,0,Winter_North,0.25627667,0.9114522,-0.9676061,0.25246456,0.6344,0.3925865,0.008559911,0.05,0.13798702,0.13121213,0,0,6,7,162,5.245616,0.64059025,1,1,0,0.5376952,moderate,45,0.0,84,0.05952381,52,0.03846154,45,0.08888889,95,0.07368421,10,0.0,162,0.7266386,0,67,0.2856539,0.34525135,0.67786825,284.6234,214.51605
652,180.14938,265.80362,214.70732,85.65423,183.30602,203.61264,261.7234,5.8186545,9.453972,1.3316126,6.003738,7.7434826,1.6247694,282.669,24.708843,0.9112039,1.2402837,-5.2106876,5.3562646,283.3888,285.25424,99.0,1.0,1.0,1.0,1.0,1,"SEIS Tilt Measurement and Flash Maintenance, HP3 RAD Single Measurements, and Dust Devil and Tau Images",1,,0.0,,0.0,,0.0,1,652,1,1,0,0.45626312,0.892112,Primary,0.90625,0.21856685,0.652,16,6,0,0,0,1,1,0,1,0,3,HP3,1,1,0,0,0,0,SCIENCE,0.7431819,0,Winter_North,0.24576263,0.9082994,-0.9647679,0.26310265,0.63084245,0.43229175,0.07794878,0.28106064,0.14902598,0.17742425,1,1,0,7,163,3.6353176,0.87492347,0,1,0,0.2663239,none,45,0.0,85,0.05882353,53,0.056603774,45,0.08888889,96,0.072916664,10,0.0,163,0.7255279,1,0,0.35672566,0.23985128,0.6850733,285.25424,214.70732
653,180.2559,265.22714,214.96863,84.97123,183.6689,203.87474,261.31262,6.3614388,11.80784,1.6496179,6.2816844,9.053358,1.8561587,288.3594,20.435791,0.9383733,1.9014133,-5.6863756,5.995852,288.48892,285.8892,100.0,1.0,1.0,1.0,1.0,0,,0,,,,,,,1,653,1,1,0,0.4569629,0.8923226,Primary,0.90789473,0.21872956,0.653,0,1,0,0,0,0,0,0,0,0,0,NONE,0,0,0,0,0,0,NONE,0.05,0,Winter_North,0.23518,0.9050761,-0.96179295,0.27377793,0.63495755,0.5223247,0.08611264,0.28106064,0.14902598,0.13727273,0,0,1,7,163,5.4464016,0.9247615,0,0,0,0.31025204,minor,45,0.0,85,0.05882353,53,0.056603774,45,0.08888889,96,0.072916664,10,0.0,163,0.72541726,0,1,0.37102085,0.25746125,0.6922203,285.8892,214.96863
654,180.56058,263.69327,214.48244,83.1327,183.69673,204.7017,259.18082,7.999525,14.369404,1.9942898,7.9156146,11.322019,1.7962822,291.5423,17.60543,0.9538887,2.854814,-7.1354294,7.6853313,291.80585,286.5212,100.0,1.0,1.0,1.0,1.0,0,,0,,,,,,,1,654,1,1,0,0.4576627,0.89253294,Primary,0.90953946,0.21889193,0.654,0,1,0,0,0,0,0,0,0,0,0,NONE,0,0,0,0,0,0,NONE,0.05,0,Winter_North,0.22464667,0.90181834,-0.9587146,0.2843701,0.632,0.52390325,0.080117725,0.28106064,0.14902598,0.13727273,0,0,2,7,163,6.3698792,0.9730789,1,0,0,0.57945395,moderate,45,0.0,85,0.05882353,53,0.056603774,45,0.08888889,96,0.072916664,10,0.0,163,0.7253068,0,2,0.38302922,0.36518067,0.6992278,286.5212,214.48244
655,179.32025,260.69885,212.85197,81.37859,183.0047,203.49277,256.84592,8.3820915,14.378999,2.1823857,8.218219,11.7853,1.7154428,292.30832,20.28145,0.9392719,3.2490869,-7.317423,8.006325,293.9422,287.15005,99.0,1.0,1.0,1.0,1.0,0,,0,,,,,,,1,655,1,1,0,0.4583625,0.8927429,Primary,0.9111842,0.21905398,0.655,0,1,0,0,0,0,0,0,0,0,0,NONE,0,0,0,0,0,0,NONE,0.05,0,Winter_North,0.21416582,0.89852834,-0.95553577,0.29487514,0.6288505,0.76175326,-0.09093808,0.05,0.14902598,0.13727273,0,0,3,7,163,5.996907,0.98328424,1,1,0,0.5704792,moderate,45,0.0,85,0.05882353,53,0.056603774,45,0.08888889,96,0.072916664,10,0.0,163,0.7251965,0,3,0.38799,0.36162943,0.70609426,287.15005,212.85197
656,179.08849,261.75626,213.10464,82.66777,183.0415,203.04118,257.37558,8.599182,14.401656,1.921467,8.66772,11.803546,1.6747705,292.9536,16.487362,0.95944285,3.3195956,-7.6025376,8.295679,293.58817,287.7836,100.0,1.0,1.0,1.0,1.0,0,,0,,,,,,,1,656,1,1,0,0.45906228,0.89295256,Primary,0.9128289,0.2192157,0.656,0,1,0,0,0,0,0,0,0,0,0,NONE,0,0,0,0,0,0,NONE,0.05,0,Winter_North,0.20360667,0.8951652,-0.95221686,0.30542275,0.6335495,0.8156479,-0.161606,0.05,0.14902598,0.13727273,0,0,4,7,163,5.802474,1.0623296,1,1,0,0.56885576,moderate,45,0.0,85,0.05882353,53,0.056603774,45,0.08888889,96,0.072916664,10,0.0,163,0.72508633,0,4,0.41069597,0.3610186,0.7129036,287.7836,213.10464
657,179.6884,265.80258,214.56671,86.11419,182.98474,203.90514,260.73575,6.2311096,10.664739,1.5089445,6.0511203,8.997013,1.7115313,283.26132,32.731834,0.8494387,1.4930056,-5.182404,5.393179,286.07123,288.4134,100.0,1.0,1.0,1.0,1.0,0,,0,,,,,,,1,657,1,1,0,0.45976207,0.8931619,Primary,0.9144737,0.21937712,0.657,0,1,0,0,0,0,0,0,0,0,0,NONE,0,0,0,0,0,0,NONE,0.05,0,Winter_North,0.19311,0.89177406,-0.9488022,0.31587094,0.6298,0.83401245,0.008444017,0.05,0.14902598,0.13727273,0,0,5,7,163,4.4336295,1.1362648,0,1,1,0.28391153,none,45,0.0,85,0.05882353,53,0.056603774,45,0.08888889,96,0.072916664,10,0.0,163,0.7249763,0,5,0.43108663,0.24707939,0.7195636,288.4134,214.56671
658,179.77757,266.99142,214.98048,87.21385,182.87074,204.13477,262.59467,5.27681,9.51328,1.3884131,5.413641,7.5476956,1.8028468,276.5424,31.014229,0.8637231,0.42264614,-4.563812,4.58334,275.29095,289.0462,99.0,1.0,1.0,1.0,1.0,0,,0,,,,,,,1,658,1,1,0,0.46046185,0.8933709,Primary,0.91611844,0.21953821,0.658,0,1,0,0,0,0,0,0,0,0,0,NONE,0,0,0,0,0,0,NONE,0.05,0,Winter_North,0.18256313,0.8883191,-0.9452557,0.32633066,0.63281214,0.88305813,0.045527875,0.05,0.14902598,0.13727273,0,0,6,7,163,4.2364697,1.3425632,0,0,1,0.27494934,none,45,0.0,85,0.05882353,53,0.056603774,45,0.08888889,96,0.072916664,10,0.0,163,0.7248664,0,6,0.47299114,0.243533,0.7261448,289.0462,214.98048
659,180.00519,267.05667,215.72656,87.05147,183.2535,204.22334,263.31128,5.146115,9.273467,1.4122635,5.461437,7.107737,1.8020326,277.4805,32.25091,0.8534916,0.48738512,-4.4004292,4.427338,276.32025,289.6714,100.0,1.0,1.0,1.0,1.0,1,"HP3 Mole Recovery Operations, HP3 RAD Single Measurements, and Tau Images",1,,0.0,,0.0,,0.0,1,659,1,1,0,0.46116164,0.8935796,Primary,0.9177632,0.21969897,0.659,11,4,0,0,0,1,0,0,1,0,2,HP3,1,0,0,1,0,0,SCIENCE,0.5,0,Winter_North,0.17214334,0.88485914,-0.9416387,0.33662528,0.6251879,1.0429915,0.12632126,0.2,0.114285715,0.16727273,1,1,0,7,164,4.1273518,1.4564749,0,0,1,0.2681562,none,45,0.0,86,0.058139537,53,0.056603774,45,0.08888889,97,0.072164945,10,0.0,164,0.7237566,0,7,0.47316548,0.23251909,0.73253655,289.6714,215.72656
660,180.06447,266.68665,214.84071,86.62217,183.53017,203.8009,262.25522,6.0322123,11.011165,1.8417028,6.1110277,9.961208,1.825394,279.69193,26.826742,0.8961812,0.84784555,-5.423296,5.4891696,278.88535,290.29666,99.0,1.0,1.0,1.0,1.0,0,,0,,,,,,,1,660,1,1,0,0.46186143,0.893788,Primary,0.9194079,0.2198594,0.66,0,1,0,0,0,0,0,0,0,0,0,NONE,0,0,0,0,0,0,NONE,0.05,0,Winter_North,0.16172223,0.88135296,-0.9379091,0.3468811,0.6252667,1.0320854,0.05971115,0.2,0.114285715,0.12621212,0,0,1,6,164,4.9789524,1.4802516,0,0,1,0.2844762,none,45,0.0,86,0.046511628,53,0.03773585,45,0.06666667,97,0.06185567,10,0.0,164,0.723647,0,8,0.46981406,0.23908545,0.7388186,290.29666,214.84071
661,179.64758,264.75275,214.67226,85.10515,183.59221,204.8554,260.69104,7.4935837,13.800512,1.873543,7.462575,11.674757,1.8416438,290.42422,18.381481,0.94983983,2.4385376,-6.7281218,7.156402,289.92252,290.9262,100.0,1.0,1.0,1.0,1.0,0,,0,,,,,,,1,661,1,1,0,0.46256122,0.89399606,Primary,0.92105263,0.22001953,0.661,0,1,0,0,0,0,0,0,0,0,0,NONE,0,0,0,0,0,0,NONE,0.05,0,Winter_North,0.15123,0.877777,-0.93404126,0.35716516,0.62953335,1.0381677,0.303382,0.2,0.114285715,0.12621212,0,0,2,5,164,6.3069286,1.4237386,1,0,1,0.56049204,moderate,45,0.0,86,0.046511628,53,0.03773585,45,0.06666667,97,0.05154639,10,0.0,164,0.7235375,0,9,0.46679193,0.34953013,0.74503076,290.9262,214.67226
662,179.4681,262.67102,214.14384,83.202934,183.79225,203.86522,259.3483,8.255465,14.090542,1.8462526,8.285731,10.996613,1.706814,292.0446,19.638441,0.94295126,3.0931468,-7.264721,7.8958044,293.06317,291.5526,100.0,1.0,1.0,1.0,1.0,0,,0,,,,,,,1,662,1,1,0,0.463261,0.89420384,Primary,0.92269737,0.22017933,0.662,0,1,0,0,0,0,0,0,0,0,0,NONE,0,0,0,0,0,0,NONE,0.05,0,Winter_North,0.14079,0.8741735,-0.9300807,0.36735523,0.6264,0.8081324,0.17320073,0.05,0.114285715,0.12621212,0,0,3,4,164,5.835078,1.3999631,1,1,1,0.5467006,moderate,45,0.0,86,0.034883723,53,0.03773585,45,0.044444446,97,0.041237112,10,0.0,164,0.72342813,0,10,0.4589131,0.34405184,0.75109863,291.5526,214.14384
663,180.11415,264.86826,214.29561,84.7541,183.52524,204.24568,260.46457,7.0341024,10.349862,1.5172806,7.273818,9.504032,1.4713835,284.01175,25.118849,0.908373,1.7879354,-6.236466,6.4876976,285.9971,292.17548,99.0,1.0,1.0,1.0,1.0,0,,0,,,,,,,1,663,1,1,0,0.46396083,0.89441127,Primary,0.9243421,0.2203388,0.663,0,1,0,0,0,0,0,0,0,0,0,NONE,0,0,0,0,0,0,NONE,0.05,0,Winter_North,0.13040875,0.87054604,-0.92603225,0.37744445,0.62287474,0.52097017,-0.045184057,0.05,0.114285715,0.12621212,0,0,4,4,164,3.3157597,1.1528459,0,1,1,0.23193648,none,45,0.0,86,0.034883723,53,0.03773585,45,0.044444446,97,0.041237112,10,0.0,164,0.72331893,0,11,0.41101068,0.21818438,0.7570192,292.17548,214.29561
664,180.34032,266.25494,213.31387,85.91463,183.13332,200.1557,263.12317,5.4079366,8.694639,1.5124817,5.911327,7.360721,1.6077555,285.32553,25.77134,0.90379053,1.3457049,-4.7661247,4.952461,285.7669,292.72784,77.0,1.0,1.0,1.0,1.0,0,,0,,,,,,,1,664,1,1,0,0.4646606,0.8946184,Primary,0.9259868,0.22049798,0.664,0,1,0,0,0,0,0,0,0,0,0,NONE,0,0,0,0,0,0,NONE,0.05,0,Winter_North,0.121202596,0.86729246,-0.92235047,0.38635433,0.5523694,0.7554872,-0.27776837,0.05,0.114285715,0.12621212,0,0,5,4,164,3.286703,1.2241067,0,0,1,0.22755496,none,45,0.0,86,0.034883723,53,0.03773585,45,0.044444446,97,0.041237112,10,0.0,164,0.72320986,0,12,0.43541116,0.21646996,0.76217437,292.72784,213.31387
665,179.56476,265.2526,215.23012,85.68785,182.86981,204.20538,262.71182,5.856888,11.747431,1.7540412,6.011001,8.215398,2.0057464,282.8529,25.172985,0.9079964,1.1448171,-5.2479997,5.3714156,282.3059,293.4264,100.0,1.0,1.0,1.0,1.0,0,,0,,,,,,,1,665,1,1,0,0.4653604,0.8948252,Primary,0.92763156,0.22065683,0.665,0,1,0,0,0,0,0,0,0,0,0,NONE,0,0,0,0,0,0,NONE,0.05,0,Winter_North,0.10956,0.863129,-0.91757154,0.39757073,0.6985558,0.7835928,-0.08273993,0.05,0.114285715,0.12621212,0,0,6,4,164,5.8905435,1.1548054,0,0,1,0.28554302,none,45,0.0,86,0.034883723,53,0.03773585,45,0.044444446,97,0.041237112,10,0.0,164,0.7231009,0,13,0.4107892,0.23970333,0.7685646,293.4264,215.23012
666,179.67874,265.94775,214.84729,86.269005,182.68654,204.13116,262.30167,5.972864,11.511407,1.5694416,5.7587504,8.502002,1.9272842,283.25735,24.101257,0.91532904,1.3021276,-5.3537416,5.5098176,283.66995,294.04727,99.0,1.0,1.0,1.0,1.0,1,HP3 RAD Single Measurements and Dust Devil and Tau Images,1,,0.0,,0.0,,0.0,1,666,1,1,0,0.4660602,0.8950317,Primary,0.9292763,0.22081535,0.666,10,3,0,0,0,1,0,0,1,0,2,HP3,1,0,0,0,0,0,SCIENCE,0.43636367,0,Winter_North,0.09921195,0.85938317,-0.9132095,0.4074904,0.6208828,0.62868387,0.0010976034,0.17878789,0.10519481,0.1519697,1,1,0,5,165,5.5385427,1.0338703,0,0,0,0.26812768,none,45,0.0,87,0.04597701,53,0.03773585,45,0.044444446,98,0.05102041,10,0.0,165,0.7219921,0,14,0.36660436,0.23085254,0.7741221,294.04727,214.84729
667,179.82314,266.55096,215.39752,86.72782,183.29146,205.33366,262.26007,6.7129946,12.980436,1.7464294,6.7677674,9.257554,1.9336284,285.10333,24.554789,0.9122578,1.5903364,-5.989328,6.1968713,284.8705,294.6722,100.0,1.0,1.0,1.0,1.0,0,,0,,,,,,,1,667,1,1,0,0.46675998,0.8952379,Primary,0.9309211,0.22097357,0.667,0,1,0,0,0,0,0,0,0,0,0,NONE,0,0,0,0,0,0,NONE,0.05,0,Winter_North,0.08879667,0.8555703,-0.90871084,0.41742623,0.62491715,0.7119796,0.12087593,0.17878789,0.10519481,0.10575758,0,0,1,5,165,6.267442,1.0054921,1,0,0,0.52809834,moderate,45,0.0,87,0.04597701,53,0.03773585,45,0.044444446,98,0.05102041,10,0.0,165,0.7218834,0,15,0.35630894,0.33487883,0.77959853,294.6722,215.39752
668,180.21707,264.06555,214.9965,83.848495,183.96072,204.9799,260.51025,8.003972,15.366566,1.8613513,8.087478,11.050952,1.9198675,290.64914,20.614107,0.93732774,2.73764,-7.075201,7.5863786,291.15317,295.2936,100.0,1.0,1.0,1.0,1.0,0,,0,,,,,,,1,668,1,1,0,0.46745977,0.8954438,Primary,0.9325658,0.22113146,0.668,0,1,0,0,0,0,0,0,0,0,0,NONE,0,0,0,0,0,0,NONE,0.05,0,Winter_North,0.07844,0.851737,-0.9041303,0.42725688,0.6214,0.73100424,0.14210887,0.17878789,0.10519481,0.10575758,0,0,2,4,165,7.3625937,1.0896231,1,1,1,0.531376,moderate,45,0.0,87,0.04597701,53,0.018867925,45,0.022222223,98,0.040816326,10,0.0,165,0.7217749,0,16,0.37994918,0.3362279,0.7849268,295.2936,214.9965
669,180.13237,263.26163,214.33998,83.12926,183.63737,204.59926,259.54358,7.9174037,14.737237,1.8339033,7.9929724,11.122123,1.8613724,290.5042,19.560799,0.9433885,2.6890483,-7.0327625,7.529325,290.92487,295.91776,99.0,1.0,1.0,1.0,1.0,0,,0,,,,,,,2,0,1,1,0,0.46815956,0.8956494,Primary,0.93421054,0.22128904,0.669,0,1,0,0,0,0,0,0,0,0,0,NONE,0,0,0,0,0,0,NONE,0.05,0,Winter_North,0.068037376,0.8478451,-0.89942235,0.43708056,0.62415755,0.71400905,0.007394235,0.05,0.10519481,0.10575758,0,0,3,4,165,6.819833,1.0167919,1,1,0,0.52083504,moderate,45,0.0,87,0.04597701,53,0.018867925,45,0.022222223,98,0.040816326,10,0.0,165,0.7216665,0,17,0.3536628,0.33204943,0.7901599,295.91776,214.33998
670,179.75336,267.15692,215.18802,87.40357,182.69086,204.49933,261.75772,6.5674615,10.783673,1.6746838,6.5164866,9.282474,1.6419849,279.47974,27.430937,0.89171773,1.2479469,-5.822302,5.954542,282.0977,296.534,100.0,1.0,1.0,1.0,1.0,0,,0,,,,,,,2,1,1,1,0,0.46885934,0.89585465,Primary,0.93585527,0.2214463,0.67,0,1,0,0,0,0,0,0,0,0,0,NONE,0,0,0,0,0,0,NONE,0.05,0,Winter_North,0.05776667,0.843962,-0.8946694,0.4467288,0.6162424,0.7236346,0.3123582,0.05,0.10519481,0.10575758,0,0,4,4,165,4.2162113,1.0065495,0,1,0,0.21722041,none,45,0.0,87,0.04597701,53,0.018867925,45,0.022222223,98,0.040816326,10,0.0,165,0.7215582,0,18,0.34757167,0.21064149,0.7952091,296.534,215.18802
671,179.71683,270.0985,216.39375,90.38169,182.98518,204.51073,264.81274,4.555095,9.081219,1.3372583,4.697011,6.3712974,1.9936397,267.52835,46.305305,0.72138846,-0.11270723,-3.3728776,3.3747602,268.08612,297.1503,99.0,1.0,1.0,1.0,1.0,0,,0,,,,,,,2,2,1,1,0,0.46955913,0.89605963,Primary,0.9375,0.22160324,0.671,0,1,0,0,0,0,0,0,0,0,0,NONE,0,0,0,0,0,0,NONE,0.05,0,Winter_North,0.047494948,0.8400387,-0.8898125,0.4563263,0.616303,0.6285612,0.193938,0.05,0.10519481,0.10575758,0,0,5,4,165,4.5261235,1.2106423,0,0,1,0.22789077,none,45,0.0,87,0.04597701,53,0.018867925,45,0.022222223,98,0.040816326,10,0.0,165,0.7214501,0,19,0.40646192,0.21494748,0.8001411,297.1503,216.39375
672,179.3784,269.66913,215.96193,90.290726,182.90205,204.40173,265.48703,5.8581944,12.672546,1.8926374,5.337003,9.254194,2.163217,274.18018,36.09217,0.8200384,0.26771533,-4.956397,4.9636216,273.09177,297.7708,100.0,1.0,1.0,1.0,1.0,0,,0,,,,,,,2,3,1,1,0,0.47025892,0.8962643,Primary,0.93914473,0.22175989,0.672,0,1,0,0,0,0,0,0,0,0,0,NONE,0,0,0,0,0,0,NONE,0.05,0,Winter_North,0.037153333,0.836049,-0.88481855,0.46593577,0.620497,0.6922297,0.18577361,0.05,0.10519481,0.10575758,0,0,6,4,165,6.814352,1.2105244,1,0,1,0.51486135,moderate,45,0.0,87,0.04597701,53,0.018867925,45,0.022222223,98,0.040816326,10,0.0,165,0.7213421,0,20,0.40463632,0.32977352,0.804987,297.7708,215.96193
673,180.19653,267.63733,216.1313,87.44078,183.52628,204.68436,264.26382,5.3322024,9.567048,1.6646613,5.0537376,7.980756,1.794202,273.1003,29.115108,0.87887686,-0.04380033,-4.7171946,4.717398,269.46802,298.3882,100.0,1.0,1.0,1.0,1.0,1,"HP3 Mole Recovery Operations, HP3 RAD Single Measurements, and Tau Images",1,,0.0,,0.0,,0.0,2,4,1,1,0,0.4709587,0.89646864,Primary,0.94078946,0.22191621,0.673,11,4,0,0,0,1,0,0,1,0,2,HP3,1,0,0,1,0,0,SCIENCE,0.5,0,Winter_North,0.026863333,0.83204013,-0.8797465,0.47544304,0.6174,0.7207073,0.122296914,0.2,0.114285715,0.13575758,1,1,0,5,166,4.2348456,1.2803363,0,0,1,0.21263036,none,45,0.0,88,0.056818184,53,0.018867925,45,0.022222223,99,0.05050505,10,0.0,166,0.7202342,0,21,0.42293102,0.2115416,0.80968875,298.3882,216.1313
674,179.27357,268.28638,214.8622,89.012794,182.64647,203.98322,262.16483,6.050333,13.711591,2.3774004,5.4112377,10.072085,2.266254,283.9552,32.015102,0.8554639,1.0848081,-5.190666,5.302813,281.80444,299.0021,99.0,1.0,1.0,1.0,1.0,0,,0,,,,,,,2,5,1,1,0,0.4716585,0.8966727,Primary,0.9424342,0.22207223,0.674,0,1,0,0,0,0,0,0,0,0,0,NONE,0,0,0,0,0,0,NONE,0.05,0,Winter_North,0.016631482,0.8280156,-0.87460184,0.48484185,0.6139111,0.7591599,-0.022382732,0.2,0.114285715,0.10575758,0,0,1,5,166,7.661258,1.2796503,1,1,1,0.5066526,moderate,45,0.0,88,0.056818184,53,0.018867925,45,0.022222223,99,0.05050505,10,0.0,166,0.7201265,0,22,0.42065495,0.32918817,0.8142445,299.0021,214.8622
675,179.15202,263.16708,214.13512,84.01505,182.57707,203.82532,259.59503,8.427538,16.964354,2.2268937,8.226475,12.052746,2.0129666,291.14175,19.104595,0.9459264,2.7996383,-7.504539,8.009749,290.4585,299.62,100.0,1.0,1.0,1.0,1.0,0,,0,,,,,,,2,6,1,1,0,0.4723583,0.8968765,Primary,0.9440789,0.22222792,0.675,0,1,0,0,0,0,0,0,0,0,0,NONE,0,0,0,0,0,0,NONE,0.05,0,Winter_North,0.0063333334,0.82392704,-0.8693225,0.49424535,0.61788887,0.89509845,-0.034144536,0.2,0.114285715,0.10575758,0,0,2,4,166,8.536815,1.3784019,1,1,1,0.5025333,moderate,45,0.0,88,0.045454547,53,0.018867925,45,0.0,99,0.04040404,10,0.0,166,0.7200189,0,23,0.4203706,0.32757813,0.81870884,299.62,214.13512
676,178.85947,262.35385,214.11407,83.494385,183.11102,203.84816,259.12384,8.117431,14.834139,1.9518948,7.8320894,11.459317,1.8274426,291.95477,18.710747,0.94807464,2.9349053,-7.1684055,7.745948,292.2653,300.235,100.0,1.0,1.0,1.0,1.0,0,,0,,,,,,,2,7,1,1,0,0.47305807,0.89707994,Primary,0.9457237,0.2223833,0.676,0,1,0,0,0,0,0,0,0,0,0,NONE,0,0,0,0,0,0,NONE,0.05,0,Winter_North,0.0,0.8198201,-0.86396736,0.5035478,0.615,0.9379973,-0.17899168,0.05,0.114285715,0.10575758,0,0,3,4,166,6.716708,1.4169528,1,1,1,0.5,minor,45,0.0,88,0.045454547,53,0.018867925,45,0.0,99,0.04040404,10,0.0,166,0.71991146,0,24,0.41935587,0.32660243,0.8198201,300.235,214.11407
677,179.0741,267.53488,214.46715,88.46077,182.82065,203.81693,260.87793,6.29015,10.302216,1.579745,6.41924,9.190918,1.637833,280.10944,28.168402,0.8861663,1.337304,-5.535502,5.694749,283.58167,300.8463,99.0,1.0,1.0,1.0,1.0,0,,0,,,,,,,2,8,1,1,0,0.47375786,0.8972831,Primary,0.94736844,0.22253838,0.677,0,1,0,0,0,0,0,0,0,0,0,NONE,0,0,0,0,0,0,NONE,0.05,0,Winter_North,0.0,0.8157013,-0.85854566,0.51273715,0.61132324,0.98499715,-0.32110047,0.05,0.114285715,0.10575758,0,0,4,4,166,4.0120654,1.4158713,0,1,1,0.19652522,none,45,0.0,88,0.045454547,53,0.018867925,45,0.0,99,0.04040404,10,0.0,166,0.71980417,0,25,0.42032573,0.20525005,0.8157013,300.8463,214.46715
678,179.27016,267.7464,215.76692,88.476234,182.74052,204.14047,263.8699,5.2589016,10.070474,1.5923083,5.385958,7.6857285,1.9149387,275.50443,31.731098,0.85782605,0.1728851,-4.5724263,4.5756936,272.16534,301.4618,100.0,1.0,1.0,1.0,1.0,0,,0,,,,,,,2,9,1,1,0,0.47445765,0.897486,Primary,0.9490132,0.22269316,0.678,0,1,0,0,0,0,0,0,0,0,0,NONE,0,0,0,0,0,0,NONE,0.05,0,Winter_North,0.0,0.81151813,-0.85298836,0.52193,0.6154768,0.87575173,-0.03250331,0.05,0.114285715,0.10575758,0,0,5,4,166,4.8115726,1.2838622,0,0,1,0.21576035,none,45,0.0,88,0.045454547,53,0.018867925,45,0.0,99,0.04040404,10,0.0,166,0.71969694,0,26,0.41807142,0.21298164,0.81151813,301.4618,215.76692
679,179.21535,266.5438,214.88902,87.32845,182.21844,203.22853,262.48038,6.3224053,13.677075,2.1017783,6.411223,9.554955,2.163271,285.4087,21.578978,0.9315337,1.4297718,-5.7532115,5.9282117,283.95624,302.0736,100.0,1.0,1.0,1.0,1.0,1,"HP3 TEMA/TEMP Measurements, Cycling of APSS Sensors for Power Balancing, HP3 RAD Single Measurements, and Tau Images",1,,0.0,,0.0,,0.0,2,10,1,1,0,0.47515744,0.8976885,Primary,0.9506579,0.22284761,0.679,17,5,0,0,0,1,0,1,1,0,3,HP3,1,0,0,0,0,0,SCIENCE,0.7068182,0,Winter_North,0.0,0.80732435,-0.8473667,0.5310082,0.6118,0.78088313,-0.20704634,0.2689394,0.20811689,0.14954546,1,1,0,5,167,7.3546705,1.2583436,1,0,1,0.5,minor,45,0.0,89,0.056179777,53,0.018867925,46,0.02173913,100,0.05,10,0.0,167,0.7185899,0,27,0.4102994,0.35052276,0.80732435,302.0736,214.88902
680,180.28755,267.5502,215.54938,87.26265,183.24228,204.0909,262.64218,5.783425,10.099455,1.3098929,5.70146,7.851867,1.7462758,280.67,28.110554,0.8866058,0.99921376,-5.0910335,5.188164,281.10425,302.6883,99.0,1.0,1.0,1.0,1.0,0,,0,,,,,,,2,11,1,1,0,0.47585723,0.89789075,Primary,0.95230263,0.22300176,0.68,0,1,0,0,0,0,0,0,0,0,0,NONE,0,0,0,0,0,0,NONE,0.05,0,Winter_North,0.0,0.8030754,-0.84162104,0.5400685,0.61470306,0.6489495,0.11452843,0.2689394,0.14383118,0.14954546,0,0,1,5,167,4.31603,1.1960123,0,0,1,0.20383823,none,45,0.0,89,0.056179777,53,0.018867925,46,0.02173913,100,0.05,10,0.0,167,0.718483,0,28,0.38805118,0.21602406,0.8030754,302.6883,215.54938
681,178.99069,267.99564,215.22723,89.004944,182.84132,205.00423,261.22324,7.0633597,15.117746,2.4998882,6.635691,11.18249,2.1403053,289.7773,21.272343,0.93339986,2.1741202,-6.295179,6.6600356,289.053,303.295,100.0,1.0,1.0,1.0,1.0,0,,0,,,,,,,2,12,1,1,0,0.47655705,0.89809275,Primary,0.95394737,0.2231556,0.681,0,1,0,0,0,0,0,0,0,0,0,NONE,0,0,0,0,0,0,NONE,0.05,0,Winter_North,0.0,0.79884756,-0.83585525,0.5489499,0.60669696,0.66674095,0.18201973,0.2689394,0.14383118,0.12378788,0,0,2,5,167,8.054387,1.1785663,1,1,1,0.5,minor,45,0.0,89,0.056179777,53,0.018867925,46,0.02173913,100,0.05,10,0.0,167,0.7183762,0,29,0.38295323,0.3345261,0.79884756,303.295,215.22723
682,251.72183,262.19992,257.6449,10.478102,253.73944,257.40018,262.03638,9.741401,11.133797,0.8778654,9.650613,10.871848,1.1429359,302.10855,12.073654,0.9780421,5.1172447,-8.052092,9.540565,302.43668,303.539,8.0,1.0,1.0,1.0,1.0,0,,0,,,,,,,2,13,1,1,0,0.47725683,0.8982944,Primary,0.9555921,0.22330914,0.682,0,1,0,0,0,0,0,0,0,0,0,NONE,0,0,0,0,0,0,NONE,0.05,0,Winter_North,0.0,0.79713774,-0.8335099,0.5525045,0.244,16.127848,7.255139,0.05,0.14383118,0.12378788,0,0,3,4,167,1.3923959,1.5393121,0,0,1,0.13349928,none,45,0.0,89,0.04494382,53,0.0,46,0.02173913,100,0.04,10,0.0,167,0.7182695,0,30,0.70000005,0.18796317,0.79713774,303.539,257.6449
683,180.21495,261.27774,207.41809,81.06279,183.12933,194.56161,256.95975,9.980044,15.235662,2.0313349,9.510263,13.827071,1.5266126,289.24472,20.61375,0.9373298,3.038471,-8.925629,9.428635,288.79965,304.75183,67.0,1.0,0.3880597,0.7552239,1.0,0,,0,,,,,,,2,14,1,1,0,0.47795662,0.8984958,Primary,0.9572368,0.22346237,0.683,0,1,0,0,0,0,0,0,0,0,0,NONE,0,0,0,0,0,0,NONE,0.05,0,Winter_North,0.0,0.7885596,-0.8216288,0.5700229,1.2128209,16.795595,-1.174841,0.05,0.14383118,0.12378788,0,0,4,4,167,5.2556176,1.8964158,1,1,1,0.5764435,moderate,45,0.0,89,0.04494382,53,0.0,46,0.02173913,100,0.04,10,0.0,167,0.718163,0,31,0.70000005,0.36517814,0.7885596,304.75183,207.41809
684,178.81079,265.5733,214.6249,86.76252,182.4033,204.30196,260.24203,6.7711573,10.908195,1.465567,6.664967,9.4222555,1.6109793,285.5567,26.002972,0.9021412,1.8424217,-5.905473,6.186205,287.32715,305.1202,100.0,1.0,1.0,1.0,1.0,0,,0,,,,,,,2,15,1,1,0,0.4786564,0.89869684,Primary,0.95888156,0.22361529,0.684,0,1,0,0,0,0,0,0,0,0,0,NONE,0,0,0,0,0,0,NONE,0.05,0,Winter_North,0.0,0.78592837,-0.817947,0.57529366,0.36837912,16.786821,-0.19033615,0.05,0.14383118,0.12378788,0,0,5,4,167,4.1370373,1.8661873,0,0,1,0.19953188,none,45,0.0,89,0.04494382,53,0.0,46,0.02173913,100,0.04,10,0.0,167,0.7180566,0,32,0.70000005,0.21445073,0.78592837,305.1202,214.6249
685,179.10757,265.51382,206.93927,86.40625,182.17293,196.44615,261.6345,5.319648,9.196079,1.4140508,5.4925275,7.4414053,1.7287006,283.62045,25.644976,0.9046854,1.0218496,-4.737018,4.845979,282.17307,305.6419,74.0,1.0,1.0,1.0,1.0,0,,0,,,,,,,2,16,1,1,0,0.4793562,0.89889765,Primary,0.9605263,0.2237679,0.685,0,1,0,0,0,0,0,0,0,0,0,NONE,0,0,0,0,0,0,NONE,0.05,0,Winter_North,0.0,0.7821818,-0.81267494,0.5827173,0.5216919,17.488766,-1.3249588,0.05,0.14383118,0.12378788,0,0,6,4,167,3.876431,1.8553628,0,0,1,0.293262,none,45,0.0,89,0.04494382,53,0.0,46,0.02173913,100,0.04,10,0.0,167,0.7179504,0,33,0.70000005,0.25197995,0.7821818,305.6419,206.93927
686,180.2088,266.69995,215.58427,85.52489,184.38367,,261.703,5.628128,9.597756,1.6655966,,8.539442,1.7215182,275.29895,34.99804,,,,,,306.29,99.5,,,1.0,1.0,1,"HP3 Mole Recovery Operations, HP3 RAD Single Measurements, and Dust Devil and Tau Images",1,,0.0,,0.0,,0.0,2,17,1,1,0,0.480056,0.89909816,Primary,0.9621711,0.22392023,0.686,14,5,0,0,0,1,0,0,1,0,2,HP3,1,0,0,1,0,0,SCIENCE,0.5909091,0,Winter_North,0.0,0.7774948,-0.8060316,0.5918725,0.6481081,17.464153,0.005817138,0.23030305,0.12727273,0.1598485,1,1,0,5,168,3.9696288,1.9322401,0,0,1,0.19550425,none,45,0.0,90,0.055555556,53,0.0,46,0.02173913,101,0.04950495,10,0.0,168,0.71684426,0,34,0.70000005,0.20912439,0.7774948,306.29,215.58427
687,180.35289,265.87958,212.12128,85.52668,183.05356,201.46855,260.16766,4.974775,8.29959,1.4170731,4.9811172,7.4961553,1.6683348,277.22134,26.834362,0.89612544,0.3238158,-4.454562,4.466316,274.15768,307.04892,92.0,1.0,1.0,1.0,1.0,0,,0,,,,,,,2,18,1,1,0,0.48075578,0.8992983,Primary,0.9638158,0.22407223,0.687,0,1,0,0,0,0,0,0,0,0,0,NONE,0,0,0,0,0,0,NONE,0.05,0,Winter_North,0.0,0.77196145,-0.79812145,0.60249656,0.75891304,17.624317,-0.51765996,0.23030305,0.12727273,0.1598485,0,0,1,5,168,3.3248155,2.0504785,0,0,1,0.27999085,none,45,0.0,90,0.055555556,53,0.0,46,0.02173913,101,0.04950495,10,0.0,168,0.7167383,0,35,0.70000005,0.24295613,0.77196145,307.04892,212.12128
688,179.86905,266.02658,214.7402,86.15752,182.87573,205.2819,260.71085,7.3398914,14.892151,2.4425185,6.717637,11.890592,2.0289335,292.28757,20.010113,0.94083726,2.5509286,-6.4570174,6.9426446,291.55713,307.53897,99.0,1.0,1.0,1.0,1.0,0,,0,,,,,,,2,19,1,1,0,0.48145556,0.8994982,Primary,0.96546054,0.22422394,0.688,0,1,0,0,0,0,0,0,0,0,0,NONE,0,0,0,0,0,0,NONE,0.05,0,Winter_North,0.0,0.768363,-0.7929392,0.60930073,0.49004656,17.640385,-7.150783,0.23030305,0.12727273,0.1298485,0,0,2,5,168,7.5522594,2.0530283,1,0,1,0.6,moderate,45,0.0,90,0.055555556,53,0.0,46,0.02173913,101,0.04950495,10,0.0,168,0.7166324,0,36,0.70000005,0.37099683,0.768363,307.53897,214.7402
689,179.28761,264.0757,214.23622,84.78809,182.57745,203.85086,259.3651,7.714122,15.216264,1.8762912,7.496192,11.149646,1.9725205,287.51038,24.386093,0.91340566,2.2222998,-6.787273,7.1418266,288.12958,308.1442,100.0,1.0,1.0,1.0,1.0,0,,0,,,,,,,2,20,1,1,0,0.48215535,0.89969784,Primary,0.96710527,0.22437534,0.689,0,1,0,0,0,0,0,0,0,0,0,NONE,0,0,0,0,0,0,NONE,0.05,0,Winter_North,0.0,0.76389164,-0.7864588,0.61764276,0.6052404,3.6164074,1.1363541,0.05,0.12727273,0.1298485,0,0,3,4,168,7.5021415,1.7385079,1,1,1,0.5,minor,45,0.0,90,0.044444446,53,0.0,46,0.02173913,101,0.03960396,10,0.0,168,0.7165267,0,37,0.47462568,0.33103386,0.76389164,308.1442,214.23622
690,179.43137,263.75055,215.07123,84.31919,183.2704,205.12236,260.62738,7.3951297,13.516549,1.7978603,7.4854145,10.4514475,1.8277636,288.9134,24.487484,0.9127165,2.27605,-6.419895,6.8114214,289.52097,308.7462,100.0,1.0,1.0,1.0,1.0,0,,0,,,,,,,2,21,1,1,0,0.48285514,0.8998972,Primary,0.96875,0.22452644,0.69,0,1,0,0,0,0,0,0,0,0,0,NONE,0,0,0,0,0,0,NONE,0.05,0,Winter_North,0.0,0.759415,-0.779926,0.6258717,0.602,3.0249734,0.074388735,0.05,0.12727273,0.1298485,0,0,4,4,168,6.121419,1.1192092,1,1,1,0.4972736,minor,45,0.0,90,0.044444446,53,0.0,46,0.02173913,101,0.03960396,10,0.0,168,0.7164211,0,38,0.413022,0.32998022,0.759415,308.7462,215.07123
691,179.47302,267.09955,214.84735,87.62653,182.66205,203.99425,261.13986,6.3562803,12.948509,1.874616,6.0465956,9.802067,2.0371206,281.80493,26.914913,0.8955347,1.2970077,-5.6125484,5.7604623,283.01212,309.34457,99.0,1.0,1.0,1.0,1.0,0,,0,,,,,,,2,22,1,1,0,0.48355493,0.90009624,Primary,0.97039473,0.22467723,0.691,0,1,0,0,0,0,0,0,0,0,0,NONE,0,0,0,0,0,0,NONE,0.05,0,Winter_North,0.0,0.7549369,-0.7733472,0.6339827,0.59837574,3.0419524,1.318014,0.05,0.12727273,0.1298485,0,0,5,4,168,6.5922284,1.1102538,1,1,1,0.5,minor,45,0.0,90,0.044444446,53,0.0,46,0.02173913,101,0.03960396,10,0.0,168,0.7163156,0,39,0.41056705,0.3311077,0.7549369,309.34457,214.84735
692,179.52274,266.93753,215.47444,87.41479,182.4602,204.63426,262.97382,6.0564184,11.897409,1.8969955,5.8023324,9.305034,1.96443,279.45685,30.208504,0.8702368,0.5347687,-5.288077,5.3150477,275.77454,309.947,100.0,1.0,1.0,1.0,1.0,0,,0,,,,,,,2,23,1,1,0,0.48425472,0.900295,Primary,0.97203946,0.22482772,0.692,0,1,0,0,0,0,0,0,0,0,0,NONE,0,0,0,0,0,0,NONE,0.05,0,Winter_North,0.0,0.7504004,-0.7666387,0.6420787,0.60242426,1.1768998,-0.018304741,0.05,0.12727273,0.1298485,0,0,6,4,168,5.8409915,1.0234324,1,1,0,0.48475838,minor,45,0.0,90,0.044444446,53,0.0,46,0.02173913,101,0.03960396,10,0.0,168,0.7162103,0,40,0.34488362,0.32504794,0.7504004,309.947,215.47444
693,179.59972,266.86383,215.3758,87.26412,182.3913,203.7449,262.51535,6.1042576,8.751203,1.5228108,6.198455,8.295053,1.4336227,282.43573,28.482676,0.8837665,1.0539984,-5.3224716,5.4258285,281.20126,310.5464,100.0,1.0,0.78,0.912,1.0,1,"HP3 RAD Hourly Measurements, Uplink of 15-Curve LME Files, and Dust Devil and Tau Images",1,,0.0,,0.0,,0.0,2,24,1,1,0,0.4849545,0.90049344,Primary,0.9736842,0.22497793,0.693,15,5,0,0,0,1,0,0,1,0,2,HP3,1,0,0,0,0,1,SCIENCE,0.6045455,0,Winter_North,0.0,0.74585927,-0.75987977,0.65006363,0.5994,1.1496342,0.5424196,0.2348485,0.12922078,0.16681819,1,1,0,5,169,2.6469448,0.97068226,0,1,0,0.15305674,none,45,0.0,91,0.054945055,53,0.0,46,0.02173913,102,0.04901961,10,0.0,169,0.7151051,0,41,0.32779664,0.1932411,0.74585927,310.5464,215.3758
694,179.6587,267.225,215.74864,87.56629,182.80048,204.54204,263.3971,4.7614574,9.258445,1.8339303,4.5497913,8.27335,1.8416438,220.16313,44.369194,0.74093765,-2.2700098,-1.0279745,3.5338569,206.6812,311.14844,99.0,1.0,0.0,0.6,1.0,0,,0,,,,,,,2,25,1,1,0,0.4856543,0.9006916,Primary,0.9753289,0.22512782,0.694,0,1,0,0,0,0,0,0,0,0,0,NONE,0,0,0,0,0,0,NONE,0.05,0,Winter_North,0.0,0.74127114,-0.75300753,0.6580119,0.60202426,0.51172286,0.16807249,0.2348485,0.12922078,0.123030305,0,0,1,5,169,4.4969873,1.0303665,0,0,0,0.20306179,none,45,0.0,91,0.054945055,53,0.0,46,0.02173913,102,0.04901961,10,0.0,169,0.71500003,0,42,0.33332968,0.2132799,0.74127114,311.14844,215.74864
695,183.19145,266.67896,214.21591,83.487495,185.49959,203.12325,263.53217,4.7614574,9.258445,1.8339303,4.5497913,8.27335,1.8416438,220.16313,44.369194,0.74093765,-2.2700098,-1.0279745,3.5338569,206.6812,311.56897,58.0,1.0,0.0,0.6,1.0,0,,0,,,,,,,2,26,1,1,0,0.48635408,0.9008895,Primary,0.9769737,0.22527741,0.695,0,1,0,0,0,0,0,0,0,0,0,NONE,0,0,0,0,0,0,NONE,0.05,0,Winter_North,0.0,0.7380503,-0.7481576,0.66352105,0.4205413,0.5990504,-0.0033836174,0.2348485,0.12922078,0.123030305,0,0,2,5,169,4.4969873,1.1478184,0,0,1,0.20819183,none,45,0.0,91,0.054945055,53,0.0,46,0.02173913,102,0.04901961,10,0.0,169,0.7148951,0,43,0.3719244,0.21536864,0.7380503,311.56897,214.21591
696,186.89328,267.35565,235.60854,80.462364,191.3161,242.14398,264.8169,4.460031,7.1886477,1.4900268,4.583823,6.8538704,1.6117933,222.9475,38.987614,0.79333127,-2.3301294,-2.6205816,3.506701,228.35762,312.765,28.0,1.0,0.9285714,0.9714286,1.0,0,,0,,,,,,,2,27,1,1,0,0.48705387,0.90108716,Primary,0.97861844,0.2254267,0.696,0,1,0,0,0,0,0,0,0,0,0,NONE,0,0,0,0,0,0,NONE,0.05,0,Winter_North,0.0,0.72882056,-0.73414475,0.678993,1.1960344,7.7590113,3.4228845,0.05,0.12922078,0.123030305,0,0,3,4,169,2.728617,1.0719042,0,0,0,0.16434157,none,45,0.0,91,0.043956045,53,0.0,46,0.02173913,102,0.039215688,10,0.0,169,0.7147903,0,44,0.4958917,0.19786523,0.72882056,312.765,235.60854
697,179.83331,266.76184,214.25558,86.92852,182.83386,203.05144,263.01944,6.1086617,13.532093,2.3121233,5.7767177,9.678216,2.2152305,277.5672,39.49439,0.78854,0.37892857,-4.9975085,5.0118537,274.33606,313.00357,97.0,1.0,1.0,1.0,1.0,0,,0,,,,,,,2,28,1,1,0,0.48775366,0.9012845,Primary,0.9802632,0.2255757,0.697,0,1,0,0,0,0,0,0,0,0,0,NONE,0,0,0,0,0,0,NONE,0.05,0,Winter_North,0.0,0.72696745,-0.73131114,0.682044,0.23857732,7.817088,-0.09862926,0.05,0.12922078,0.123030305,0,0,4,4,169,7.423432,0.8112907,1,0,0,0.47469878,minor,45,0.0,91,0.043956045,53,0.0,46,0.02173913,102,0.039215688,10,0.0,169,0.7146856,0,45,0.415451,0.32204473,0.72696745,313.00357,214.25558
698,179.32481,268.18558,216.07938,88.860756,182.04164,204.13861,264.08905,4.622304,7.211977,1.5142488,4.6322856,6.7510424,1.5602559,260.20074,49.638336,0.6870946,-0.42858586,-3.2836707,3.311522,262.56378,313.5274,100.0,1.0,1.0,1.0,1.0,0,,0,,,,,,,2,29,1,1,0,0.48845348,0.9014815,Primary,0.9819079,0.2257244,0.698,0,1,0,0,0,0,0,0,0,0,0,NONE,0,0,0,0,0,0,NONE,0.05,0,Winter_North,0.0,0.7228849,-0.7250451,0.6887014,0.52382267,7.749632,0.10082099,0.05,0.12922078,0.123030305,0,0,5,4,169,2.589673,0.77573085,0,0,0,0.13372889,none,45,0.0,91,0.043956045,53,0.0,46,0.02173913,102,0.039215688,10,0.0,169,0.7145811,0,46,0.4029196,0.18569338,0.7228849,313.5274,216.07938
699,179.58658,268.81412,215.86823,89.22755,182.5876,204.20154,264.3461,5.19802,13.402994,2.043305,5.029235,8.546033,2.5784807,272.27673,42.915108,0.75539994,-0.1054101,-4.1048822,4.1062355,268.52902,314.1184,99.0,1.0,1.0,1.0,1.0,0,,0,,,,,,,2,30,1,1,0,0.48915327,0.9016783,Primary,0.98355263,0.2258728,0.699,0,1,0,0,0,0,0,0,0,0,0,NONE,0,0,0,0,0,0,NONE,0.05,0,Winter_North,0.0,0.7182564,-0.7179027,0.69614345,0.591004,7.7287273,0.082072444,0.05,0.12922078,0.123030305,0,0,6,4,169,8.204974,0.6938099,1,1,0,0.46388185,minor,45,0.0,91,0.043956045,53,0.0,46,0.02173913,102,0.039215688,10,0.0,169,0.7144767,0,47,0.37682587,0.3177911,0.7182564,314.1184,215.86823
700,179.56467,264.9075,206.81612,85.342834,182.11958,196.11699,261.5554,5.464171,9.156161,1.4163504,5.3675027,8.231989,1.6756725,280.29053,32.314167,0.8529609,0.6557404,-4.622272,4.668554,278.0744,314.63843,76.0,1.0,1.0,1.0,1.0,1,"HP3 Mole Recovery Activities, HP3 RAD Single Measurements, BEE Reset, Operate Using 15-Curve LME, and Dust Devil and Tau Images",1,,0.0,,0.0,,0.0,2,31,1,1,0,0.48985305,0.9018748,Primary,0.98519737,0.22602092,0.7,20,7,0,0,0,1,0,0,1,0,2,HP3,1,0,0,1,0,0,SCIENCE,0.77272725,0,Winter_North,0.0,0.7141646,-0.71155506,0.70263034,0.520017,8.840651,-1.4887534,0.29090908,0.15324675,0.17121212,1,1,0,5,170,3.6919904,0.5790244,0,0,0,0.2421377,none,45,0.0,92,0.054347824,53,0.0,46,0.02173913,103,0.048543688,10,0.0,170,0.7133724,0,48,0.3638133,0.23548642,0.7141646,314.63843,206.81612
701,180.17557,269.20282,212.85704,89.027245,182.62354,201.04721,263.48105,4.1302705,7.0806704,1.4121239,4.1636443,6.2434254,1.7143357,257.01443,59.260986,0.58573514,-0.6491459,-2.4922082,2.5753627,255.40056,315.33966,91.0,1.0,1.0,1.0,1.0,0,,0,,,,,,,2,32,1,1,0,0.49055284,0.902071,Primary,0.9868421,0.22616872,0.701,0,1,0,0,0,0,0,0,0,0,0,NONE,0,0,0,0,0,0,NONE,0.05,0,Winter_North,0.0,0.708619,-0.7029024,0.7112863,0.7012493,8.972269,-0.22648107,0.29090908,0.15324675,0.13515152,0,0,1,5,170,2.9503999,0.6735545,0,0,0,0.13299975,none,45,0.0,92,0.054347824,53,0.0,46,0.02173913,103,0.048543688,10,0.0,170,0.7132683,0,49,0.39614156,0.1918677,0.708619,315.33966,212.85704
702,179.91357,270.7769,215.52527,90.863304,182.9416,203.20493,266.1278,5.5366273,11.699904,2.1997836,5.1543913,9.420905,2.1131825,267.40887,45.14679,0.7331239,-0.30590066,-4.283626,4.2945347,265.91534,315.89203,99.0,1.0,1.0,1.0,1.0,0,,0,,,,,,,2,33,1,1,0,0.49125263,0.9022669,Primary,0.9884868,0.22631624,0.702,0,1,0,0,0,0,0,0,0,0,0,NONE,0,0,0,0,0,0,NONE,0.05,0,Winter_North,0.0,0.7042288,-0.6960128,0.7180294,0.55234987,8.929564,-3.3472104,0.29090908,0.15324675,0.13515152,0,0,2,5,170,6.163277,0.69806576,0,0,0,0.31255436,minor,45,0.0,92,0.054347824,53,0.0,46,0.02173913,103,0.048543688,10,0.0,170,0.7131642,0,50,0.40293866,0.26372597,0.7042288,315.89203,215.52527
703,179.5469,267.85028,216.46562,88.30337,183.2444,203.74182,264.6827,4.481037,8.256211,1.653633,4.3828125,7.3999987,1.8424777,254.28996,61.162346,0.5656604,-0.5133231,-2.7319257,2.7797337,259.35834,316.4834,100.0,1.0,1.0,1.0,1.0,0,,0,,,,,,,2,34,1,1,0,0.49195242,0.90246254,Primary,0.99013156,0.22646345,0.703,0,1,0,0,0,0,0,0,0,0,0,NONE,0,0,0,0,0,0,NONE,0.05,0,Winter_North,0.0,0.69950736,-0.6885647,0.7251749,0.5913798,3.396004,0.36834025,0.05,0.15324675,0.13515152,0,0,3,4,170,3.775174,0.6950235,0,0,0,0.15481949,none,45,0.0,92,0.04347826,53,0.0,46,0.02173913,103,0.03883495,10,0.0,170,0.7130603,0,51,0.28779894,0.20066836,0.69950736,316.4834,216.46562
704,181.4278,268.74716,217.36299,87.31937,184.61565,204.25258,266.13892,4.5400276,7.3408365,1.5116546,4.3303676,6.886363,1.6169145,253.73767,69.5879,0.4782837,-0.49873817,-2.3513808,2.403691,258.02478,317.0718,100.0,1.0,1.0,1.0,1.0,0,,0,,,,,,,2,35,1,1,0,0.4926522,0.9026579,Primary,0.9917763,0.22661038,0.704,0,1,0,0,0,0,0,0,0,0,0,NONE,0,0,0,0,0,0,NONE,0.05,0,Winter_North,0.0,0.69478863,-0.68108135,0.7322078,0.5884,3.6327188,0.21393567,0.05,0.15324675,0.13515152,0,0,4,4,170,2.800809,0.5434122,0,0,0,0.11741806,none,45,0.0,92,0.04347826,53,0.0,46,0.02173913,103,0.03883495,10,0.0,170,0.7129566,0,52,0.24519026,0.1857441,0.69478863,317.0718,217.36299
705,182.92633,268.6443,216.9489,85.71796,185.18585,203.43834,266.02734,4.3304915,7.0340967,1.2801026,4.061222,6.1063504,1.6243184,249.30939,82.78399,0.352114,-0.46832618,-1.356424,1.4349966,250.95198,317.66275,99.0,1.0,1.0,1.0,1.0,0,,0,,,,,,,2,36,1,1,0,0.493352,0.902853,Primary,0.9934211,0.22675702,0.705,0,1,0,0,0,0,0,0,0,0,0,NONE,0,0,0,0,0,0,NONE,0.05,0,Winter_North,0.0,0.6900287,-0.67349315,0.7391935,0.5909576,3.7127042,0.1801113,0.05,0.15324675,0.13515152,0,0,5,4,170,2.7036052,0.5743884,0,0,0,0.11793156,none,45,0.0,92,0.04347826,53,0.0,46,0.02173913,103,0.03883495,10,0.0,170,0.71285295,0,53,0.2565443,0.18598577,0.6900287,317.66275,216.9489
706,182.44237,267.96545,217.77142,85.52309,185.78442,204.36327,265.5509,4.8198075,8.703289,1.8603954,4.5300922,8.453949,1.8057337,261.3749,77.83417,0.39744046,-0.07846802,-2.1612747,2.1626987,267.92072,318.2456,100.0,1.0,1.0,1.0,1.0,0,,0,,,,,,,2,37,1,1,0,0.49405178,0.90304786,Primary,0.9950658,0.22690335,0.706,0,1,0,0,0,0,0,0,0,0,0,NONE,0,0,0,0,0,0,NONE,0.05,0,Winter_North,0.0,0.68531436,-0.665939,0.74600625,0.5828424,3.8908143,1.8258833,0.05,0.15324675,0.13515152,0,0,6,4,170,3.8834813,0.5492092,0,0,0,0.14399953,none,45,0.0,92,0.04347826,53,0.0,46,0.02173913,103,0.03883495,10,0.0,170,0.7127494,0,54,0.2523321,0.1964492,0.68531436,318.2456,217.77142
707,182.85654,268.81427,217.40128,85.957726,186.10146,204.60352,266.9171,5.40252,9.097406,1.8651114,5.037249,8.53285,1.683919,267.41714,62.241867,0.5542987,-0.15466937,-3.3314567,3.335045,267.34183,318.82864,99.0,1.0,1.0,1.0,1.0,1,"HP3 Mole Recovery Activities, SEIS Tilt Measurement and Flash Maintenance, Command Loss Timer Set to 8 days, and Dust Devil and Tau Images",1,,0.0,,0.0,,0.0,2,38,1,1,0,0.49475157,0.9032424,Primary,0.99671054,0.2270494,0.707,23,7,0,0,0,1,1,0,1,0,3,HP3,1,1,0,1,0,0,SCIENCE,0.875,0,Winter_North,0.0,0.6805793,-0.65831333,0.752744,0.58303636,1.703077,0.75737405,0.325,0.16785714,0.19015151,1,1,0,5,171,3.6948864,0.5363313,0,0,0,0.13827646,none,45,0.0,93,0.05376344,54,0.018518519,46,0.02173913,104,0.048076924,10,0.0,171,0.7116461,1,0,0.20315334,0.19819874,0.6805793,318.82864,217.40128
708,226.79095,269.44537,257.58466,42.654434,235.38806,262.27557,268.58487,3.7266796,5.23613,1.2676382,4.162807,4.9914746,1.4050391,110.84538,66.95347,0.5052184,-0.7343515,2.4741368,2.5808187,106.53148,319.065,17.0,1.0,1.0,1.0,1.0,0,,0,,,,,,,2,39,1,1,0,0.49545136,0.90343666,Primary,0.99835527,0.22719516,0.708,0,1,0,0,0,0,0,0,0,0,0,NONE,0,0,0,0,0,0,NONE,0.05,0,Winter_North,0.0,0.6786543,-0.6552024,0.75545335,0.23636363,15.390502,7.009895,0.325,0.16785714,0.15318182,0,0,1,5,171,1.5094507,0.6277866,0,0,0,0.0941183,none,45,0.0,93,0.05376344,54,0.018518519,46,0.02173913,104,0.048076924,10,0.0,171,0.71154284,0,1,0.49665892,0.18057162,0.6786543,319.065,257.58466
720,180.2088,266.69995,215.58427,85.52489,184.38367,,261.703,5.628128,9.597756,1.6655966,,8.539442,1.7215182,275.29895,34.99804,,,,,,326.31,99.5,,,1.0,1.0,1,"HP3 Mole Recovery Activities, HP3 RAD Single Measurements, Unsafe IDA and HP3, and Tau Images",1,,0.0,,0.0,,0.0,2,51,12,0,11,0.50384885,0.9057467,Extended_1,0.028571429,0.22892167,0.72,15,6,0,0,1,1,0,0,1,0,3,IDA,1,0,0,1,0,0,SCIENCE,0.7295455,0,Winter_North,0.0,0.6183343,-0.55469924,0.8320509,7.245,15.385919,-0.14689074,0.55151516,0.26493508,0.19848485,12,15,0,5,172,3.9696288,0.64892447,0,0,0,0.15525332,none,46,0.02173913,94,0.05319149,54,0.018518519,46,0.0,105,0.04761905,10,0.0,172,0.7093139,0,13,0.5032805,0.23007523,0.6183343,326.31,215.58427
734,182.09839,265.8037,216.38728,83.2447,185.71622,,261.62103,4.4344664,7.0868945,1.1545678,,6.203349,1.5732222,259.48367,40.20304,,,,,,334.22,100.0,,,1.0,1.0,1,"HP3 Mole Recovery Activities, HP3 RAD Single Measurements, HP3 RAD Calibration, SEIS VBB2 Characterization, Aeolian Change, and Tau Images",1,,0.0,,0.0,,0.0,2,65,14,0,13,0.5136459,0.9083937,Extended_1,0.068571426,0.23088425,0.734,19,7,0,0,0,1,1,0,1,0,3,HP3,1,1,0,1,0,0,SCIENCE,0.83409095,0,Winter_North,0.0,0.5503545,-0.4349168,0.9004706,7.91,15.391263,-0.16261768,0.5378788,0.37694806,0.25075758,26,1,0,6,173,2.6524284,0.6518248,0,0,0,0.123830184,none,46,0.02173913,95,0.06315789,55,0.036363635,46,0.0,106,0.056603774,10,0.0,173,0.70690334,1,0,0.5041891,0.24635293,0.5503545,334.22,216.38728
735,181.40575,267.4772,211.39465,86.07146,183.69733,201.05429,261.67273,3.498034,5.8692365,0.9356586,3.6740046,4.876604,1.6778672,246.0944,58.69375,0.59173477,-1.0552816,-1.7828165,2.0717273,239.37793,334.98273,89.0,1.0,1.0,1.0,1.0,0,,0,,,,,,,2,66,1,1,0,0.5143457,0.90858084,Extended_1,0.071428575,0.23102236,0.735,0,1,0,0,0,0,0,0,0,0,0,NONE,0,0,0,0,0,0,NONE,0.05,0,Winter_North,0.0,0.5437281,-0.4228916,0.90618026,0.7627191,15.894571,-0.9257062,0.5378788,0.37694806,0.25075758,0,0,1,6,173,2.3712022,0.7966549,0,0,0,0.23039933,none,46,0.02173913,95,0.06315789,55,0.036363635,46,0.0,106,0.056603774,10,0.0,173,0.7068035,0,1,0.54955816,0.28901553,0.5437281,334.98273,211.39465
736,181.70891,268.05115,217.30013,86.342255,183.83888,205.9429,265.32877,4.2207046,7.478271,1.1599152,4.398009,6.2662854,1.7718064,253.73209,55.06842,0.6300974,-0.88435835,-2.48231,2.635138,250.39084,335.3716,100.0,1.0,1.0,1.0,1.0,0,,0,,,,,,,2,67,1,1,0,0.51504546,0.9087677,Extended_1,0.074285716,0.23116018,0.736,0,1,0,0,0,0,0,0,0,0,0,NONE,0,0,0,0,0,0,NONE,0.05,0,Winter_North,0.0,0.5403465,-0.41673142,0.90902966,0.3888809,15.877001,-0.07854883,0.31136364,0.37694806,0.25075758,0,0,2,6,173,3.2575665,0.8027218,0,0,0,0.15228274,none,46,0.02173913,95,0.06315789,55,0.036363635,46,0.0,106,0.056603774,10,0.0,173,0.7067038,0,2,0.5514587,0.2578038,0.5403465,335.3716,217.30013
737,181.31699,265.73654,215.51598,84.419556,183.6001,205.0919,261.58884,5.276105,8.041042,1.0935142,5.1213164,7.5383987,1.5240489,268.77826,35.143642,0.82852125,-0.21338254,-4.436403,4.441531,267.2463,335.9264,100.0,1.0,1.0,1.0,1.0,0,,0,,,,,,,2,68,1,1,0,0.5157453,0.9089543,Extended_1,0.07714286,0.23129772,0.737,0,1,0,0,0,0,0,0,0,0,0,NONE,0,0,0,0,0,0,NONE,0.05,0,Winter_North,0.0,0.53551894,-0.4079098,0.9130222,0.5548,15.997597,-0.31421793,0.05,0.37694806,0.25075758,0,0,3,6,173,2.7649374,0.8471976,0,0,0,0.14452577,none,46,0.02173913,95,0.06315789,55,0.036363635,46,0.0,106,0.056603774,10,0.0,173,0.70660424,0,3,0.56539106,0.25473583,0.53551894,335.9264,215.51598
738,181.08745,265.85034,215.7215,84.76288,183.80884,205.09041,262.06018,4.2106323,7.46905,1.2867779,4.3432813,6.117813,1.7738547,267.19348,34.16904,0.8370898,-0.4184876,-3.577926,3.6023166,263.3288,336.47815,99.0,1.0,1.0,1.0,1.0,0,,0,,,,,,,2,69,1,1,0,0.51644504,0.9091407,Extended_1,0.08,0.23143499,0.738,0,1,0,0,0,0,0,0,0,0,0,NONE,0,0,0,0,0,0,NONE,0.05,0,Winter_North,0.0,0.5307145,-0.39909858,0.916908,0.5517616,16.083364,-6.9771924,0.05,0.25909093,0.25075758,0,0,4,6,173,3.2584178,0.7752997,0,0,0,0.24977836,none,46,0.02173913,95,0.06315789,55,0.036363635,46,0.0,106,0.056603774,10,0.0,173,0.7065048,0,4,0.5428685,0.2674074,0.5307145,336.47815,215.7215
739,181.36386,267.95285,216.10213,86.58898,183.43906,205.21838,263.06357,4.898024,7.7126904,1.0084873,4.908157,6.80417,1.5746534,260.2523,41.814854,0.76620233,-0.81296724,-3.6810002,3.7697055,257.54587,337.0338,100.0,1.0,1.0,1.0,1.0,0,,0,,,,,,,2,70,1,1,0,0.51714486,0.90932685,Extended_1,0.08285714,0.23157197,0.739,0,1,0,0,0,0,0,0,0,0,0,NONE,0,0,0,0,0,0,NONE,0.05,0,Winter_North,0.0,0.5258734,-0.39018804,0.9207352,0.5556384,1.882627,0.086309426,0.05,0.25909093,0.20257576,0,0,5,6,173,2.814666,0.7234203,0,0,0,0.1343255,none,46,0.02173913,95,0.06315789,55,0.036363635,46,0.0,106,0.056603774,10,0.0,173,0.70640546,0,5,0.26546547,0.22126102,0.5258734,337.0338,216.10213
740,191.32161,268.11496,225.76375,76.79335,195.00659,214.98587,265.3525,2.9008613,4.767655,0.9662548,2.8678062,4.357419,1.6435308,278.03452,59.144775,0.586964,-0.1442583,-1.4175805,1.4249017,264.18936,337.255,40.0,1.0,1.0,1.0,1.0,0,,0,,,,,,,2,71,1,1,0,0.5178446,0.9095127,Extended_1,0.08571429,0.23170869,0.74,0,1,0,0,0,0,0,0,0,0,0,NONE,0,0,0,0,0,0,NONE,0.05,0,Winter_North,0.0,0.5239455,-0.38663048,0.9222347,0.2212,4.344286,1.562744,0.05,0.162013,0.20257576,0,0,6,5,173,1.8667936,0.8042655,0,0,0,0.11896463,none,46,0.02173913,95,0.05263158,55,0.036363635,46,0.0,106,0.047169812,10,0.0,173,0.7063063,0,6,0.3415879,0.1908819,0.5239455,337.255,225.76375
754,182.09839,265.8037,216.38728,83.2447,185.71622,,261.62103,4.4344664,7.0868945,1.1545678,,6.203349,1.5732222,259.48367,40.20304,,,,,,345.18,100.0,,,1.0,1.0,1,"HP3 Mole Recovery Activities, HP3 RAD Single Measurements, SEIS Recentering of VBB2, SEIS VBB3 Characterization, Aeolian Change, and Tau Images",1,,0.0,,0.0,,0.0,2,85,14,0,13,0.5276417,0.9120889,Extended_1,0.12571429,0.23359433,0.754,20,7,0,0,0,1,1,0,1,0,3,HP3,1,1,0,1,0,0,SCIENCE,0.8477273,0,Winter_North,0.0,0.45485753,-0.25578323,0.9667342,7.925,4.344286,0.8321045,0.3159091,0.16396104,0.25575757,14,999,0,6,174,2.6524284,0.8042655,0,0,0,0.137866,none,46,0.02173913,96,0.0625,56,0.05357143,46,0.0,107,0.056074765,10,0.0,174,0.7039305,1,0,0.3415879,0.19976099,0.45485753,345.18,216.38728
761,182.09839,265.8037,216.38728,83.2447,185.71622,,261.62103,4.4344664,7.0868945,1.1545678,,6.203349,1.5732222,259.48367,40.20304,,,,,,348.93,100.0,,,1.0,1.0,1,"Phobos Eclipse RAD Observations, HP3 RAD Single Measurements, High-Frequency SEIS Recording, Aeolian Change, and Tau Images",1,,0.0,,0.0,,0.0,2,92,7,0,6,0.53254026,0.9133591,Extended_1,0.14571428,0.23451753,0.761,16,6,0,0,0,1,1,0,1,0,3,HP3,1,0,0,0,0,0,SCIENCE,0.7431819,0,Winter_North,0.0,0.42238617,-0.19200814,0.98139334,3.75,3.646769,-0.15214153,0.5469697,0.26298702,0.3019697,21,999,0,7,175,2.6524284,0.7424751,0,0,0,0.13217673,none,46,0.02173913,97,0.072164945,57,0.07017544,46,0.0,108,0.06481481,10,0.0,175,0.70225155,0,7,0.30783814,0.2228294,0.42238617,348.93,216.38728
775,182.09839,265.8037,216.38728,83.2447,185.71622,,261.62103,4.4344664,7.0868945,1.1545678,,6.203349,1.5732222,259.48367,40.20304,,,,,,356.28,100.0,,,1.0,1.0,1,"Arm Retraction and Mosaic, HP3 RAD Calibrations, HP3 Bad Block Readout, SEIS VBB2 Recentering, SEIS Get Tilt and Flash Maintenance, Aeolian Change, and Tau Images",1,,0.0,,0.0,,0.0,2,106,14,0,13,0.5423373,0.91586494,Extended_1,0.18571429,0.2363256,0.775,25,10,0,0,1,1,1,0,1,0,4,IDA,0,1,0,0,0,0,MAINTENANCE,1.0,0,Winter_North,0.0,0.35983416,-0.06488064,0.99789304,7.35,3.675358,0.14521857,0.8636364,0.3987013,0.36530304,35,999,0,8,176,2.6524284,0.7411781,0,0,0,0.1320573,none,47,0.04255319,98,0.08163265,58,0.0862069,46,0.0,109,0.07339449,10,0.0,176,0.6999114,1,0,0.30802178,0.25752926,0.35983416,356.28,216.38728
788,179.42984,261.20413,214.72742,81.99962,183.40424,,257.91537,4.09965,6.759033,1.286531,,6.005712,1.6465107,218.44238,56.30597,,,,,,2.96,100.0,,,1.0,1.0,1,"Pulse the East Solar Array Deployment Motors (Dust Reduction), 4x4x1 Mosaic of SEIS Tether and Surroundings, HP3 Single Calibrations, and Tau Images",1,,0.0,,0.0,,0.0,2,119,13,0,12,0.5514346,0.9181517,Extended_1,0.22285715,0.2379598,0.788,22,6,0,0,0,1,1,0,1,0,3,HP3,0,1,1,0,0,0,MAINTENANCE,0.82500005,0,Spring_North,0.0,0.3049558,0.051638767,0.9986658,6.68,3.7562973,-0.16567807,0.8560606,0.5094156,0.41696972,48,999,0,9,177,2.6593835,0.6258439,0,0,0,0.12160535,none,47,0.04255319,99,0.09090909,59,0.10169491,46,0.0,110,0.08181818,10,0.0,177,0.69768786,1,0,0.27356267,0.28180528,0.3049558,2.96,214.72742
802,179.42984,261.20413,214.72742,81.99962,183.40424,,257.91537,4.09965,6.759033,1.286531,,6.005712,1.6465107,218.44238,56.30597,,,,,,10.0,100.0,,,1.0,1.0,1,"Unsafe APSS, Switch APSS to USM3, HP3 RAD Calibrations (Day and Single), Test Scrapes for SEIS Tether Burial, Disable Secondary Survival Heater, Aeolian Change, and Tau Images",1,,0.0,,0.0,,0.0,2,133,14,0,13,0.5612316,0.92057246,Extended_1,0.26285714,0.23967284,0.802,27,9,0,0,0,1,1,1,1,0,4,HP3,0,1,0,0,1,0,MAINTENANCE,1.0,0,Spring_North,0.0,0.25,0.17364818,0.9848077,7.04,3.8460128,-0.22911838,0.94166666,0.6451299,0.48030305,62,999,0,10,178,2.6593835,0.6269874,0,0,0,0.12171064,none,47,0.04255319,100,0.1,60,0.11666667,47,0.021276595,111,0.09009009,10,0.0,178,0.6953922,1,0,0.2757722,0.31657946,0.25,10.0,214.72742
816,179.42984,261.20413,214.72742,81.99962,183.40424,,257.91537,4.09965,6.759033,1.286531,,6.005712,1.6465107,218.44238,56.30597,,,,,,16.89,100.0,,,1.0,1.0,1,"Test Acquire and Drop for SEIS Tether Burial, Disable Primary and Secondary Survival Heater, HP3 RAD Calibrations, Aeolian Change, and Tau Images",1,,0.0,,0.0,,0.0,2,147,14,0,13,0.5710287,0.92295146,Extended_1,0.30285713,0.24133857,0.816,22,8,0,0,0,1,1,0,1,0,3,HP3,0,1,0,0,1,0,MAINTENANCE,0.9250001,0,Spring_North,0.0,0.19985968,0.29053518,0.9568643,6.89,3.9459193,-1.8393872,0.9166667,0.7701299,0.48363638,76,999,0,11,179,2.6593835,0.54283285,0,0,0,0.2139622,none,47,0.04255319,101,0.10891089,61,0.13114753,47,0.021276595,112,0.09821428,10,0.0,179,0.693119,1,0,0.25147176,0.3855257,0.19985968,16.89,214.72742
822,179.42984,261.20413,214.72742,81.99962,183.40424,,257.91537,4.09965,6.759033,1.286531,,6.005712,1.6465107,218.44238,56.30597,,,,,,19.81,100.0,,,1.0,1.0,1,"Two Scrapes SEIS Tether Burial, HP3 TEM-A/TEM-P Calibrations, Aeolian Change and Tau Images",1,,0.0,,0.0,,0.0,2,153,6,0,5,0.57522744,0.9239586,Extended_1,0.32,0.2420383,0.822,13,4,0,0,0,1,1,0,1,0,3,HP3,0,1,0,0,0,0,MAINTENANCE,0.60227275,0,Spring_North,0.0,0.17987812,0.33890212,0.94082165,2.92,0.887232,-0.2766432,0.8424243,0.849026,0.5204546,82,999,0,11,180,2.6593835,0.1789669,0,0,0,0.0804596,none,47,0.04255319,102,0.10784314,62,0.14516129,47,0.021276595,113,0.097345136,10,0.0,180,0.6915801,1,0,0.07437104,0.3523873,0.17987812,19.81,214.72742
829,179.42984,261.20413,214.72742,81.99962,183.40424,,257.91537,4.09965,6.759033,1.286531,,6.005712,1.6465107,218.44238,56.30597,,,,,,23.18,100.0,,,1.0,1.0,1,"Two Scrapes SEIS Tether Burial, HP3 RAD Calibrations, Aeolian Change and Tau (ICC and IDC) Images",1,,0.0,,0.0,,0.0,2,160,7,0,6,0.580126,0.9251243,Extended_1,0.34,0.2428441,0.829,16,5,0,0,1,1,1,0,1,0,4,IDA,0,1,0,0,0,0,MAINTENANCE,0.76818186,0,Spring_North,0.0,0.1578537,0.39362106,0.9192728,3.37,0.8099283,-0.2766432,0.76515156,0.8376624,0.52303034,89,999,0,12,181,2.6593835,0.16337368,0,0,0,0.079023875,none,48,0.0625,103,0.116504855,63,0.15873016,47,0.021276595,114,0.10526316,10,0.0,181,0.68995655,1,0,0.06789116,0.34954035,0.1578537,23.18,214.72742
836,179.42984,261.20413,214.72742,81.99962,183.40424,,257.91537,4.09965,6.759033,1.286531,,6.005712,1.6465107,218.44238,56.30597,,,,,,26.52,100.0,,,1.0,1.0,1,"Acquire and Dump for SEIS Tether Burial - Not Completed, HP3 RAD SINGLE Calibrations, Aeolian Change and Tau Images",1,,0.0,,0.0,,0.0,2,167,7,0,6,0.5850245,0.92628026,Extended_1,0.36,0.24363871,0.836,19,5,0,0,0,1,1,0,1,0,3,HP3,0,1,0,0,0,0,MAINTENANCE,0.7340909,0,Spring_North,0.0,0.1371927,0.44651017,0.89477855,3.34,0.62736773,-0.2766432,0.7015152,0.8363637,0.5163637,96,999,0,13,182,2.6593835,0.12654871,0,0,0,0.07563325,none,48,0.0625,104,0.125,64,0.171875,47,0.021276595,115,0.11304348,10,0.0,182,0.68833834,1,0,0.05258827,0.3484258,0.1371927,26.52,214.72742
843,179.42984,261.20413,214.72742,81.99962,183.40424,,257.91537,4.09965,6.759033,1.286531,,6.005712,1.6465107,218.44238,56.30597,,,,,,29.83,100.0,,,1.0,1.0,1,"Unsafe IDS, Dump for SEIS Tether Burial (complete for last week) - Unsuccessful, HP3 RAD SINGLE Calibrations, Aeolian Change, and Tau Images",1,,0.0,,0.0,,0.0,2,174,7,0,6,0.589923,0.9274266,Extended_1,0.38,0.24442227,0.843,22,6,0,0,0,1,1,0,1,0,3,HP3,0,1,0,0,0,0,MAINTENANCE,0.82500005,0,Spring_North,0.0,0.11793306,0.49742827,0.86750513,3.31,0.0,0.0,0.7757576,0.8113637,0.5680303,103,999,0,14,183,2.6593835,0.0,0,0,0,0.06398141,none,48,0.0625,105,0.13333334,65,0.18461539,47,0.021276595,116,0.12068965,10,0.0,183,0.6867256,1,0,0.0,0.3380795,0.11793306,29.83,214.72742
850,177.40372,255.30688,212.09535,77.81346,181.34778,,253.19191,4.1213393,8.338999,2.054826,,7.604167,2.0150146,197.97838,50.09618,,,,,,33.12,100.0,,,1.0,1.0,1,"Unsafe IDA and Dump for SEIS Tether Burial (complete from two weeks ago), HP3 RAD SINGLE Calibrations, Aeolian Change, and Tau Images",1,,0.0,,0.0,,0.0,2,181,7,0,6,0.5948216,0.9285634,Extended_1,0.4,0.24519494,0.85,22,6,0,0,1,1,1,0,1,0,4,IDA,0,1,0,0,0,0,MAINTENANCE,0.90000004,0,Spring_North,0.0,0.1000529,0.54639435,0.83752805,3.29,0.9948318,-0.43867958,0.819697,0.82207793,0.62469697,110,999,0,15,184,4.2176595,0.008197881,0,0,0,0.20222636,none,49,0.08163265,106,0.14150943,66,0.1969697,47,0.021276595,117,0.12820514,10,0.0,184,0.68511814,1,0,0.023096707,0.39661866,0.1000529,33.12,212.09535
856,177.40372,255.30688,212.09535,77.81346,181.34778,,253.19191,4.1213393,8.338999,2.054826,,7.604167,2.0150146,197.97838,50.09618,,,,,,35.92,100.0,,,1.0,1.0,1,"Acquire and Dump for SEIS Tether Burial, TWINS Data Collection Over Diurnal Cycle, Power Cycle SEIS, Aeolian Change, and Tau Images",1,,0.0,,0.0,,0.0,2,187,6,0,5,0.5990203,0.92953044,Extended_1,0.41714287,0.24584867,0.856,21,7,0,0,0,0,1,1,1,0,3,SEIS,0,0,0,0,0,0,NONE,0.86136365,0,Spring_North,0.0,0.08587201,0.5866551,0.8098369,2.8,1.2843223,-0.43867958,0.8621212,0.80227274,0.6787879,116,999,0,16,185,4.2176595,0.010583418,0,0,0,0.20244601,none,49,0.08163265,106,0.14150943,67,0.20895523,48,0.041666668,118,0.13559322,10,0.0,185,0.6836017,0,6,0.029817719,0.392286,0.08587201,35.92,212.09535
863,177.40372,255.30688,212.09535,77.81346,181.34778,,253.19191,4.1213393,8.338999,2.054826,,7.604167,2.0150146,197.97838,50.09618,,,,,,39.17,100.0,,,1.0,1.0,1,"Acquire and Dump for SEIS Tether Burial - Dump 4 (TWINS On during dump), SP's ON Overnight, HP3 RAD Single Calibrations, Engineering Block Library Update, Aeolian Change, and Tau Images",1,,0.0,,0.0,,0.0,2,194,7,0,6,0.60391885,0.93065006,Extended_1,0.43714285,0.2466015,0.863,30,8,0,0,0,1,1,1,1,0,4,HP3,0,1,0,0,0,1,MAINTENANCE,1.0,0,Spring_North,0.0,0.07065416,0.63162345,0.7752753,3.25,1.4069046,-0.43867958,0.92045456,0.812987,0.7421212,123,999,0,17,186,4.2176595,0.011593554,0,0,0,0.20253901,none,49,0.08163265,107,0.1495327,68,0.22058824,49,0.06122449,119,0.14285715,10,0.0,186,0.68200403,1,0,0.032663677,0.39556095,0.07065416,39.17,212.09535
870,177.40372,255.30688,212.09535,77.81346,181.34778,,253.19191,4.1213393,8.338999,2.054826,,7.604167,2.0150146,197.97838,50.09618,,,,,,42.4,100.0,,,1.0,1.0,1,"Acquire and Dump for SEIS Tether Burial - Dump 5 (TWINS On during dump), Update SEIS thermal protection threshold, Installation of new WUTT, Observing (possible) Tianwen-1 Landing, and Tau Images",1,,0.0,,0.0,,0.0,2,201,7,0,6,0.60881734,0.9317607,Extended_1,0.45714286,0.24734388,0.87,30,7,0,0,0,0,1,1,1,1,4,SEIS,0,0,1,0,1,1,DEPLOYMENT,0.95,0,Spring_North,0.0,0.05689821,0.6743024,0.73845536,3.23,1.4069046,-0.43867958,0.9371212,0.8626624,0.8021212,130,999,0,17,187,4.2176595,0.011593554,0,0,0,0.20253901,none,49,0.08163265,107,0.14018692,69,0.23188406,50,0.08,120,0.14166667,11,0.09090909,187,0.68041164,0,7,0.032663677,0.40853715,0.05689821,42.4,212.09535
877,177.40372,255.30688,212.09535,77.81346,181.34778,,253.19191,4.1213393,8.338999,2.054826,,7.604167,2.0150146,197.97838,50.09618,,,,,,45.61,100.0,,,1.0,1.0,1,"Acquire and Dump for SEIS Tether Burial - Dump 6 (TWINS On during dump), Observation of Tianwen-1 Landing, and Tau Images",1,,0.0,,0.0,,0.0,2,208,7,0,6,0.6137159,0.93286246,Extended_1,0.47714287,0.24807593,0.877,21,5,0,0,0,0,1,1,1,0,3,SEIS,1,0,0,0,0,0,SCIENCE,0.7613636,0,Spring_North,0.0,0.044622127,0.7145948,0.69953865,3.21,1.2843223,-0.43867958,0.90378785,0.8616883,0.8495455,137,999,0,18,188,4.2176595,0.010583418,0,0,0,0.20244601,none,49,0.08163265,107,0.14018692,70,0.24285714,51,0.09803922,121,0.14876033,11,0.09090909,188,0.67882437,0,14,0.029817719,0.40881196,0.044622127,45.61,212.09535
884,177.40372,255.30688,212.09535,77.81346,181.34778,,253.19191,4.1213393,8.338999,2.054826,,7.604167,2.0150146,197.97838,50.09618,,,,,,48.8,100.0,,,1.0,1.0,1,"Acquire and Dump SA Cleaning Experiment (TWINS On during dump), Installation of new WUTT, Update battery planning limit, IDC Science and Tau Images",1,,0.0,,0.0,,0.0,2,215,7,0,6,0.61861444,0.93395543,Extended_1,0.49714285,0.2487978,0.884,23,6,0,0,1,0,0,1,1,0,3,IDA,0,0,1,0,0,1,DEPLOYMENT,0.82500005,0,Spring_North,0.0,0.0338381,0.7524149,0.65868944,3.19,0.9948318,-0.43867958,0.8454546,0.87467533,0.8480303,144,999,0,19,189,4.2176595,0.008197881,0,0,0,0.20222636,none,50,0.1,107,0.14018692,70,0.24285714,52,0.115384616,122,0.1557377,11,0.09090909,189,0.67724216,0,21,0.023096707,0.41252464,0.0338381,48.8,212.09535
891,177.40372,255.30688,212.09535,77.81346,181.34778,,253.19191,4.1213393,8.338999,2.054826,,7.604167,2.0150146,197.97838,50.09618,,,,,,51.98,100.0,,,1.0,1.0,1,"2 IDA Scrapes (Sol 891), 1 RAD Single, IDC Science and Tau Images",1,,0.0,,0.0,,0.0,2,222,7,0,6,0.6235129,0.9350398,Extended_1,0.51714283,0.24950963,0.891,13,4,0,0,1,1,0,0,1,0,3,IDA,0,0,0,0,0,0,NONE,0.60227275,0,Spring_North,0.0,0.024525704,0.7877958,0.6159365,3.18,0.0,0.0,0.7295455,0.8428572,0.8386364,151,999,0,20,190,4.2176595,0.0,0,0,0,0.10147155,none,51,0.11764706,108,0.14814815,70,0.24285714,52,0.115384616,123,0.16260162,11,0.09090909,190,0.6756651,0,28,0.0,0.36482012,0.024525704,51.98,212.09535
897,177.40372,255.30688,212.09535,77.81346,181.34778,,253.19191,4.1213393,8.338999,2.054826,,7.604167,2.0150146,197.97838,50.09618,,,,,,54.7,100.0,,,1.0,1.0,1,"SA Cleaning Activity Dump 2 (Sol 897), HP3 RAD Singles, Update LME curves, Install new WUTT, IDC Science and Tau Images",1,,0.0,,0.0,,0.0,2,228,6,0,5,0.6277117,0.93596256,Extended_1,0.5342857,0.2501119,0.897,21,6,0,0,1,1,0,0,1,0,3,IDA,0,0,1,0,0,1,DEPLOYMENT,0.8113637,0,Spring_North,0.0,0.017721292,0.8161376,0.5778576,2.72,0.0,0.0,0.7462122,0.83019483,0.82606065,157,999,0,21,191,4.2176595,0.0,0,0,0,0.10147155,none,52,0.13461539,109,0.1559633,70,0.24285714,52,0.115384616,124,0.16935484,11,0.09090909,191,0.6741744,0,34,0.0,0.3621763,0.017721292,54.7,212.09535
904,177.40372,255.30688,212.09535,77.81346,181.34778,,253.19191,4.1213393,8.338999,2.054826,,7.604167,2.0150146,197.97838,50.09618,,,,,,57.86,100.0,,,1.0,1.0,1,"IDS Press and pull scrape of additional regolith, IDC Science and Tau Images",1,,0.0,,0.0,,0.0,2,235,7,0,6,0.6326102,0.93703127,Extended_1,0.5542857,0.25080547,0.904,13,4,0,0,1,0,0,0,1,0,2,IDA,0,0,0,0,0,0,NONE,0.5272727,0,Spring_North,0.0,0.011181671,0.84675074,0.5319899,3.16,0.0,0.0,0.64696974,0.78246754,0.8062121,164,999,0,22,192,4.2176595,0.0,0,0,0,0.10147155,none,53,0.1509434,109,0.1559633,70,0.24285714,52,0.115384616,125,0.176,11,0.09090909,192,0.67260665,0,41,0.0,0.35079318,0.011181671,57.86,212.09535
911,176.19646,252.76813,209.1541,76.49963,179.49121,,250.75905,4.341922,9.271908,2.2945058,,8.40795,2.168299,189.9678,42.78482,,,,,,61.01,99.0,,,1.0,1.0,1,"Acquire & Dump for Solar Array Cleaning Activity #3 (19 June 2021), Shake of the West Solar Array (23 June 2021), IDC Science and Tau Images",1,,0.0,,0.0,,0.0,2,242,7,0,6,0.63750875,0.9380918,Extended_1,0.5742857,0.2514894,0.911,26,4,0,0,1,0,0,0,1,0,2,IDA,0,0,0,0,0,0,NONE,0.65,0,Spring_North,0.0,0.0061421855,0.8747043,0.48465696,3.15,1.1116852,-0.49020705,0.6628788,0.73246753,0.7828788,171,999,0,23,193,4.929986,0.08337234,0,0,0,0.22628565,none,54,0.16666667,109,0.1559633,70,0.24285714,52,0.115384616,126,0.18253969,11,0.09090909,193,0.6710438,0,48,0.04905698,0.3887658,0.0061421855,61.01,209.1541
918,176.19646,252.76813,209.1541,76.49963,179.49121,,250.75905,4.341922,9.271908,2.2945058,,8.40795,2.168299,189.9678,42.78482,,,,,,64.16,99.0,,,1.0,1.0,1,"Post Shake Imaging of the Solar Panel and Deck (Sol0918), IDC Science and Tau Images",1,,0.0,,0.0,,0.0,2,249,7,0,6,0.6424073,0.9391442,Extended_1,0.5942857,0.2521638,0.918,15,4,0,0,1,0,0,0,1,0,2,IDA,1,0,0,0,0,0,SCIENCE,0.5545455,0,Spring_North,0.0,0.002595042,0.9000147,0.43585953,3.15,1.4351794,-0.49020705,0.5772727,0.6759741,0.7581818,178,999,0,23,194,4.929986,0.107633226,0,0,0,0.22851945,none,55,0.18181819,109,0.14678898,70,0.22857143,52,0.115384616,127,0.18110237,11,0.09090909,194,0.66948587,0,55,0.06333229,0.37608123,0.002595042,64.16,209.1541
925,176.19646,252.76813,209.1541,76.49963,179.49121,,250.75905,4.341922,9.271908,2.2945058,,8.40795,2.168299,189.9678,42.78482,,,,,,67.3,99.0,,,1.0,1.0,1,"IDS Temperature Monitoring Activity, SEIS VBBs on continuously, IDC Science and Tau Images",1,,0.0,,0.0,,0.0,2,256,7,0,6,0.6473058,0.9401886,Extended_1,0.6142857,0.25282884,0.925,13,4,0,0,1,0,1,1,1,0,4,IDA,1,0,0,0,1,0,SCIENCE,0.67727274,0,Spring_North,0.0,0.0005550625,0.9225381,0.38590604,3.14,1.5721601,-0.49020705,0.6272727,0.66396105,0.76318187,185,999,0,24,195,4.929986,0.11790629,0,0,0,0.22946534,none,56,0.19642857,109,0.14678898,71,0.23943663,53,0.13207547,128,0.1875,11,0.09090909,195,0.6679328,0,62,0.06937705,0.37399992,0.0005550625,67.3,209.1541
938,176.19646,252.76813,209.1541,76.49963,179.49121,,250.75905,4.341922,9.271908,2.2945058,,8.40795,2.168299,189.9678,42.78482,,,,,,73.13,99.0,,,1.0,1.0,1,"SA Cleaning Activity #4 (18 July 2021), SEIS VBBs on continuously, New WUTT Installation, IDC Science and Tau Images",1,,0.0,,0.0,,0.0,2,269,13,0,12,0.65640306,0.94210744,Extended_1,0.6514286,0.2540395,0.938,19,5,0,0,1,0,1,0,1,0,3,IDA,0,0,1,0,0,1,DEPLOYMENT,0.7340909,0,Spring_North,0.0,0.00074589107,0.9569657,0.29020116,5.83,1.5721601,-0.49020705,0.65530306,0.65097404,0.7609091,198,999,0,24,196,4.929986,0.11790629,0,0,0,0.22946534,none,57,0.19298245,109,0.13761468,72,0.25,53,0.13207547,129,0.18604651,11,0.09090909,196,0.6659184,0,75,0.06937705,0.3714582,0.00074589107,73.13,209.1541
952,176.19646,252.76813,209.1541,76.49963,179.49121,,250.75905,4.341922,9.271908,2.2945058,,8.40795,2.168299,189.9678,42.78482,,,,,,79.41,99.0,,,1.0,1.0,1,"Scraping of Regolith for Future Activities, SEIS VBBs on continuously, IDC Science and Tau Images",1,,0.0,,0.0,,0.0,2,283,14,0,13,0.66620016,0.9441444,Extended_1,0.69142854,0.25530854,0.952,15,4,0,0,1,0,1,0,1,0,3,IDA,0,0,0,0,0,0,NONE,0.6295455,0,Spring_North,0.0,0.0067281798,0.98296744,0.18377979,6.28,1.4351794,-0.49020705,0.68030304,0.65487015,0.7539394,212,999,0,24,197,4.929986,0.107633226,0,0,0,0.22851945,none,58,0.20689656,109,0.12844037,73,0.24657534,53,0.13207547,130,0.18461539,11,0.09090909,197,0.6638442,0,89,0.06333229,0.37277985,0.0067281798,79.41,209.1541
965,176.19646,252.76813,209.1541,76.49963,179.49121,,250.75905,4.341922,9.271908,2.2945058,,8.40795,2.168299,189.9678,42.78482,,,,,,85.26,99.0,,,1.0,1.0,1,"Scraping of Regolith for Future Activities, Park IDA in safe position for Solar Conjunction, SEIS VBBs on continuously, IDC Science and Tau Images",1,,0.0,,0.0,,0.0,2,296,13,0,12,0.67529744,0.9460093,Extended_1,0.7285714,0.25645554,0.965,23,5,0,0,1,0,1,0,1,0,3,IDA,0,0,1,0,0,0,DEPLOYMENT,0.77500004,0,Spring_North,0.0,0.0176293,0.99657995,0.08263427,5.85,1.1116852,-0.49020705,0.7128788,0.64967537,0.75060606,225,999,0,25,198,4.929986,0.08337234,0,0,0,0.22628565,none,59,0.22033899,109,0.12844037,74,0.25675675,53,0.13207547,131,0.1908397,11,0.09090909,198,0.6618635,0,102,0.04905698,0.37128088,0.0176293,85.26,209.1541
979,176.10469,255.30931,210.92671,79.16891,179.78113,,253.24648,4.6258616,10.48279,2.7054975,,9.418391,2.2305748,185.94481,38.890186,,,,,,91.6,100.0,,,1.0,1.0,1,"No IDS activity, HP3 Unsafing and recovery, RAD Singles, SEIS VBBs on continuously, Update LME curves, New WUTT Installation, IDC Science and Tau Images",1,,0.0,,0.0,,0.0,2,310,14,0,13,0.6850945,0.9479897,Extended_1,0.76857144,0.2576579,0.979,24,9,0,0,1,1,1,0,1,0,4,IDA,0,0,1,1,0,1,DEPLOYMENT,1.0,0,Summer_North,0.0,0.03511176,0.9996101,-0.02792164,6.34,0.66998595,0.29543602,0.80151516,0.7172078,0.7572727,239,999,0,26,199,5.856928,0.107319094,0,0,0,0.15079159,none,60,0.23333333,110,0.13636364,75,0.26666668,53,0.13207547,132,0.1969697,11,0.09090909,199,0.659825,0,116,0.047443885,0.35867983,0.03511176,91.6,210.92671
993,176.10469,255.30931,210.92671,79.16891,179.78113,,253.24648,4.6258616,10.48279,2.7054975,,9.418391,2.2305748,185.94481,38.890186,,,,,,97.99,100.0,,,1.0,1.0,1,"No IDS activity, RAD Singles, SEIS VBBs on continuously, Configure SEIS VBBs to 20 sps prep for SC, Update LME curves, New WUTT Installation,  IDC Science and Tau Images",1,,0.0,,0.0,,0.0,2,324,14,0,13,0.6948915,0.94994205,Extended_1,0.80857146,0.258827,0.993,29,8,0,0,1,1,1,0,1,0,4,IDA,0,0,1,0,0,1,DEPLOYMENT,1.0,0,Summer_North,0.0,0.05848524,0.9902924,-0.13900027,6.39,0.8649481,0.29543602,0.925,0.7672078,0.7665152,253,999,0,27,200,5.856928,0.13854836,0,0,0,0.15366699,none,61,0.24590164,111,0.14414415,76,0.27631578,53,0.13207547,133,0.20300752,11,0.09090909,200,0.65780455,0,130,0.061249793,0.37303716,0.05848524,97.99,210.92671
1010,176.10469,255.30931,210.92671,79.16891,179.78113,,253.24648,4.6258616,10.48279,2.7054975,,9.418391,2.2305748,185.94481,38.890186,,,,,,105.83,100.0,,,1.0,1.0,1,"No IDS activity, SEIS VBBs on continuously (20 sps), Update LME curves, New WUTT Installation,  IDC Science and Tau Images",1,,0.0,,0.0,,0.0,2,341,17,0,16,0.70678794,0.9522761,Extended_1,0.85714287,0.26020336,1.0,20,6,0,0,1,0,1,0,1,0,3,IDA,0,0,1,0,0,1,DEPLOYMENT,0.79772735,0,Summer_North,0.0,0.094621286,0.9620753,-0.27278402,7.84,0.9475032,0.29543602,0.93257576,0.8019481,0.7530303,270,999,0,28,201,5.856928,0.15177213,0,0,0,0.15488455,none,62,0.2580645,111,0.14414415,77,0.2857143,53,0.13207547,134,0.20895523,11,0.09090909,201,0.65558916,0,147,0.06709579,0.38298464,0.094621286,105.83,210.92671
1033,176.10469,255.30931,210.92671,79.16891,179.78113,,253.24648,4.6258616,10.48279,2.7054975,,9.418391,2.2305748,185.94481,38.890186,,,,,,116.65,100.0,,,1.0,1.0,1,"SEIS VBBs on continuously (20 sps through 27 Oct., 100 sps starting 28 Oct.), Update LME curves, New WUTT Installation, BST Dump, IDC Science and Tau Images",1,,0.0,,0.0,,0.0,2,364,23,0,22,0.7228831,0.9553723,Extended_1,0.92285717,0.26199254,1.0,27,7,0,0,1,0,1,0,1,0,3,IDA,0,0,1,0,0,1,DEPLOYMENT,0.875,0,Summer_North,0.0,0.1567734,0.8937631,-0.44853923,10.82,0.9475032,0.29543602,0.89090914,0.83019483,0.7480303,293,999,0,29,202,5.856928,0.15177213,0,0,0,0.15488455,none,63,0.26984128,111,0.14414415,78,0.2948718,53,0.13207547,135,0.21481481,11,0.09090909,202,0.6529854,0,170,0.06709579,0.39095765,0.1567734,116.65,210.92671
1047,178.94522,263.74744,214.71347,84.25001,181.75348,,261.06702,5.1628985,11.4129715,2.8526788,,10.214007,2.1751325,195.96632,57.436695,,,,,,123.38,100.0,,,1.0,1.0,1,"Update LME Curves, Stereo Panorama Fill, RAD Single (Two Sols), IFG on two nights (10 hr, 15 hr), TWINS on two nights (12 hr, 9+ hr) and one day (7 hr), New WUTT Installation, IDC Science and Tau Images",1,,0.0,,0.0,,0.0,2,378,14,0,13,0.7326802,0.95722336,Extended_1,0.9628571,0.26304197,1.0,39,11,0,0,1,1,0,1,1,0,4,IDA,0,0,1,0,0,1,DEPLOYMENT,1.0,0,Summer_North,0.0,0.20174746,0.83504,-0.5501893,6.73,1.8536223,0.92656136,0.89090914,0.8681818,0.76393944,307,999,0,30,203,6.2500725,0.27371407,0,0,0,0.17520195,none,64,0.28125,112,0.15178572,78,0.2948718,54,0.14814815,136,0.22058824,11,0.09090909,203,0.6510315,0,184,0.12399307,0.40926522,0.20174746,123.38,214.71347
1061,178.94522,263.74744,214.71347,84.25001,181.75348,,261.06702,5.1628985,11.4129715,2.8526788,,10.214007,2.1751325,195.96632,57.436695,,,,,,130.23,100.0,,,1.0,1.0,1,"Update LME Curves, SA Cleaning Activity #5 (20 November 2021), RAD Singles, HP3 TEMP and TEMA, IFG, New WUTT Installation, IDC Science and Tau Images",1,,0.0,,0.0,,0.0,2,392,14,0,13,0.74247724,0.9590498,Extended_2+,0.0,0.26406246,1.0,25,9,0,0,1,1,0,0,1,0,3,IDA,0,0,1,0,0,1,DEPLOYMENT,0.9250001,0,Summer_North,0.0,0.25174025,0.76345795,-0.6458575,6.85,2.1218688,0.92656136,0.93333334,0.91038966,0.7706061,321,999,0,30,204,6.2500725,0.30774766,0,0,0,0.17833556,none,65,0.2923077,113,0.15044248,78,0.2820513,54,0.14814815,137,0.2189781,11,0.09090909,204,0.64909416,0,198,0.1401897,0.4217487,0.25174025,130.23,214.71347
1074,178.94522,263.74744,214.71347,84.25001,181.75348,,261.06702,5.1628985,11.4129715,2.8526788,,10.214007,2.1751325,195.96632,57.436695,,,,,,136.72,100.0,,,1.0,1.0,1,"Update LME Curves, Indentation (SAR #150), New WUTT Installation, IDC Science and Tau Images",1,,0.0,,0.0,,0.0,2,405,13,0,12,0.7515745,0.9607245,Extended_2+,0.035326086,0.2649848,1.0,14,5,0,0,1,0,0,0,1,0,2,IDA,0,0,1,0,0,1,DEPLOYMENT,0.5909091,0,Summer_North,0.0,0.30238757,0.6855643,-0.7280121,6.49,2.024104,0.63112533,0.8386364,0.88409096,0.7698485,334,999,0,30,205,6.2500725,0.28705835,0,0,0,0.17643061,none,66,0.3030303,113,0.14159292,78,0.26923078,54,0.14814815,138,0.2173913,11,0.09090909,205,0.6472384,0,211,0.13169122,0.41506153,0.30238757,136.72,214.71347
1088,178.94522,263.74744,214.71347,84.25001,181.75348,,261.06702,5.1628985,11.4129715,2.8526788,,10.214007,2.1751325,195.96632,57.436695,,,,,,143.86,100.0,,,1.0,1.0,1,"Update LME Curves, New WUTT Installation, IDC Science and Tau Images",1,,0.0,,0.0,,0.0,2,419,14,0,13,0.7613716,0.96250534,Extended_2+,0.07336956,0.26595163,1.0,11,4,0,0,1,0,0,0,1,0,2,IDA,0,0,1,0,0,1,DEPLOYMENT,0.5,0,Summer_North,0.0,0.36100733,0.5897603,-0.8075783,7.14,2.024104,0.63112533,0.6719697,0.81266236,0.7490909,348,999,0,30,206,6.2500725,0.28705835,0,0,0,0.17643061,none,67,0.29850745,113,0.13274336,78,0.25641027,54,0.14814815,139,0.21582733,11,0.09090909,206,0.64533216,0,225,0.13169122,0.39787158,0.36100733,143.86,214.71347
1108,181.63692,270.90042,218.66289,89.466095,184.02724,,267.30194,5.4470897,10.959052,2.430228,,9.799244,2.0071397,213.15259,68.29998,,,,,,154.35,100.0,,,1.0,1.0,1,Lander in SAFE MODE,1,,0.0,,0.0,,0.0,2,439,20,0,19,0.7753674,0.9650102,Extended_2+,0.12771739,0.2672867,1.0,4,1,0,0,0,0,0,0,0,0,0,NONE,0,0,0,1,0,0,RECOVERY,0.10454546,0,Summer_North,0.0,0.4507743,0.4328726,-0.9014551,10.49,2.6583397,1.2893621,0.39848486,0.6847403,0.7209091,368,999,0,30,207,5.511962,0.30780172,0,0,0,0.16095136,none,67,0.29850745,113,0.123893805,78,0.24358974,54,0.14814815,139,0.2086331,11,0.09090909,207,0.64306474,0,245,0.15127687,0.36049297,0.4507743,154.35,218.66289
1115,181.63692,270.90042,218.66289,89.466095,184.02724,,267.30194,5.4470897,10.959052,2.430228,,9.799244,2.0071397,213.15259,68.29998,,,,,,158.1,100.0,,,1.0,1.0,1,"Background Sequence started executing on Sol1118 (18 Jan), Unsafe the lander",1,,0.0,,0.0,,0.0,2,446,7,0,6,0.7802659,0.9658763,Extended_2+,0.14673913,0.26774147,1.0,11,2,0,0,0,0,0,0,0,0,0,NONE,0,0,0,0,0,0,NONE,0.25,0,Summer_North,0.0,0.4834224,0.37298778,-0.92783624,3.75,2.6807873,1.2893621,0.28484848,0.60649353,0.6942425,375,999,0,30,208,5.511962,0.2737997,0,0,0,0.15782066,none,67,0.29850745,113,0.11504425,78,0.23076923,54,0.12962963,139,0.20143884,11,0.09090909,208,0.6416286,0,252,0.1410887,0.34018162,0.4834224,158.1,218.66289
1129,181.63692,270.90042,218.66289,89.466095,184.02724,,267.30194,5.4470897,10.959052,2.430228,,9.799244,2.0071397,213.15259,68.29998,,,,,,165.76,100.0,,,1.0,1.0,1,"Eng UnSafe Sci All, Eng File Dir Dump, Payload block library updates, BST Dump, Unsafe SEIS, VBBs ON, IDA UnSafe w/ Pot Sync, Update LME Curves, New WUTT Installation, IDC Science and Tau Images",1,,0.0,,0.0,,0.0,2,460,14,0,13,0.79006296,0.9675922,Extended_2+,0.18478261,0.26863217,1.0,34,11,0,0,1,0,1,0,1,0,3,IDA,0,0,1,0,0,1,DEPLOYMENT,0.9250001,0,Summer_North,0.0,0.55018085,0.24598412,-0.96927387,7.66,2.111054,0.65823674,0.42651516,0.6136364,0.7189394,389,999,0,30,209,5.511962,0.15190658,0,0,0,0.14659747,none,68,0.30882353,113,0.10619469,79,0.2278481,54,0.12962963,140,0.2,11,0.09090909,209,0.63976765,0,266,0.09114813,0.3381294,0.55018085,165.76,218.66289
1136,181.63692,270.90042,218.66289,89.466095,184.02724,,267.30194,5.4470897,10.959052,2.430228,,9.799244,2.0071397,213.15259,68.29998,,,,,,169.66,100.0,,,1.0,1.0,1,"Update LME Curve, IDA Solar Panel and deck imaging, IDA Return to observation pose, Recover APSS and turn on PS/TWINS for ~2.5 Hrs, Recover HP3 and briefly Power On/Off, Excite Solar Arrays (SAR#465), HP3 RAD single, IDC Science and Tau Images",1,,0.0,,0.0,,0.0,2,467,7,0,6,0.7949615,0.96844214,Extended_2+,0.20380434,0.26906827,1.0,41,12,0,0,1,1,0,1,1,0,4,IDA,1,0,0,0,0,1,SCIENCE,1.0,0,Summer_North,0.0,0.5839006,0.17948905,-0.98376,3.9,2.111054,0.65823674,0.725,0.6136364,0.74045455,396,999,0,30,210,5.511962,0.15190658,0,0,0,0.14659747,none,69,0.3188406,114,0.10526316,79,0.21518987,55,0.14545454,141,0.19858156,11,0.09090909,210,0.6383428,0,273,0.09114813,0.3386281,0.5839006,169.66,218.66289
1143,181.63692,270.90042,218.66289,89.466095,184.02724,,267.30194,5.4470897,10.959052,2.430228,,9.799244,2.0071397,213.15259,68.29998,,,,,,173.61,100.0,,,1.0,1.0,1,"Update LME Curves, New WUTT Installation, HP3 RAD single, Solar Array Cleaning Experiment #6, VBBs on continuously, IDC Science and Tau Images",1,,0.0,,0.0,,0.0,2,474,7,0,6,0.79986006,0.9692869,Extended_2+,0.2228261,0.2694983,1.0,22,7,0,0,1,1,1,0,1,0,4,IDA,0,0,1,0,0,1,DEPLOYMENT,0.95,0,Summer_North,0.0,0.6176559,0.111295484,-0.99378735,3.95,1.9271199,0.65823674,0.9583334,0.6172078,0.7548485,403,999,0,30,211,5.511962,0.1386711,0,0,0,0.14537883,none,70,0.31428573,115,0.104347825,80,0.2125,55,0.14545454,142,0.1971831,11,0.09090909,211,0.63692164,0,280,0.08320648,0.3395309,0.6176559,173.61,218.66289
1156,182.41183,275.25244,220.73982,92.974144,184.84161,,271.64224,4.6111465,8.030844,1.3432922,,7.057783,1.7236162,248.42941,44.5653,,,,,,181.07,100.0,,,1.0,1.0,1,"Update LME Curves, New WUTT Installation, Elastic Properties (Initial 2x2x1, Final 2x2x1), Aerosol Sky Survey, HP3 RAD single,Phobos Eclipse (SAR#460), HP3 TEMP and TEMA, VBBs on continuously, IDC Science and Tau Images",1,,0.0,,0.0,,0.0,2,487,13,0,12,0.80895734,0.9708422,Extended_2+,0.2581522,0.27028114,1.0,32,12,0,0,1,1,1,0,1,0,4,IDA,1,0,1,0,0,1,SCIENCE,1.0,0,Fall_North,0.017833333,0.67975414,-0.018673938,-0.99982566,7.46,1.7986413,1.0043914,0.98333335,0.67564934,0.7795455,416,999,0,30,212,3.419697,0.31631285,0,0,0,0.1185311,none,71,0.32394367,116,0.10344828,81,0.20987654,55,0.14545454,143,0.1958042,11,0.09090909,212,0.63514924,0,293,0.1415529,0.34402254,0.66763186,181.07,220.73982
1170,182.41183,275.25244,220.73982,92.974144,184.84161,,271.64224,4.6111465,8.030844,1.3432922,,7.057783,1.7236162,248.42941,44.5653,,,,,,189.3,100.0,,,1.0,1.0,1,"Update LME Curves, New WUTT Installation, Elastic Properties with Horizontal Forces (SAR #425), VBBs on continuously, IDC Science and Tau Images",1,,0.0,,0.0,,0.0,2,501,14,0,13,0.8187544,0.97249764,Extended_2+,0.29619566,0.2711017,1.0,21,6,0,0,1,0,1,0,1,0,3,IDA,0,0,1,0,0,1,DEPLOYMENT,0.8113637,0,Fall_North,0.155,0.74469125,-0.16160382,-0.98685575,8.23,1.0134373,0.34615472,0.92045456,0.7201299,0.7819697,430,999,0,30,213,3.419697,0.4078986,0,0,0,0.18183044,none,72,0.33333334,116,0.094827585,82,0.20731707,55,0.14545454,144,0.19444445,11,0.09090909,213,0.6333313,0,307,0.19518991,0.3810987,0.6292641,189.3,220.73982
1183,182.41183,275.25244,220.73982,92.974144,184.84161,,271.64224,4.6111465,8.030844,1.3432922,,7.057783,1.7236162,248.42941,44.5653,,,,,,197.11,100.0,,,1.0,1.0,1,"Acquire Structure for Motion (SAR#114), IDA Double Scrape, Update LME Curves, New WUTT Installation, BST Dump, Eng File Dir Dump, VBBs on continuously, IDC Science and Tau Images",1,,0.0,,0.0,,0.0,2,514,13,0,12,0.82785165,0.97401726,Extended_2+,0.33152175,0.27184337,1.0,28,9,0,0,1,0,1,0,1,0,3,IDA,0,0,1,0,0,1,DEPLOYMENT,0.9250001,0,Fall_North,0.28516668,0.8016736,-0.29420713,-0.9557417,7.81,1.1101649,0.34615472,0.91212124,0.8373377,0.77696973,443,999,0,30,214,3.419697,0.44683054,0,0,0,0.23748173,none,73,0.32876712,116,0.0862069,83,0.20481928,55,0.14545454,145,0.19310345,11,0.09090909,214,0.63158447,0,320,0.24843165,0.43327254,0.573063,197.11,220.73982
1197,182.41183,275.25244,220.73982,92.974144,184.84161,,271.64224,4.6111465,8.030844,1.3432922,,7.057783,1.7236162,248.42941,44.5653,,,,,,205.7,100.0,,,1.0,1.0,1,"Sunrise imaging, Sunset imaging, IDS - No Load actuator characterization, Update LME Curves, New WUTT Installation, VBBs on continuously, RAD Singles, IDC Science and Tau Images",1,,0.0,,0.0,,0.0,2,528,14,0,13,0.8376487,0.9756352,Extended_2+,0.36956522,0.27262083,1.0,26,9,0,0,1,1,1,0,1,0,4,IDA,1,1,1,0,0,1,SCIENCE,1.0,0,Fall_North,0.42833334,0.8578464,-0.43365908,-0.90107703,8.59,1.1101649,0.34615472,0.91212124,0.94448054,0.77696973,457,999,0,30,215,3.419697,0.44683054,0,0,0,0.2947484,none,74,0.33783785,117,0.094017096,84,0.20238096,55,0.12727273,146,0.19178082,11,0.09090909,215,0.6297937,1,0,0.29138166,0.48359168,0.49040216,205.7,220.73982
1211,184.43336,273.46063,220.57196,89.0384,186.74498,,270.27512,5.130046,9.211322,1.5043199,,8.066947,1.7181238,265.30997,40.220486,,,,,,214.45,100.0,,,1.0,1.0,1,"Imaging Under Spacecraft, Lander Horizontal Mosaic, Turn on PAE 28V PS and IFG, Update LME Curves, New WUTT Installation, VBBs on continuously, RAD Singles, IDC Science and Tau",1,,0.0,,0.0,,0.0,2,542,14,0,13,0.8474458,0.9772343,Extended_2+,0.4076087,0.27337682,1.0,28,10,0,0,1,1,1,0,1,0,4,IDA,1,0,1,0,0,1,SCIENCE,1.0,0,Fall_North,0.57416666,0.9068042,-0.5656868,-0.8246201,8.75,0.99893767,0.31817713,0.975,0.95519483,0.79045457,471,999,0,30,216,4.0812755,0.40439466,0,0,0,0.36509123,minor,75,0.34666666,118,0.09322034,85,0.2,55,0.10909091,147,0.1904762,11,0.09090909,216,0.62801665,0,14,0.31954306,0.5150294,0.38614747,214.45,220.57196
1224,184.43336,273.46063,220.57196,89.0384,186.74498,,270.27512,5.130046,9.211322,1.5043199,,8.066947,1.7181238,265.30997,40.220486,,,,,,222.71,100.0,,,1.0,1.0,1,"Update LME Curves, New WUTT Installation, Eng. Block Lib Update, Cal Target",1,,0.0,,0.0,,0.0,2,555,13,0,12,0.85654306,0.9787028,Extended_2+,0.44293478,0.2740601,1.0,12,4,0,0,0,0,0,0,0,0,0,NONE,0,0,1,0,0,1,DEPLOYMENT,0.36363637,0,Fall_North,0.71183336,0.94434863,-0.6782879,-0.7347962,8.26,0.76794404,0.31817713,0.7878788,0.8642857,0.75636363,484,999,0,30,217,4.0812755,0.35018,0,0,0,0.41516614,minor,75,0.34666666,118,0.09322034,85,0.1882353,55,0.09090909,147,0.18367347,11,0.0,217,0.62630713,0,27,0.3390933,0.5129304,0.27212977,222.71,220.57196
1231,184.43336,273.46063,220.57196,89.0384,186.74498,,270.27512,5.130046,9.211322,1.5043199,,8.066947,1.7181238,265.30997,40.220486,,,,,,227.19,100.0,,,1.0,1.0,1,"MSL-NSY FTS Mode Demo, Unsafe Payloads sequence, IDA Unsafe and Pot Sync, SEIS Recovery, HP3 Recovery",1,,0.0,,0.0,,0.0,2,562,7,0,6,0.86144155,0.979487,Extended_2+,0.46195653,0.27442074,1.0,16,6,0,0,1,1,1,0,0,0,3,IDA,0,0,0,1,0,0,RECOVERY,0.7431819,0,Fall_North,0.7865,0.96089774,-0.7336113,-0.67956936,4.48,0.08972793,-0.027977597,0.7022728,0.8347403,0.73924243,491,999,0,30,218,4.0812755,0.27736354,0,0,0,0.4383283,minor,76,0.35526314,119,0.10084034,86,0.18604651,55,0.07272727,147,0.17687075,11,0.0,218,0.62492985,0,34,0.32468778,0.515291,0.20515169,227.19,220.57196
1238,184.43336,273.46063,220.57196,89.0384,186.74498,,270.27512,5.130046,9.211322,1.5043199,,8.066947,1.7181238,265.30997,40.220486,,,,,,231.7,100.0,,,1.0,1.0,1,"Disable LME Fault Protection, New WUTT Installation, Eng. Block Lib Update, Cal Target, Solar Array Cleaning Experiment #7, HP3 Area Imaging, VBBs on continuously, IDC Science and Tau Images",1,,0.0,,0.0,,0.0,2,569,7,0,6,0.8663401,0.98026687,Extended_2+,0.48097825,0.27477634,1.0,29,9,0,0,1,1,1,0,1,0,4,IDA,1,0,1,1,0,1,SCIENCE,1.0,0,Fall_North,0.8616667,0.9747127,-0.7847764,-0.61977905,4.51,0.08972793,-0.027977597,0.7022728,0.8347403,0.7442424,498,999,0,30,219,4.0812755,0.27736354,0,0,0,0.468395,minor,77,0.35064936,120,0.108333334,87,0.1954023,55,0.054545455,148,0.17567568,11,0.0,219,0.62355584,0,41,0.3472378,0.52779853,0.13483524,231.7,220.57196
1252,184.18216,264.43604,216.35938,80.30825,187.14207,,260.97815,6.9951944,10.348676,1.7309756,,9.273487,1.5516467,284.42764,24.725697,,,,,,240.79,100.0,,,1.0,1.0,1,"New WUTT Installation, Unsafe SEIS and APSS, SEIS Calibration (sol 1253), ODY_MSL_2022_163_04 Unreliable UHF overflight demo on Ch 0, SEIS VBBs on as long as possible, IDC Science and Tau Images",1,,0.0,,0.0,,0.0,2,583,14,0,13,0.87613714,0.9818134,Extended_2+,0.51902175,0.27547282,1.0,31,8,0,0,1,0,1,1,1,0,4,IDA,0,1,1,0,0,1,MAINTENANCE,1.0,0,Fall_North,0.98683333,0.9935542,-0.8728369,-0.48801202,9.09,1.6152965,-0.7300753,0.91439396,0.8616883,0.7715152,512,999,0,30,220,3.353481,0.8082394,0,0,0,0.6498317,moderate,78,0.34615386,120,0.1,88,0.20454545,56,0.071428575,149,0.17449665,11,0.0,220,0.6218176,1,0,0.58256924,0.60771865,0.0130817965,240.79,216.35938
1265,184.18216,264.43604,216.35938,80.30825,187.14207,,260.97815,6.9951944,10.348676,1.7309756,,9.273487,1.5516467,284.42764,24.725697,,,,,,249.26,100.0,,,1.0,1.0,1,"New WUTT Installation, Increase CLT to 28 days, SEIS VBBs power cycled every sol, IDC Science and Tau Images",1,,0.0,,0.0,,0.0,2,596,13,0,12,0.8852344,0.983234,Extended_2+,0.5543478,0.2761023,1.0,19,5,0,0,1,0,1,0,1,0,3,IDA,0,0,1,0,0,1,DEPLOYMENT,0.7340909,0,Fall_North,0.84566665,0.9999583,-0.93519706,-0.35412782,8.47,2.07282,-0.7300753,0.91136366,0.8344156,0.78712124,525,999,0,30,221,3.353481,0.9792444,0,0,0,0.6091101,moderate,79,0.34177214,120,0.09166667,89,0.21348314,56,0.071428575,150,0.17333333,11,0.0,221,0.62014353,0,13,0.603229,0.5851977,0.15432692,249.26,216.35938
1279,184.18216,264.43604,216.35938,80.30825,187.14207,,260.97815,6.9951944,10.348676,1.7309756,,9.273487,1.5516467,284.42764,24.725697,,,,,,258.39,100.0,,,1.0,1.0,1,"New WUTT Installation, SEIS VBBs power cycled every sol, IDC Science and Tau Images",1,,0.0,,0.0,,0.0,2,610,14,0,13,0.8950315,0.9847477,Extended_2+,0.5923913,0.27676216,1.0,14,4,0,0,1,0,1,0,1,0,3,IDA,0,0,1,0,0,1,DEPLOYMENT,0.6159091,0,Fall_North,0.6935,0.99464893,-0.97954017,-0.20124888,9.13,2.2517219,-0.70209765,0.78333336,0.7795455,0.8212121,539,999,0,30,222,3.353481,0.99696374,0,0,0,0.54987496,moderate,80,0.3375,120,0.09166667,90,0.22222222,56,0.071428575,151,0.17218544,11,0.0,222,0.6184298,0,27,0.5668214,0.5483859,0.3048599,258.39,216.35938
1292,184.18216,264.43604,216.35938,80.30825,187.14207,,260.97815,6.9951944,10.348676,1.7309756,,9.273487,1.5516467,284.42764,24.725697,,,,,,266.85,100.0,,,1.0,1.0,1,"New WUTT Installation, SEIS VBBs power cycled every sol, IDC Science and Tau Images",1,,0.0,,0.0,,0.0,2,623,13,0,12,0.9041288,0.9861386,Extended_2+,0.6277174,0.27735853,1.0,14,4,0,0,1,0,1,0,1,0,3,IDA,0,0,1,0,0,1,DEPLOYMENT,0.6159091,0,Fall_North,0.5525,0.97853345,-0.9984891,-0.05495018,8.46,2.2517219,-0.70209765,0.65530306,0.72467536,0.8456061,552,999,0,30,223,3.353481,0.99696374,0,0,0,0.49347496,minor,81,0.33333334,120,0.09166667,91,0.23076923,56,0.071428575,152,0.17105263,11,0.0,223,0.61677814,0,40,0.5245214,0.5126865,0.43789372,266.85,216.35938
1306,180.14088,264.8105,214.61949,84.447586,183.65314,,260.7156,6.702726,11.669703,1.7113097,,9.267568,1.7339644,285.21445,24.019852,,,,,,275.89,100.0,,,1.0,1.0,1,"New WUTT Installation, SEIS VBBs power cycled every sol, IDC Science and Tau Images",1,,0.0,,0.0,,0.0,2,637,14,0,13,0.9139258,0.98762083,Extended_2+,0.6657609,0.27798373,1.0,14,4,0,0,1,0,1,0,1,0,3,IDA,0,0,1,0,0,1,DEPLOYMENT,0.6159091,0,Winter_North,0.40183333,0.949817,-0.99472076,0.102618925,9.04,2.3142383,-0.99207705,0.6159091,0.7607143,0.825,566,999,0,30,224,4.966976,0.88800234,0,0,0,0.4619944,minor,82,0.3292683,120,0.09166667,92,0.23913044,56,0.071428575,153,0.16993465,11,0.0,224,0.61508805,0,54,0.44647846,0.50969553,0.5681489,275.89,214.61949
1320,180.14088,264.8105,214.61949,84.447586,183.65314,,260.7156,6.702726,11.669703,1.7113097,,9.267568,1.7339644,285.21445,24.019852,,,,,,284.83,100.0,,,1.0,1.0,1,"New WUTT Installation, SEIS VBBs power cycled every other sol, IDC Science and Tau Images",1,,0.0,,0.0,,0.0,2,651,14,0,13,0.92372286,0.9890873,Extended_2+,0.7038044,0.27859163,1.0,15,4,0,0,1,0,1,0,1,0,3,IDA,0,0,1,0,0,1,DEPLOYMENT,0.6295455,0,Winter_North,0.25283334,0.9104251,-0.9666895,0.25595194,8.94,1.9884458,-0.99207705,0.62045455,0.74448055,0.80030304,580,999,0,30,225,4.966976,0.6821894,0,0,0,0.3834444,minor,83,0.3253012,120,0.09166667,93,0.23655914,56,0.05357143,154,0.16883117,11,0.0,225,0.61341,0,68,0.33058318,0.4748044,0.68023926,284.83,214.61949
1333,180.14088,264.8105,214.61949,84.447586,183.65314,,260.7156,6.702726,11.669703,1.7113097,,9.267568,1.7339644,285.21445,24.019852,,,,,,293.01,100.0,,,1.0,1.0,1,"New WUTT Installation, SEIS VBBs power cycled every other sol, APSS PAE+28V+one of the TWINS booms, IDC Science and Tau Images",1,,0.0,,0.0,,0.0,2,664,13,0,12,0.93282014,0.9904352,Extended_2+,0.73913044,0.27914107,1.0,21,5,0,0,1,0,1,1,1,0,4,IDA,0,0,1,0,0,1,DEPLOYMENT,0.8363636,0,Winter_North,0.1165,0.86561733,-0.9204366,0.3908918,8.18,0.9300029,-0.28997937,0.6939394,0.7211039,0.7927273,593,999,0,30,226,4.966976,0.15633093,0,0,0,0.18049316,none,84,0.32142857,120,0.09166667,94,0.23404256,57,0.07017544,155,0.16774194,11,0.0,226,0.61179084,0,81,0.10311274,0.38834643,0.7647729,293.01,214.61949
1347,180.2088,266.69995,215.58427,85.52489,184.38367,,261.703,5.628128,9.597756,1.6655966,,8.539442,1.7215182,275.29895,34.99804,,,,,,301.67,99.5,,,1.0,1.0,1,"New WUTT Installation, SEIS VBBs power cycled every other sol, IDC Science and Tau Images",1,,0.0,,0.0,,0.0,3,9,14,0,13,0.94261724,0.99187213,Extended_2+,0.77717394,0.279717,1.0,15,4,0,0,1,0,1,0,1,0,3,IDA,0,0,1,0,0,1,DEPLOYMENT,0.6295455,0,Winter_North,0.0,0.81009495,-0.85108614,0.5250261,8.66,0.8706764,-0.12918197,0.6984849,0.66818184,0.76803035,607,999,0,30,227,3.9696288,0.48404878,0,0,0,0.14007255,none,85,0.31764707,120,0.09166667,95,0.23157895,57,0.07017544,156,0.16666667,11,0.0,227,0.61013526,0,95,0.16959861,0.35952714,0.81009495,301.67,215.58427
1361,180.2088,266.69995,215.58427,85.52489,184.38367,,261.703,5.628128,9.597756,1.6655966,,8.539442,1.7215182,275.29895,34.99804,,,,,,310.15,99.5,,,1.0,1.0,1,"New WUTT Installation, SEIS VBBs power cycled every other sol, IDC Science and Tau Images",1,,0.0,,0.0,,0.0,3,23,14,0,13,0.9524143,0.99329424,Extended_2+,0.8152174,0.28027707,1.0,15,4,0,0,1,0,1,0,1,0,3,IDA,0,0,1,0,0,1,DEPLOYMENT,0.6295455,0,Winter_North,0.0,0.74886554,-0.764359,0.6447909,8.48,0.78907627,-0.12918197,0.6984849,0.65324676,0.7559091,621,999,0,30,228,3.9696288,0.59596413,0,0,0,0.15037705,none,86,0.3139535,120,0.09166667,96,0.22916667,57,0.07017544,157,0.1656051,11,0.0,228,0.60849106,0,109,0.2029731,0.36049062,0.74886554,310.15,215.58427
1374,180.2088,266.69995,215.58427,85.52489,184.38367,,261.703,5.628128,9.597756,1.6655966,,8.539442,1.7215182,275.29895,34.99804,,,,,,317.86,99.5,,,1.0,1.0,1,"New WUTT Installation, SEIS OFF, IDC Science and Tau Images (1 per week)",1,,0.0,,0.0,,0.0,3,36,13,0,12,0.96151155,0.9946017,Extended_2+,0.8505435,0.28078324,1.0,13,4,0,0,1,0,1,0,1,0,3,IDA,0,0,1,0,0,1,DEPLOYMENT,0.60227275,0,Winter_North,0.0,0.6884355,-0.67094445,0.7415076,7.71,0.6771982,-0.12918197,0.6204546,0.6512987,0.73439395,634,999,0,30,229,3.9696288,0.62213296,0,0,0,0.15278652,none,87,0.31034482,120,0.083333336,97,0.22680412,57,0.07017544,158,0.16455697,11,0.0,229,0.6069029,0,122,0.20886205,0.36152327,0.6884355,317.86,215.58427
1388,180.2088,266.69995,215.58427,85.52489,184.38367,,261.703,5.628128,9.597756,1.6655966,,8.539442,1.7215182,275.29895,34.99804,,,,,,325.98,99.5,,,1.0,1.0,1,"New WUTT Installation, Unsafe SEIS and recovery, SEIS VBBs minimum power cycling strategy, IDC Science and Tau Images (1 per week)",1,,0.0,,0.0,,0.0,3,50,14,0,13,0.9713086,0.99599606,Extended_2+,0.88858694,0.28131387,1.0,21,6,0,0,1,0,1,0,1,0,3,IDA,0,0,1,1,0,1,DEPLOYMENT,0.8113637,0,Winter_North,0.0,0.6211303,-0.5594823,0.82884234,8.12,0.51569897,0.1607974,0.6810607,0.6792208,0.7218182,648,999,0,30,230,3.9696288,0.57439685,0,0,0,0.14839126,none,88,0.3068182,120,0.075,98,0.2244898,57,0.07017544,159,0.16352202,11,0.0,230,0.60528004,0,136,0.19057576,0.36731368,0.6211303,325.98,215.58427
1401,182.09839,265.8037,216.38728,83.2447,185.71622,,261.62103,4.4344664,7.0868945,1.1545678,,6.203349,1.5732222,259.48367,40.20304,,,,,,333.34,100.0,,,1.0,1.0,1,"New WUTT Installation, SEIS VBBs minimum power cycling strategy, IDC Science and Tau Images (1 per week)",1,,0.0,,0.0,,0.0,3,63,13,0,12,0.98040587,0.9972783,Extended_2+,0.92391306,0.28179345,1.0,17,4,0,0,1,0,1,0,1,0,3,IDA,0,0,1,0,0,1,DEPLOYMENT,0.6568182,0,Winter_North,0.0,0.55798864,-0.4486952,0.89368486,7.36,0.6225122,0.29463163,0.6901516,0.685065,0.69893944,661,999,0,30,231,2.6524284,0.77501774,0,0,0,0.13517305,none,89,0.30337077,120,0.075,99,0.22222222,57,0.07017544,160,0.1625,11,0.0,231,0.60371137,0,149,0.2556259,0.3640365,0.55798864,333.34,216.38728
1415,182.09839,265.8037,216.38728,83.2447,185.71622,,261.62103,4.4344664,7.0868945,1.1545678,,6.203349,1.5732222,259.48367,40.20304,,,,,,341.07,100.0,,,1.0,1.0,1,"New WUTT Installation, SEIS VBBs power cycling strategy, IDC Science and Tau Images (1 per week)",1,,0.0,,0.0,,0.0,3,77,14,0,13,0.99020296,0.99864584,Extended_2+,0.9619565,0.28229615,1.0,16,4,0,0,1,0,1,0,1,0,3,IDA,0,0,1,0,0,1,DEPLOYMENT,0.64318186,0,Winter_North,0.0,0.49066302,-0.32441273,0.94591564,7.73,0.60023683,0.29463163,0.7037879,0.68701303,0.7175758,675,999,0,30,232,2.6524284,0.7914374,0,0,0,0.13668488,none,90,0.3,120,0.075,100,0.22,57,0.07017544,161,0.16149068,11,0.0,232,0.6021092,0,163,0.26030985,0.36568898,0.49066302,341.07,216.38728
1429,182.09839,265.8037,216.38728,83.2447,185.71622,,261.62103,4.4344664,7.0868945,1.1545678,,6.203349,1.5732222,259.48367,40.20304,,,,,,348.62,100.0,,,1.0,1.0,1,"New WUTT Installation, SEIS VBBs power cycling strategy, IDC Science and Tau Images (1 per week)",1,,0.0,,0.0,,0.0,3,91,14,0,13,1.0,1.0,Extended_2+,1.0,0.28278497,1.0,16,4,0,0,1,0,1,0,1,0,3,IDA,0,0,1,0,0,1,DEPLOYMENT,0.64318186,0,Winter_North,0.0,0.42505977,-0.19731516,0.9803401,7.55,0.42922443,0.13383423,0.6477273,0.6594156,0.7109091,689,999,0,30,233,2.6524284,0.638039,0,0,0,0.12256087,none,91,0.2967033,120,0.06666667,101,0.22772278,57,0.05263158,162,0.16049382,11,0.0,233,0.6005175,0,177,0.20872772,0.35369712,0.42505977,348.62,216.38728
