date,datetime,sol,year,month,day,day_of_year,weekday,hour,temp_min,temp_max,temp_avg,temp_range,wind_speed_avg,wind_speed_max,wind_speed_std,weather_readings_count,end,look_ahead,activity,solar_longitude_deg,mission_phase,mission_age_factor,phase_progression,activity_word_count,instruction_count,is_multi_part,systems_involved,uses_ida,uses_hp3,uses_seis,uses_apss,uses_camera,uses_wts,complexity_score,seasonal_intensity,orbital_thermal_factor,diurnal_thermal_load,thermal_stress_combined,sol_diff,is_consecutive_sol,primary_instrument,requires_movement,power_intensive,redundancy_active,data_intensity,has_look_ahead,planning_horizon,is_science,is_maintenance,is_deployment,is_recovery,is_thermal,is_communication,primary_activity_type,activity_chain_position,is_recovery_activity,operational_status,criticality,power_status,success_indicator,operational_tempo,sols_since_last_science,sols_since_last_maintenance,sols_since_last_deployment,sols_since_last_recovery,sols_since_last_thermal,sols_since_last_communication,cumulative_ida_usage,cumulative_hp3_usage,cumulative_seis_usage,cumulative_apss_usage,cumulative_camera_usage,cumulative_wts_usage,sols_to_landing,sols_to_deployment_complete,sols_to_primary_mission_end,sols_to_first_extension_end,sols_to_conjunction_1,sols_to_conjunction_2,events_count,has_events
2021-06-02,2021-12-21 00:11,1127,2021,10,22,253,3,16,-63.761266987080546,-44.00556113138978,-72.9000451553873,29.34388797103648,4.655426808606085,8.171225208648728,3.282737041998893,12,0,3,activity_0,299.6793506881518,extended_mission,1.127,0.4667628932479799,41,3,0,5,0,0,0,1,0,0,0.5054493267725887,0.22387693008775977,1.4422017556848528,1.144932326768309,1.4635412563497903,1,0,APSS,1,1,1,0.4401524937396013,0,4,0,1,0,0,0,1,science,2,0,degraded,low,limited,0.7637655990477874,0.9675666141341164,5,21,3,28,17,1,44.975413336976565,39.51502360018144,92.66588657937942,72.72719958564208,32.65407688058354,57.04439744053994,1127,0,0,0,0,0,3,0
2021-08-11,2021-03-17 07:34,1726,2021,3,1,261,1,6,-57.44614872490278,-23.40161297824877,-36.748263999459034,16.236266853455085,1.9082023298082262,17.978638826939324,3.5097856369862326,5,0,7,activity_1,71.53764535230206,extended_mission,1.726,0.8872127425763265,5,3,0,3,0,0,0,0,1,0,0.7847065437552077,1.2102989556250932,1.270967179954561,1.0406933945465862,1.8068320734549852,1,1,CAMERA,1,0,0,0.03142918568673425,0,1,0,0,0,0,1,1,science,3,0,degraded,low,critical,0.723092165494472,1.3097616369525098,3,12,31,6,18,3,92.96976523425731,80.8120379564417,63.34037565104234,87.14605901877177,80.36720768991145,18.657005888603585,1726,0,0,0,0,0,2,1
2021-08-15,2021-11-22 23:40,1530,2021,4,17,318,0,19,-77.65619685806993,-32.147829086408464,-42.94782345340011,8.702173248834997,19.95480970097884,14.337335499634975,4.894767301246938,5,1,0,activity_2,96.98844016746773,surface_operations,1.53,0.23956189066697242,6,5,1,2,0,0,0,1,0,1,0.9870854086995406,0.6356994887207008,1.1721355474058786,1.4424294229930765,1.0940938599809993,4,1,APSS,1,1,1,0.5357746840747585,1,1,0,0,0,0,0,0,science,3,0,safe,medium,nominal,0.9008511633696039,0.9889383578028271,3,18,89,2,18,3,64.51727904094498,17.436642900499145,69.09377381024659,38.67353463005374,93.67299887367345,13.752094414599325,1530,0,0,0,0,0,3,0
2021-09-09,2021-03-19 15:15,473,2021,3,20,152,5,23,-45.61149506195201,-25.96286204929949,-32.89642526005736,24.63351627784859,13.379765094284572,25.324031750275914,2.175272449527844,3,0,1,activity_3,227.91652461837646,extended_mission,0.473,0.30536386034439345,6,6,0,5,0,1,0,0,0,0,0.3018423785145038,1.4819225984255646,0.7372490874968001,0.7880995472389016,2.36622851279506,2,0,HP3,1,0,1,0.09367476782809248,0,6,0,0,0,0,1,1,routine,4,0,safe,medium,critical,0.6040760558573,1.0251176115420135,0,27,63,32,4,3,72.24521152615053,28.07723624408558,2.431596643145384,64.54722959071678,17.711067940704893,94.04585843529144,473,0,214,527,0,427,4,1
2021-09-10,2021-06-26 02:39,1397,2021,8,18,288,6,21,-72.06766093519181,-49.83345403721045,-61.71192352114775,13.063769105965013,16.97339589849349,9.781746600471008,3.6900994860955336,7,0,9,activity_4,61.017388806993296,surface_operations,1.397,0.4197808564462765,29,8,0,4,0,1,0,0,0,1,0.560208158974844,1.1027293304369594,1.2982951789667752,1.2749458961666478,2.2549171931442586,3,0,WTS,0,0,1,0.5788648955075587,1,6,1,1,0,0,1,0,routine,0,0,degraded,high,limited,0.500578876489799,1.3862498908535161,5,16,51,41,5,2,12.706051265188478,52.224326005480435,76.99935530986109,21.582102749684317,62.28904758190003,8.5347464993768,1397,0,0,0,0,0,4,1
2021-07-09,2021-12-21 00:57,884,2021,10,1,239,1,21,-54.27020386499688,-33.59210493129075,-62.40297463743257,28.871632016579852,14.75793833391537,24.402391837899025,3.2527433580545853,3,1,9,activity_5,346.55342928405304,extended_mission,0.884,0.15864644764249103,26,9,0,4,0,0,0,0,0,1,0.14140237781957748,0.2733118441741463,1.3554605840110072,1.3554867890700355,1.685434572718313,1,1,WTS,1,0,0,0.3463043210894008,1,6,0,0,0,0,0,0,science,1,0,degraded,medium,nominal,0.9206762711086331,0.8913404350125709,9,25,18,31,0,4,68.3963769398141,61.585116438991385,94.38916045607571,94.42515971251673,86.71989335550037,63.64035974460113,884,0,0,116,0,16,3,1
2021-02-03,2021-07-17 07:28,1932,2021,10,10,90,5,1,-76.96527358820484,-40.15850182826375,-43.819933858862726,13.708415111329934,18.732963037114146,6.371521433647619,2.380757142720104,4,1,4,activity_6,14.026727631684107,surface_operations,1.932,0.5685202837499583,39,1,0,4,0,1,0,0,0,0,0.4348162772135049,1.5975433293355943,0.8408035402530178,1.696135988405347,2.6460318796075297,0,0,HP3,0,0,0,0.23823615240397944,1,1,1,0,0,0,0,0,science,3,0,nominal,medium,nominal,0.9268662599473403,1.0838025181012447,8,18,75,8,6,3,95.0061967050805,95.06071469375561,57.34378881232861,63.183721216979926,44.84455219783198,29.321077169806454,1932,0,0,0,0,0,0,1
2021-10-26,2021-12-17 05:06,891,2021,8,10,283,1,1,-85.932560967905,-56.60649143659232,-30.601218967447103,14.356769893903008,7.412842941337818,33.44798485401259,4.762618598227364,13,1,3,activity_7,51.47700553902091,extended_mission,0.891,0.7081811955831998,23,6,0,3,0,0,0,1,1,0,0.32385173898725916,0.7944545522343773,0.9344518444882713,0.680523260809708,1.5130052169535428,1,1,CAMERA,1,1,0,0.8227903518766931,0,1,0,0,0,0,0,0,routine,4,0,degraded,low,critical,0.6344004236161593,0.6243369825400313,0,5,5,43,12,4,4.315991195057611,89.11431136980711,52.77011090862999,99.29647961193004,7.379656473539886,55.38542844013208,891,0,0,109,0,9,3,0
2021-10-28,2021-04-26 07:57,1426,2021,12,18,28,3,4,-41.28025961669167,-20.551570220815883,-43.582722869111464,18.40240915860301,6.190552325726555,33.48282568974321,3.5812902764924566,13,1,2,activity_8,120.83762332690675,surface_operations,1.426,0.9405318271353834,9,9,1,2,1,0,0,0,0,0,0.939455635018612,1.758915001100735,0.5452186701061894,0.339550461745878,1.441158417195124,0,1,IDA,1,0,0,0.37673896993794076,1,1,1,1,1,0,0,0,maintenance,2,0,safe,low,nominal,0.34445828071300094,0.5552328014539871,0,20,54,5,16,4,99.97176732861305,99.66368370739053,55.543170560262745,76.89874151805105,94.47657298824281,84.96473906774115,1426,0,0,0,0,0,0,0
2021-12-01,2021-06-12 04:29,1102,2021,11,25,112,6,14,-68.97321106674625,-28.61326944222762,-46.22873893615909,25.126116687984048,18.063021173532526,26.60422992340522,4.912082262915701,18,1,1,activity_9,187.25886040031762,extended_mission,1.102,0.5548156085422257,38,4,0,1,1,0,0,0,0,0,0.8052877114670287,0.9137770081782863,1.1220867002278734,1.5935455631201179,2.8738015591441055,3,1,IDA,1,0,1,0.7689177413153975,1,5,1,0,0,0,0,1,maintenance,4,0,degraded,low,limited,0.743380598021708,0.8602184281672896,2,14,22,15,10,3,18.188008439914483,34.56672833238632,89.67884099060119,47.39616402628724,66.75577385210272,17.231987120162984,1102,0,0,0,0,0,1,0
2021-09-22,2021-08-11 15:16,1427,2021,10,4,257,0,2,-80.77394903218114,-51.62602706653159,-58.32875537438781,17.113074629775532,12.365095430605919,17.911977384942034,2.5814062225991656,13,1,7,activity_10,287.7877436072554,surface_operations,1.427,0.7133495858845524,27,2,1,3,0,0,0,1,1,0,0.4574474492536743,0.3887644997584656,1.2374052060938192,0.5734258177139371,1.909912730047091,0,0,CAMERA,1,1,1,0.11976213181925122,0,5,0,0,0,0,0,0,science,3,0,degraded,high,nominal,0.6489095392503401,0.6303804321311355,5,1,7,39,16,3,12.758030279556376,28.377590579872447,36.30822963986351,64.59172413316013,57.077830466891186,35.60967258978462,1427,0,0,0,0,0,4,1
2021-04-24,2021-06-02 19:27,1765,2021,11,4,335,5,21,-77.104858647753,-53.16449650439737,-44.91105510340061,28.234399728189643,11.135257860278596,25.006444131446493,1.7599059214712787,12,0,5,activity_11,147.74285771627814,extended_mission,1.765,0.3236792364042437,23,4,0,4,1,0,0,0,0,0,0.31816875917357224,0.40670628453056634,1.1106200424416326,0.7329458298603837,1.9530955535565306,2,0,IDA,1,0,0,0.5938830975578988,1,2,0,0,0,0,0,0,maintenance,4,0,safe,medium,limited,0.5256476914823061,1.7148116687819523,0,4,72,16,8,2,47.31662010518922,60.61018810558386,79.42894499664625,10.669925011343606,85.07274600164547,74.59745255487181,1765,0,0,0,0,0,1,1
2021-11-14,2021-10-04 12:41,1909,2021,9,18,296,6,7,-71.15277852875462,-41.49280857321574,-61.4379956626136,23.690234504406277,10.054407801849583,13.127444330138605,4.548085579735558,2,1,4,activity_12,293.2468992832976,extended_mission,1.909,0.22902539092479635,43,3,1,3,0,0,1,1,0,0,0.6649372477642761,0.802830106382755,0.6392720726633873,1.491037783905444,2.0501818898212836,3,1,SEIS,0,0,1,0.9976926159238433,0,1,1,0,0,0,0,0,science,4,0,safe,high,nominal,0.32347270431504554,1.3548345273069748,9,4,73,32,5,4,11.063173695520723,84.64522917345182,12.748866233198243,39.72872905603673,79.72953657795536,14.991742734877377,1909,0,0,0,0,0,3,1
2021-10-13,2021-08-18 00:46,1709,2021,8,28,171,3,11,-61.74334082053956,-32.13396704492431,-33.487527847021695,22.680965857834966,3.050780858285227,25.170092605838462,3.2302177087228516,19,0,7,activity_13,221.3820947349556,surface_operations,1.709,0.9255685129067763,27,1,1,5,1,1,0,0,0,0,0.9863570790661012,1.7100165556026814,0.6246626812032668,1.6812628239260585,2.674740905155321,2,1,HP3,0,0,0,0.05476163882203133,0,2,1,1,0,0,0,0,science,4,0,degraded,low,critical,0.5787180855136602,1.3060934044068844,5,1,6,17,1,2,45.221794088980715,22.460482293998197,45.24395161326934,14.085702037979985,17.63869865062233,49.83677727394797,1709,0,0,0,0,0,4,1
2021-07-19,2021-11-24 18:31,1185,2021,1,13,286,2,17,-75.29776603895142,-31.437632008406872,-51.25585214348464,18.361397281431174,9.621758967751719,22.395418208743713,3.944103264798083,4,0,7,activity_14,107.85452823593174,surface_operations,1.185,0.07550336380388922,7,3,1,2,1,0,0,0,0,0,0.46786075398828675,0.24569544018862077,0.6561525973661904,1.3739583432710962,2.1473098547753784,0,0,IDA,0,0,1,0.1961130996934528,0,5,1,0,0,0,0,0,maintenance,0,0,safe,low,critical,0.921222337759452,1.335082377175049,7,1,34,31,13,2,96.26493185548746,94.44097255772735,14.108184877771357,40.6392308273522,32.39900611067996,8.692501495034932,1185,0,0,0,0,0,1,0
2021-06-09,2021-02-21 11:34,1697,2021,4,26,342,3,23,-84.28810370398016,-37.36893520133758,-30.65847094912194,16.77663631734536,3.642142776431665,21.967242850262117,2.806059451468647,9,1,1,activity_15,224.69360682568825,surface_operations,1.697,0.40255004359698054,13,6,1,3,1,0,0,0,1,0,0.47953354109795365,0.4380971800255947,1.4005723012363855,1.3368327864144816,2.2079596411137032,1,1,CAMERA,0,1,1,0.49809075351100573,1,1,1,0,0,0,0,0,science,0,0,degraded,medium,critical,0.37460511109007205,0.7100278079906734,8,5,90,39,1,3,63.30980633574475,49.42738501382714,57.32943781794007,83.81069631782958,40.43815015490243,77.09113770642705,1697,0,0,0,0,0,1,1
2021-06-05,2021-08-01 03:46,1846,2021,4,19,227,3,10,-47.67960753427214,-21.790547491060842,-68.03975366025438,20.58331377262477,9.484746174007393,17.053430621548163,2.0819307251039847,1,0,7,activity_16,343.4712971542679,extended_mission,1.846,0.4596815127611311,39,3,1,5,0,1,1,0,1,0,0.10210545156320044,1.9418588987727556,0.5052538185583849,0.4546406190206173,1.2864913920235272,2,0,SEIS,0,0,0,0.9502373538208024,0,1,0,1,0,0,1,0,routine,3,0,degraded,high,critical,0.8645928035030148,1.488175050066076,5,15,69,7,17,0,64.66649191171634,69.31752114569247,5.159580665870999,66.99174645500392,4.4165437710100175,58.826375696993104,1846,0,0,0,0,0,0,0
2021-07-17,2021-08-03 11:59,1818,2021,2,3,293,2,7,-67.94839191259192,-43.82058201272597,-49.24075082549405,25.09942448502244,10.76802980761575,28.15793112781895,3.8203509510793623,1,1,9,activity_17,188.0764473856208,extended_mission,1.818,0.23295947475363377,39,2,1,3,0,0,0,0,1,0,0.8872315054157794,1.1520868412489815,1.439067698512896,1.4981748536604982,2.994835276333344,3,0,CAMERA,1,0,0,0.03759677320626087,1,1,0,0,0,0,0,0,routine,0,0,degraded,medium,nominal,0.5354593246798954,1.2837787874517845,0,29,48,2,12,1,29.630812045599008,23.360775104990992,4.209318963636188,1.787393473341381,98.77223897360315,42.77731337358623,1818,0,0,0,0,0,0,0
2021-04-22,2021-05-19 12:45,1368,2021,10,11,226,0,8,-80.67808689278728,-28.81662105732987,-59.24436333749715,6.446066914084909,19.382052602816227,35.9325059737199,4.674885274378458,17,0,9,activity_18,83.40181249803962,surface_operations,1.368,0.7582384757040913,21,8,0,3,0,0,0,1,1,0,0.3019965146529946,0.6028717066807215,1.0369744228934135,1.1894099022625548,1.9502155195945279,1,0,APSS,0,1,0,0.27295937485631494,0,1,1,1,0,0,0,1,routine,0,0,degraded,medium,nominal,0.5303359557589097,1.8973842324784849,1,23,78,37,7,2,72.3420113688585,49.58757350787708,8.104621590764793,22.018320194981133,68.32587636595959,7.613085949030019,1368,0,0,0,0,0,0,1
2021-09-13,2021-11-13 20:41,1064,2021,4,27,188,6,4,-45.95646204005358,-25.12625889019072,-73.68387226344484,25.645418764119068,2.577397349468904,16.729159899069966,3.845787153312235,18,1,1,activity_19,312.22591234552885,extended_mission,1.064,0.7566358037849347,16,7,1,5,0,0,0,0,1,0,0.655234226538168,1.9661351204493622,1.1318135270166683,0.6897053715962397,2.0850142577490285,4,0,CAMERA,1,1,0,0.761027902502028,1,1,0,0,0,0,0,1,maintenance,3,0,safe,medium,nominal,0.37175680959347546,1.9058427308546766,3,17,67,26,16,3,6.73506014687717,58.217046017627325,34.588305695295674,62.091551776747714,4.5742033812512854,87.15368061523763,1064,0,0,0,0,0,4,1
2021-09-07,2021-07-11 19:31,1700,2021,2,15,84,5,10,-76.33702365008953,-21.965457509983587,-68.20239486985949,15.808370026065047,18.872318403351976,19.69045609241428,3.373366764488385,6,0,8,activity_20,153.42526880495026,surface_operations,1.7,0.9839776479598282,5,6,0,2,0,0,1,1,1,0,0.29179423362257495,0.25604134919212046,1.151666825375885,0.8527895155856418,2.6608956245990925,2,1,SEIS,1,1,0,0.8686231679556108,0,3,0,0,0,0,0,1,maintenance,1,0,safe,high,nominal,0.39187141437767126,0.5487892692368779,9,2,19,45,14,0,0.12318351664258875,59.832726512242694,60.730644826267124,24.753995560337515,55.841267258319796,22.554014244373544,1700,0,0,0,0,0,3,0
2021-12-06,2021-09-08 10:21,726,2021,3,24,41,0,11,-40.666870336642674,-54.30017828393947,-52.55003309468898,20.45389335795298,14.049299410882078,24.587703922041992,0.5439688133863265,1,1,0,activity_21,272.5413363400404,surface_operations,0.726,0.8825334858196,34,1,0,4,0,0,0,0,0,1,0.4220212158354443,0.7797704639948035,1.4774663863147857,0.6012886347934412,2.2329848520567026,1,1,WTS,0,1,0,0.951549974355327,0,3,0,0,0,1,0,0,routine,0,1,degraded,low,critical,0.7290609224059241,0.9482538295059708,7,7,49,27,19,2,48.43984475740406,66.08201182992507,55.300145259195844,59.74758626319301,78.3832553418862,48.09038314489848,726,0,0,274,0,174,0,1
2021-02-06,2021-02-19 21:36,874,2021,8,9,59,2,9,-69.83693194380841,-51.177555003107074,-56.17200950995563,10.089457008556067,16.80904812553867,11.096766780238877,4.823512481691396,5,1,3,activity_22,179.35045792313002,extended_mission,0.874,0.04010919141248248,36,9,1,2,1,1,0,0,0,1,0.7527318943736229,1.076004094564465,1.3734232380816604,1.6510527960168877,1.5543023171836385,1,0,WTS,0,1,1,0.35915102966623147,0,5,0,1,0,0,0,0,maintenance,4,0,safe,low,critical,0.8432001449248006,1.107965274628615,6,9,43,13,13,1,18.097695270948975,85.4385093369579,49.227785644803475,24.723107440317705,87.07499012725114,44.53052550026655,874,0,0,126,0,26,0,1
2021-10-10,2021-12-09 00:04,130,2021,4,8,171,3,0,-77.37361089622904,-45.62997008335017,-57.92886345349093,20.138453941122073,7.134641060800034,23.672917385489345,4.018056484302632,12,1,5,activity_23,159.12877456182872,extended_mission,0.13,0.5399058395022125,24,2,1,2,0,0,0,0,1,1,0.21067372767666404,0.6160356423697639,0.551696837241527,1.2600044502553707,1.0617529424317,4,0,WTS,0,0,0,0.5072348086883924,1,4,0,0,0,0,0,1,maintenance,3,0,nominal,medium,critical,0.30345798665408674,1.9277176781348584,1,28,56,38,14,2,48.88465802569202,66.68642575461044,13.96512547563129,2.9973589872677953,30.79299415911909,70.46807627366466,130,0,557,870,170,770,1,1
2021-08-17,2021-12-27 07:24,375,2021,4,1,1,2,15,-48.658055814406126,-33.32113932036371,-49.026664347971334,13.714341681049262,3.1857489048561027,26.17338729416893,1.9315019912815377,1,0,8,activity_24,299.115788883014,extended_mission,0.375,0.7524277626155725,17,9,0,4,0,1,0,0,0,0,0.6854604830125441,1.5773435562004123,1.4256748308807117,0.9572585196179815,2.753439123971111,4,0,HP3,0,0,0,0.8178342161750216,1,6,0,0,1,0,0,0,maintenance,0,0,nominal,high,nominal,0.5565230744099785,1.0942590374138832,4,18,59,28,0,0,54.56868884954734,44.441945275120155,1.466705704626381,58.706170770115094,16.844438514271964,64.25759689471896,375,0,312,625,0,525,1,1
2021-02-12,2021-11-11 12:20,1801,2021,7,11,336,6,20,-45.09847255250065,-50.260708136948026,-33.2834454841662,6.506684757239022,18.688720536110285,17.306794053387204,0.9563937280214743,4,1,4,activity_25,197.78912583496322,extended_mission,1.801,0.6700960346109417,33,3,1,2,0,0,1,0,0,0,0.6493004049798266,1.4890712136017483,0.7726240007335338,0.9203236522880274,0.8047152333423688,2,0,SEIS,0,1,1,0.7997810954240216,0,1,0,0,0,0,0,0,maintenance,4,0,degraded,medium,critical,0.8710240504529965,1.0602645245575815,9,14,12,21,8,1,21.204483990822666,61.09809888509917,41.10284698067047,83.98613028667204,90.00231233980112,35.34213793027181,1801,0,0,0,0,0,1,0
2021-01-22,2021-05-15 02:27,1317,2021,7,11,138,0,13,-58.39922569897908,-57.66181543565784,-68.62015229128042,11.863506350003135,11.940938337913833,28.65444357805816,2.492226350507872,7,0,0,activity_26,78.02632803267923,surface_operations,1.317,0.9912559937021883,23,4,1,2,0,0,0,1,0,1,0.9149723130967065,1.5907209094088886,0.7648954472367334,1.2679347562885754,1.9893768204723918,0,1,APSS,0,0,1,0.3549963058319373,1,5,1,0,0,0,0,1,science,3,0,degraded,low,critical,0.7481177566797161,0.9067211547502771,7,17,66,43,2,1,99.41393612211675,66.18391898493786,55.77834173700249,73.06505102392461,46.52056122837182,6.0142342600785215,1317,0,0,0,0,0,3,1
2021-12-19,2021-08-22 04:19,1572,2021,8,24,364,0,20,-85.3535427810305,-49.7181093427168,-39.544410526848075,26.617154800838506,12.169728253195826,22.73934511371689,1.2168680927854114,14,1,0,activity_27,84.47114946796327,surface_operations,1.572,0.26311256991084286,6,9,0,2,0,0,0,0,1,1,0.9432620407279565,1.1968440332822774,0.8055243106580235,0.8954722756114251,1.618006351262089,3,1,CAMERA,0,1,0,0.7862759567570945,0,6,0,0,0,0,0,1,science,3,0,degraded,high,nominal,0.3814564785198332,1.7261745627367873,2,29,87,41,13,2,79.00304363070614,30.46791390980408,8.091928305125219,40.29801787651615,17.35245149865087,69.49510889024617,1572,0,0,0,0,0,1,1
2021-05-02,2021-08-21 01:03,1812,2021,9,15,68,4,11,-41.708891942339,-42.700084866794725,-60.96827401116332,17.653546571006103,8.790233772658203,8.698263949161037,3.383718416105928,11,1,1,activity_28,52.69463717840968,extended_mission,1.812,0.3647982191445295,35,3,0,3,0,1,0,0,0,0,0.27260421003267454,0.5811596311978611,0.9846015870188647,1.4313803165157946,2.048744378518969,0,0,HP3,0,0,0,0.07462981433708171,1,6,0,0,0,0,0,0,maintenance,2,0,safe,low,critical,0.46022622339262953,0.8489683078440216,3,28,51,35,5,1,13.071037674019948,88.66042152404667,44.97846488213225,19.462251182076507,36.77593508772896,41.4129752528927,1812,0,0,0,0,0,4,0
2021-02-05,2021-04-17 02:48,598,2021,12,11,191,4,19,-76.69903609973096,-54.03048888199295,-69.27601067906477,26.616509803510443,4.869559368097345,27.80987267688389,4.148086675938198,6,1,4,activity_29,351.3145517676194,extended_mission,0.598,0.8920846889402344,45,1,1,1,1,0,0,1,1,0,0.9485480272719355,1.6559902309453904,0.5764168594380514,0.7190515709020746,2.8257972120945594,3,1,CAMERA,0,1,0,0.4954521034609818,1,3,1,0,0,0,0,0,maintenance,0,0,safe,low,critical,0.6628856153616428,0.7252535012255625,0,22,7,12,7,0,74.62072574818386,65.90355342036808,80.21305581275875,10.536753395280595,3.557086703554835,50.857928944757845,598,0,89,402,0,302,1,0
2021-08-08,2021-09-09 01:14,366,2021,2,3,49,3,3,-51.2683109681106,-34.24382985835477,-51.136404003787874,6.048780585790906,19.369775551887678,32.95499670791011,1.8176991651543413,8,1,5,activity_30,348.42961254421095,surface_operations,0.366,0.5824226582072465,35,2,0,2,0,0,0,1,0,0,0.40444075539504853,1.8705505525868895,0.7246156118438519,0.85825053575627,1.58019220736049,3,1,APSS,0,1,1,0.2737913075141065,1,5,0,0,0,0,0,0,routine,0,0,nominal,high,limited,0.8711628572780321,1.792054994545154,0,11,46,17,12,4,97.83972788005958,74.81919059789975,55.781322551106996,18.059459817530087,5.385820699802613,32.005983252098346,366,0,321,634,0,534,2,0
2021-06-19,2021-07-07 11:46,534,2021,9,5,111,1,15,-49.412389156714504,-30.3315175394828,-35.33471491462404,11.947552431221695,3.879077345355497,35.793577007967855,3.459021407501104,10,0,6,activity_31,183.00979688986078,surface_operations,0.534,0.18802473461541613,45,9,1,4,1,0,0,1,0,0,0.10470665218862146,1.5697833680505688,0.5353113549402391,1.4186006740968482,1.0062014004130935,1,0,APSS,0,1,0,0.7562646578914526,0,6,0,0,0,0,0,0,routine,4,0,degraded,high,nominal,0.750355625938249,1.6705996642209118,5,2,25,36,5,4,0.18798835249106416,17.837258430732984,2.9071380343953734,16.688511785487094,18.131927992550523,38.76735947503942,534,0,153,466,0,366,0,0
2021-03-22,2021-08-13 11:29,583,2021,10,6,117,6,3,-64.13654717791954,-42.39204008178038,-68.36463629821722,13.20481884023279,8.680387323477506,8.101015038786603,1.4927537872004506,15,0,8,activity_32,229.13663437769546,extended_mission,0.583,0.29944351049188667,37,1,1,4,0,0,0,1,0,0,0.5465497457018975,0.5208544404283548,1.1859112710498638,1.7866896477319556,2.368048969355094,0,1,APSS,1,0,0,0.5655499649214404,1,2,0,0,0,0,0,0,routine,4,0,safe,low,limited,0.8821879305730413,0.9096062149592186,0,26,50,18,9,2,42.96568127389351,87.27302504846018,84.19335667918087,18.610141784627732,80.26433097957104,45.81868867378927,583,0,104,417,0,317,4,1
2021-08-12,2021-10-22 06:34,1606,2021,7,28,270,1,15,-71.43964530550008,-42.84452484555845,-36.984475367129036,11.703475502387835,3.127636088068959,34.858136819127765,0.7092526389802947,18,1,8,activity_33,344.38126359004485,surface_operations,1.606,0.5324206822752171,37,7,1,2,1,1,0,0,0,0,0.7592038586542807,1.1869770507075637,0.6279882085335864,1.6232034214230902,1.483619616408979,1,1,HP3,1,1,1,0.7308209649807298,1,5,1,0,0,0,0,0,maintenance,4,0,safe,high,limited,0.4338334910253523,1.0073946579985225,2,24,84,11,8,0,15.124682873493455,22.53169299512351,25.0966661340298,85.06160578411378,56.12227882825249,52.33909113743665,1606,0,0,0,0,0,4,0
2021-03-07,2021-06-12 23:46,1378,2021,8,6,59,1,2,-87.40217112228657,-28.548872024638676,-65.93862980388116,11.465520872200969,3.294127068645918,16.557527270502412,3.905381775598858,15,1,7,activity_34,166.42640196021858,surface_operations,1.378,0.6596293663947422,32,9,1,2,0,1,0,1,0,1,0.7756565562994124,1.2043653298087518,1.0525136147827252,0.44122786518854684,1.3591579815227577,3,0,APSS,1,1,0,0.10547369995663058,1,1,0,0,0,1,0,0,routine,1,1,safe,high,nominal,0.975133657730568,0.8056496886915336,9,7,23,27,8,3,27.644169058339607,31.234910188551357,64.26746576724236,19.58408125869189,89.69579304235343,52.01905232515544,1378,0,0,0,0,0,3,1
2021-06-14,2021-06-19 08:11,1478,2021,11,14,16,0,12,-40.79448404817511,-33.28320004785492,-46.439792703572635,9.148872382394625,17.63855516609288,19.96213907722153,1.230050326021157,5,0,2,activity_35,112.73831813422164,surface_operations,1.478,0.029364159102392318,24,2,1,5,0,0,0,1,0,0,0.9761116509785558,0.8063129033499858,0.7964897812833153,1.6773119994341628,0.7768711132973953,3,1,APSS,0,0,1,0.8216368977104717,1,1,0,0,0,0,0,1,science,1,0,degraded,high,limited,0.42163311519502067,1.5680210304961713,7,25,61,32,2,3,90.53598742778703,73.96713007267637,19.12604179145867,61.377741881569904,43.550545439815934,57.72497307686131,1478,0,0,0,0,0,0,0
2021-03-04,2021-10-25 14:37,620,2021,5,3,313,4,20,-57.34186047343585,-22.467807262060695,-35.79579829816266,24.151619413382566,15.768946865065974,28.274471621659835,1.6712908590470135,1,1,6,activity_36,26.161513779605862,surface_operations,0.62,0.11098946921348107,42,4,0,3,0,0,1,1,0,0,0.4714850163394234,1.6442377924866756,0.9790700631033512,0.32700013341782247,1.5536101039481185,1,1,SEIS,0,1,1,0.7076883263306187,1,3,0,0,0,0,0,1,routine,1,0,safe,low,nominal,0.9739672499518182,1.590006488105485,6,24,18,46,19,4,54.069847664491036,9.653447019544082,24.189382825883897,1.240403627731479,46.876796546450585,30.126526076000037,620,0,67,380,0,280,2,0
2021-12-03,2021-11-14 17:20,1763,2021,5,5,304,3,4,-60.05107459113947,-55.40268011761733,-70.77642218294898,27.74067048591481,13.384005258761569,34.025037976086445,4.455405051270203,1,1,6,activity_37,286.0481803320685,surface_operations,1.763,0.08220706371178166,16,9,0,2,1,0,0,1,0,0,0.24834220781208585,0.5070474408027621,1.4481083201714422,0.9678691684271823,2.472005659763399,2,1,IDA,0,0,1,0.10422480280834767,1,4,1,0,0,0,0,0,science,2,0,degraded,medium,limited,0.6310279929676333,1.9757604692831567,7,22,37,5,17,0,3.9765964988569547,60.40716770712192,90.7380164712847,23.885666040192767,46.9641774680709,45.04653016578183,1763,0,0,0,0,0,4,0
2021-10-11,2021-06-09 08:23,867,2021,5,17,41,0,23,-63.42002676977846,-24.8054929055536,-49.134920058101315,5.741705576618496,13.508404150941784,6.569874880824903,2.527686585424103,14,0,0,activity_38,205.9375116129483,extended_mission,0.867,0.42182817853883137,16,8,1,5,0,0,0,0,1,1,0.7426293800201708,1.2942293853632667,0.8093727178627821,1.5356855763319421,2.887651278712472,1,0,WTS,1,0,0,0.002103843175883413,1,5,0,0,0,0,0,1,routine,0,0,safe,medium,limited,0.3801413466461336,1.0757583245674693,3,17,18,46,7,3,90.03212680742715,40.42397296442092,32.108109708705015,74.98507644364662,41.267532608339664,64.6096175005063,867,0,0,133,0,33,1,1
2021-09-12,2021-03-11 00:54,1843,2021,10,5,213,5,16,-79.19743174941564,-41.33568861211137,-38.247455884865495,6.6846138696380635,7.747851713373186,34.814443290588166,2.317540388765557,13,0,8,activity_39,295.20454648296817,surface_operations,1.843,0.8617424949182954,34,2,1,3,0,0,1,0,0,0,0.505111025063739,1.2426794368769483,1.259351025752613,0.4483104264609531,2.724130082543916,1,0,SEIS,0,1,1,0.39297422534529125,1,2,0,0,0,0,0,1,science,3,0,nominal,low,nominal,0.9626511037954824,1.009653240726677,9,27,17,27,2,2,38.587450289511594,79.17202592613465,59.59888421834818,10.125991461515893,84.7139489693785,53.108534488524285,1843,0,0,0,0,0,3,1
2021-02-06,2021-11-15 20:29,1228,2021,10,5,122,4,4,-42.20405855223404,-47.44133130490589,-35.02183474610934,20.07357191198654,16.53414719482975,39.44046071236625,1.7978244701843558,15,1,3,activity_40,57.608977126749856,surface_operations,1.228,0.3855119047369223,26,4,0,5,0,0,0,0,1,1,0.5300906032200182,1.1580635560681571,0.6683369559191302,0.6703611400013784,2.5963730372570706,2,1,WTS,1,1,0,0.19462383670487193,0,5,0,1,0,0,0,0,maintenance,3,0,nominal,high,critical,0.6813793602816307,0.7478630756639049,7,28,98,12,14,1,48.889783179245136,40.177880065432426,99.38483888996981,88.0314762148927,62.34059581594401,56.93773611822828,1228,0,0,0,0,0,1,0
2021-05-17,2021-08-20 08:45,165,2021,10,12,70,0,18,-66.86621974673032,-20.760504873492593,-53.2466653812084,26.58868806286363,11.774630442626396,18.136546777186066,1.7860259998664159,1,1,7,activity_41,197.75609258514265,surface_operations,0.165,0.3865405068230279,15,9,0,2,0,0,0,0,1,0,0.7531448168979542,1.8100146022836179,0.9559792757599369,0.9651837545728561,2.005292463386949,3,0,CAMERA,0,0,1,0.9961229496394411,1,4,0,0,0,0,0,1,science,0,0,nominal,low,nominal,0.9251631436367904,0.5936863904286072,5,2,58,4,12,4,92.63826067300867,1.911609442976403,47.68434683178171,68.77220424305607,72.27069576982285,69.2532431537108,165,0,522,835,135,735,1,1
2021-09-05,2021-01-15 04:12,126,2021,8,8,188,0,0,-47.703928016113395,-35.455835430501665,-71.01278787136444,17.190695241680274,1.5529866934321013,19.26400608613508,2.3319792010653244,6,0,2,activity_42,265.63302668215084,extended_mission,0.126,0.11099809879131484,17,2,0,5,0,0,0,0,1,0,0.19084707997976935,1.7640996541024612,1.1817486440901612,0.46939746402901694,2.605186093496448,3,1,CAMERA,1,1,1,0.07290183536790351,0,4,0,1,0,0,0,0,maintenance,2,0,safe,medium,limited,0.4863176087608762,0.5330403818357254,6,20,38,0,16,0,21.927396192387572,3.366917821387272,21.462807325880284,41.61214280710923,75.96114286997965,18.784285253777412,126,0,561,874,174,774,1,1
2021-02-18,2021-08-02 10:40,1508,2021,12,17,79,0,16,-64.44354303813851,-58.12592365889587,-62.57236989805952,22.674412186392903,1.2537924324373173,34.37684723246008,0.517189651963624,5,1,8,activity_43,178.81035221446075,extended_mission,1.508,0.3162701497293068,15,9,0,3,1,0,0,0,0,1,0.343353957746073,1.716881423888999,0.8133479175851431,1.483398707664011,2.729680362026837,4,0,WTS,0,1,1,0.9363211539691568,0,5,1,0,0,0,0,0,science,1,0,safe,medium,nominal,0.571354163818953,1.4490678181229013,7,22,9,46,10,4,18.280723665690047,27.843940825043457,12.960065119544195,67.61082314144112,94.39823053632097,26.896803159538596,1508,0,0,0,0,0,3,0
2021-05-13,2021-04-02 15:08,1747,2021,9,6,310,5,0,-50.187970221857285,-29.83907860286471,-73.3827596285301,14.868358846120703,18.616145946329794,9.400349414727918,3.8169344769442306,6,1,4,activity_44,66.96828000203962,extended_mission,1.747,0.7132068832826177,5,4,0,4,0,0,0,1,0,0,0.13870625668024555,1.4003599889916591,1.3233094298207178,1.473023002399451,1.8595143196655934,4,1,APSS,1,0,0,0.9110687027673836,1,6,0,0,0,0,0,1,science,3,0,degraded,medium,critical,0.6450052091132126,1.1064346208823037,0,11,53,23,10,0,96.34992408875883,51.90322801295487,67.75422674589532,31.18638579168832,77.39913781527625,77.2921481876115,1747,0,0,0,0,0,3,1
2021-11-21,2021-04-13 06:35,1996,2021,3,9,160,2,7,-50.8400793350687,-28.784955057160783,-54.39019084483928,14.95013232386257,6.058314576663852,7.299320063402802,1.5270591357216459,2,1,6,activity_45,205.43386459713656,extended_mission,1.996,0.057844449447160606,30,8,0,5,0,1,1,0,0,0,0.5776636197581523,1.3717232032125308,1.1445911747423436,1.1419403144226041,2.4423200258180637,0,0,SEIS,1,1,0,0.14080294889267608,1,1,0,0,0,0,0,0,maintenance,2,0,nominal,high,critical,0.9871573266967135,1.2908977713728849,3,14,94,27,10,2,80.98601873605861,94.73952495864468,33.73401410170235,72.49811699240524,53.8813009039619,6.06289260664682,1996,0,0,0,0,0,1,1
2021-02-14,2021-10-14 12:30,1777,2021,3,6,93,3,12,-87.50104856701606,-26.25401343792705,-30.84633618761479,24.828571849918486,17.07569843409334,13.469199561096588,4.822821389809399,16,1,2,activity_46,290.5075767182377,extended_mission,1.777,0.994819293965951,30,9,1,3,1,1,0,0,0,0,0.5130671314395688,1.8548973282308108,0.6760954713305947,0.6209355580323553,0.5325739193927094,3,1,HP3,0,0,0,0.35504105645195827,0,3,0,0,0,0,0,0,routine,4,0,degraded,medium,critical,0.5749556430665403,1.781332859511302,3,14,93,0,10,0,16.26997438085659,56.50853124527563,77.16269109786077,49.88956645359419,1.2103116776107425,0.9038469079292177,1777,0,0,0,0,0,4,1
2021-09-22,2021-08-23 01:50,1536,2021,1,25,93,6,16,-58.22781771702387,-56.371131910602756,-73.5321923246295,6.442573210397471,8.887306984830287,14.644177872681919,3.299178030669472,13,1,3,activity_47,42.66094449533456,surface_operations,1.536,0.35857846152487316,8,1,1,1,0,0,0,1,0,0,0.2724336511613432,1.8528303560157868,0.6018036829495369,1.0589368616023975,1.0521319574075223,0,0,APSS,1,0,0,0.14817792822994547,1,5,1,0,0,0,0,0,science,4,0,nominal,high,critical,0.5992512819296781,0.9895076463979808,2,18,59,6,14,1,89.25582274864745,41.94479939573136,78.03655030068816,47.63357333010988,49.75398521461022,20.468010905728395,1536,0,0,0,0,0,4,1
2021-08-10,2021-04-03 01:56,553,2021,1,23,181,3,22,-43.44950145573501,-44.32704146866,-50.39847657494543,18.300541974606297,11.808621796453867,7.1465834475148915,2.1297931465942774,10,1,6,activity_48,278.60623983743943,surface_operations,0.553,0.30419871963628087,24,3,1,3,0,1,1,0,0,0,0.14671084922857813,0.5440136770928048,0.8100845383427551,1.3975871048463193,2.1015889820064664,0,0,SEIS,0,0,1,0.30293090564042924,1,5,1,0,0,0,0,1,science,2,0,safe,medium,nominal,0.5596587057104356,1.852910295123725,5,3,38,15,7,0,38.06896811608658,41.44697155393433,75.38297005692186,2.0671368891904462,26.901964679831046,51.7596301315522,553,0,134,447,0,347,0,0
2021-07-27,2021-06-01 14:22,1504,2021,10,7,126,0,16,-88.45710478459638,-57.92418801926357,-68.6023298983247,10.334833699392238,13.302923884768107,10.506419800063988,1.034934760296824,17,1,6,activity_49,57.24900134649407,extended_mission,1.504,0.49625875288236154,7,4,1,4,0,1,0,0,0,0,0.4459195346717214,0.24534814512661285,1.3389973277180107,0.31712697518111044,2.2592494490726276,1,0,HP3,0,1,1,0.7048710100433817,0,6,0,0,0,0,1,0,science,0,0,nominal,high,nominal,0.6533569188131696,1.5776809209838252,5,7,12,47,2,2,39.65536819899632,13.171502857909356,86.52957589089124,15.727320817971535,30.978785920909925,29.004553196243688,1504,0,0,0,0,0,2,0
2021-01-05,2021-09-28 13:04,840,2021,6,24,59,0,17,-68.36165602003686,-32.58224467112394,-60.03947292830796,6.414641403667891,7.478420940256272,38.05570039430062,3.387804787843512,7,0,6,activity_50,223.66528165785965,extended_mission,0.84,0.7809958936149914,33,8,1,5,0,0,0,0,1,1,0.39272851533209674,1.894290406835333,1.4147311149565036,0.31722098962406675,1.6252913161870275,1,0,WTS,1,1,1,0.1133035047274642,1,1,1,0,0,0,0,0,science,1,0,degraded,low,nominal,0.5425669175669028,1.096418567829306,2,9,97,24,2,1,28.746166489725013,65.67560634745571,96.85373316998923,60.363720055937506,7.697946706496628,7.558361385406698,840,0,0,160,0,60,3,0
2021-11-28,2021-02-04 00:18,553,2021,10,25,266,4,14,-79.34574956575959,-22.437716161312515,-74.69930418492505,24.307525379133573,12.504095390608844,18.074418036668867,0.7272002498558356,1,0,3,activity_51,189.27223904128854,surface_operations,0.553,0.25310153917960876,40,3,0,2,0,0,1,0,0,1,0.45913178587819126,1.711642891995968,0.6885406057492511,1.3086907470375433,2.9425173860973586,0,1,WTS,1,0,1,0.3270446441518178,1,3,1,0,0,0,0,0,science,0,0,safe,high,nominal,0.6589084759832432,1.1575774700461419,2,23,91,16,10,0,67.06755253823256,70.08676358614319,20.40246657385787,65.39940923398012,81.83695664813374,5.001857682111222,553,0,134,447,0,347,3,0
2021-03-04,2021-11-13 23:45,1024,2021,3,10,358,0,22,-53.10413033229873,-39.14203903332479,-71.919357629989,14.277823460753195,18.415332169267145,25.45571184150991,2.92249374465071,17,1,0,activity_52,289.8325146584386,extended_mission,1.024,0.8598238353912759,22,8,0,5,1,0,0,0,1,0,0.47020551984922954,1.7727012563280051,1.1379542626847388,1.5504647012159376,1.7485794246670885,1,1,IDA,0,0,0,0.06400634660862092,1,6,1,0,0,0,1,1,routine,1,0,nominal,low,limited,0.6518418698410913,0.5842641160211586,5,23,67,27,14,0,76.44407280755044,40.967105337599264,65.5173714524338,26.023659798522935,15.949226254135828,16.046261427122644,1024,0,0,0,0,0,4,0
2021-04-24,2021-09-13 22:45,714,2021,7,5,36,5,9,-71.32399115501562,-49.14004983272528,-64.56973843697925,12.96522406909018,18.071168868650606,7.717427159607345,4.2299207431383135,7,1,8,activity_53,127.36409714511697,extended_mission,0.714,0.7944856336484907,27,1,1,3,0,0,0,1,0,0,0.473064458335113,0.223851860307039,0.7959428888586566,0.9887838505988427,1.5277340222010993,3,0,APSS,1,0,0,0.16528449014295743,1,5,0,0,0,0,0,0,maintenance,4,0,degraded,medium,limited,0.41295396073876856,0.6253315062660346,0,29,31,41,18,1,35.42713272172156,10.534548448133318,22.236130474817028,51.922457078020514,60.775268309565256,24.535231416621105,714,0,0,286,0,186,2,1
2021-02-16,2021-01-21 06:23,1935,2021,10,17,71,4,4,-51.75995137703614,-32.84409099688638,-40.2155975412486,28.786050718142025,15.529786053020363,26.39678107758264,4.3578900606237845,3,0,4,activity_54,313.3897078569783,surface_operations,1.935,0.6886316293078756,20,9,1,4,0,0,0,0,0,1,0.7275478771484712,1.5547489293293049,0.9650552483006444,1.611256023235539,1.008591187840228,3,0,WTS,1,0,0,0.45129411302925493,0,3,0,0,0,0,0,0,maintenance,0,0,nominal,high,critical,0.30935737828157694,1.1146088546644086,8,7,17,47,1,3,18.17232932281565,74.30815396313801,84.79278837633485,54.55851826691478,98.17073425211416,45.04785714705953,1935,0,0,0,0,0,4,0
2021-11-11,2021-02-17 08:27,335,2021,12,2,317,6,15,-86.67683371118639,-29.339398018696613,-48.732888552088625,24.548999428948978,15.034939847916808,33.105072518524295,2.8310362988208118,17,0,4,activity_55,255.15563588249552,surface_operations,0.335,0.6204737850519706,33,7,1,1,0,0,0,1,0,0,0.41226639376110263,0.9033592741933467,0.6586788736896849,0.68734652949924,2.0135293937689682,4,1,APSS,1,1,1,0.5788067545119405,1,6,0,0,0,0,0,0,maintenance,3,0,degraded,low,nominal,0.7989443733517816,1.079317989225546,7,26,56,39,12,2,86.15137072268936,86.86396398234257,72.43444063295397,74.5753379076126,55.79274451507007,58.466809016582474,335,0,352,665,0,565,1,1
2021-11-04,2021-07-22 09:38,371,2021,5,15,207,3,22,-40.83471715907663,-28.531666371707637,-40.18518457969504,23.695964360301794,3.01216206436548,12.603081025855378,2.5879555915899126,6,0,4,activity_56,100.24471669448629,extended_mission,0.371,0.24339668321853047,9,8,1,2,0,1,0,0,0,0,0.8053951501155243,0.9721728773136029,0.7010651520499451,1.0713015600140088,2.3405722063213754,4,1,HP3,1,1,1,0.2490087361090899,1,5,1,0,0,0,0,0,maintenance,2,0,safe,low,critical,0.8609435943116659,1.5113882630097486,2,12,90,34,14,4,31.810444690347207,96.11594157101652,89.17108652027459,84.91790055017042,40.60118017061106,1.3698550408914545,371,0,316,629,0,529,3,1
2021-04-19,2021-11-02 09:42,501,2021,9,20,48,2,22,-43.590895094302425,-22.834419199381493,-59.61426248525294,18.191936655542374,4.232717971397224,39.84708883246092,4.915030585405711,4,1,0,activity_57,140.61369872944158,extended_mission,0.501,0.7151001612837,29,2,0,2,1,1,1,0,0,0,0.19905695578100369,1.865084915617426,1.1316435150828916,0.38158612278346676,2.1106418091270287,0,0,SEIS,1,1,1,0.15620656868662197,1,4,0,0,0,1,0,0,science,3,1,degraded,medium,limited,0.7674324141222071,1.756050619655226,1,19,49,47,0,2,69.96395696221217,83.81549749886426,80.28109348245005,96.09201469288247,53.59350788521182,48.84956326599054,501,0,186,499,0,399,4,0
2021-11-07,2021-11-15 23:47,1858,2021,11,21,215,6,8,-40.13810500481986,-58.798959786824284,-34.61853603940806,20.565763339966452,19.467652383296425,21.275333113424967,4.313245687571182,14,1,6,activity_58,88.66296677179137,surface_operations,1.858,0.9753431334790705,21,3,1,3,0,0,1,0,1,1,0.8104684797222271,0.9491925059216288,0.6681181283992959,1.0124264478956224,0.6380563018575711,1,1,CAMERA,1,0,0,0.5298812610885262,0,6,0,0,0,0,1,0,science,3,0,safe,high,limited,0.7414066591081645,0.8295601855871007,7,27,9,38,16,3,67.39942081457303,6.256484221945158,21.050693966534297,80.90236402916764,14.692192358377076,34.26451465225215,1858,0,0,0,0,0,1,0
2021-09-23,2021-10-21 23:33,1399,2021,9,22,89,1,18,-40.41135595103753,-33.43193147712857,-66.03393205162587,6.124036039788779,2.527129626290212,24.689432044556657,3.9432214796754486,8,1,9,activity_59,110.32684849541532,surface_operations,1.399,0.5227601415618698,17,9,0,4,0,0,1,0,0,0,0.5348627769823017,1.708814757947241,0.8614037790671863,1.5896920122174685,1.517012002379309,3,0,SEIS,0,1,1,0.9032980143757106,0,1,0,0,0,0,0,0,science,4,0,degraded,high,nominal,0.7055201266633564,1.2344366930753672,5,3,38,7,12,2,14.122354337314945,57.08774168394763,18.52703553833237,27.86430631150364,21.87098003235832,18.28377798688171,1399,0,0,0,0,0,1,1
2021-09-21,2021-10-20 06:21,406,2021,4,13,45,6,9,-50.37025933954327,-34.90684259637288,-41.238040622752095,8.801214185612295,9.16647189175151,17.29267855720733,0.9219943681565742,8,1,6,activity_60,355.8677932783608,extended_mission,0.406,0.6099415585960517,30,7,0,1,0,0,0,0,1,0,0.7952646574714636,1.464479014859244,1.115253653282414,1.4406364675237076,1.7823054119369144,4,1,CAMERA,1,0,1,0.827553052274047,0,3,1,1,0,0,0,0,science,4,0,safe,low,critical,0.7305903983788398,1.8659085758216327,9,11,94,22,19,0,85.29819953305915,92.83835056363074,99.63982936790555,79.60074024272834,75.37340704280045,21.550075886755103,406,0,281,594,0,494,3,0
2021-08-23,2021-08-06 21:49,1261,2021,6,5,192,2,21,-85.62256679861098,-48.68795477318001,-56.16379715108299,12.3129106369063,6.644111418946432,15.282156716103676,0.6867462523238574,7,1,0,activity_61,308.3376249945265,extended_mission,1.261,0.6784999682926378,42,2,1,5,0,0,0,0,0,1,0.8963696059264039,1.5303205566908706,0.777464679724954,0.7224240631584475,2.9084008011150946,3,1,WTS,1,0,0,0.34688597636438556,1,6,0,0,0,0,0,0,routine,1,0,safe,medium,critical,0.8946739508415309,0.6334845722845199,7,0,62,11,7,1,92.8630562115394,6.180846068922263,9.236052811137851,16.279098920622936,59.521283412687474,15.047227100599747,1261,0,0,0,0,0,4,0
2021-09-21,2021-12-26 14:33,1535,2021,7,18,340,3,22,-75.24638253678454,-48.04571458963877,-70.18242696506162,16.001451162734966,14.594238129948444,37.907728194994974,3.2170864636809324,17,1,5,activity_62,166.46082368851467,surface_operations,1.535,0.7349258473948942,37,4,1,5,0,1,1,1,0,0,0.5435376260795421,0.7398957255986407,1.096081955238306,0.9507658842828663,0.9110138226971969,0,1,HP3,0,1,0,0.04524918901888786,1,4,0,0,0,0,1,1,routine,1,0,nominal,high,limited,0.6662001144880156,1.5495348635880626,7,17,9,24,19,0,8.273403962367077,25.393777192369615,77.99883269105443,9.873720688266586,7.566110390411085,36.15413987540386,1535,0,0,0,0,0,2,0
2021-12-26,2021-09-07 20:55,870,2021,2,23,31,3,11,-63.820675738927356,-51.26960509225082,-30.475570539916582,19.360918896805146,2.7577053871202084,29.106688928397787,4.539846049293764,15,0,5,activity_63,88.64789794941603,extended_mission,0.87,0.8958841811926596,20,8,1,1,0,0,0,0,1,0,0.39536153451785083,0.5763068726723228,0.5846883418753068,1.0000396813266126,1.7053302472996048,2,1,CAMERA,1,0,1,0.8084057388936909,1,5,1,0,0,0,0,0,routine,4,0,nominal,high,nominal,0.4429727312385172,0.5251344567385736,4,21,57,48,1,1,93.71089449196771,31.180213695576864,24.977216244651977,65.41601542860984,61.923903205358165,33.21097833081246,870,0,0,130,0,30,0,1
2021-01-07,2021-11-18 00:34,1486,2021,4,13,314,5,4,-86.49459301793715,-44.189627382753685,-66.81995097521872,8.920317632920142,16.54604299474492,6.467032585069013,2.3863229415595457,13,1,2,activity_64,115.07473990514251,extended_mission,1.486,0.3176946975471622,19,9,0,5,0,0,0,0,1,1,0.8528486415562302,0.2903859770428195,0.9646131688089709,0.8694251466775054,1.2914668997716279,2,1,CAMERA,1,1,1,0.04305240271566857,0,5,1,0,0,0,1,0,routine,3,0,degraded,high,limited,0.40250537962197125,1.749394573361342,5,23,3,28,5,1,84.42123252861431,48.40205725094041,51.40954425512597,30.8468281489484,57.30422006190157,32.52111962762113,1486,0,0,0,0,0,2,0
2021-11-10,2021-03-09 11:22,835,2021,1,18,113,2,8,-80.09522416398552,-57.37231534041363,-35.07963072493357,15.49621744215794,9.937910370000978,37.092971687032055,3.9933071488217653,2,0,7,activity_65,95.73424222756276,extended_mission,0.835,0.4422522765195591,14,9,1,2,1,1,0,0,0,0,0.4064903519319072,1.6489347147186582,0.5523912955948612,0.5394373521482508,1.3390581824447794,1,0,HP3,0,0,0,0.8349472056944037,0,1,0,0,0,1,0,1,maintenance,1,1,nominal,medium,limited,0.33543573058835185,0.5590877505392291,0,18,17,34,15,0,78.73719581492729,30.643282270337156,4.02580030092321,58.835222098315334,39.76844144330547,97.38004133571495,835,0,0,165,0,65,1,1
2021-05-26,2021-04-28 21:28,827,2021,12,5,151,5,9,-56.86018628951392,-25.174644740660376,-40.84108803499627,23.188230755627373,9.687823712016986,29.283194493859412,2.9874306561511244,13,1,4,activity_66,294.22991239676526,extended_mission,0.827,0.29639200687528344,33,4,0,4,0,0,1,0,0,0,0.46694419359870276,0.4260180415470525,0.6712949578216704,1.5410348322392184,1.9620965792222052,2,0,SEIS,1,0,0,0.6415044812562517,0,4,0,0,0,0,0,0,maintenance,3,0,safe,low,critical,0.3777960031324087,1.4721575518011851,3,14,78,19,8,3,10.559154597664,4.5294643613077445,65.63858593847672,53.515233368035034,8.202368521147086,3.4939246405988444,827,0,0,173,0,73,3,1
2021-02-28,2021-08-17 15:15,589,2021,7,21,107,0,10,-62.19046536849942,-28.81933194303746,-74.27098211972398,25.45951061948838,0.8027771817073304,36.146968172700184,4.9638323625738945,1,0,4,activity_67,160.71909184675755,extended_mission,0.589,0.791463540889519,46,8,1,4,0,1,0,0,0,0,0.1549064287048554,0.7180963379328906,0.5932714467781699,1.7457347413177104,0.8377003655644017,2,1,HP3,0,0,1,0.603150120122947,1,2,1,0,0,1,0,0,maintenance,3,1,degraded,low,nominal,0.6248466825831532,1.9145928461104573,0,12,41,46,4,4,60.59969672710255,84.94464062257356,4.499682123542437,73.41512590416463,34.13186459500521,47.85283699195225,589,0,98,411,0,311,1,1
2021-12-05,2021-12-20 06:23,1448,2021,5,10,110,5,4,-59.954399717045696,-46.36165714257767,-33.72293700400437,15.164763433986806,2.8656291740528217,30.01515917257126,1.8200903964845443,14,0,3,activity_68,347.50898050694394,extended_mission,1.448,0.7921911948016761,37,4,1,2,1,0,1,1,0,1,0.6230758813488609,0.6565439999252689,1.2563342695828865,0.4225009137901444,2.810717676986653,4,1,IDA,0,1,0,0.0162434432094537,1,4,1,0,0,0,0,0,science,4,0,safe,medium,nominal,0.5399116477995349,0.7018644006561616,0,8,53,46,11,1,31.82620413857259,89.4265118256414,64.4902905292356,28.82515771673685,29.878287105425162,89.12000730636024,1448,0,0,0,0,0,4,0
2021-11-25,2021-08-23 00:19,1379,2021,12,23,96,2,6,-40.633192071022705,-42.23585772373525,-51.06577050727425,26.840463218430383,19.911378009813756,25.395005727063854,4.156132194698772,15,0,0,activity_69,355.9807913000992,extended_mission,1.379,0.6725072626736491,10,8,0,3,1,0,0,1,0,0,0.4282036086109029,1.5293105813189338,1.1666170848793724,0.47934299662808466,1.9316071327889615,3,0,IDA,0,1,0,0.49995899196478844,1,3,1,1,0,0,0,0,science,2,0,nominal,low,nominal,0.4991789699738536,1.1645505595064292,4,12,85,42,18,3,55.10509532949324,52.356357952985576,28.226247041293284,29.807565052482275,27.78451632065655,77.15120619984876,1379,0,0,0,0,0,2,1
2021-08-08,2021-11-20 21:46,1575,2021,8,7,267,6,3,-80.50319317712196,-31.930469044909714,-49.95909131930301,13.965539548839786,18.226783801572616,5.732694123935664,1.920979180622732,13,0,5,activity_70,323.2567056397453,extended_mission,1.575,0.33135221873631704,8,1,0,2,0,0,1,0,0,0,0.47105175504849905,1.8825138478789418,0.7508790998907002,0.48067100999484813,1.9613577831486455,0,1,SEIS,0,1,0,0.33930526730956745,1,6,0,0,0,0,0,0,maintenance,2,0,degraded,low,critical,0.6162176331870106,1.032092835095319,7,24,50,37,9,2,65.96902729304743,44.203342093112354,64.8233468807846,6.144629013078751,81.37233437222274,94.05039528794026,1575,0,0,0,0,0,0,1
2021-07-18,2021-09-03 07:23,1009,2021,3,4,244,2,10,-61.707471984337666,-23.679258183133506,-57.16593185258007,12.408145047495001,2.869389140360401,10.300593267737506,2.447471679538185,4,0,0,activity_71,77.36995129921891,surface_operations,1.009,0.9395685890251657,30,7,0,4,1,0,0,0,0,0,0.28069387728101075,0.7670186702781168,1.2914097505069755,1.6736823591811907,1.3994852338632486,1,0,IDA,0,0,0,0.12434584143087035,1,2,0,0,0,0,0,0,routine,1,0,nominal,medium,limited,0.7223339373484243,1.7025264397869575,2,4,17,30,4,0,89.50652888512458,14.914082593973744,78.59252762089135,61.7931559846298,34.18472854980921,87.38749555210184,1009,0,0,0,0,0,3,0
2021-11-04,2021-11-18 03:48,1565,2021,2,24,22,1,11,-43.231091934644134,-41.35534829366044,-54.95760633099575,5.3641788687819725,4.9479949411669155,35.32023525937635,1.2408279271640095,19,0,0,activity_72,70.87963383924608,surface_operations,1.565,0.021021106726217154,26,5,0,5,1,0,0,0,1,0,0.7873230424152885,1.142122467659615,0.7267726253196457,1.2997829650395525,0.7002643165240057,4,0,IDA,0,0,0,0.7422935381702628,0,3,0,0,0,0,1,1,maintenance,3,0,safe,medium,nominal,0.9666907141976504,1.8253470925552855,7,22,83,46,3,2,6.20414169565543,7.1155678877909745,57.38658496770963,56.6018424887821,87.8033512844457,55.78736756600732,1565,0,0,0,0,0,4,0
2021-09-04,2021-09-23 10:05,1017,2021,5,11,25,1,12,-85.44296802776613,-48.563978649151906,-44.7424584240583,9.246814860111908,1.1083177688448886,16.590127120745244,3.946872086848306,9,1,3,activity_73,272.4329124888942,extended_mission,1.017,0.3353716062174624,38,3,1,5,0,0,0,0,0,1,0.3132315945070511,0.3745382077377646,0.6790316374415838,1.4962710679447289,2.19386451295944,4,1,WTS,0,0,1,0.0727349477786684,1,1,0,0,0,1,1,1,routine,2,1,safe,high,critical,0.46846936033000713,1.811461001205621,5,12,43,23,8,0,40.96728692925191,97.82206685265584,18.089190137889833,79.91579711047821,33.419271417310995,73.08703457761604,1017,0,0,0,0,0,3,1
2021-03-28,2021-08-12 22:54,699,2021,6,21,282,4,8,-79.5842304995741,-45.78242650543753,-44.88514365338099,17.095063496516183,8.36779066756667,17.52339372674576,3.172012843745535,15,0,4,activity_74,48.6782329366277,surface_operations,0.699,0.19881406093740295,31,2,1,3,1,0,0,0,1,0,0.8447488674721061,0.6581729772589902,0.9730275033430207,0.3649729098814679,2.2483486656316076,2,0,IDA,0,0,0,0.7962436094563872,1,5,0,0,0,0,0,1,science,0,0,safe,low,limited,0.5933696310419596,1.398948930509583,8,1,24,49,8,2,28.56259885622431,73.46083007105351,2.394626527048349,58.482781130579085,94.14742375060654,17.440926711149952,699,0,0,301,0,201,2,0
2021-03-25,2021-06-19 08:00,1688,2021,10,19,336,3,7,-77.65714862021335,-47.743382025958546,-50.01897959610652,19.69979073659582,8.529994944837222,26.53972729372924,0.8670871652511467,7,0,9,activity_75,291.6579923854929,extended_mission,1.688,0.5180774980403448,22,8,1,5,0,0,1,0,0,0,0.8306795116093418,0.2249518446431482,1.1493788202366224,1.303314796561028,2.4966394508915912,3,0,SEIS,1,0,0,0.5574049643141872,0,5,0,0,0,0,1,0,routine,1,0,safe,medium,nominal,0.9522182823215557,1.9954241261175045,9,28,94,40,7,2,4.922091454076161,23.10808528744962,89.73857174637149,25.619151443935493,22.065105962174847,13.812529314024724,1688,0,0,0,0,0,4,1
2021-07-25,2021-02-20 11:54,376,2021,1,13,130,0,12,-68.59080300664135,-34.71923166310255,-42.324993329491335,14.174035175180013,2.9445414882103393,12.230335567762328,1.9096991446127465,5,0,5,activity_76,281.4807286788803,surface_operations,0.376,0.006814697900128119,20,8,0,4,0,0,0,0,1,0,0.8155522158455181,0.7827154860987626,1.265193833754392,0.5147420367167894,2.1442903681898837,3,0,CAMERA,1,0,0,0.062431327277780335,0,6,0,0,1,0,1,0,routine,1,0,safe,medium,nominal,0.5117264222230288,1.7880471818668608,9,1,35,24,5,1,94.50240645805688,68.2540478767157,33.16168491078339,50.05793174308313,64.57250433510536,51.05704087285036,376,0,311,624,0,524,2,1
2021-01-08,2021-08-22 03:34,1506,2021,11,3,246,4,7,-47.016020745983354,-21.621112681783522,-65.20293691598319,7.203803953416111,3.8907006633696817,33.71932487395016,3.544900856689314,1,1,3,activity_77,47.407285237034536,surface_operations,1.506,0.5111136384895005,21,3,1,5,0,0,0,1,0,0,0.9831174377099159,1.8784800624616433,1.4338659428462488,0.9033356022706687,1.6719747012669774,4,0,APSS,0,0,0,0.30424186382719576,1,2,1,0,0,1,0,1,maintenance,1,1,safe,high,limited,0.5448572432653143,1.793744761102378,6,7,78,2,14,4,29.827245423412275,77.55052967189994,39.31217982070792,13.925407078470398,1.071529769535895,54.42573370152508,1506,0,0,0,0,0,0,1
2021-04-21,2021-05-22 02:36,1470,2021,2,26,128,0,10,-67.09856917080657,-49.73411171255617,-41.154855028636135,17.821868557631696,6.4170908549968715,25.86175405163326,4.980805034230953,5,0,3,activity_78,312.9029486651114,extended_mission,1.47,0.3450168399245661,45,5,1,1,0,0,0,1,0,1,0.47682562899491576,0.5953428714702242,0.5002270382182555,1.672502306621291,2.6096985280773226,1,0,APSS,0,1,0,0.06760474947238315,1,1,0,0,0,0,0,0,routine,0,0,nominal,low,limited,0.3511025150297391,1.616042870521515,0,27,54,35,5,1,5.383052490845907,18.987532909591998,3.895784634846422,39.181089461717164,80.24017844513243,34.124444975772064,1470,0,0,0,0,0,4,0
2021-01-20,2021-02-11 20:25,295,2021,9,27,332,1,18,-83.90602491093082,-59.26899721105975,-34.31390913398142,6.716216653696806,19.837783918949835,38.29889016926872,1.116594095163443,15,0,2,activity_79,193.82219254330477,extended_mission,0.295,0.5555495698856199,39,6,0,4,0,0,0,1,1,0,0.8270790811155831,1.527337899761503,1.0370413147419741,1.5599966409065151,1.3483070891392777,1,0,CAMERA,1,0,1,0.3204012861402149,0,6,0,1,0,1,0,0,maintenance,2,1,safe,high,nominal,0.3493749463150696,1.8641442555288148,0,19,84,28,5,4,17.187651213592424,47.652647083223734,73.78804151687423,13.90022051990777,44.007107506649845,48.28512744101048,295,0,392,705,5,605,1,1
2021-02-10,2021-02-17 04:11,988,2021,6,22,288,0,19,-56.83187329926593,-55.27110351710161,-56.93260752458056,24.828213449076408,4.41017574273296,11.50865276450962,4.778683969623941,13,0,9,activity_80,213.19970375931857,surface_operations,0.988,0.043100108948324056,49,7,1,3,1,0,0,1,0,0,0.9530017281723068,0.4541583143669329,1.2635158436682121,0.4630238090620381,2.9531439434781923,4,1,IDA,0,0,0,0.19201608474003673,1,1,1,0,0,1,0,0,science,0,1,safe,high,critical,0.8781586433783428,1.5448421032160693,6,8,0,13,19,1,14.85067816436808,59.646707541354374,81.43839206690815,38.21234944599732,13.22687150984817,19.668819731282305,988,0,0,12,0,0,1,0
2021-06-26,2021-01-11 09:24,1984,2021,5,16,117,5,8,-85.97095938567432,-54.11346995620219,-61.59102440268703,7.243987514003928,18.216525293726306,5.211646511439245,2.6773709848894014,9,1,0,activity_81,246.1932449672515,surface_operations,1.984,0.16169455327398685,34,8,1,3,0,0,0,1,0,0,0.31619748988754703,0.9987884103660412,0.7823679190426562,0.4214306041735322,2.691534567539729,1,1,APSS,1,0,0,0.32783819885003407,0,6,0,1,0,0,1,0,science,4,0,safe,medium,critical,0.8165494382991603,1.39614386386013,8,12,78,26,14,3,22.6978539471521,74.39051873021519,91.92080310537251,42.37701199309234,34.2132600111895,96.15507321375662,1984,0,0,0,0,0,1,1
2021-04-16,2021-08-22 00:48,1717,2021,9,10,118,1,7,-52.551842456980076,-45.72070282125345,-46.43651365031867,9.660495121349364,14.987388732899138,24.099358908455905,1.4182897484597026,7,0,9,activity_82,224.3557343044825,surface_operations,1.717,0.4826012356615207,7,4,1,5,0,0,1,0,0,0,0.45619991169438767,1.3036734399854322,1.3056022187702383,0.7495030257622362,2.9052552604125688,0,0,SEIS,1,1,1,0.44672646870264054,1,5,0,0,0,0,0,1,maintenance,1,0,nominal,high,critical,0.5335626234435848,1.08154273225851,1,19,19,45,2,3,70.08656991254286,85.55511234358725,41.829111109348595,30.941279487044437,93.67245558534901,51.56765510770731,1717,0,0,0,0,0,4,1
2021-03-26,2021-05-23 20:36,1380,2021,9,15,93,5,16,-64.09614174012195,-30.079356932023906,-37.35610991575934,22.608382898929513,18.571937630612766,30.85602283655756,1.8782054915207662,14,1,5,activity_83,244.93838895450796,extended_mission,1.38,0.09271481081026989,38,9,1,2,0,0,0,0,0,1,0.1912418582228772,1.6254043828323126,1.311572004351548,1.0234110001223153,0.643275775026217,1,0,WTS,1,1,0,0.6171942271169667,1,2,0,0,0,0,0,0,science,2,0,degraded,low,limited,0.7142018782246803,0.7880350537045169,2,10,62,11,8,1,52.86566039892756,33.44425271181041,51.931269264230316,19.755590567847825,80.51743973603767,18.577695469870783,1380,0,0,0,0,0,4,1
2021-12-10,2021-07-26 05:16,460,2021,3,18,294,2,9,-56.3622006876538,-46.509324157830946,-66.91800983519568,12.033765546346041,9.151506645008636,21.638504937441883,4.023501041062409,12,1,9,activity_84,170.91684217571444,surface_operations,0.46,0.2553533502289015,46,9,0,2,0,0,0,0,1,0,0.46207633724413477,0.9649163343123748,0.8828831472841835,1.3786134307662177,1.8687947101499862,0,0,CAMERA,1,1,0,0.4217126175259164,1,4,1,1,0,0,0,0,routine,2,0,degraded,low,limited,0.757650725787123,1.0252980215348286,7,28,29,43,9,3,99.32651964297466,86.85570282494608,56.463985789620196,51.66275918542753,28.4600382304681,51.72094276935294,460,0,227,540,0,440,1,0
2021-03-26,2021-08-27 11:01,210,2021,11,12,156,1,12,-46.96660891055574,-32.2032648087397,-74.52519948974145,14.852253819362577,17.019037988136002,17.105060029134425,0.6584682808648558,9,1,4,activity_85,114.25998601003867,surface_operations,0.21,0.6486829533573645,14,4,0,1,0,0,0,0,1,1,0.21815917480434183,0.7574450799893404,0.7017949482524569,1.6632397465752935,2.4010001682187068,2,0,CAMERA,0,1,1,0.7564510879889118,0,4,0,0,0,0,0,0,routine,3,0,degraded,low,nominal,0.9968576776111064,1.175415215662386,0,26,39,12,15,4,98.5803659450305,83.86088875339622,80.85705341473903,31.79046737732836,0.8777211947929464,38.213290882598784,210,0,477,790,90,690,0,1
2021-07-24,2021-09-08 04:50,1545,2021,10,11,143,5,14,-86.81027218732011,-44.51107435159172,-62.275554432295564,12.612260608850761,19.658937591094016,27.497209471797476,3.7295427100707483,12,1,3,activity_86,226.2607812850334,surface_operations,1.545,0.43453096330449537,22,3,1,1,0,0,0,1,0,0,0.3935984562828384,1.5611460213922048,0.8937551415654067,1.21231706514967,1.6114337526735714,3,1,APSS,1,1,1,0.29992939747306624,1,1,0,0,0,0,0,0,routine,1,0,nominal,high,critical,0.905899854066335,1.3658241095134254,5,6,89,48,5,3,70.109758736427,41.0731543491012,50.46372879774349,0.735304455442698,69.17201141346888,66.13426789447244,1545,0,0,0,0,0,2,0
2021-01-12,2021-07-21 23:03,1634,2021,12,26,343,5,20,-86.88974542371545,-27.091883131311747,-60.9878127048337,15.042422318994412,10.055003832192247,34.38086319733428,3.4287494970266823,13,1,3,activity_87,173.0015787010565,extended_mission,1.634,0.7153810171786552,23,7,0,4,1,0,0,0,0,0,0.16777129023862278,0.8765344373275628,1.320544647745987,0.31071312265236756,1.6418264822146007,0,0,IDA,0,0,1,0.4603553731348269,1,3,0,0,1,0,0,1,routine,4,0,nominal,low,critical,0.7451375359968169,1.6488026384937973,0,8,16,4,19,4,93.58261334028228,45.70596592657763,29.02551053725294,56.193525351966336,11.193457813478924,60.95058910049832,1634,0,0,0,0,0,4,0
2021-08-21,2021-02-15 05:56,1969,2021,3,1,193,4,2,-48.970410533792595,-44.309318339058116,-54.86016652022721,23.250043027021537,7.1550952658742855,7.236532971693084,0.8345057399873216,12,0,1,activity_88,345.1938743485476,surface_operations,1.969,0.4722264257562043,27,6,0,5,0,0,0,1,0,0,0.6137685426508854,1.8372717039996997,0.5061838226408967,1.5160253555063878,2.8709238819722973,1,1,APSS,0,1,0,0.014196634471723701,0,2,1,1,1,0,0,0,routine,3,0,safe,low,nominal,0.9967950590478192,0.9312667990756385,6,16,38,35,7,4,5.570683611524519,12.922380010274937,5.7741079467036,84.5012237155776,5.905014445827195,27.166419136365548,1969,0,0,0,0,0,4,1
2021-12-20,2021-01-21 16:44,1962,2021,1,10,47,2,6,-64.44530892638011,-42.17928742027355,-31.486416842175807,19.279979599072842,17.26863155578769,9.880758267180607,3.0614290840824245,12,1,5,activity_89,286.7921528454497,surface_operations,1.962,0.7180141781270015,11,4,1,4,1,0,0,0,0,1,0.5121102656143643,0.9100629035099437,1.3670601823789474,0.6659929535287084,2.91683556883777,2,1,IDA,0,1,1,0.690123117682008,0,4,1,0,0,0,0,0,science,3,0,degraded,high,limited,0.7814384444560143,0.9102117730624697,3,28,37,3,14,0,35.34731920607206,31.56332153671523,49.101976266891,32.07335823115712,19.225791846809194,30.946954908860093,1962,0,0,0,0,0,3,0
2021-02-12,2021-06-18 04:49,658,2021,3,3,214,5,9,-84.04893477534294,-57.242884874614056,-53.24025671443339,10.502251651181812,5.079695067525069,35.719226258974686,0.903047109423398,17,1,5,activity_90,266.24922379982735,surface_operations,0.658,0.41114433647998705,14,9,0,5,0,1,0,0,0,0,0.4300109917326833,0.9036513683140921,1.4764565294354102,1.7319995353186033,2.5003439568801897,0,0,HP3,1,1,1,0.3586613630264591,1,4,1,0,0,0,0,0,science,4,0,degraded,medium,nominal,0.5517728928561474,1.5308515151910242,7,16,98,16,8,1,0.9827552569787845,40.91825874584886,32.937926930207574,69.33775385188524,76.62454727603789,30.409463597128383,658,0,29,342,0,242,2,0
2021-08-05,2021-10-11 06:52,1468,2021,8,10,362,3,1,-67.76861710430477,-58.916754653197955,-54.78293286904635,12.411122193603827,18.592992154026568,9.361468498741457,3.4361417997825447,2,1,8,activity_91,0.7475463360292345,extended_mission,1.468,0.13328425808217315,21,6,0,3,0,1,0,0,1,0,0.6589956924191827,0.7432401005500793,1.3997430784088718,1.2426104364614847,1.5966225460899612,0,0,HP3,1,0,0,0.646407375228089,1,2,0,0,0,0,0,0,routine,4,0,safe,medium,limited,0.35968783912817415,1.7992755633035442,2,9,78,41,15,3,79.50115369284704,16.33544497431565,10.431308735188216,14.551548278735915,87.71275618985017,52.81892617563562,1468,0,0,0,0,0,0,1
2021-02-21,2021-10-16 18:08,1851,2021,6,26,179,6,3,-66.79997859017868,-28.436155534049732,-47.86982028275541,21.355511550725325,19.963998153312353,7.623601521450457,1.5035442059017985,7,0,5,activity_92,339.47380226560887,extended_mission,1.851,0.02164556134698359,40,2,0,1,0,0,0,0,1,1,0.5628043101393798,1.1705439431245395,0.7550934328323794,1.451814545450567,2.3794864684181407,3,0,CAMERA,0,0,1,0.8263903116005552,1,5,0,0,0,0,0,0,maintenance,4,0,nominal,medium,limited,0.6283174578025184,1.8928332993412038,9,17,75,35,16,0,98.10448622544658,66.18107285744247,81.68902895041683,74.95455642210852,69.95342576155238,30.693107298123255,1851,0,0,0,0,0,1,1
2021-06-14,2021-09-11 07:07,1285,2021,1,21,199,5,20,-77.28704195055347,-34.758024269191175,-73.87571629731677,23.01812780066697,10.280467397530195,26.201380568232704,3.343460716610983,16,0,9,activity_93,206.19379186383125,extended_mission,1.285,0.5824350768882959,20,4,1,5,0,0,1,0,0,1,0.2658237864154068,0.3026042975934812,1.0877984493716848,1.5605222663827623,0.5437455349684714,3,1,WTS,1,0,1,0.9983187565709567,0,1,1,1,0,0,0,0,science,2,0,nominal,medium,nominal,0.8146599626711173,1.4384748694121796,7,22,92,4,9,1,35.24810469433511,12.6110141678625,12.985701341788102,67.61957463565392,85.86001069824982,96.27325838611391,1285,0,0,0,0,0,1,1
2021-01-27,2021-01-21 19:44,948,2021,9,15,259,5,22,-81.2054858290669,-50.584669524065696,-52.753313502940884,27.87087374992195,4.234287442959417,10.048400739133623,3.915395743343138,4,1,7,activity_94,230.56101863757104,extended_mission,0.948,0.7537201765621296,19,9,1,3,1,0,0,0,0,0,0.849424371714478,1.0881320607441114,1.4116329137084755,1.6920213550940715,0.9135503803210233,2,1,IDA,1,0,0,0.3545482088286074,0,3,1,1,0,0,1,0,routine,2,0,safe,low,limited,0.4376670626732151,1.9209499991301004,1,8,70,31,3,3,45.28833604155117,94.57151084410245,67.6820043630047,30.158686987355154,18.83025249171064,30.37350462250994,948,0,0,52,0,0,3,0
2021-02-22,2021-02-21 03:43,439,2021,7,15,39,4,21,-81.39012602881834,-42.760650846071876,-52.02658824155199,8.514797954334139,8.495666830483726,16.961209481407455,1.3254063957408022,16,1,0,activity_95,44.861422748084905,surface_operations,0.439,0.22627733414380702,24,2,0,1,1,0,0,0,0,0,0.8026293737544659,1.8383530234604535,0.8828333947684353,1.2459529424746207,1.5753568302420657,3,0,IDA,0,0,1,0.9361765641665052,1,3,1,1,0,0,0,0,science,4,0,nominal,medium,nominal,0.736879394031958,1.2111143961617865,1,8,61,28,17,0,25.715235110909585,71.93881555748203,2.812150627792376,37.53213457730138,62.67533485423312,14.609656554132023,439,0,248,561,0,461,3,0
2021-12-20,2021-05-08 11:33,720,2021,12,5,69,6,12,-41.78233829820068,-53.450841684833165,-61.525959383860204,7.503874937669173,5.434351977963594,33.55845262953223,2.202420232243668,9,1,1,activity_96,238.62952354847965,extended_mission,0.72,0.41892922393741894,8,9,0,5,0,0,1,0,0,1,0.9154908358123832,0.44792137799805554,0.5543480983486571,0.3277968503914999,0.8590534451720406,3,1,SEIS,0,1,0,0.9287634212054924,1,5,1,0,0,1,0,0,maintenance,4,1,degraded,medium,limited,0.8123109161005506,0.760945558855008,8,1,29,6,5,2,99.62244930446387,47.45335626224407,81.60567571143235,43.206728506661776,79.6390722619709,59.54148016201084,720,0,0,280,0,180,1,1
2021-09-19,2021-04-08 18:04,1508,2021,11,15,328,2,22,-42.725256972024994,-34.715195123373945,-55.411827411556466,18.128847352790707,3.9925761531983506,31.269045731380814,3.8588892350443205,1,0,4,activity_97,317.51119985061865,surface_operations,1.508,0.26918973947330527,20,7,0,2,0,1,0,0,0,1,0.2600956528610497,0.8330962004221742,0.9401803286971931,0.40396165955744223,1.9455459530582238,4,1,HP3,0,0,1,0.6692682917508349,0,1,1,0,0,0,0,0,routine,1,0,degraded,low,limited,0.9382094938391428,1.5531238503267448,0,25,47,0,16,1,91.67560031187467,80.08180998597503,45.113006979784146,71.8699265972796,58.62354987807616,49.23670487012489,1508,0,0,0,0,0,1,0
2021-05-23,2021-11-09 14:51,1783,2021,2,25,269,1,18,-43.369889624817816,-54.99079897485013,-57.807575287002436,5.705718991267659,17.103306899429455,17.556451670744583,3.3400266255150566,19,0,1,activity_98,160.874710272158,surface_operations,1.783,0.306442336550243,16,5,0,3,0,0,0,0,0,1,0.36049273122701975,1.0633251741400245,1.4728441586600223,0.30730261148325483,1.5316956209478731,3,0,WTS,0,1,0,0.24828747963084596,1,3,1,0,0,0,0,0,maintenance,3,0,safe,high,limited,0.44845686623416436,0.8584965203173269,5,14,59,30,9,0,1.9651482746847804,87.93930568071954,96.5609831380884,34.15703870315679,33.85068794254729,0.7091812774370987,1783,0,0,0,0,0,2,1
2021-12-04,2021-12-13 16:58,1818,2021,8,26,244,2,11,-49.3144864621346,-51.315870821204385,-50.608781865012915,29.205221021572637,2.9570487572476756,37.93066936231481,1.3230187388090089,17,1,7,activity_99,146.326578462746,surface_operations,1.818,0.5757924711223097,34,5,0,4,0,0,0,1,1,0,0.5828233520696259,1.1047342081182563,0.7577784882039913,1.3520453404656623,0.5359323794444442,1,0,CAMERA,0,0,1,0.013281203458580082,0,5,0,0,0,0,0,1,science,3,0,safe,low,limited,0.7671322947673853,0.688373154065241,8,25,69,40,2,0,53.65256083934482,85.99407141834092,21.30353198432642,60.77784386068872,8.379097254826162,64.30609935400297,1818,0,0,0,0,0,4,1
2021-10-07,2021-09-14 23:47,1814,2021,12,9,178,4,17,-55.162259253229784,-56.13437663340514,-62.662618304746495,13.001418172132274,15.263001154911224,33.07872127322899,2.232977553454642,4,1,4,activity_100,106.88244273649548,extended_mission,1.814,0.289136718418761,39,2,0,5,1,0,0,0,1,0,0.19521686824551907,1.11105173485036,1.3146250560259172,1.7042445623264948,1.7837946668544251,0,1,CAMERA,1,0,1,0.5843959215894574,0,5,1,1,0,0,0,0,maintenance,0,0,safe,medium,nominal,0.5333099019093674,1.2378920360586938,0,18,90,5,2,4,52.77620653364475,55.74409671635999,97.83308076772478,77.31676917469589,10.626590479239583,77.84284067813999,1814,0,0,0,0,0,4,0
2021-02-09,2021-12-21 05:02,222,2021,4,6,103,0,22,-61.81314492773002,-51.800830686963565,-41.61020739932225,6.306977581718991,17.05085289751001,11.936873524758386,4.434791142687488,14,0,9,activity_101,273.4272535380999,surface_operations,0.222,0.31922529778618847,35,1,1,4,1,1,0,0,0,0,0.17374459513433152,0.5527643324631715,1.4437663822120144,1.7647344917218308,1.4406483233260547,3,1,IDA,1,1,0,0.7023987210805986,1,3,0,1,0,0,0,0,maintenance,1,0,degraded,high,limited,0.3795522270877036,0.5058775624266398,0,15,99,29,18,3,58.81260654678548,66.69657034871818,20.07128429137922,88.0154732910259,19.499673752101977,31.34773598464504,222,0,465,778,78,678,3,0
2021-09-03,2021-11-12 11:02,244,2021,5,7,78,3,10,-88.37646141541259,-30.265884177199503,-42.45013632027166,8.401405860791073,16.721578015905617,10.41751121961392,1.8552901414881147,18,0,4,activity_102,145.30532229716297,extended_mission,0.244,0.06167458362095746,12,9,0,3,0,0,0,1,0,0,0.609866349029047,1.3691773254865889,0.802623182928755,0.9899725045171512,1.1983487131913988,0,0,APSS,0,1,1,0.5270076245815337,0,4,1,0,0,0,0,0,science,1,0,degraded,high,critical,0.655426506303865,1.2486629871614099,0,13,69,23,5,2,14.562864670542341,69.74316172371925,64.28065910861737,78.27456742513867,93.74811723991047,69.1927363266592,244,0,443,756,56,656,0,1
2021-10-22,2021-05-08 03:26,556,2021,4,5,305,1,7,-71.67244063103868,-45.065873558726736,-68.18653002287617,24.961337626279764,14.144566566708466,11.663362520396216,2.1502485886720955,14,0,1,activity_103,18.44074670555277,extended_mission,0.556,0.9859341686249178,22,9,0,4,0,1,0,1,0,0,0.10356394871092849,1.1020929166234827,0.8837724579774092,1.7581190032118357,0.8978977099845746,3,0,APSS,1,0,0,0.8939730574625047,0,6,1,0,0,0,0,0,maintenance,1,0,safe,medium,nominal,0.8298487915889097,1.4100743029550058,9,24,77,43,18,2,1.8081092205685434,40.032986841075825,54.987692115621044,61.95825928270868,66.34903451287101,83.629131310246,556,0,131,444,0,344,0,1
2021-01-10,2021-02-12 22:07,1418,2021,5,22,353,6,5,-80.252861551492,-26.925286113065518,-49.6805059693766,24.054687779852053,14.272147325269431,12.262902338470766,3.059657313952428,5,0,7,activity_104,23.625391744014323,surface_operations,1.418,0.08514363655608215,13,8,0,3,0,0,1,0,0,0,0.9679889616111826,1.4921670449934714,1.49262554845287,1.347506956919104,1.2344861766358188,1,1,SEIS,1,0,1,0.4426548482604331,0,3,1,0,0,0,0,1,science,4,0,safe,medium,critical,0.8661596111508054,1.042652467883849,3,21,79,28,8,0,93.34131270234548,72.35345733310886,57.71866762233089,64.7720054420612,2.9299443103418366,61.81029655616969,1418,0,0,0,0,0,0,0
2021-07-24,2021-08-01 23:53,65,2021,4,12,291,4,19,-57.45141273907277,-27.019317208002832,-56.20311448621609,6.827127275653756,5.473327698429154,39.300191211888595,3.1831635885471594,7,1,6,activity_105,87.52483095216073,extended_mission,0.065,0.148808714518176,43,8,0,1,0,1,0,1,0,0,0.9276714172252668,0.7601505280472165,0.7090581287808662,1.5727233149006097,2.765047677610908,1,0,APSS,0,0,1,0.582144802814742,0,1,0,0,0,0,0,0,maintenance,3,0,nominal,low,critical,0.9548661159312,1.8683113568737733,8,12,84,44,4,1,88.98363940883107,60.053476820641485,53.00523392123808,2.784105126258629,24.665644684477783,45.96147517329264,65,35,622,935,235,835,2,1
2021-11-18,2021-04-16 16:15,1133,2021,3,24,166,5,20,-75.03757903699199,-30.075773284500432,-65.62750461809044,10.130502182351796,3.7903808647475357,9.396546460468258,1.8995315165189934,16,1,8,activity_106,158.53472028907584,surface_operations,1.133,0.7619343757430971,36,6,1,4,0,0,0,0,1,0,0.518749778148331,0.3048280954764954,0.7622743218149849,0.9541057203289689,0.8922565603653003,1,1,CAMERA,1,0,1,0.49289628558460274,1,6,0,0,0,0,0,1,routine,2,0,degraded,low,nominal,0.8422568338551122,1.3432171307413774,4,22,8,28,15,2,65.6815231088449,19.820626523551965,14.400322391982211,99.94678942025801,62.23759314731742,43.098787265719054,1133,0,0,0,0,0,2,1
2021-11-10,2021-03-20 17:44,1964,2021,12,27,318,2,16,-51.68243597213049,-33.68200355181631,-37.924662826890106,21.187994889254078,19.37888794348582,29.988528175267003,4.66096374312011,5,0,7,activity_107,317.94949905249905,extended_mission,1.964,0.5281777214230171,25,8,0,3,1,1,1,1,0,0,0.5342437544748967,1.320635716099007,0.5100469810548316,0.5922607374830462,1.7283260797803273,1,1,HP3,1,0,0,0.16367566372972786,0,4,0,0,0,0,1,0,science,1,0,safe,medium,critical,0.4523898592000627,1.9490321886953128,4,19,23,24,6,1,78.04711383801549,20.117523228887947,8.00634025289656,47.44531798445233,0.9969234734518495,8.476615442633317,1964,0,0,0,0,0,3,1
2021-02-07,2021-04-11 01:15,1244,2021,7,13,293,0,20,-88.75913942774254,-26.590237593645377,-58.55849213022063,26.04038649394538,11.0924098242229,36.55709303202261,4.66786843886582,7,0,6,activity_108,193.35004401243725,surface_operations,1.244,0.6693154163635017,33,7,1,3,1,0,0,0,0,0,0.6610705582026382,1.9469984073112925,1.058953240270377,0.8045905851043642,1.7975542339463895,0,0,IDA,0,0,0,0.5027834418466806,1,2,0,0,0,0,0,0,routine,0,0,nominal,low,nominal,0.7099580348001594,0.5127433679108142,1,8,77,30,16,4,28.321908380966743,88.141033232325,59.364858510736084,60.786282408098046,40.336430502635324,67.6472143492411,1244,0,0,0,0,0,3,1
2021-08-24,2021-03-25 18:32,1030,2021,2,15,86,3,9,-56.54229222325746,-43.58785112509352,-53.81845502290223,6.228709758629426,3.8212427869271637,32.66797626367767,2.542814748715369,3,0,2,activity_109,135.4425762100288,surface_operations,1.03,0.4828785341158436,39,1,1,1,0,0,0,1,0,0,0.595621442323582,1.9000346381876683,0.7122775152855144,1.0802022716770274,1.6868028178205323,1,0,APSS,1,1,1,0.9365702180708392,0,3,0,0,0,1,0,0,maintenance,0,1,nominal,low,limited,0.7709781219906588,1.295636330490864,8,23,24,14,7,2,30.570213581048854,52.45005742189765,65.18680936476059,77.94830168845284,76.71707184490609,97.26887432610853,1030,0,0,0,0,0,1,1
2021-02-06,2021-03-11 05:02,1958,2021,8,11,271,4,19,-53.78068220009777,-52.41777965852238,-34.84929380078521,15.773533412958173,3.96006060615107,20.330762872261527,2.3393469326383753,2,1,3,activity_110,146.54764057643288,extended_mission,1.958,0.5211737249135375,11,6,1,2,0,0,1,0,0,0,0.7564739038538865,1.2074913846709643,0.8590007680792637,1.5125367337471107,1.4701461856523923,4,0,SEIS,0,1,1,0.3320007021176792,1,4,1,1,0,0,0,0,maintenance,0,0,degraded,medium,nominal,0.7524555784865592,1.8099663098865924,7,27,94,12,15,4,25.320116336997668,55.52958253281813,52.75796224253504,65.54359784406613,23.31875544216163,86.44029871943977,1958,0,0,0,0,0,2,0
2021-08-26,2021-10-02 16:29,1189,2021,8,7,308,2,8,-69.67968565995022,-25.94955330551759,-39.068209068130855,11.679131564699748,4.890808859685986,12.95627248745096,2.0265680323799016,9,0,5,activity_111,238.26971239740197,extended_mission,1.189,0.8237444619122997,47,7,0,3,1,1,0,0,0,1,0.7348207331747064,0.6385494248220493,0.9686018101215098,1.186951723384867,2.7171022570790178,2,1,IDA,0,0,0,0.5750704190854149,1,6,1,0,0,0,0,1,science,4,0,nominal,medium,limited,0.6318714530895868,0.5061593043461727,8,9,23,3,4,3,70.8799264906154,17.78797954606286,88.85332885244848,44.19078449789259,14.284590759192373,76.42515980693955,1189,0,0,0,0,0,0,1
2021-11-09,2021-06-23 01:08,1571,2021,12,17,225,2,5,-86.77496206567191,-21.099100174653522,-50.51865156174409,18.994893054494106,10.402308290047891,26.3756122875617,1.6893488874818972,4,1,4,activity_112,346.6409883040935,extended_mission,1.571,0.8066858547635796,20,6,1,3,1,0,0,0,0,0,0.35853192538936085,1.5262302236783545,0.9534162306242681,1.7839199176595775,0.6368624556489878,1,0,IDA,0,0,0,0.5988830947573172,1,5,1,0,0,0,0,0,maintenance,0,0,degraded,medium,nominal,0.6853817104339968,1.7388323396402219,5,19,64,12,0,4,46.738733544792545,28.557961623863637,96.16114422544469,31.284462800566814,9.804453811093982,52.68171660504134,1571,0,0,0,0,0,4,1
2021-09-02,2021-05-01 03:35,1675,2021,6,26,281,2,8,-49.528625576859255,-27.99389406432998,-33.05419050987062,24.255719141246832,14.954010280261791,13.19359327397242,0.7696631989448666,10,1,0,activity_113,286.3959810935933,surface_operations,1.675,0.2899247626330286,17,5,1,2,0,0,0,1,0,0,0.9137022944315546,0.4817525841483342,0.8666377000964565,1.2286821000700443,0.8984872119285054,3,1,APSS,0,1,0,0.719199695595767,1,2,0,0,0,0,0,0,maintenance,0,0,degraded,high,critical,0.5913994499810482,1.1732770484780044,5,13,67,25,14,0,68.98236928976374,60.24411098614427,10.724683349584607,50.81688063439632,73.54783883332476,99.20747645913562,1675,0,0,0,0,0,2,1
2021-06-02,2021-08-27 08:47,1735,2021,2,6,96,5,7,-54.79122219026551,-58.80837983869511,-74.55992788624071,6.878072753862731,10.713201234562241,34.905927911489115,0.5219800970911337,14,1,0,activity_114,263.8218014180696,extended_mission,1.735,0.48285476498294677,15,9,0,5,0,1,0,0,0,0,0.9370048400119654,0.8904213038131259,0.9917379430189894,1.6443543737191997,2.516769519362654,1,1,HP3,1,1,1,0.4815891402193626,0,3,1,0,0,0,0,0,routine,2,0,safe,high,limited,0.4616855173696445,1.70287092925419,2,8,61,29,11,4,5.821751207533965,92.70041601014083,64.84549141814348,37.95993564483323,75.50604148161828,67.23268099936412,1735,0,0,0,0,0,3,1
2021-12-26,2021-03-24 18:48,870,2021,10,28,245,1,9,-52.140544015901526,-47.77406012655266,-48.31577845646555,18.44208804387751,0.09424851044482319,7.533628939250862,1.8066569561870924,13,1,1,activity_115,33.667244495247424,surface_operations,0.87,0.4737732925144229,12,4,0,5,0,1,0,0,0,1,0.8374584078698435,0.8476848211458197,1.040765631300543,1.3159510295034893,2.2565739410947896,2,0,WTS,0,1,0,0.9689678620822997,1,2,0,0,0,0,0,0,routine,3,0,degraded,high,limited,0.9319805149251752,1.775644231518392,6,14,45,37,13,0,54.661493966367104,43.604697411857906,74.86721752509908,82.79249545453125,77.1243074033178,3.881294781180211,870,0,0,130,0,30,1,1
2021-04-18,2021-09-18 02:09,1044,2021,1,7,111,0,10,-48.43770974550287,-29.32926574646657,-59.221078884428394,14.420265694355312,10.671088671071589,5.008435163979709,1.5855995121711253,5,0,8,activity_116,30.016459356753433,extended_mission,1.044,0.16676426887269202,30,2,0,3,1,0,0,0,0,0,0.8790805327354587,0.6344294669074998,0.5785362427927987,0.8346071037744971,2.3691295614124446,3,0,IDA,1,0,0,0.792662476751617,1,5,0,0,0,1,0,0,routine,2,1,degraded,low,critical,0.7666961987775196,0.9264324336431891,3,29,74,11,17,3,15.368413580724683,86.29640464754755,26.602137672880176,59.08158748955077,50.57728338692109,1.7988131572387656,1044,0,0,0,0,0,1,1
2021-01-26,2021-10-25 15:14,1535,2021,10,15,172,5,23,-67.4974034723054,-46.48731826713744,-57.53555690951293,11.057333230011663,18.489885655481057,23.261012902682012,0.5603425424245541,4,1,4,activity_117,163.844723171797,extended_mission,1.535,0.8056082888143147,8,1,0,2,1,0,0,0,0,0,0.7644659594304769,0.8040966396336224,1.2651065916331308,0.9491506225622905,1.710461245806492,3,0,IDA,1,0,1,0.5241546676947559,1,2,1,0,0,0,0,1,science,2,0,nominal,low,nominal,0.330219203604059,0.9644011176282501,4,29,92,17,14,0,96.7739954659086,32.15418323978714,99.82340258287203,99.61636931702633,19.12105177467418,31.274111618840017,1535,0,0,0,0,0,1,0
2021-08-12,2021-06-24 18:57,1290,2021,10,1,16,5,16,-66.06491397153339,-53.10603143420147,-41.14491699099518,27.789780695153166,11.082523267165485,23.450155300471316,3.9378343834652805,10,0,8,activity_118,205.88310808522334,surface_operations,1.29,0.6262592746624267,11,9,0,2,0,1,0,0,0,0,0.9511988475217125,0.4386333394720683,1.2746729371817982,0.6972244826674783,2.833982859253129,2,0,HP3,1,1,1,0.5056563574302194,0,1,0,0,0,0,0,0,routine,0,0,safe,low,limited,0.8743283114525973,1.3764795976440636,2,10,14,5,19,0,58.096858663159246,72.98891177035978,41.09329049627583,62.92191930082921,69.93129211553037,71.11218170152858,1290,0,0,0,0,0,2,0
2021-10-17,2021-04-12 12:58,1720,2021,4,10,323,6,1,-71.00378545189928,-39.92257676876557,-47.77179359530153,18.997263296144634,9.728100710723563,22.672648143129003,1.2938535969254878,7,0,6,activity_119,75.79025583862068,extended_mission,1.72,0.1310798617047031,19,8,1,2,0,0,1,0,0,0,0.7608789900847968,1.3446912381345806,1.3749876880526515,0.42410745523060733,2.787708333395187,2,1,SEIS,0,0,0,0.40663652688497043,0,4,0,0,0,0,1,1,maintenance,1,0,nominal,high,nominal,0.6563793696312654,0.7211808761392023,3,26,74,4,16,3,1.133259320448754,54.863430519458355,97.33942914360433,43.868470289979356,54.07575018873564,96.79697967699555,1720,0,0,0,0,0,3,1
2021-09-15,2021-02-24 13:47,1245,2021,7,4,114,2,4,-87.64694010615263,-33.25813219544059,-36.17531501433485,9.07256636193485,16.24827315247801,34.86885067379296,4.614531991999176,18,1,5,activity_120,59.24813209686103,surface_operations,1.245,0.32066275473643224,21,4,1,2,1,0,0,0,0,1,0.7483358914589826,1.0000639603600239,0.7562923753692176,0.5856202440373652,2.1748837271480452,4,1,IDA,1,0,1,0.07965392762042289,0,2,1,0,0,0,0,0,maintenance,1,0,nominal,medium,limited,0.4032168203324308,0.5446043919419039,9,17,80,29,12,0,99.25977185816602,65.90346810990013,5.0455570620123735,10.456286475434151,88.10040848147078,52.749594455826156,1245,0,0,0,0,0,0,1
2021-02-02,2021-09-24 16:59,569,2021,4,17,49,3,19,-77.16597041748683,-31.44396266413608,-53.399167056992056,15.059839120360753,3.02915244800829,20.46471620672064,3.9681138684210526,11,0,3,activity_121,125.6588728061585,extended_mission,0.569,0.6685049011509828,20,2,0,1,1,0,0,0,0,0,0.32139976627611566,1.1577562830884205,0.982356208582753,1.354299666075152,0.6700255798810513,2,1,IDA,1,0,1,0.2363365902687512,1,6,0,0,0,0,1,0,routine,0,0,safe,low,critical,0.6629450824595683,1.0284633263137675,9,15,6,3,19,0,53.36169313092108,94.40412782809274,39.62772624917006,69.38633423283946,48.93227474751214,51.25762159242117,569,0,118,431,0,331,2,0
2021-08-28,2021-01-12 03:42,1510,2021,5,2,168,5,20,-65.33762534870071,-36.83480783859804,-66.4915055799743,27.522693256674767,13.483738976592276,27.16441210681211,0.9477330178128716,10,0,8,activity_122,254.15654506631765,surface_operations,1.51,0.07869767519539905,7,4,0,3,0,0,0,0,1,1,0.7150910383485254,1.4309781340939514,1.0018402425556383,1.4669167912054817,2.6033492975151207,1,1,WTS,1,0,0,0.09473891477934415,1,3,0,1,0,0,0,1,science,4,0,degraded,medium,critical,0.6919955700244905,1.6083924441964326,2,16,89,5,10,0,30.13917957663592,62.59839139179536,15.05445880622247,46.904004666596286,50.44247460634369,58.50778163732161,1510,0,0,0,0,0,2,1
2021-08-15,2021-05-04 20:51,1795,2021,3,21,260,6,16,-53.288609940695835,-57.79561440237333,-35.045718066690135,22.574793153670488,4.3225199669752445,11.41918720134089,2.4424709636470254,12,0,2,activity_123,41.82500673147209,surface_operations,1.795,0.2107066650749062,33,9,0,4,0,1,1,1,0,0,0.2146672645258861,1.350673189726453,0.5751429531775866,0.5013036394895254,2.1118918164752323,2,0,HP3,0,0,0,0.1682110924335416,0,3,0,0,0,0,0,0,routine,4,0,degraded,low,limited,0.48751150797220855,1.4060074966092502,8,28,59,2,0,3,22.52071002162016,25.709608939511174,47.94549781497657,36.72777012807092,91.38145226249442,36.82954676557095,1795,0,0,0,0,0,0,0
2021-03-27,2021-02-20 01:48,998,2021,12,19,87,4,12,-56.066995308655144,-43.16413884963096,-31.736208996904203,19.981937945589795,16.14955871303818,8.82745660883176,2.2878108182565757,18,1,7,activity_124,195.90593363164862,surface_operations,0.998,0.07257479804471079,9,1,1,5,1,0,0,0,0,0,0.7018779290048324,1.1771806382494494,1.3328935948872296,0.4876333647546053,0.8244574143065282,1,1,IDA,1,0,1,0.25361562763856416,1,2,0,0,0,0,1,0,science,0,0,nominal,low,critical,0.9731214179024152,1.6544632458254818,1,29,30,41,11,0,78.69757993812009,5.638185385323158,36.93826475825851,50.58092225923298,56.03486743503234,72.86151567927769,998,0,0,2,0,0,4,0
2021-05-09,2021-09-25 00:01,1250,2021,3,14,20,1,8,-81.65851475248687,-58.13260720402905,-39.921074317923015,11.314650167118105,16.59287610705857,29.63778334620804,4.75553091672862,4,1,7,activity_125,297.6272742873083,surface_operations,1.25,0.6305886973085435,49,9,0,3,1,0,0,0,0,0,0.5571076744030429,1.1514515625873962,1.3106038482601612,1.403281058690372,2.15947905985361,0,0,IDA,0,0,1,0.34202266424798167,1,1,1,0,0,0,0,0,maintenance,3,0,degraded,medium,critical,0.9659774607390907,1.4334749558728277,0,9,79,3,10,2,70.54966519346239,67.1779270254866,39.43411463506643,0.12844255268014138,12.015925873562194,53.455454475603915,1250,0,0,0,0,0,0,0
2021-07-08,2021-03-18 17:52,1032,2021,1,15,146,4,6,-80.60482056007918,-35.00818405125099,-59.85973416821204,10.280206464698793,6.263641014072703,11.259437397772977,4.558622485270472,6,1,3,activity_126,264.5461873798564,surface_operations,1.032,0.32053616680649555,21,5,1,3,0,1,0,0,0,1,0.4942302910278822,1.7498601199500328,1.0658630735596195,0.5358534976413503,2.226556855203354,0,1,HP3,1,1,1,0.14556750983323574,1,2,1,1,0,0,0,0,science,2,0,nominal,low,limited,0.9204580529668787,1.7568099051790442,2,22,93,49,12,4,5.63332777992398,2.3884191319142767,45.002423952780255,33.269017969267,43.82986080331659,26.269330988000515,1032,0,0,0,0,0,4,1
2021-09-27,2021-07-23 23:04,768,2021,5,17,30,0,5,-76.12866325995104,-34.2879179935167,-43.823946061654105,26.774189996563564,6.846681649219814,31.942030758495495,3.0261012088520207,14,1,1,activity_127,240.9787525211529,extended_mission,0.768,0.512605053021588,14,1,0,5,1,0,0,0,0,1,0.1662070187941891,0.2961822843038309,1.4375503374073384,1.0948134382773091,2.03725753641734,2,0,IDA,1,0,1,0.7472246450885869,0,4,0,0,0,0,0,1,maintenance,0,0,nominal,medium,nominal,0.3990648417149721,1.8237052924147032,0,8,89,15,3,0,27.725841634918613,99.66832779346797,75.07902311797878,64.47199773818177,35.52896432193188,4.916082915504816,768,0,0,232,0,132,3,0
2021-03-18,2021-12-19 00:39,687,2021,6,16,40,5,15,-68.92228758909829,-31.698582490182254,-54.179047574047786,25.16239865263113,3.5929063172826337,38.58579717597092,2.233231824976432,2,1,5,activity_128,153.32153581320546,surface_operations,0.687,0.9146164545151915,23,8,1,4,0,0,0,1,0,1,0.24753854885788248,1.5247164089273204,0.8012312947939082,0.9950865132069693,1.9985763550690543,0,1,WTS,1,0,1,0.9214193348763277,1,1,0,0,0,1,0,1,science,3,1,nominal,high,limited,0.47304425161721375,1.622562874142274,5,24,60,17,5,1,19.644131522278585,61.38459450077243,8.771764171996432,39.15370996016292,71.33217295012723,65.94232468499163,687,0,0,313,0,213,0,1
2021-10-02,2021-06-08 03:24,288,2021,12,28,40,6,13,-70.0200744189566,-25.90278329723524,-52.48659565227036,21.972521055755184,7.83935480548926,14.22619039324085,4.795880723223041,10,0,3,activity_129,323.02745846990587,surface_operations,0.288,0.0007168587065797816,10,6,0,1,0,0,0,0,0,1,0.31022239080012326,0.6742522022489268,0.5378201365520353,0.48457818538548736,2.965874807360405,4,0,WTS,1,0,0,0.990712558623105,1,6,0,0,0,0,0,1,maintenance,3,0,safe,high,limited,0.45616301291174904,0.5847735361951361,1,0,88,30,4,2,25.349375325719038,94.05373011029477,90.59439679262645,56.6806105010466,35.44239919873861,38.114688203473555,288,0,399,712,12,612,1,1
2021-01-14,2021-09-03 12:34,1269,2021,11,2,111,4,18,-46.67862985506219,-58.66707202241966,-33.92456765760636,7.959055696282451,12.915183558760653,13.752886411987964,4.264485760263262,19,0,4,activity_130,218.05172656555524,extended_mission,1.269,0.5709915713259784,17,8,0,3,0,0,1,0,0,1,0.2770197024080918,0.299598296894023,0.698130741823577,0.3138013464380692,2.0681460015899455,3,1,SEIS,1,1,1,0.3458285703095939,0,1,0,0,0,0,0,0,routine,1,0,safe,high,nominal,0.5301420012448135,1.4162901252752755,1,15,51,21,3,0,4.476838868848687,5.404762734972657,45.723041961954436,54.96223011060349,88.7817640335819,10.466063390789627,1269,0,0,0,0,0,2,1
2021-03-10,2021-01-19 18:54,1231,2021,7,13,127,3,0,-40.395390648558994,-54.78593281140833,-39.17691635713782,14.869382919292072,9.844323665749338,35.82277021126022,2.3581003531514595,3,0,0,activity_131,149.5580458534779,surface_operations,1.231,0.0023474738674531537,36,9,0,2,0,0,1,0,0,0,0.20913840402322303,0.404771525848189,0.9109606080359033,1.2717555579123399,2.280179980619826,3,0,SEIS,0,0,1,0.6334641192357726,1,3,0,0,0,0,1,0,science,0,0,degraded,low,critical,0.717706093074352,1.0058030527534292,5,0,54,18,12,4,99.82224506090506,88.88425117385317,4.8324408855396905,56.32558438256834,64.78223048244357,20.95346239501257,1231,0,0,0,0,0,0,0
2021-07-11,2021-10-07 03:28,1464,2021,8,20,324,4,11,-88.4514698288745,-49.004173669716494,-73.52400565753967,15.508384729887474,17.902000581324884,39.39283440227492,3.366713990766324,3,0,9,activity_132,316.7746429098145,surface_operations,1.464,0.9148578059207596,13,5,0,2,0,0,0,1,0,0,0.34346960215466193,1.6485067707345757,1.1154909596667193,1.430670901629623,1.6180343519844627,3,1,APSS,1,0,0,0.838971096674068,0,6,0,0,0,0,0,1,science,0,0,degraded,medium,nominal,0.49180824626988323,0.972261733113103,8,1,97,2,15,2,45.532874980860214,90.84375478722649,10.448031675395807,72.02679239473956,68.72830044131277,9.575419866335766,1464,0,0,0,0,0,1,1
2021-10-12,2021-05-10 09:22,1273,2021,3,20,29,0,19,-52.742759508608984,-51.45730798655231,-74.51974704680246,24.4139367946305,16.43298667760145,7.081805708793635,3.2490838497127843,19,1,8,activity_133,222.38169266224594,surface_operations,1.273,0.8744145541964785,25,3,1,2,0,0,0,1,1,0,0.5801306283156634,0.2949619066977635,0.956938849898249,1.71323687554499,2.719648374338882,2,1,APSS,0,1,0,0.7075228189780428,0,1,0,0,0,0,0,0,routine,0,0,safe,low,nominal,0.9721864509444464,1.539754040380769,0,18,69,7,3,4,48.0648028312409,55.18287335341685,63.17748436527554,25.71185039986945,94.86540809029907,16.975849820713584,1273,0,0,0,0,0,4,1
2021-10-25,2021-07-27 16:59,1129,2021,9,18,292,0,15,-67.60281798961483,-38.781072512088315,-56.29015588882917,26.25942298249264,4.594046307242687,13.389817738485565,2.1767229660968592,6,1,7,activity_134,210.67012274142738,surface_operations,1.129,0.91344469847559,14,1,1,3,0,1,0,0,0,0,0.8266110590803317,1.5733872853214494,0.8861559185938211,1.7315953530502115,2.7766075395863634,1,0,HP3,0,1,1,0.7423102455337244,0,2,0,0,0,0,0,0,maintenance,1,0,degraded,high,limited,0.764353827669545,1.1123562790194481,2,1,38,8,18,0,79.38933617620721,98.93406378396237,67.91583457435569,98.49503163616441,2.8836326921705346,33.81399884838084,1129,0,0,0,0,0,4,0
2021-10-10,2021-03-10 05:48,730,2021,5,26,191,2,23,-50.93715231085739,-45.36322258345699,-64.12788920819821,21.805016589127806,3.9351755534331123,36.347852185411185,0.9751927821176343,19,1,2,activity_135,103.63662120054404,extended_mission,0.73,0.8699295623969936,10,5,0,2,1,0,0,0,0,0,0.5422665370894015,1.4995585312373554,1.437741654934822,0.4368774886785721,0.5487566190263006,2,1,IDA,0,0,0,0.6193482489588372,1,2,0,0,0,0,1,0,maintenance,2,0,safe,high,nominal,0.5017064950441821,0.854011895485568,2,10,84,23,14,0,0.18120338692516613,22.381808605642885,34.044108009941844,99.09861694966852,52.354159385708165,20.47139475951013,730,0,0,270,0,170,4,1
2021-01-18,2021-05-13 09:36,892,2021,10,14,1,6,1,-46.25302971986643,-27.566875465509163,-30.85561637405926,28.163694518774385,17.962476694257575,30.606151918181393,2.1514916627069933,16,0,9,activity_136,1.0231753190300807,surface_operations,0.892,0.2951088601842853,46,6,1,5,1,1,0,0,0,0,0.9080162257528234,0.8298118345653176,1.0513173906628142,0.8393147167800052,0.8145058408651282,2,1,HP3,1,0,1,0.45186904465227784,0,5,0,0,0,0,0,0,science,4,0,safe,medium,nominal,0.371228169950711,0.5737289430870656,2,16,55,23,1,4,45.32616833817231,68.43286504552667,35.99140362153634,66.78062199866169,4.0595985302373405,39.075298456700416,892,0,0,108,0,8,3,1
2021-12-19,2021-10-07 11:19,1532,2021,5,16,233,6,19,-72.8762390406848,-55.68150207556658,-71.86593595132804,19.723400564063695,10.41310707468223,30.977035319239636,2.793809795017717,17,0,0,activity_137,7.915147934156499,extended_mission,1.532,0.33555720169665715,13,7,1,3,1,0,0,0,0,1,0.39644026033079593,1.2580317291194698,1.3472967455354938,0.961911505125103,0.5448946593753774,4,1,WTS,0,0,1,0.43695486108369774,1,4,1,0,0,0,0,1,science,4,0,nominal,medium,critical,0.9692929994396582,1.5474088902958196,1,8,44,38,9,0,51.370386562255554,24.026258449893145,12.46974471236032,58.6208166190509,76.42556740241413,99.31541035901606,1532,0,0,0,0,0,2,0
2021-09-14,2021-05-21 18:52,343,2021,8,12,356,6,14,-52.78158978480047,-35.222197047273866,-38.861596094801484,15.795127519647801,15.716169684887,21.18598859728018,4.734346045292572,11,0,1,activity_138,122.79395397146463,surface_operations,0.343,0.7850718615635127,47,7,1,5,0,1,0,0,0,0,0.8918293921477167,0.28115994080970186,1.2312211098732462,1.6079776443674356,0.7451446214061439,4,1,HP3,1,0,1,0.8524388856418731,1,1,0,0,0,0,0,0,maintenance,2,0,safe,low,nominal,0.6293313237740097,1.291711045338245,8,23,88,15,19,4,51.71208881133305,76.36104796141586,44.73324266661878,78.98646210355388,61.834630704545745,11.309973942382246,343,0,344,657,0,557,0,0
2021-12-22,2021-12-28 12:24,308,2021,12,19,238,6,12,-85.5184113347691,-21.630582587047115,-42.795180656745984,24.70399470339266,14.082087215432736,25.6405162626763,2.524607514884774,16,0,4,activity_139,298.68072489543425,surface_operations,0.308,0.3170009697343039,49,7,0,4,0,0,0,0,0,1,0.8657006412993945,0.9630749630533992,0.5664731302091716,0.30237696669951014,1.8082311572224876,3,0,WTS,1,0,0,0.4521829393601079,1,2,0,0,0,0,0,0,routine,3,0,safe,low,critical,0.564791725578011,1.2097589774464348,9,14,69,35,7,2,69.79717909236136,0.1579421077911869,87.15072134906347,3.03795799544625,71.27537547625842,4.625818926128389,308,0,379,692,0,592,0,1
2021-08-16,2021-01-16 17:06,32,2021,8,17,243,6,12,-42.75076072220784,-54.33554597528403,-46.07249741329179,14.54950113657365,19.136293411817554,16.549121335159676,4.829836592713101,8,0,5,activity_140,203.4260218932097,surface_operations,0.032,0.6387261822492196,34,5,0,3,0,0,1,1,0,0,0.6502213117885441,1.9352974342366809,0.5955744476626011,0.33382383229512963,0.63937399617582,3,0,APSS,1,1,0,0.7049111327313361,1,6,0,0,0,0,0,0,science,1,0,nominal,high,critical,0.5743588328519061,1.2350063761465153,8,23,14,35,12,2,76.576332104754,9.148295792964712,51.38758347782336,23.15829912889994,18.121804361361725,81.03032991233326,32,68,655,968,268,868,0,1
2021-06-17,2021-05-28 21:23,757,2021,1,21,51,1,10,-54.36992963508034,-32.47877924192075,-60.63074039903817,11.305060053983272,19.118375999240882,37.31548278944753,2.5579247445176914,5,0,2,activity_141,248.70726156233283,extended_mission,0.757,0.4243890180725104,25,5,1,2,0,0,0,0,1,0,0.5388234430570444,1.4557634890035047,1.0298952965539412,0.8875133948033234,2.0547860532096953,0,0,CAMERA,0,0,0,0.5570475861922342,0,5,0,1,0,0,1,0,science,1,0,safe,low,limited,0.9212941502713339,1.2061435885814045,0,23,19,4,5,2,59.4832713887504,33.53290074589354,81.58552557456903,80.25645343486241,84.57085817167271,11.551790010698216,757,0,0,243,0,143,4,0
2021-11-07,2021-05-10 03:04,363,2021,5,11,255,0,15,-67.80058928289849,-53.01165631804857,-66.06072062934874,12.01774356161485,19.986325363794254,14.380402518185907,1.9796081206030414,12,0,8,activity_142,285.13605277762605,extended_mission,0.363,0.21580425105969336,22,3,0,1,1,0,0,0,0,1,0.19532412066589616,0.23356385554660922,1.3046416973346773,0.5068424136218648,2.4399421245381054,0,0,WTS,0,0,0,0.8473550539093668,0,6,0,0,0,0,1,0,routine,4,0,safe,low,critical,0.9492619109954772,0.5994352811698254,0,21,64,2,14,1,49.70893093507971,75.28089945110099,82.32686531147722,87.93969933058844,48.771886831536946,63.063619052965045,363,0,324,637,0,537,2,0
2021-12-11,2021-12-25 02:50,696,2021,2,20,60,1,6,-68.4753208284245,-41.31034622364652,-64.19618841285103,27.364946833774297,10.85095724601292,39.24555372537493,4.145080001208185,3,0,9,activity_143,36.80070160750002,surface_operations,0.696,0.6065122253232189,30,8,0,5,1,0,0,0,0,0,0.5919630813489215,1.1962824863578834,0.9963989216770842,0.7590014603747512,2.8180161619770776,0,1,IDA,1,1,0,0.19695363020872136,0,2,1,0,1,0,0,0,maintenance,1,0,degraded,low,nominal,0.6352793930174299,1.845491117278511,9,15,9,44,1,2,97.37805009789288,0.8198321130962194,89.88153748063466,93.11204519433507,96.10209357652133,1.3076534174614851,696,0,0,304,0,204,4,0
2021-11-11,2021-01-22 17:27,1111,2021,3,4,22,5,22,-78.85249957211232,-52.47765734083698,-55.73912914021602,21.457094585653934,5.276121498927151,5.4224477355216285,2.835218139191406,17,1,2,activity_144,3.326971825985172,surface_operations,1.111,0.5894708030932468,24,3,0,4,0,1,0,0,0,0,0.41486521248176944,1.3295110775631793,1.2844081166182038,1.2722201145734668,2.3705177959878188,4,0,HP3,1,0,1,0.06779639582811259,1,5,0,0,0,0,0,0,maintenance,3,0,degraded,medium,nominal,0.8199050480304921,1.7698417549419279,6,0,43,27,4,0,82.36592509839738,68.27272977953116,70.07586674397159,72.66704692582125,94.2602700484747,83.21911523075576,1111,0,0,0,0,0,2,0
2021-12-03,2021-07-14 14:01,945,2021,3,12,320,0,19,-51.96693289881968,-40.77106174124107,-33.07957589964367,22.697017380913383,14.958473026228345,11.89267206043046,3.997830091275831,10,0,3,activity_145,153.4015003790806,extended_mission,0.945,0.327566293922126,29,6,1,5,0,0,0,1,0,0,0.8254105394396359,0.6557734669562434,0.7489289877145937,1.185571447805791,0.6752951143674741,4,0,APSS,0,1,0,0.1701526411445169,0,3,0,1,0,0,0,0,maintenance,3,0,safe,medium,nominal,0.5374151727675236,0.6665949549224821,7,13,43,41,19,3,30.88608992364632,65.88554042268422,56.64436850866266,47.17563093908743,49.58194726485391,73.22379140922875,945,0,0,55,0,0,4,0
2021-12-07,2021-02-22 13:07,864,2021,8,20,14,4,8,-87.97454135293391,-55.0835526983102,-65.8618233185972,15.048798115380489,16.914897566515265,17.119311777577565,3.445795370819583,12,1,4,activity_146,92.97516883937887,surface_operations,0.864,0.3572419681701362,36,3,0,5,0,1,1,0,0,0,0.6645853705221682,0.7426791476378469,1.4680209612276283,1.3544213229253599,0.8418056909336644,2,1,HP3,0,0,1,0.8419306744792533,0,3,0,0,0,0,0,1,routine,1,0,safe,low,critical,0.5161499608468102,0.9386627068842737,7,29,48,40,19,4,85.3629928527957,24.192772811923657,87.62923485239375,1.9043409274291823,73.24546291337298,93.3113221168653,864,0,0,136,0,36,1,1
2021-10-08,2021-06-28 13:10,121,2021,5,8,3,3,22,-58.13037510324325,-31.34582068503652,-64.90837275819457,7.460867726124744,18.336131561495527,24.606016344857547,1.1922166602833493,15,1,0,activity_147,85.95572184143039,surface_operations,0.121,0.4429140980419636,37,1,1,4,1,0,0,0,1,0,0.7207313813756817,1.504767536443785,1.1981169240835237,0.76645953207455,0.7491598051919397,3,1,CAMERA,1,0,0,0.8487912527758406,1,4,0,1,0,0,0,0,science,0,0,degraded,low,critical,0.6690581847753383,0.987586465087723,1,12,3,19,17,2,53.14859273045048,87.18662458509448,68.73744176977976,11.15823131332414,14.77463244379611,42.812336781837466,121,0,566,879,179,779,1,1
2021-06-25,2021-07-28 10:11,104,2021,4,7,226,5,5,-59.52773513363606,-34.2579150805033,-71.03972876198465,27.338364587460923,7.785327936180966,15.967929225062528,2.5806265126148262,3,1,5,activity_148,213.69979600070917,surface_operations,0.104,0.3034532164496062,26,5,0,5,0,0,0,0,0,1,0.3211752809672991,1.2385264702177623,0.7745445847404446,1.5361417357265614,0.5133104764276606,4,0,WTS,1,1,1,0.5619813416263792,1,2,0,0,0,0,0,0,maintenance,3,0,safe,high,critical,0.6153755773469531,0.5174673492546443,8,24,84,8,15,2,54.94895735118204,67.84192517137123,60.77091118319272,39.397782891724354,26.531310699584143,16.82308432036831,104,0,583,896,196,796,3,1
2021-03-01,2021-03-04 22:27,252,2021,12,21,341,4,16,-71.30360651466081,-37.4874955618548,-72.87039614386104,6.03069534997651,5.015966702239254,29.139557482761816,4.334664865100052,6,0,0,activity_149,184.52974566496914,surface_operations,0.252,0.5782297861695137,9,7,0,1,0,0,0,0,0,1,0.17550816456601837,0.29409747008997034,0.7534571296730163,0.4113702889958186,0.7594367715868517,0,1,WTS,1,0,0,0.6838933547776769,0,3,0,0,0,0,0,0,routine,3,0,safe,medium,critical,0.5673706133316881,1.3464515970047453,5,29,6,47,6,1,28.15096207723755,24.423370036407853,56.035197401996186,2.1738838063707355,52.057054429917336,39.177174201200316,252,0,435,748,48,648,0,1
2021-07-11,2021-02-22 13:39,909,2021,7,15,81,4,17,-42.918340925739855,-31.554819279876405,-61.696275069916375,19.52616228209788,18.884591587285122,33.413458743102254,3.8382472117789685,16,1,7,activity_150,294.8786374239676,surface_operations,0.909,0.8246812392279365,17,9,0,2,0,0,0,1,0,0,0.3396101450660213,1.1261484858480328,0.6068852954890606,1.290178354494261,2.5901981879170957,1,1,APSS,1,0,0,0.7226117248344496,0,5,0,0,0,0,1,0,routine,4,0,degraded,high,nominal,0.6087813148688335,1.6004327439319201,8,12,4,31,18,4,37.888709033260525,3.4716152183894566,10.207492476609792,60.14107220036114,87.38218211622534,11.982475870926724,909,0,0,91,0,0,3,1
2021-12-23,2021-02-12 06:46,1081,2021,3,16,321,2,15,-61.87439404323417,-43.91475379884494,-46.02477262020554,18.765332449628588,5.011631531883856,18.920514146795284,2.4265110638625877,7,0,0,activity_151,177.50761552352665,extended_mission,1.081,0.9617624783454688,14,8,0,4,0,0,1,0,0,0,0.3249988617014486,1.1632169138121289,1.189608019000408,1.318870501986412,1.130697398942091,3,0,SEIS,0,1,0,0.322901068577901,0,3,0,0,0,1,0,0,maintenance,3,1,degraded,medium,limited,0.9731483446207128,1.2672013100639261,7,5,2,39,8,4,40.91966437856498,54.418011594195356,54.346986998136316,49.715381588287165,13.478578491743809,49.607547850053116,1081,0,0,0,0,0,4,1
2021-01-13,2021-05-04 06:45,1867,2021,5,24,28,5,10,-58.908771770479206,-35.94561570886583,-50.42775306527553,19.757829308126713,18.69303905414441,5.299922378375924,0.7150986934598718,9,0,8,activity_152,61.98993627327154,extended_mission,1.867,0.18119445946918267,38,9,1,3,0,0,0,0,1,0,0.30419732332265037,0.7594941818494905,1.484240716801649,1.5476372112033705,1.674498051696332,3,1,CAMERA,1,0,1,0.20602372358208432,1,4,1,0,0,1,0,1,maintenance,3,1,safe,medium,nominal,0.5892423664178011,1.815263797822637,3,13,77,2,16,4,16.196718440294035,70.08179626386793,92.68067091100404,37.53773538993198,24.158500067083345,55.4866916999157,1867,0,0,0,0,0,0,0
2021-11-12,2021-11-06 11:26,896,2021,9,25,362,2,2,-52.126873832965565,-51.05888710793955,-72.4947233270711,24.93793516739715,3.08123305721296,26.88011321066739,2.0238947215153846,12,1,1,activity_153,162.50676135608484,surface_operations,0.896,0.8410449825125603,26,5,1,2,0,0,1,0,0,0,0.503177672924674,0.5399648890679876,0.7685991615010859,1.1015783463528948,2.581522532595964,3,1,SEIS,0,0,0,0.3041552544854651,0,6,1,0,0,0,0,1,routine,1,0,degraded,high,critical,0.8424008815273691,0.6945593869850404,6,28,14,2,9,0,4.475143392623815,29.64407247793972,28.013411877537976,14.601690559210823,28.917825385644313,30.976531414290342,896,0,0,104,0,4,4,0
2021-04-12,2021-08-10 03:49,383,2021,2,1,277,6,21,-44.88771884518843,-24.971318537642425,-38.936243509111776,28.585702681632135,1.969892833588065,14.279314150600882,2.727751755445632,8,1,4,activity_154,263.6282774189452,extended_mission,0.383,0.13895990524891622,30,2,1,1,0,0,0,0,1,1,0.45751791832015165,0.6836613243576828,0.847599814458651,1.3691576902753566,1.8875141808362152,1,1,WTS,1,0,0,0.8050176932346278,0,3,0,0,0,0,0,1,science,2,0,degraded,high,limited,0.6492109748077166,1.9837783622971752,2,26,80,15,5,2,20.802456273324886,33.77107747242245,80.96742580880732,69.5677663215339,76.57842927157243,44.12011022129324,383,0,304,617,0,517,4,1
2021-01-25,2021-05-22 15:50,185,2021,11,26,104,6,22,-79.9172394366554,-56.87031605679909,-39.53464770246514,25.887153891082406,3.253044363798012,34.90210939739504,3.5904550801872634,7,0,8,activity_155,270.8648833390082,extended_mission,0.185,0.7092971369176653,28,3,1,2,0,0,0,0,1,0,0.8250227437971103,1.624434902574202,1.081366557204575,1.4711782250482146,0.9794336457341775,4,1,CAMERA,1,0,1,0.5641269437619965,0,6,1,0,0,0,0,1,routine,1,0,nominal,high,nominal,0.42478324704214143,1.9796715890401047,6,0,70,25,6,3,87.91102238929648,81.27568532971596,66.48000438670849,33.91308154847027,7.050495556825731,58.00384879009225,185,0,502,815,115,715,0,0
2021-01-21,2021-04-21 22:37,248,2021,12,25,310,0,19,-52.303115777928795,-55.58423063000265,-53.948891458319736,6.771792516371839,11.963648910840048,14.254150427537589,2.874310055774185,13,0,4,activity_156,34.56250074221498,extended_mission,0.248,0.5490832225687229,36,1,0,1,0,0,0,0,0,1,0.7994673184956487,0.7137295225451148,1.3442095857762322,0.948594540277635,2.571667858833985,1,1,WTS,0,0,0,0.661653200467251,1,1,0,0,0,0,0,0,science,4,0,degraded,medium,limited,0.5700687652315025,1.5713231552859708,6,29,83,12,14,3,97.05733326273605,71.60630534195582,32.31940653243362,31.869725728539734,44.85425493684594,62.6244822763033,248,0,439,752,52,652,2,1
2021-04-05,2021-07-16 21:36,1980,2021,8,16,230,2,15,-57.724425726065036,-44.145753121301006,-71.49723811002687,14.340866302318107,13.77535031918303,28.48484113956106,1.2208838594244924,9,0,2,activity_157,333.28387781804463,extended_mission,1.98,0.6237533843692328,21,7,1,5,0,0,0,0,1,0,0.426992028012109,1.1024317885407426,0.5433971785785608,0.822716963693483,0.9479491865633065,2,1,CAMERA,0,0,0,0.20977541377910813,0,6,1,0,0,0,0,1,science,4,0,safe,medium,limited,0.6897910891941937,1.8935313285752016,4,13,37,14,6,1,3.940953529038993,58.75124794267791,6.164188343682353,95.8545606824087,14.193321075939858,30.472280605297865,1980,0,0,0,0,0,0,0
2021-02-05,2021-09-25 01:22,1469,2021,10,20,157,2,10,-69.08083311433643,-42.36579549189936,-46.45906090601058,24.361935481899582,0.6757830189649727,25.7604598434497,1.3402984734381693,7,0,1,activity_158,352.4146729261165,extended_mission,1.469,0.10736111845066776,27,7,1,2,0,0,1,0,0,0,0.5232241767958788,1.9180058507353794,0.6156752236481166,1.719396739504623,2.333403786830234,1,0,SEIS,0,0,1,0.2751277573760921,1,5,0,1,0,0,0,0,maintenance,4,0,degraded,high,nominal,0.7834907276494161,1.3010415955770767,9,0,25,25,3,0,82.47231640769202,40.21563818439675,10.239446279317654,6.1505736458638545,5.1334371323677574,38.015014195766994,1469,0,0,0,0,0,1,1
2021-10-02,2021-08-06 15:17,943,2021,1,6,237,6,13,-44.26240842872986,-57.42379535939827,-72.52330309982777,9.683760441560676,18.189215960975424,23.199934341292263,4.045734143028051,2,0,8,activity_159,276.1805305239667,surface_operations,0.943,0.8278286070661927,8,3,1,2,1,0,0,0,0,0,0.2373168018721409,1.7465402696988248,0.9675438496937657,0.9063300658398243,1.6237069052526996,2,0,IDA,1,0,0,0.6878986454790752,1,2,0,0,0,0,0,0,science,3,0,nominal,medium,critical,0.6296445784923448,1.8767711342305282,4,2,31,34,18,0,4.7583192546112425,38.54704346997354,15.82407418152627,69.53542507318696,10.572456043113487,66.48077585802446,943,0,0,57,0,0,1,0
2021-05-05,2021-07-01 07:11,453,2021,10,15,117,1,14,-42.752628958924774,-52.17717411593908,-46.124593042732684,25.431481724688073,11.20482927566105,13.92512783753765,1.681476035090001,9,1,5,activity_160,355.38042226687355,surface_operations,0.453,0.7446036790033801,49,1,1,5,0,0,1,0,0,0,0.6199621931447578,1.127151877109213,1.1857072292860757,1.2742986465980848,1.5606142580164502,3,1,SEIS,1,0,1,0.06875095208867732,0,4,1,0,0,0,0,1,maintenance,4,0,nominal,low,limited,0.8739077032689035,1.3309126007819563,9,25,81,31,13,2,1.0071134832283168,27.479026442179975,10.939992546033395,65.98208426933947,31.907497232072622,76.71793284036616,453,0,234,547,0,447,1,0
2021-02-22,2021-09-17 05:39,691,2021,10,13,178,4,5,-79.24573856074537,-49.12557093096337,-67.36326423801398,22.96150445807917,15.401780625081638,21.18149741107489,3.7133916020825786,5,1,4,activity_161,126.87578335398297,extended_mission,0.691,0.33681911096745687,44,9,1,4,0,0,0,1,0,0,0.5118119629065745,0.6829079519710781,1.3420242180649509,0.7703626980960461,2.596761311334649,2,1,APSS,1,0,0,0.01835572437914179,0,3,1,1,0,0,0,0,maintenance,3,0,safe,low,nominal,0.48575881318424075,1.5319442601780635,5,13,76,40,6,3,34.51798382956305,10.648176328470637,49.18568713931474,76.84677956641337,22.164731461755917,26.949005013336336,691,0,0,309,0,209,1,1
2021-02-17,2021-11-02 20:58,257,2021,8,19,327,6,17,-63.123844989847576,-20.19362359199515,-57.04008151991583,20.385018867730995,7.304884032307437,18.74749762150467,3.6303833905043366,13,0,1,activity_162,64.95257594929335,extended_mission,0.257,0.658866666922022,31,8,1,1,1,0,0,0,0,0,0.11801055126589732,0.6551389617726059,1.0174012898249662,0.32244179738445106,1.1613657155651043,3,1,IDA,1,0,1,0.6453456232506078,0,3,1,1,0,0,0,1,science,0,0,degraded,medium,limited,0.5137472494834529,1.1437858729400516,2,22,6,41,12,3,1.57359803735444,25.955224866498817,66.1382077844989,3.2062696306805027,8.320181650893499,29.33961447857848,257,0,430,743,43,643,4,0
2021-01-16,2021-02-24 14:38,1095,2021,12,1,5,1,21,-84.05737107618813,-59.40200115583045,-34.94914944830559,11.123837709148901,14.593992548934418,33.38553812262242,4.365438759644526,14,1,9,activity_163,143.28231750137343,surface_operations,1.095,0.6806038701191534,5,5,0,1,1,0,0,1,0,0,0.4308922414531975,1.2639716849641054,1.0037734437246342,1.2689272966680676,2.932235973469237,4,1,APSS,0,1,0,0.949586767564585,0,6,1,0,1,1,1,0,maintenance,4,1,safe,medium,nominal,0.894324159298431,1.2823992694866824,8,5,89,38,8,4,42.782345663825,19.74862816520323,91.07979110488678,17.458398467636027,28.60600516592855,51.68367677344992,1095,0,0,0,0,0,2,1
2021-10-20,2021-07-16 22:47,288,2021,12,14,274,2,17,-53.51966753823287,-55.99034518929634,-42.70077548326961,21.99545313049925,16.61844981643701,6.455858468976432,0.6039980081050649,15,1,2,activity_164,242.42093245074068,extended_mission,0.288,0.5583844775702219,36,6,0,2,0,1,1,0,0,1,0.9192445941285549,1.3349380560467121,1.0798217731000745,0.8551339201049564,0.5458459725266247,2,1,WTS,0,1,1,0.263960854131871,1,1,0,0,0,0,1,0,routine,1,0,nominal,low,nominal,0.7234585692384286,1.4211361069635524,9,26,98,15,1,0,83.52292908460149,89.34590541671159,82.32263592464994,10.304169343098268,22.74482540647996,0.3121651356409627,288,0,399,712,12,612,1,1
2021-09-15,2021-10-19 14:25,473,2021,4,10,92,3,10,-52.9096762376914,-29.731803595541216,-44.98925759921053,10.850704382671864,11.761724917093954,24.974138155189678,2.679197891493765,2,1,5,activity_165,169.3022170547652,extended_mission,0.473,0.5654563660741082,49,2,0,2,1,0,0,0,1,1,0.7746631769341213,0.4445950702296696,0.5666279984103747,1.7641195293322014,2.8924794221761037,0,0,CAMERA,0,1,1,0.4853448971344181,0,6,1,0,0,0,0,1,routine,2,0,safe,medium,critical,0.967217023739817,1.412319908569363,2,14,46,45,6,0,58.3435634710885,94.787016861968,48.50719855631738,90.61090806470379,83.5023588371694,14.741278363398337,473,0,214,527,0,427,0,1
2021-06-04,2021-01-08 13:58,825,2021,2,11,287,2,23,-89.65212063483544,-50.3949351819392,-70.46367612874116,11.505284198393841,3.540865890567948,5.998200869352688,4.591868658827222,8,0,1,activity_166,274.6689799352484,surface_operations,0.825,0.15214788691951653,45,7,1,3,0,0,0,0,1,0,0.28204946298160205,0.6864479751110855,1.0046410559480754,1.7633541950341232,2.040676223022979,0,1,CAMERA,1,0,0,0.31119360246894445,1,6,1,1,0,1,0,0,science,4,1,nominal,low,critical,0.509714858909651,1.4347426306168698,7,28,34,38,18,3,89.27425429963553,88.48741237834588,69.95444737655465,46.57701954979275,51.20316186914897,13.69188239956629,825,0,0,175,0,75,1,0
2021-03-13,2021-05-26 21:05,638,2021,4,22,243,6,6,-79.86715390047844,-42.31383544853669,-72.44217431794252,29.46236161679477,11.768671128328496,24.493323208246135,3.4510832595487395,15,0,5,activity_167,321.85965787339916,extended_mission,0.638,0.01690981325636709,21,2,1,3,0,0,0,1,0,1,0.19707019853816304,1.370451295363142,0.8124883261428548,0.8220452290623794,1.7170176924581086,2,1,WTS,1,0,0,0.5891187359802366,0,1,0,0,0,0,0,0,science,3,0,nominal,medium,critical,0.7322901192467329,1.9721235827504957,8,29,53,19,14,3,54.159546279834295,67.5189415511624,63.33121744366106,46.249021040559334,55.605242427996096,28.48561309607597,638,0,49,362,0,262,2,0
2021-08-06,2021-09-28 06:17,78,2021,8,9,356,0,3,-65.67766941544762,-34.99131765388591,-37.76771128766888,21.966235929571667,1.3039953341230093,15.760138639174302,1.795903735696252,8,0,4,activity_168,177.49264375447373,extended_mission,0.078,0.37014791835041694,24,2,0,1,0,1,0,0,1,0,0.8605734739619514,1.0644572019550784,0.6774316522495982,1.0162320756936416,1.7364944266736622,3,0,HP3,1,1,1,0.23179027761657967,0,1,0,0,0,0,0,1,science,2,0,nominal,high,limited,0.6320278993852037,1.0874998143182133,7,16,51,14,0,1,49.81507202511484,45.76318745451751,51.88895316510814,13.99189772269941,51.31415015132771,24.241881388721087,78,22,609,922,222,822,2,0
2021-09-09,2021-02-21 15:00,1551,2021,4,18,8,3,15,-66.95396135401703,-30.254852855970135,-30.638693054620873,21.67975861606402,4.896791016190411,30.079377392264984,3.190682420689235,8,1,2,activity_169,4.8322494432459395,extended_mission,1.551,0.42740442722760086,45,8,0,5,0,1,0,0,0,0,0.6664194483660446,1.95676961490641,0.8312138146231214,0.47798355479437843,1.925968313418827,4,1,HP3,0,0,1,0.502301717661742,1,1,0,0,0,0,0,0,science,1,0,safe,high,limited,0.8075672132283556,1.9475474343648782,7,21,28,1,8,0,79.0407475882988,19.37389330248106,26.175286903702364,51.25909252672963,33.060080997000185,86.05114865874451,1551,0,0,0,0,0,2,0
2021-05-27,2021-09-02 17:20,1926,2021,1,24,245,3,9,-43.8782194498115,-33.34919452316609,-64.39601822603602,27.363080922774316,3.6853015234148745,12.457119285613743,1.7197834556316367,13,0,0,activity_170,57.626677975223025,surface_operations,1.926,0.942334494935037,10,4,0,4,0,0,0,1,0,0,0.5239745656340619,0.9163155011624002,0.8101472210908021,0.977005087731146,1.4604854623149437,1,0,APSS,0,1,0,0.49677011312716357,1,2,0,0,0,0,0,1,routine,3,0,nominal,medium,nominal,0.5523241204044789,1.1456328621319503,9,25,78,16,19,0,10.89999898629761,10.812335247709603,42.78695148529912,9.865737673280906,61.909309527111965,14.36916072617339,1926,0,0,0,0,0,2,0
2021-02-14,2021-09-18 18:43,646,2021,10,12,82,0,16,-42.32820876210824,-57.858213964293,-43.08275947485841,18.30277834592509,9.557541542454613,12.8223009989544,3.675181053994214,13,1,4,activity_171,359.24944838842356,surface_operations,0.646,0.25379764255599213,20,1,1,2,0,0,1,0,0,0,0.9764899903392757,0.307325943897084,1.3124561774189043,0.7510336014406653,1.8768582022276803,1,1,SEIS,1,1,0,0.08900317798267965,1,3,0,0,0,1,0,0,routine,3,1,safe,low,limited,0.9987942002112724,1.6707808638044097,6,29,29,37,8,0,70.47958361321867,90.50781277944812,43.46076538672534,48.80922602649759,92.74228364827623,52.09913886493571,646,0,41,354,0,254,1,1
2021-08-01,2021-01-14 05:09,68,2021,9,28,100,5,15,-59.6841526312734,-45.39898783844708,-34.29867327234206,17.58070863465294,9.295684118750016,39.912981098166355,2.720751638326775,14,1,3,activity_172,344.75885093123037,extended_mission,0.068,0.7954619212214673,6,1,0,2,1,0,0,0,0,1,0.3287960461600194,1.7517513545124166,1.393443465376265,0.5912290449278236,0.8261390913784847,4,0,IDA,1,1,1,0.24599260007125423,0,1,1,0,0,0,1,1,science,1,0,nominal,medium,limited,0.5331274647543759,1.0999431868759066,7,23,95,32,5,3,60.86842206035009,39.940165874113355,64.50098154915673,39.54050105297077,81.77956809794189,56.78409605517213,68,32,619,932,232,832,2,1
2021-04-10,2021-05-09 05:28,40,2021,4,27,43,6,17,-71.18057517791945,-48.13516552664327,-34.97489587417453,29.98412330481697,13.407072793235981,39.64932152462133,3.469848250108595,7,1,3,activity_173,161.36156955896084,surface_operations,0.04,0.8227500147651232,42,6,1,3,1,0,0,0,0,0,0.329869378766659,1.3043501914944315,1.4450374653636044,0.3724078304369722,0.50255574898612,3,0,IDA,0,0,0,0.9029010111633711,1,2,1,0,0,0,0,0,maintenance,4,0,degraded,low,limited,0.3141653628479653,1.2859897511970009,4,13,72,7,6,2,36.888252155588916,42.39561794632619,36.053291785164774,79.8495963603913,52.40376698675869,57.209981697162505,40,60,647,960,260,860,0,0
2021-08-10,2021-12-10 12:25,510,2021,2,10,51,3,16,-78.22642914945614,-54.490867939314356,-47.45252006745845,9.163639714845033,10.572596750732385,25.65407478205648,1.8411876425611153,17,1,2,activity_174,37.3428592352979,extended_mission,0.51,0.7391246671365462,27,9,1,5,0,0,1,0,0,0,0.5076982907469675,1.1231886845172327,1.213031456375104,0.7102542987445606,0.8039683738338173,1,0,SEIS,0,0,0,0.780259330920478,0,1,1,0,0,0,0,0,science,0,0,degraded,low,limited,0.9588807372296819,1.3986780272301624,5,3,74,20,17,2,58.2553837041994,7.100678022258855,89.21120156910814,3.0783102237640136,74.8396356209743,75.87941427043128,510,0,177,490,0,390,1,1
2021-07-09,2021-06-19 12:54,797,2021,4,19,318,6,6,-86.34741115946697,-44.87221267675679,-43.04867935461469,5.500588362992663,11.399656380906322,16.708234095015406,0.5397432954023051,6,1,8,activity_175,343.1061967039693,surface_operations,0.797,0.5248167503647412,19,6,1,2,0,0,1,0,0,1,0.40907855451760655,1.0277319456207779,0.6919919502307901,0.6373126377085438,1.1788619216710978,2,1,WTS,1,1,1,0.1273720360333609,1,1,0,0,0,0,1,0,routine,0,0,degraded,low,nominal,0.634012032488107,0.74156932244102,4,5,98,46,6,3,62.584666605061,40.91437879176223,25.40211490955627,85.97287835022325,70.01882592940531,54.773990946913685,797,0,0,203,0,103,3,1
2021-03-27,2021-09-05 04:42,1282,2021,12,20,185,3,3,-44.438229227615345,-22.674565263751255,-52.609118513063905,5.162375399981412,2.1956590734080894,25.055978608110262,0.606995160358488,7,1,0,activity_176,193.15968156388777,extended_mission,1.282,0.7143482754022047,16,2,1,5,0,1,0,0,0,0,0.3739310050865958,1.4284874607268678,1.347569048102495,1.3404264566743183,2.830255913643054,0,1,HP3,0,0,0,0.4195396445267118,0,1,0,0,0,0,0,1,maintenance,3,0,degraded,medium,limited,0.9240177112013246,1.771521796943325,1,26,68,33,6,2,31.86043712826544,89.4749220975798,49.672382609817824,60.001447748063555,18.081847900239502,54.09423600049269,1282,0,0,0,0,0,1,0
2021-01-20,2021-07-11 07:06,1754,2021,12,19,84,3,6,-42.46436250013188,-36.088166691086684,-74.33089615445161,13.82193376260835,2.861213644094154,37.36217871591961,0.9680560442828614,2,1,7,activity_177,77.40812496822645,surface_operations,1.754,0.8467219903967333,28,6,1,2,0,1,0,0,0,1,0.21544909521630928,0.6043497975723964,1.3111060402001593,1.6177758135960236,0.6786284515235559,3,0,WTS,1,1,0,0.13299858707463919,1,2,0,0,0,0,0,1,routine,0,0,nominal,high,limited,0.3673725437985014,1.3838175851789307,6,13,33,34,16,1,55.501852420529104,28.721257112736154,94.01760633010566,76.20716534397258,97.25144821597426,3.7556069740189546,1754,0,0,0,0,0,0,1
2021-12-23,2021-11-18 18:12,900,2021,8,11,52,2,16,-80.2412692479997,-53.38396381994564,-40.02774617074822,10.724679632507794,10.53284527050395,20.804122634056974,3.1082490465272774,12,1,6,activity_178,306.8515257343357,extended_mission,0.9,0.45107607182485965,26,4,0,1,0,1,0,0,0,0,0.7772257818421839,0.2550898934064276,0.7833113353738484,1.0479502596604184,0.6126489547993137,4,0,HP3,0,1,1,0.22687051633149413,0,4,0,0,0,0,0,0,routine,0,0,nominal,low,nominal,0.9638165663012566,0.8372193492652769,8,15,4,36,11,2,21.393378280104724,0.5803768842941093,30.095771555867245,74.89176404785196,79.41627088376096,20.246754209575002,900,0,0,100,0,0,1,1
2021-10-01,2021-10-22 06:59,413,2021,5,17,70,2,9,-60.239990954728114,-33.68464258653874,-72.12399055728865,9.149861516878131,6.019045528231763,23.878276130985007,3.9946590319249453,11,1,8,activity_179,241.79978059540937,surface_operations,0.413,0.25615088517374884,41,6,0,3,0,0,1,0,0,0,0.671911461657001,0.4806222383719043,1.22224857808426,1.3830317150400435,2.166175490134263,3,1,SEIS,0,1,1,0.12857726079687848,1,2,1,1,0,0,0,1,maintenance,0,0,nominal,high,nominal,0.8962857661732533,1.2863868918557533,4,14,2,36,17,0,57.49534932296414,88.99310558900979,65.08788374957773,47.52465265872004,85.46075627333713,47.13681101729975,413,0,274,587,0,487,1,0
2021-01-22,2021-04-15 18:21,1651,2021,2,24,17,3,23,-64.67493994815374,-56.56756913162245,-31.371306450419695,5.967123956429789,15.070078022146161,23.37858393497854,2.158792936242299,18,1,0,activity_180,200.4474183743418,surface_operations,1.651,0.28088327306759975,14,5,0,3,0,0,0,0,1,0,0.5047528695328956,1.1787724206535803,0.6002318781762861,1.6982425788204485,1.4363403811276028,4,0,CAMERA,1,1,1,0.21057919050494334,0,4,0,0,0,0,0,0,routine,2,0,nominal,medium,nominal,0.3559255814539526,1.7832289320439363,1,29,50,23,15,3,15.288711564799817,6.616872172518084,21.59382040201351,12.785381790869554,31.24058976796318,51.43832465110202,1651,0,0,0,0,0,0,1
2021-12-12,2021-02-10 06:59,983,2021,2,12,142,6,15,-41.45114042054265,-32.858743570797415,-74.54668521030459,17.025469495011546,8.288958700709589,8.734985099781905,4.654439761424856,1,1,2,activity_181,309.25667869439616,surface_operations,0.983,0.2559807588429972,24,7,0,3,0,0,0,1,0,0,0.4787590495480014,1.9446598346954256,0.5560801692636709,1.187145238348516,2.6457736012676203,3,1,APSS,0,1,0,0.6616750607175304,0,2,1,0,0,0,0,1,routine,0,0,degraded,high,critical,0.34069365371878,1.8936745290369885,8,19,91,24,10,2,85.87512591908919,40.357039244960134,70.23961425404268,55.706593268391714,85.29561136737487,31.505596931865444,983,0,0,17,0,0,2,0
2021-08-26,2021-11-20 03:27,1300,2021,10,4,326,5,8,-61.94401291061283,-47.990981830093666,-56.989436086305545,22.24721830596009,18.12194899287566,9.575428079854612,3.071137863511207,5,1,4,activity_182,266.45378173113266,surface_operations,1.3,0.614642818934886,13,4,0,1,0,1,0,0,0,0,0.8521233284734228,1.5591451918190231,1.2529428876836373,1.076767968280358,2.7268639796243033,2,0,HP3,0,1,0,0.5912429057506141,0,3,1,0,0,1,0,0,routine,1,1,safe,high,critical,0.7731243220958053,1.990453172739413,3,25,92,21,17,0,25.366945912169648,87.49770586241176,92.40778052942694,67.04155146589565,93.12666274013378,39.78785874773685,1300,0,0,0,0,0,1,0
2021-06-13,2021-12-14 21:29,991,2021,12,20,236,2,5,-61.278575849842774,-32.174391371242564,-33.405764024665686,22.809850711823042,7.36749015169468,29.955987080118383,0.6812517323092454,1,1,7,activity_183,262.1935837777445,surface_operations,0.991,0.023085480551770177,33,1,0,2,0,0,0,1,0,0,0.2189290403528745,1.2718622119982115,0.9493430525018216,0.9334381692537475,1.1314026781738136,1,1,APSS,0,0,0,0.08897553586933837,1,5,0,1,0,0,0,0,maintenance,4,0,safe,medium,limited,0.3343888257242966,1.0021152976990433,5,1,90,48,3,3,36.826278987191316,4.555015596535251,30.022711154138637,53.11094225441555,40.822182258823204,27.384251909925915,991,0,0,9,0,0,4,0
2021-03-15,2021-03-24 19:45,959,2021,8,5,190,2,3,-76.37261760534855,-25.00042019902314,-40.501980067148125,14.054468938953653,14.682490873139374,8.642658474638644,4.052000670532486,3,1,9,activity_184,264.4086189151162,extended_mission,0.959,0.6557773017841801,20,1,1,3,0,0,0,1,0,0,0.49026032821150656,1.2251213648199581,1.3766052783705984,1.6923251934713917,1.822013045391916,4,0,APSS,1,1,0,0.20480152493916692,0,5,0,0,0,0,0,1,routine,4,0,safe,medium,nominal,0.8848748508877167,1.0987124916409272,9,13,5,0,1,2,32.397610656153894,67.88782323905966,56.31980924481612,16.222957109649695,30.99299092291664,89.99832768786541,959,0,0,41,0,0,1,0
2021-02-19,2021-05-11 14:28,1786,2021,2,13,196,0,3,-77.39024192860408,-47.009975641311925,-37.43406783390268,24.04513137387381,6.581917606295191,23.688479142722684,0.7775613331389295,19,1,9,activity_185,132.4196007555443,surface_operations,1.786,0.6224855387062297,16,4,0,3,0,0,0,1,0,1,0.9792739491636347,1.3558324643556687,0.5307865688607466,1.3857041649457849,2.763671730343539,4,0,WTS,1,1,1,0.32583001993739447,0,6,0,0,0,0,0,0,maintenance,0,0,degraded,medium,limited,0.4074197824757134,0.8101199686103587,4,7,0,27,5,3,73.95102331570648,78.36383021478366,30.183912024751546,51.24332325693152,62.09650962771923,81.94807217006219,1786,0,0,0,0,0,0,1
2021-05-18,2021-08-03 16:49,850,2021,10,26,343,5,7,-76.44248194113902,-48.13154765885261,-37.111123856717796,5.259093058679428,12.72941417100194,18.78596222295659,1.8427123110266104,1,0,2,activity_186,20.48453297914376,surface_operations,0.85,0.5102159340784042,35,6,1,3,1,0,0,0,0,1,0.1173865631809064,1.1036227239195509,1.0883077693805907,0.8150300796240779,2.170913066476083,4,0,WTS,1,0,0,0.35114369055681205,1,6,1,0,0,0,0,0,maintenance,0,0,safe,high,nominal,0.927926961375479,1.852612514060963,6,29,20,0,7,4,3.404450620026467,82.10722230570188,54.58594010197623,33.81435382241962,25.08923763538512,59.37974594154256,850,0,0,150,0,50,3,0
2021-02-14,2021-02-19 13:19,1101,2021,6,8,288,1,6,-59.243670872484415,-58.10405688275344,-47.42750766262094,10.639498604027377,18.093121248176594,21.628243397057666,1.5077229498936304,18,0,8,activity_187,275.5974074757537,surface_operations,1.101,0.1318366178035142,45,6,0,2,0,0,0,0,0,1,0.48956599611610385,0.5558076863736842,1.0484835857491244,0.47408018907685334,0.5577671319687006,3,0,WTS,1,0,1,0.9876711272334922,1,5,1,0,0,0,0,0,routine,4,0,degraded,high,nominal,0.8457260497797254,1.4031527451910246,4,26,80,39,1,0,57.90725276859945,23.190112176891486,4.669781788511306,94.51885797595445,31.37352588446539,44.25890233244587,1101,0,0,0,0,0,2,0
2021-08-12,2021-06-16 11:10,1102,2021,4,19,129,2,2,-68.10346180763146,-26.30087847193741,-48.151136757281925,23.111459425233477,3.7053604430517506,38.7518218873852,2.3183623827198923,8,1,6,activity_188,143.4757371715377,surface_operations,1.102,0.782034269884919,43,8,1,2,1,0,0,0,0,1,0.7922681109963352,0.9719378503519494,1.2584557473091267,0.8577044869118036,1.1102364312315058,0,1,WTS,1,0,0,0.13905912579392954,1,2,0,0,0,0,1,0,maintenance,1,0,degraded,low,limited,0.3946594956686147,0.9090155785917222,2,28,11,17,11,1,42.54311942563456,75.5494657014215,60.50714851807668,68.86292899005433,28.232635073194245,48.14353459576055,1102,0,0,0,0,0,3,0
2021-09-07,2021-08-08 17:40,1508,2021,6,27,143,4,4,-65.5646915804199,-24.401451794510088,-36.95982498721138,12.423627398839301,15.82976764689515,8.48218267818304,4.202437709603165,1,0,7,activity_189,196.3757333005063,surface_operations,1.508,0.9255443258622235,47,3,1,4,0,0,1,0,0,1,0.5772227737296185,1.4673542035562037,0.7601159830153992,1.7128574592574937,1.8252212422860599,1,0,WTS,0,1,0,0.5893763726481173,0,4,1,0,0,0,0,0,science,4,0,degraded,low,critical,0.39142753202529273,1.9444309303629947,0,21,63,14,1,3,90.07258101239835,9.887302887630279,11.71072315052778,29.934677648467733,95.97749817663185,63.306860986510706,1508,0,0,0,0,0,2,0
2021-01-20,2021-07-28 08:27,1223,2021,10,17,117,6,12,-55.68138836136783,-51.50517378790009,-36.40855459069193,6.464772192753386,4.309639655711493,39.9496086969774,2.4488424616405666,13,1,3,activity_190,201.94433981897262,extended_mission,1.223,0.6098687349855377,11,6,0,4,1,0,0,0,0,0,0.20364752071407302,0.9520608492227005,0.7630515140119373,0.40650161925808537,1.8555109717982874,3,0,IDA,1,1,0,0.40090272257912607,0,4,0,0,0,0,0,0,science,1,0,nominal,low,critical,0.9777107163592613,1.6983099667760373,9,8,75,29,18,0,11.163744532118535,45.860487967234185,69.69932340708007,99.75482216812411,32.390531656320185,51.408687487927374,1223,0,0,0,0,0,1,1
2021-10-04,2021-07-13 15:47,1590,2021,2,18,193,1,7,-77.37787684860162,-36.93936838045449,-31.627071678276323,10.00166844043915,1.9050490980865042,9.179022472670976,4.023944043125675,19,1,9,activity_191,336.886862722363,extended_mission,1.59,0.6453308128295218,43,4,1,2,1,0,0,0,1,0,0.5068257161182169,0.38354306413326233,0.5730586460327814,0.9933828642661506,1.253991518614809,0,1,IDA,0,0,1,0.5482037727921516,0,1,0,0,0,0,0,1,science,3,0,degraded,high,nominal,0.6953689467603276,1.791395723868044,4,19,71,31,14,4,41.40686194404425,25.369682999581077,86.97685680139259,43.20247996337416,80.83646901768167,26.34036119558445,1590,0,0,0,0,0,2,0
2021-10-07,2021-07-05 02:49,492,2021,4,14,63,4,3,-63.72251649248852,-38.86591509795056,-31.733964342704546,13.022034975916084,9.590822502124567,33.409975920229186,3.9151051199916336,11,1,9,activity_192,180.5867312123139,surface_operations,0.492,0.7007045761873683,10,7,0,1,0,0,0,0,1,1,0.9549595083989837,1.6501464654948528,0.8775454229955572,1.4830296438471362,1.3786041836767087,2,1,CAMERA,0,0,1,0.8555111753865077,1,5,1,0,0,0,0,0,maintenance,0,0,safe,medium,critical,0.5249589690186092,0.556231935304489,1,22,39,32,3,1,11.555669883633879,7.136701388938005,76.05581155199229,48.556620228342915,34.289209134897966,41.83689101320071,492,0,195,508,0,408,1,1
2021-07-07,2021-10-04 17:58,1488,2021,9,10,339,5,12,-86.3018406364522,-53.00012684997664,-34.9637823602598,20.21718819707002,19.005681003409713,39.95625120369609,2.173370518998925,15,1,4,activity_193,8.704095751501274,extended_mission,1.488,0.6296412342324573,45,6,0,4,0,1,1,0,0,0,0.8497512471377923,1.4386049772698999,0.5211638139820383,0.8050585033463002,0.8611892414865134,0,0,SEIS,0,1,1,0.41605090513676934,1,3,1,0,0,0,1,1,science,2,0,degraded,low,nominal,0.4149687470562081,0.8551970518941783,8,29,83,20,5,1,75.60716102217614,9.811887390051243,44.69157878569433,73.40043505996046,17.32183811869006,28.5664988846723,1488,0,0,0,0,0,1,1
2021-07-01,2021-02-02 03:34,649,2021,1,28,270,1,15,-70.80303884813705,-49.25090122140837,-45.65730558024188,8.366479034611423,10.372300632706681,31.882589503371698,1.2393409277861254,3,1,9,activity_194,358.82415730597734,extended_mission,0.649,0.5694326830948546,31,1,1,3,0,0,0,1,1,0,0.739130533836853,0.5759066368135709,0.8067727513528323,1.0128412005026104,1.6233782918238655,3,0,CAMERA,1,1,0,0.8333913141046041,0,6,0,0,0,0,0,1,routine,2,0,safe,low,nominal,0.5173519267846383,1.991646503814145,7,16,20,21,14,1,6.056284341263352,88.68206673435218,71.52214760582008,3.6684005394542307,42.932004285417655,75.4471475002237,649,0,38,351,0,251,0,0
2021-11-15,2021-12-17 10:04,713,2021,10,14,34,2,7,-46.5518113575853,-52.18906667011357,-73.08845550156896,9.002403441436115,7.682298224875385,12.674299555740303,1.873641330951994,17,1,8,activity_195,254.4061304538445,surface_operations,0.713,0.870810424775618,37,4,1,4,1,0,0,1,0,0,0.48073256117396646,1.7232976184053255,1.1702016293406263,1.3991532524998536,1.9684360003145223,0,1,IDA,1,0,0,0.4767952239003832,1,5,0,1,0,0,0,0,science,0,0,degraded,high,limited,0.9952195527188328,1.9922195439556583,2,26,28,35,2,3,96.69513923338477,30.01921843056644,75.64454763675317,43.4065261197629,55.84727916161349,81.64538556005581,713,0,0,287,0,187,4,1
2021-07-26,2021-02-10 17:45,1785,2021,10,7,350,1,6,-60.5655512831992,-28.864175425871537,-70.80023458785782,9.316435027439745,0.24581322311341802,25.77784028063836,4.49030476375657,15,0,7,activity_196,315.89251052717975,surface_operations,1.785,0.9030010851514962,39,6,1,1,0,0,1,0,1,0,0.9761738966535266,0.718287946708547,1.3893047238282183,1.6211228656112842,2.394144041507431,1,0,CAMERA,1,1,1,0.35679625565493456,1,6,1,0,0,0,0,0,science,4,0,nominal,low,limited,0.8663722517761323,1.9076930796870033,7,23,90,3,1,4,62.96726518598873,98.69137142182123,39.804317410409574,33.19062848974967,62.44249271843925,82.5608672507594,1785,0,0,0,0,0,3,0
2021-02-27,2021-05-24 14:34,897,2021,9,23,137,0,20,-75.20933186243201,-57.318876838499094,-34.69263713633993,22.29546465312627,2.4323631363929876,7.276608520799922,4.8869264004405935,13,0,9,activity_197,201.7367496492366,surface_operations,0.897,0.9573168512905521,23,4,1,5,1,0,0,0,0,0,0.19170158140305632,0.9465758462831586,1.3565719023593357,1.3827963598425008,2.709730593852762,1,1,IDA,1,0,0,0.04800230263012928,0,4,0,0,0,0,0,0,routine,1,0,degraded,low,limited,0.4616582514545136,0.6476563235014862,3,29,93,12,9,0,32.35299141781389,85.66530158063121,59.3613216569384,51.800233639658444,74.33791649756158,81.55831402352884,897,0,0,103,0,3,4,1
2021-12-08,2021-05-22 17:47,475,2021,11,16,110,2,20,-48.388710824804726,-26.14604880534307,-44.469140291527765,28.850395102979675,10.220095270891738,36.98351794176744,4.855154616461854,5,0,6,activity_198,98.0807187991794,surface_operations,0.475,0.19621565117029527,25,8,1,4,0,0,1,0,1,1,0.19002850396043836,0.6639321103607335,1.2517989445187085,0.4424799674659682,1.3019110350542504,0,1,CAMERA,0,0,0,0.8606044903497095,1,1,0,0,0,1,0,0,science,3,1,nominal,low,nominal,0.7644898436909926,0.7270414270879153,3,26,7,20,5,2,17.522429236611526,77.47216226093417,94.67911722816206,10.044041786196601,15.559032438500786,96.00126572527186,475,0,212,525,0,425,4,1
2021-05-19,2021-11-01 21:14,1264,2021,10,18,48,0,0,-58.78547996083651,-57.092707376407404,-37.34801757374423,9.363647087587413,1.4162940277152902,19.00766834385839,3.0961496236983956,12,0,5,activity_199,313.1324516930123,surface_operations,1.264,0.6676739510082869,6,6,0,2,0,0,0,0,0,1,0.5521586750591821,0.8096232880226557,1.2570118677473603,1.1158405447389617,2.6921194353852798,2,1,WTS,1,0,1,0.5572190449300439,1,2,0,0,0,0,1,0,science,2,0,safe,medium,critical,0.7272883025323997,1.5960080183598138,0,15,2,9,14,1,52.318306751821595,89.91452884450165,72.66080211812749,50.974245004262066,40.35894707651476,40.43746995708203,1264,0,0,0,0,0,3,1
2021-06-19,2021-07-19 08:34,411,2021,7,12,116,5,17,-67.93770617844113,-33.155500065022565,-73.54310802265164,19.65596680074736,11.075531251984964,17.132415118711748,1.4068135644084878,3,0,2,activity_200,24.575711707980354,surface_operations,0.411,0.5661859843173752,14,5,1,5,0,0,0,0,0,1,0.3457259161082734,0.6401134952199654,0.6370596835365813,1.5736063123552382,2.0411983963531113,2,0,WTS,0,0,1,0.8999514039064263,1,5,0,0,0,0,0,1,maintenance,3,0,degraded,low,limited,0.85806770251596,0.9526688347044148,1,3,61,0,18,4,96.82280509617436,95.41556694437,77.3276222666815,93.24054961466182,70.70960761611116,89.55831899911814,411,0,276,589,0,489,1,0
2021-02-22,2021-04-25 09:01,1354,2021,8,1,123,5,10,-78.51196625722369,-58.57579093933965,-38.796033191559424,20.387713881626077,2.017640561069194,25.55753721766133,2.534822084127624,1,0,4,activity_201,74.48504214632607,surface_operations,1.354,0.028264701049977692,12,1,0,1,0,0,1,0,0,0,0.48100279821974357,1.8619083482656604,0.5729170119270054,1.5048886075184278,1.0380818302643318,3,0,SEIS,1,0,0,0.3916947755108394,1,2,0,0,0,0,0,0,maintenance,1,0,nominal,high,critical,0.47256490708755783,1.704641863820953,3,12,15,15,4,3,55.340002683341496,36.22929983164862,36.50512775418054,87.94173102643961,3.92435760405464,98.7982644420261,1354,0,0,0,0,0,1,0
2021-04-09,2021-07-05 06:56,589,2021,10,6,177,5,16,-41.72999415129705,-25.91956602046495,-33.90669281590123,26.180404194000374,9.590611054425777,37.34286769317672,4.862627691922348,8,0,4,activity_202,221.05569851012288,extended_mission,0.589,0.9754382898535706,21,7,0,5,1,0,0,1,0,0,0.9404362151265538,1.8091140689945846,1.2762816640182928,1.377409248242741,1.161917934361886,1,0,APSS,0,0,1,0.6350245661416096,0,6,1,0,0,0,0,1,maintenance,1,0,safe,medium,nominal,0.684935870989013,0.9964443565376725,8,5,81,0,2,0,48.549589116587256,33.54766105608697,8.235299033675814,55.02955231831296,27.126858648317675,61.49341779171474,589,0,98,411,0,311,0,0
2021-08-06,2021-01-07 00:50,100,2021,8,25,195,0,0,-51.19302981542389,-38.59705000883142,-39.11299600291423,19.89518830974924,6.290921952067152,24.638853806894026,2.9007886376053107,12,0,0,activity_203,32.61072871659663,surface_operations,0.1,0.24208866628550496,39,7,1,4,0,0,0,0,1,0,0.5018301169147732,0.32331362121479434,0.6686036613825423,1.4869466186759184,2.120932689295153,1,1,CAMERA,0,0,0,0.7071375179356865,0,6,0,1,0,0,1,1,maintenance,0,0,safe,low,critical,0.9614756462902965,1.4696458669880048,1,14,34,35,19,3,29.18231875739673,76.51115104398498,76.40126256657207,29.244546099739587,8.13903166329829,1.1432676672204045,100,0,587,900,200,800,2,1
2021-12-02,2021-11-20 08:31,634,2021,4,5,309,1,7,-48.99231706571761,-24.808077707523218,-36.42598495539597,14.376359672138404,9.239990147284162,5.433591266631454,2.2972790661959785,10,0,6,activity_204,225.2401850273735,surface_operations,0.634,0.8939876737572474,12,5,1,4,0,0,0,0,1,0,0.34533485774198686,1.2409537330470446,1.2006138184075388,1.2819480388756428,0.622645918521608,0,1,CAMERA,0,1,1,0.956563928561169,0,3,0,0,0,1,0,0,science,1,1,safe,high,critical,0.9812961061433856,1.0249962842864275,6,18,64,32,17,0,15.591850966282706,78.99482697670385,6.423524805742087,19.405388024560498,65.61497145031655,85.49256565110713,634,0,53,366,0,266,0,1
2021-09-13,2021-08-27 20:04,866,2021,3,21,336,0,19,-54.265627528252296,-38.90803467484824,-34.460944751928935,12.823640433708961,11.483239992191658,22.526434615934512,2.703024078024226,17,1,0,activity_205,292.1569222805038,surface_operations,0.866,0.4513360327392887,24,8,0,2,0,0,0,1,0,0,0.9646640550095242,0.4159211739467455,1.2379100536649892,0.49254091934279676,1.4546119973085392,3,0,APSS,1,0,0,0.5355258826955995,1,5,0,0,0,0,0,0,science,2,0,safe,low,critical,0.48815796731688427,1.9980477227619302,2,18,41,4,18,2,12.039996668128794,12.278990190422334,56.53026914604504,27.009575228364557,39.23991022411144,40.07484476475779,866,0,0,134,0,34,0,0
2021-11-24,2021-08-07 17:20,1323,2021,4,21,266,0,14,-74.08513070833322,-45.27914122243097,-58.098500669553424,29.483750608097317,6.078017539449365,14.282962338251743,1.0822141898039355,4,0,0,activity_206,96.2440963771872,surface_operations,1.323,0.12113857384890148,30,1,0,4,0,1,0,0,0,0,0.13827217016718338,0.9555445548527706,0.9610489672188355,1.4866082152171687,1.6697890798638606,3,0,HP3,1,1,0,0.1496734645836011,1,1,0,0,0,0,0,0,routine,1,0,degraded,high,nominal,0.4205528255449229,1.643346184463254,7,21,34,6,5,1,21.766587606593824,13.669507448903628,55.13305496923012,60.54003719533442,70.55026606631372,68.0213370933668,1323,0,0,0,0,0,4,0
2021-07-02,2021-03-26 04:01,786,2021,3,24,212,5,1,-85.30181022948086,-35.15703646118265,-33.75181731099094,12.47825739078111,12.532501897528245,33.74653076225852,2.8031287884738085,11,0,6,activity_207,76.15030531082893,extended_mission,0.786,0.18680789819049848,6,6,1,3,1,0,0,0,0,0,0.9608940178562858,0.5626036669624289,1.363957028115023,0.782028458722838,2.973912020594517,0,0,IDA,0,0,0,0.9888376327800935,0,5,0,1,0,0,0,1,maintenance,4,0,safe,high,nominal,0.33817776247260545,1.76331512031539,2,26,4,35,12,1,82.84997121442692,98.05579409092934,32.42575870163631,23.57531800047834,33.08668970457281,95.46497959887353,786,0,0,214,0,114,4,1
2021-05-25,2021-08-20 22:07,219,2021,12,9,115,6,19,-59.34390131292201,-38.7598748102815,-44.26660115900908,20.934771259332486,17.626497789299034,25.510573211740383,4.003706114152504,1,0,2,activity_208,36.31996875810921,extended_mission,0.219,0.6668666361205591,34,6,0,1,0,0,0,0,0,1,0.623357478661665,0.4343408285614443,1.4673191722305912,1.5171112540509843,0.7743095031178002,2,1,WTS,0,0,0,0.3693209442116756,0,3,0,0,0,1,0,0,routine,1,1,nominal,high,nominal,0.3598267610412369,1.0719659599281168,3,21,2,31,4,2,94.79170789344971,71.68372067339025,88.1466764879556,63.869909488317255,38.765990055879904,42.57616149303052,219,0,468,781,81,681,1,1
2021-04-27,2021-11-03 23:29,1081,2021,8,22,345,3,9,-40.681854915155945,-39.11906329342605,-37.811328201800315,19.41099646606969,17.48173425054874,30.235736375596304,3.3929780674606382,9,1,7,activity_209,311.84410422921206,surface_operations,1.081,0.41965384267101047,40,6,0,1,0,0,0,0,0,1,0.5311213584482565,1.2787248479962543,0.5788490305706254,0.7303553233681533,1.3050805149387177,4,1,WTS,1,0,1,0.16485674094655012,1,1,0,0,0,0,0,1,science,4,0,nominal,low,limited,0.9839271275315093,0.9092340033203034,0,12,20,23,17,1,24.470184514965855,85.5308368184012,58.295294936452024,6.952154025319546,4.768314424976328,6.112287532576688,1081,0,0,0,0,0,3,0
2021-10-24,2021-01-21 01:37,1170,2021,9,5,254,1,11,-53.93974375190282,-53.973610471693256,-35.25754449109721,9.17600409050046,4.455699284199204,9.481929847390816,2.48161643585967,15,0,5,activity_210,310.4277181106846,surface_operations,1.17,0.37375342042295323,26,6,0,4,0,0,1,0,0,0,0.7448408769993179,0.6096990415551905,1.4873139822106611,1.139829234190106,2.2390981451078424,3,0,SEIS,0,1,0,0.8359491109115683,1,4,1,1,0,0,1,0,routine,2,0,nominal,high,limited,0.8281663151978951,1.58244445400705,1,2,42,49,2,2,45.69803596280049,32.82722935581512,15.823926267421351,16.76142561466294,66.18905547009003,55.043038794712054,1170,0,0,0,0,0,1,1
2021-12-10,2021-02-24 10:23,1105,2021,3,23,105,2,1,-66.59695686022678,-50.67799605901538,-48.51103486277722,28.079400711408248,14.96178731406253,28.324931495211956,3.1222466419270045,1,1,0,activity_211,298.2738873337378,surface_operations,1.105,0.5452391747276186,34,8,1,4,1,0,1,0,1,0,0.4347063995870585,0.2509128709237635,0.6370679425404481,0.559805446139868,0.6360253193754448,4,1,SEIS,0,0,1,0.6698333388162886,0,2,0,1,0,0,1,1,science,4,0,safe,low,nominal,0.6800314920343334,1.150033430326822,3,23,82,11,19,0,30.929306372303,16.158750175806823,82.29806253142905,58.65894005544894,61.303925647238565,82.05614117990979,1105,0,0,0,0,0,2,0
2021-03-18,2021-12-02 05:44,498,2021,1,6,117,5,4,-65.43806120244982,-52.22134621369222,-41.250430553623346,11.887700498299882,7.634196381870833,18.11906993556355,1.5989201293457695,1,1,0,activity_212,354.2465340706898,surface_operations,0.498,0.7442216728093075,27,8,0,3,0,1,0,0,0,0,0.533179340702464,1.2739932324784666,0.7873536617419967,1.1887296069478877,1.244467683073247,0,0,HP3,0,0,1,0.17860790932365278,1,4,1,0,0,0,0,0,science,2,0,degraded,medium,critical,0.4494481757376971,0.9371586249531916,8,14,43,45,17,3,37.5497241321621,11.074850783050906,35.24754415956994,17.353691963888352,37.33049901228874,41.75228061075303,498,0,189,502,0,402,3,1
2021-02-12,2021-01-27 14:06,67,2021,12,17,259,2,5,-79.60558229475015,-27.98700562374043,-46.89668930860438,16.70163651065578,4.349687077259561,16.698623095499595,4.819295420323334,19,0,7,activity_213,318.26523938966324,extended_mission,0.067,0.7789885058996087,25,5,0,3,0,0,0,1,0,0,0.7414462026626947,1.7875776633790335,0.871174120689113,0.4130323443433377,2.8958714590773553,4,0,APSS,1,1,0,0.5465137087012035,1,4,0,0,0,0,0,1,maintenance,0,0,safe,low,limited,0.3503202859965425,0.9024891034465079,8,1,87,18,16,2,56.16722070995576,41.14847121191585,71.51013387624671,48.701539170027296,42.533459594045276,42.55004487469709,67,33,620,933,233,833,0,1
2021-12-09,2021-10-16 09:08,515,2021,10,3,219,3,18,-63.391501957190954,-22.321580497485066,-44.34349664159063,21.140102821115683,14.232154552100582,37.13389685661965,1.6183116914967988,12,1,2,activity_214,198.98908113481326,extended_mission,0.515,0.5194527665175563,31,4,1,1,1,0,0,1,1,0,0.5068919851878828,1.6714656831622525,1.0337206613520806,0.8077207655519665,2.1448770702985356,2,0,APSS,1,1,1,0.5301935545004733,1,4,1,0,0,0,0,1,science,3,0,nominal,low,limited,0.44461237852081453,0.665725730099028,2,20,33,44,12,2,60.33449653117534,3.132178522215978,11.883913439395943,31.189014980442455,44.373827741116436,12.056449582200035,515,0,172,485,0,385,0,1
2021-09-22,2021-12-21 12:31,407,2021,6,22,65,4,3,-81.5796025494985,-30.88576527799413,-66.73174833709075,17.78716923022084,1.8652024036166348,37.23101552405683,2.0478227611260538,6,0,3,activity_215,340.39920375628293,extended_mission,0.407,0.006128647313680791,19,4,1,3,0,0,0,1,1,0,0.9178234896726153,1.1331335805222364,0.5749440126984968,0.4654150924148503,1.4587725612318476,1,0,APSS,1,1,1,0.9898413819555688,1,1,1,0,0,0,1,1,routine,1,0,safe,medium,limited,0.4656457184434686,1.8152495434195581,2,10,88,41,15,0,56.55389146196601,63.73048264283244,73.94179136658656,18.10503604721475,95.90070867644344,63.873925628923786,407,0,280,593,0,493,2,0
2021-10-21,2021-01-06 06:48,1840,2021,9,7,355,4,19,-53.68214911429587,-41.75720279583949,-50.373928105487074,18.582186892837186,19.517041586871777,17.84718594988329,1.4345784292891892,12,0,0,activity_216,91.71316627194432,surface_operations,1.84,0.8344228458443447,42,5,1,5,0,0,0,0,0,1,0.4666014284529346,1.9979206889323362,1.0792200352275578,0.3634034913539018,1.9668869917284701,3,0,WTS,0,1,0,0.2757296369807559,1,2,1,0,0,0,0,0,routine,4,0,nominal,medium,nominal,0.7209633480102122,1.4149722392217075,7,28,20,16,16,1,54.42367576104174,95.05503719437563,62.53976298804127,81.69684504748761,65.35607255451929,83.93708635378904,1840,0,0,0,0,0,3,0
2021-12-03,2021-08-02 08:44,716,2021,8,16,24,4,2,-72.39307582198782,-42.85408636885139,-37.91086897969855,24.155570450101152,7.499842898931792,24.794610271031427,4.260178236234786,6,0,2,activity_217,61.14219598844927,surface_operations,0.716,0.9468960253420421,5,3,1,1,0,1,0,0,0,1,0.6236121382999391,1.1397324280471997,0.8309085830780261,1.1136687091158102,2.8970023856471196,2,0,HP3,0,0,1,0.6923361649097234,0,1,0,1,0,0,0,0,routine,0,0,degraded,high,limited,0.9067508205428303,1.0913695622608917,6,20,63,25,7,1,41.195967989579884,65.37995093336167,99.50527524792473,93.7816965232562,0.4281757836103628,88.54387643623058,716,0,0,284,0,184,4,1
2021-06-10,2021-06-18 09:05,1127,2021,8,6,52,6,3,-54.83096572099311,-48.03535473552169,-40.87088734316062,10.140122975978334,10.885027545511477,33.149838274676064,2.916540885571499,2,1,9,activity_218,0.6741878109006905,surface_operations,1.127,0.5617554525443901,15,3,0,1,0,0,1,0,1,0,0.2974312585587431,1.521593011151964,1.257482324740119,0.9288000109061016,1.2432514980640983,3,1,CAMERA,1,1,1,0.5727552332848548,1,2,1,0,0,0,0,0,science,4,0,nominal,low,limited,0.4649496323997809,1.902743016120167,5,13,46,13,10,2,36.38250407977206,7.268391100262306,56.88187317664949,55.86814439372338,84.99757671095955,99.59910509461052,1127,0,0,0,0,0,1,0
2021-09-09,2021-09-16 11:09,643,2021,6,18,162,2,19,-80.04518029649651,-22.37418626557905,-40.730630336575096,22.405764838103593,4.778576341557173,9.150070156433266,4.418746795784076,9,1,7,activity_219,243.05178759978543,surface_operations,0.643,0.27761250296133355,7,2,0,4,0,1,1,0,0,0,0.14197231041543135,0.9782259290086368,1.3274457359796132,0.3369955324470162,2.188308817017915,0,0,SEIS,0,1,1,0.7341495973041509,0,1,0,1,0,0,0,1,science,2,0,degraded,medium,limited,0.7914249679374994,1.5886383131799133,6,21,15,16,6,3,31.55733081799751,99.10853381353594,43.143146703748826,86.97991535922162,89.65098356138644,83.60069997223499,643,0,44,357,0,257,1,1
2021-09-15,2021-08-26 02:22,1503,2021,11,10,306,3,12,-44.92642080261725,-53.0221373523623,-59.120496825054666,14.387699444056544,8.945830797452562,32.65580355758324,4.109649701461181,8,1,7,activity_220,231.07431916635713,surface_operations,1.503,0.2915138583443534,26,2,1,3,1,0,0,1,0,0,0.20282360793225068,1.1886950146308475,0.501333639490792,0.7857744461187672,1.0498357845764532,0,0,APSS,0,1,1,0.313161142862179,1,1,0,0,0,0,1,0,science,0,0,nominal,high,limited,0.7436518936815015,1.3115454335942172,1,28,42,35,15,4,63.634431531808936,50.00923357822332,10.33004778132799,19.764778111961533,47.96319561995268,88.75889907188584,1503,0,0,0,0,0,0,1
2021-10-13,2021-08-16 08:41,809,2021,6,5,98,2,8,-87.78265690231994,-47.663156446852796,-44.42661490821916,19.136087489133565,8.725787185873886,23.89818795274845,1.3891306362274323,16,1,1,activity_221,310.6897013338645,extended_mission,0.809,0.9011891219546017,17,5,1,1,0,0,1,0,1,0,0.1183067479608409,1.5043364064189084,0.5355518775490551,1.7960716902207197,2.6815917192279946,1,0,SEIS,1,0,0,0.35616696531444303,1,4,0,0,1,0,0,0,science,4,0,degraded,medium,nominal,0.7119403145977181,1.3058083345794498,1,8,17,48,7,1,56.71645462958706,89.9339409018403,96.99255735659435,63.4453139755603,76.40555898524384,8.380843348716427,809,0,0,191,0,91,1,1
2021-03-09,2021-10-17 17:39,1898,2021,7,9,12,6,14,-59.51379762388538,-32.52489761399262,-54.33178974691961,19.137518283887538,13.881321497119137,31.869851804512834,4.530071655873843,19,0,4,activity_222,19.783243392705575,extended_mission,1.898,0.2149922235883912,9,1,0,5,0,1,0,0,0,0,0.9255728309176455,1.0269897439130815,0.5776658617783536,1.739590257058442,2.697480769396625,2,0,HP3,0,0,1,0.7305321308699942,0,4,1,0,0,0,0,1,routine,2,0,degraded,low,limited,0.5425465442237775,1.6615978055258833,8,9,21,39,14,4,27.59441474126463,42.10713981936338,20.228794187253797,38.802761834151426,49.164675011147416,29.52470545129191,1898,0,0,0,0,0,0,0
2021-02-07,2021-06-23 10:31,1571,2021,8,20,353,2,2,-80.8734224495663,-45.556222279706574,-41.12087499733932,21.44446018095446,11.622447998581112,23.546471153175265,4.295481996491331,2,1,8,activity_223,321.60299105793894,surface_operations,1.571,0.3869990592543089,5,5,0,4,0,1,0,0,0,0,0.7173362986373977,0.972145965291513,1.3647902219998955,1.3420080054662993,0.5202523541183062,1,1,HP3,1,0,1,0.11129566275706648,1,6,0,0,0,0,0,0,routine,2,0,nominal,high,limited,0.4171960634223758,0.8983034084206432,4,6,8,3,16,3,78.47351140860994,81.48670149654463,92.73326151740112,70.27943598180023,24.51539461047435,50.566574308437815,1571,0,0,0,0,0,2,1
2021-08-19,2021-09-26 03:30,160,2021,3,10,102,1,12,-62.08617377980421,-25.54549124173733,-37.59893555683369,12.051058869741777,10.95474888648548,7.912619595902466,4.618633478138413,4,0,9,activity_224,44.70747953740447,surface_operations,0.16,0.4606637447107038,9,1,1,3,0,1,0,0,0,0,0.8199523437263937,1.7016599064533093,0.8041824776285161,1.0035216458291818,2.6845494407001307,1,0,HP3,0,0,1,0.8866226500163915,1,5,0,1,0,0,0,0,routine,0,0,safe,medium,critical,0.5436532545307249,0.6673000105275148,1,0,78,21,8,2,39.96384824939357,18.89138564336954,75.89864404434826,9.089890147454781,51.47673740754429,6.387578386188841,160,0,527,840,140,740,4,1
2021-11-12,2021-11-08 02:01,854,2021,12,6,180,4,14,-68.83557557900818,-29.042997727778058,-31.267900889426727,13.973369006326207,8.105391404654734,36.6951620648799,1.2183929051683235,6,1,2,activity_225,193.62161633375078,extended_mission,0.854,0.972583032551332,35,7,0,1,0,0,0,0,1,0,0.19478130318082798,1.4301490381286766,1.1060100737471432,0.8390027990808895,0.6435586985056125,4,1,CAMERA,0,1,1,0.4724603288539476,0,3,1,1,0,0,1,0,routine,0,0,safe,low,critical,0.7056324934855959,0.8702733579473769,2,8,58,15,12,2,32.60705023271233,13.355826586348352,48.927222589760824,74.67216016840621,10.985975705273344,42.46834916969604,854,0,0,146,0,46,3,1
2021-08-04,2021-04-16 09:42,1462,2021,10,5,139,4,12,-66.21745077741816,-34.19610217429387,-49.91364529609558,21.09855763339776,12.257095479267278,30.171879617977915,3.3926157895229423,2,0,7,activity_226,7.903260675727459,extended_mission,1.462,0.14416326017432823,41,1,0,1,1,0,0,0,0,0,0.5920632531854813,1.2025071535308733,1.2233586117188129,0.8725324586234939,1.297749908092139,2,0,IDA,0,1,0,0.015607436655260876,1,2,1,0,0,0,0,0,maintenance,2,0,degraded,medium,critical,0.3505919190288399,1.6169611945178093,4,13,70,6,8,2,92.60620645176425,79.82038257439419,61.55028533824991,12.854595760451048,62.23132974558777,5.5955860414626635,1462,0,0,0,0,0,2,1
2021-10-02,2021-11-06 16:04,1154,2021,5,15,143,3,10,-54.404812877934745,-30.33356445127645,-52.52679473788899,16.868194631762087,2.200424859829533,24.594438345439713,1.611124227989557,9,0,7,activity_227,130.88026579236222,extended_mission,1.154,0.4129920601928876,34,9,0,3,0,1,1,0,0,0,0.2903684659698047,1.2024031488915699,1.2870566539903663,0.7714723180870383,0.7116745356882235,1,0,SEIS,1,0,1,0.39893777087274596,1,4,0,0,0,0,1,0,science,4,0,degraded,medium,limited,0.44838706455948296,1.010337862283588,2,29,34,16,13,1,18.596322405813183,90.95255593623295,82.78703795061737,16.36418413279237,87.11703319609725,27.22475363704713,1154,0,0,0,0,0,4,0
2021-02-28,2021-01-19 15:57,421,2021,7,15,125,0,22,-43.11503669029541,-54.335896975480466,-58.09227343219038,12.053553218042751,17.21740247109344,22.09241170984201,0.6208157048704985,12,0,0,activity_228,69.39155587933425,extended_mission,0.421,0.893787427009998,7,1,0,3,0,1,0,0,1,0,0.9439138919435232,0.9299380793663647,1.0687691025228774,1.4859892890684163,2.242849534864458,2,1,CAMERA,1,1,1,0.29702022881081636,1,1,1,0,0,0,0,0,science,0,0,nominal,high,nominal,0.8296229085728384,0.5778667545035943,8,19,56,1,15,3,19.94586658841594,26.2509640912599,74.55843382228579,97.76677176990603,59.48555014630229,85.05844698222474,421,0,266,579,0,479,3,1
2021-03-13,2021-02-15 03:08,1417,2021,4,16,348,4,14,-77.9228593642011,-40.381618993700485,-71.66463715263188,5.868553648058174,9.374670536429203,18.95307506314442,1.1159614386132246,9,0,0,activity_229,44.01822697968581,surface_operations,1.417,0.6245586359173945,31,9,1,3,0,1,0,0,0,0,0.2989316289405564,0.25058303051175956,1.4796138890989412,1.7705872790410402,1.4453533433594496,2,0,HP3,1,0,1,0.12501369011580976,1,3,1,0,0,0,0,1,science,4,0,safe,high,limited,0.5880648536039546,1.401263638798871,8,0,19,32,7,2,50.95132702908365,51.080488717754754,81.42945193475526,75.30102006876255,91.3735675109942,83.29017228245964,1417,0,0,0,0,0,2,0
2021-11-08,2021-06-03 18:43,1384,2021,6,28,8,4,9,-44.05103372498007,-33.20229546544935,-74.39501802074626,10.115636813975495,13.656745320577981,31.753972089690098,4.2793680770331886,16,1,1,activity_230,326.6089448671795,extended_mission,1.384,0.6965390223878929,27,2,0,1,0,1,0,1,1,0,0.32939376077006527,1.6645301844013642,1.1185969615011015,1.5572237480645355,1.7893404709351122,2,1,CAMERA,0,1,0,0.8561302203530459,0,1,0,0,0,0,0,0,maintenance,2,0,degraded,low,critical,0.3343411976223851,0.6627916858368326,8,4,37,3,16,4,92.53297368745983,44.68342305199287,17.312543916515576,4.781106370247978,24.64598696375051,14.319750388024211,1384,0,0,0,0,0,1,1
2021-09-18,2021-11-05 01:10,992,2021,1,13,286,4,17,-44.11834045391449,-56.87561244995375,-55.76631959155307,18.309967180672825,17.973861076043217,39.91936765314247,3.890246517139261,1,0,7,activity_231,274.8172535220825,surface_operations,0.992,0.9171754351240651,23,5,0,5,1,1,0,0,1,0,0.4266449013028044,1.1116929731673826,0.8609694136485402,1.4752028271574738,2.9368423602540394,3,1,CAMERA,1,0,1,0.9639534253882871,0,6,1,0,1,0,0,0,routine,4,0,nominal,medium,critical,0.6816650028279021,1.6480279908794806,3,17,25,41,14,0,4.019869125787656,76.18957921879063,9.958864832833891,39.67509257996017,10.361878766496657,83.70744458190946,992,0,0,8,0,0,1,0
2021-08-12,2021-06-26 02:26,985,2021,2,23,296,1,0,-44.186458132823425,-44.4653248931381,-48.16154880369092,17.517415694882747,19.632213112848657,34.08795425748083,4.602819687248091,1,0,5,activity_232,76.14034580872342,surface_operations,0.985,0.2654732249976489,13,7,1,3,0,0,1,0,0,1,0.11737397504607999,1.9376996665941735,0.6492618969888062,1.5291571226899023,1.1898063826702576,4,0,SEIS,0,1,1,0.4939059939093555,1,6,0,0,0,0,0,0,science,2,0,nominal,medium,critical,0.6420803365883031,0.6162765646894787,9,24,0,37,8,3,86.33451045230606,15.916473808865394,1.5088030210694936,44.92371307759158,43.21028974116281,55.19012184951724,985,0,0,15,0,0,2,0
2021-09-17,2021-08-18 06:53,254,2021,10,18,60,4,18,-66.31544338546497,-29.781847626989688,-35.386893164395644,29.10364489663895,6.4910381206499945,32.95466008449236,1.447905189359915,8,0,1,activity_233,177.0985377393684,surface_operations,0.254,0.9313583672064593,21,4,1,1,0,1,1,0,0,1,0.20866451743808784,0.786762278783862,1.0629815045152657,0.5807679134827354,2.5015591410320384,2,1,SEIS,1,1,1,0.45493507179744463,0,5,1,0,0,0,0,1,science,0,0,degraded,low,nominal,0.9696203974371154,1.0869152831104183,1,6,39,43,13,2,52.526134671793876,70.19485009805054,96.99372104470915,43.49455304073747,40.60342065943693,36.99300045901225,254,0,433,746,46,646,1,1
2021-06-10,2021-11-06 01:32,1996,2021,11,16,291,4,14,-72.18758734562081,-33.04997414964565,-42.18440207392376,22.26381600999112,2.2792396271630455,27.991263212913964,1.759943972543438,17,1,0,activity_234,116.44824050297878,extended_mission,1.996,0.43354310280380104,12,2,1,5,0,1,0,0,0,0,0.37795942822821327,0.7675049235870606,0.5605522562412606,1.3302318239884439,1.91956522849896,3,1,HP3,1,1,0,0.46924494587053966,0,6,0,1,0,0,0,0,maintenance,2,0,safe,low,critical,0.39852035437380723,0.7349512717857781,2,24,50,23,8,3,32.01250495947112,84.04925084157469,83.2385365715857,66.77947928065699,66.57818035439772,70.0159692073135,1996,0,0,0,0,0,3,1
2021-10-15,2021-09-21 23:06,1301,2021,9,23,308,3,10,-41.05290939093113,-45.396734670648925,-54.38892807598849,23.809036059934805,15.854009011226374,13.15615686725841,4.684104888384752,17,1,6,activity_235,351.5816588373215,surface_operations,1.301,0.4960971064070674,40,3,0,3,0,1,0,0,0,1,0.6803697760274139,1.3094658760422482,0.7336195984780444,1.1135909464025993,1.055518017489955,0,1,HP3,1,1,0,0.23693334917174502,1,4,0,0,0,0,1,1,maintenance,3,0,safe,medium,critical,0.9482051923222754,0.5357090648875145,6,17,27,37,8,3,89.43780987619989,52.44891875915233,13.699682861896745,56.51459705569438,62.86321599028497,85.77589578071112,1301,0,0,0,0,0,0,0
2021-09-19,2021-10-04 09:58,1532,2021,8,22,167,6,3,-45.578414742795196,-25.948446428099402,-55.498487308642424,23.966847117169525,1.9515833915253888,6.408566971673775,3.889563864389424,7,1,8,activity_236,322.0970777120206,extended_mission,1.532,0.0972542158555324,29,8,1,3,0,0,1,0,0,0,0.3697225892871081,0.7201836774954944,1.2995950799420428,0.716308479215953,2.5796646751830123,0,0,SEIS,1,0,1,0.4734211306334456,1,1,0,0,0,0,0,0,routine,2,0,safe,high,critical,0.5510363849162742,1.1825489286829916,9,24,21,12,11,0,19.293443629279526,20.388647546052386,18.705683602638036,48.901738034659424,79.79313675113156,56.8970033761241,1532,0,0,0,0,0,3,1
2021-03-16,2021-10-01 04:02,1139,2021,1,18,314,4,18,-57.51046362436877,-56.63559602761257,-66.8403364753059,16.894920374865023,13.07130305362204,10.105419443386364,1.3335049887392205,10,0,0,activity_237,65.73650330962009,surface_operations,1.139,0.22655384852629123,41,9,1,2,1,0,0,0,0,0,0.4942286048210227,1.5967530357497985,1.2192685059486148,0.4897903710736135,0.6221040583018598,1,1,IDA,1,0,0,0.8095813022712861,0,2,1,0,0,0,0,0,science,3,0,safe,high,limited,0.9208526774220203,1.1162647662213645,7,23,53,30,17,4,74.04646509447302,44.08810976185801,88.83108221491324,80.94984215615612,78.54210926478598,45.82468419342918,1139,0,0,0,0,0,3,1
2021-06-11,2021-03-08 23:00,1032,2021,3,5,306,3,11,-46.17853625787825,-26.272034335052595,-32.157371176625524,24.752737806677363,13.191936541176299,34.980455547961014,0.8404010629580734,19,1,2,activity_238,277.65112045663767,surface_operations,1.032,0.9620753780372231,36,5,1,3,0,1,0,0,0,0,0.7844518039755158,1.1417204177111013,1.424237700814133,1.5375583659350425,2.6097124141640804,2,0,HP3,1,0,0,0.18636938881617127,0,5,1,0,0,0,0,0,routine,1,0,nominal,high,critical,0.944263445225044,0.9318588565962245,2,21,39,19,15,3,63.07549980407676,50.40749468400884,52.66893589263512,92.67128453077733,3.161501127124211,77.33922246287723,1032,0,0,0,0,0,3,0
2021-07-21,2021-05-19 15:40,1868,2021,10,5,150,2,9,-62.15162331197758,-54.66123982121364,-62.06442989231627,17.321897428382485,12.665670272793761,11.413075155975445,0.5398982516013053,19,1,7,activity_239,219.7822226550549,surface_operations,1.868,0.4921655058552058,6,6,0,4,1,0,1,0,0,1,0.4127119755207346,1.3312421296162402,0.5428970109935717,0.5563579349164103,1.581877172777499,2,1,IDA,0,0,1,0.32255923663326835,0,4,0,0,0,0,0,1,routine,1,0,nominal,medium,nominal,0.9898192497032747,1.737202687151251,7,6,18,45,14,0,16.94667088884395,47.321502991810505,97.12962274285455,37.236629822860266,37.157310851620004,19.503023178915434,1868,0,0,0,0,0,0,1
2021-03-24,2021-10-28 05:59,1390,2021,10,3,162,4,17,-49.7360607335794,-54.423862319539815,-56.16009239421573,27.0322001875409,11.210632109909929,18.2856819814157,0.7169100892062655,3,0,8,activity_240,320.07464737784625,surface_operations,1.39,0.717296077573428,29,5,1,5,0,1,0,0,0,1,0.8830431969457527,1.5432789103979692,0.7190383616420585,0.40784912798624406,2.2891844421383487,4,0,HP3,1,0,1,0.638477916613239,1,2,1,0,0,1,0,0,science,0,1,safe,high,nominal,0.7826802285603186,1.8600247079724388,6,6,7,18,16,2,32.249721835669376,84.29562282351154,18.029546069678037,6.289825760685918,37.83554240626875,85.8925388530693,1390,0,0,0,0,0,3,0
2021-05-20,2021-05-07 16:47,1867,2021,1,11,205,0,1,-78.52940043826969,-34.19451836722967,-59.93147034407046,27.988971570332126,13.074401855199616,14.736288684790594,2.6281710921376855,6,1,2,activity_241,252.5628745762263,surface_operations,1.867,0.6796699732515226,10,8,1,3,0,0,1,1,0,0,0.3769745649470382,0.42756720887905053,1.260807541431077,1.576170573946023,1.1425155805560805,1,1,SEIS,1,1,1,0.11571239426352209,1,1,0,0,0,0,0,0,science,1,0,safe,high,limited,0.8793697948984358,1.1768229699175943,1,17,11,34,6,0,77.1313633225014,41.15116028992104,18.38457268892978,94.14111814185013,53.2351126517139,85.23554603874851,1867,0,0,0,0,0,3,1
2021-04-11,2021-08-10 22:27,1174,2021,11,3,207,3,17,-84.16235164209957,-43.38426280124807,-66.60389822280939,7.560417941943974,6.0465346654578696,35.1171479978827,0.5771666930826256,17,0,6,activity_242,32.29174692297167,extended_mission,1.174,0.9642201998380311,11,8,1,2,1,0,0,0,1,0,0.8571775163497316,1.4189421691582138,1.1978046984944086,1.103903989693607,2.7130724605279313,2,1,IDA,1,0,1,0.8982211239095694,0,5,0,0,0,1,0,0,routine,3,1,nominal,high,nominal,0.9221150525706376,1.1965554802730616,0,7,61,40,7,4,11.984066154120388,87.92726411829092,77.92031367651079,19.07482637058028,69.40199458245654,60.263292128563485,1174,0,0,0,0,0,4,0
2021-05-16,2021-09-22 22:43,1559,2021,8,13,293,5,15,-88.84501632878765,-39.33950149501702,-53.208612469649026,16.074788466407956,6.046875236780178,39.532355193477365,1.7239429534252166,6,1,9,activity_243,149.0403786052799,extended_mission,1.559,0.14588924648328727,20,4,1,3,0,1,0,0,1,0,0.4511763705249121,1.0973807809963279,1.375653387674586,0.46284471705421404,2.4793322324991323,1,1,HP3,1,0,1,0.5549428892511367,1,4,0,1,1,0,0,0,science,1,0,safe,medium,limited,0.8016995267213487,0.665349363081849,6,22,42,21,3,2,78.68411345141675,95.7868559877576,15.78008770256658,39.21399251161498,84.41404600254748,80.68713932688794,1559,0,0,0,0,0,4,1
2021-12-03,2021-06-11 12:10,1614,2021,8,10,162,5,15,-86.68726515229,-21.71972328722581,-39.312222559340356,14.957759196589283,19.647901072455376,17.093751262201916,2.174540882036129,5,1,3,activity_244,143.68741286401112,extended_mission,1.614,0.15285030395050592,27,2,0,2,0,0,0,0,1,0,0.9723971128164943,0.4256819913947378,0.6605578107631702,1.31510504801983,1.8535861915246121,4,1,CAMERA,1,0,1,0.8688707955393863,1,2,0,0,0,0,0,0,science,0,0,nominal,low,limited,0.59920174981215,0.6700974910173632,7,14,54,18,14,2,40.98460987102419,49.16877860337713,87.26121748775853,30.139837741718246,15.926169434109438,14.081921813379516,1614,0,0,0,0,0,4,1
2021-05-14,2021-09-10 06:27,474,2021,9,14,28,1,16,-66.01499187332271,-25.643506956174342,-34.687439548942706,28.905654926903846,17.591264752255626,25.301524435433443,2.500725196562454,1,1,5,activity_245,80.84470293963051,surface_operations,0.474,0.5381434300814544,47,5,0,3,1,0,0,0,1,0,0.5090571010634333,1.4860072890909113,0.9024307256477919,0.5819758081140507,1.8521489470626944,4,0,IDA,0,0,1,0.4063998528544974,0,1,0,1,0,0,0,0,science,2,0,nominal,high,limited,0.46085697852368157,0.5568415443259941,6,4,95,44,15,3,9.802344058293189,12.72514797839558,6.166620730740413,99.60791289068266,38.707676860158124,90.57951677346345,474,0,213,526,0,426,1,0
2021-07-07,2021-04-13 19:29,156,2021,11,26,195,2,1,-73.07070140292132,-51.03310893012393,-58.84005256645813,10.7593705591506,11.588112621733092,32.935978091624584,4.039758775480559,13,1,4,activity_246,186.87302292230217,surface_operations,0.156,0.5938543647058008,47,9,0,2,0,1,0,1,0,0,0.4194694278875396,1.806819776020823,1.0021811415391275,1.2686474260394052,1.0239462048458445,0,1,APSS,0,0,0,0.3905743775924688,0,5,0,0,0,0,0,0,science,1,0,degraded,high,limited,0.8187551631799572,0.9741523726742365,6,27,86,7,16,4,25.03345637346731,11.432207180851417,88.37585283384885,19.934053426257258,82.23910929462824,41.32226774917712,156,0,531,844,144,744,1,1
2021-12-12,2021-01-19 15:11,1420,2021,10,2,18,4,23,-68.8443284502107,-54.51131073559736,-67.77680631236889,6.922765968383366,4.101875074472199,30.041946292103628,4.140172882480061,16,0,3,activity_247,168.441310127529,extended_mission,1.42,0.0326550345942026,24,7,0,2,1,0,0,0,0,0,0.6445027552042297,0.9058301389762189,0.6183240730031382,1.471159852330784,1.4094651289976428,4,0,IDA,0,1,1,0.5888825052029606,1,5,1,0,0,1,1,0,routine,3,1,nominal,low,limited,0.47545097858118573,0.843777859146795,5,28,24,13,13,1,92.65789171431258,65.19543449841703,91.26603959005557,83.34721016800484,68.75824434076875,35.610589951895946,1420,0,0,0,0,0,3,0
2021-06-24,2021-05-19 05:11,1335,2021,2,28,140,6,18,-84.81090359116641,-44.60574950027786,-40.07475307139247,15.791294064849025,6.644555281325677,19.396294388814436,3.212801360538579,1,0,0,activity_248,151.91357979836562,surface_operations,1.335,0.7289137554380787,30,2,1,5,1,0,0,0,0,0,0.8666555291765222,0.8497486207752893,0.6456520910643565,0.7985057703304834,1.6381608684379563,2,1,IDA,0,0,1,0.1701012461881699,0,5,1,0,0,0,0,0,routine,0,0,nominal,low,critical,0.7059883243164586,0.8562033608341186,0,5,90,37,2,1,5.123954114642471,68.29615935420648,25.107902402934535,49.96702437290534,74.67467725125942,56.266678065633315,1335,0,0,0,0,0,3,1
2021-01-23,2021-01-09 13:46,1963,2021,8,1,98,1,17,-85.00315467156902,-24.75243052422764,-61.310796683924835,21.35983412076437,9.750045572405597,17.820610084181865,3.404488249325734,11,0,3,activity_249,298.8836513043014,extended_mission,1.963,0.6090816550210135,42,8,0,1,0,0,0,0,0,1,0.8900597354275224,1.9519166898905278,0.8025265412047127,1.3402708853624539,0.5222819604293722,2,1,WTS,0,0,0,0.14331003627561067,0,4,1,1,0,0,0,1,routine,3,0,safe,low,critical,0.923216438442195,1.2076507267247354,1,3,15,2,6,1,43.83808971409315,1.6862870082104409,15.161063793047603,9.208049312361977,23.974417293825844,10.001809002432227,1963,0,0,0,0,0,1,1
2021-05-09,2021-09-08 23:19,173,2021,4,18,324,3,5,-67.63898573988178,-37.20385213412631,-47.744615002207254,14.138219922681978,1.5267128433290567,27.936412498392844,2.69794337203975,15,0,4,activity_250,27.665806270044314,extended_mission,0.173,0.8438683005175974,26,7,0,1,1,0,0,0,0,0,0.2468090042804022,1.6617831107909982,0.7257307684630578,1.0892629810043872,0.8200401630085908,3,0,IDA,1,0,1,0.069486824752653,0,3,1,0,0,0,0,0,maintenance,1,0,degraded,low,limited,0.7694060355788548,1.841584780547736,4,8,84,12,9,2,51.35220769124835,60.952031130992424,19.12931742021072,27.332958312466292,64.03473462977371,46.83009475999583,173,0,514,827,127,727,0,1
2021-09-16,2021-11-08 23:16,1184,2021,5,12,166,6,17,-71.32389481602189,-56.89646193242541,-48.151236002994565,21.18136278435189,7.4693714396609785,31.000732650142275,2.705191340763098,14,0,0,activity_251,256.14464411225464,surface_operations,1.184,0.43110648734553736,49,8,1,5,1,0,0,1,0,0,0.39724064949062443,0.4262868340124172,0.9753603574556491,1.426535788707621,1.444149777218303,2,1,IDA,0,1,0,0.16924759744289453,1,4,0,0,0,0,0,1,routine,1,0,safe,medium,critical,0.5026799234555934,1.2855475794069635,3,23,24,44,18,3,27.718136467462116,21.028279269871508,8.775605576999613,15.572601192334556,76.8867762491973,71.87791805847155,1184,0,0,0,0,0,2,0
2021-11-04,2021-09-09 22:20,1301,2021,3,3,89,0,11,-44.59230283862485,-38.57966444142009,-36.39895782228342,6.4537780141600285,10.530312330432604,23.87992801016827,4.373159146439675,4,1,9,activity_252,146.71545765631782,extended_mission,1.301,0.8658414754199422,13,9,0,2,0,0,0,0,0,1,0.10534758025991897,0.2858750146169697,0.6476068191575887,0.8232931451554097,2.574795077467397,2,0,WTS,0,0,1,0.553444831947699,1,3,0,0,0,0,0,0,maintenance,2,0,degraded,low,nominal,0.8551086791385789,1.982885718539498,4,12,50,33,5,2,91.20678451256258,71.26060735870925,42.27823405656039,6.579024201642525,80.96969370605876,95.27428731264703,1301,0,0,0,0,0,2,0
2021-10-16,2021-09-12 13:21,180,2021,11,28,275,5,9,-70.20372964131855,-21.83051873381472,-33.749340371385266,10.831647547926082,15.616152954996146,26.7945138681529,1.1940023260383796,4,0,8,activity_253,206.5766649080185,extended_mission,0.18,0.2951560388218386,38,1,1,5,0,0,1,0,0,0,0.7649175608644734,0.9230771601440122,0.9803970882023202,1.7614495932819476,1.360917220795635,4,1,SEIS,1,1,0,0.6913864452150186,0,4,1,0,0,0,0,1,science,3,0,degraded,low,nominal,0.5442930756099102,1.7477641588771506,3,24,40,0,4,0,16.03659099049074,54.74884331494712,34.853178211469015,43.43388516482918,33.518312921876856,33.595924819551314,180,0,507,820,120,720,0,1
2021-06-28,2021-07-06 11:40,1443,2021,2,2,25,0,20,-60.68660784033659,-32.032272080744946,-51.36708945295992,25.86844886942419,0.6626692438642179,14.393242784700172,2.613417603812115,12,0,7,activity_254,81.73146034161672,extended_mission,1.443,0.39366341405564076,27,4,0,2,1,0,0,1,0,1,0.7478472805749583,1.7008567559711512,0.8950405356814984,1.1463269655500483,1.069216564823996,1,0,WTS,0,1,1,0.6696611616328767,1,4,1,0,0,0,0,1,maintenance,0,0,safe,high,limited,0.659050781453898,1.299710395415969,6,23,35,0,7,2,1.060742337031939,86.16571554970481,45.12677953712668,0.40252788539707485,40.164517721204184,18.680084104503557,1443,0,0,0,0,0,1,1
2021-11-17,2021-11-12 21:39,1328,2021,5,21,33,0,23,-74.03408367510781,-54.22304337960894,-50.11515377899853,12.147939396555325,4.660009796179927,18.963537946922674,4.034711449464209,3,1,6,activity_255,339.0556568273016,surface_operations,1.328,0.15288884564479632,15,7,0,4,0,1,0,0,0,1,0.3255141622799331,1.5209857518927354,0.784655393493592,0.7766781128802958,1.2750046319557633,0,1,WTS,0,0,1,0.020748873740378926,1,3,1,0,0,0,0,1,routine,3,0,degraded,low,limited,0.548981172926062,0.9831688939537071,2,16,49,29,12,3,61.91496593147331,16.370965250905034,7.65863438616149,66.39960174596078,91.20598978210074,46.05934367705223,1328,0,0,0,0,0,0,0
2021-09-02,2021-06-27 02:09,230,2021,4,2,155,1,7,-40.56717225429937,-39.96520186471338,-66.26270651634707,16.926668739181814,17.328302590496484,5.763237759353846,3.5579935359827997,4,1,7,activity_256,164.71634665442835,surface_operations,0.23,0.37703635818425274,48,7,0,5,0,0,1,0,1,1,0.6746725415724981,1.816866350614684,1.1298837036711995,1.411226486898173,2.591114740649032,3,0,CAMERA,1,1,1,0.6527234395556732,1,6,1,0,0,0,0,0,science,1,0,safe,medium,critical,0.7706810841574874,1.2331981130618614,7,24,49,1,7,1,18.131308148466218,33.04473539983609,53.82184337322946,91.92772111827323,54.032686724205526,70.56035413643416,230,0,457,770,70,670,0,1
2021-02-12,2021-01-23 10:08,1004,2021,6,24,88,0,22,-45.30108040584459,-31.021583069943528,-54.06718365045128,7.162731723493688,1.1389589739689643,18.101394761449882,2.587197734454484,18,0,8,activity_257,303.9600777117616,surface_operations,1.004,0.9897228904663063,7,5,1,3,0,0,0,1,1,1,0.8110497751637958,0.6122451427252441,0.892248181326889,0.7029473274287144,2.9610400854526664,3,1,WTS,0,1,0,0.20543424981468505,1,6,1,1,0,0,1,0,science,1,0,degraded,low,limited,0.33397341551076826,1.6164214089412463,2,0,28,8,8,1,24.24220950060739,16.858200349761944,39.4340793094323,76.66724853361539,93.87959097528575,42.732982597400785,1004,0,0,0,0,0,3,1
2021-06-23,2021-08-05 02:34,555,2021,2,24,332,2,8,-87.51936316690342,-40.01818306705138,-63.6483265280593,27.776638231846764,7.969849885461738,27.185535611822772,4.37129269166547,4,0,4,activity_258,343.567924316944,extended_mission,0.555,0.3965637167970809,21,7,1,3,0,0,0,0,1,0,0.15891791693288143,0.884682086669252,0.5036064361064615,1.222841248448506,1.5635379011012405,2,1,CAMERA,0,0,1,0.7469036553555233,1,2,0,0,0,0,0,0,maintenance,2,0,degraded,high,limited,0.3591820058286854,0.5663664035267124,1,23,71,49,12,0,47.69477661895347,98.73445001511152,71.74736092664115,65.74733351916258,57.04497348723445,99.73661815497039,555,0,132,445,0,345,1,0
2021-06-24,2021-12-04 21:36,428,2021,3,5,270,6,3,-58.328482994408915,-53.377459396585834,-56.77888487381235,27.483929891234105,3.321288888038809,28.21185388719189,1.4202966675017965,17,0,2,activity_259,224.9304687839738,surface_operations,0.428,0.6025113375531553,10,3,0,4,0,0,1,0,0,0,0.46123073714544316,0.26717359443511596,1.268756976531375,1.5556492526833536,0.9980919087138638,2,0,SEIS,0,0,1,0.8071865681172291,0,6,1,0,0,0,0,0,science,0,0,safe,medium,limited,0.6131579345943103,1.8103912899374353,1,16,9,6,9,2,39.189392093591344,40.28657391501041,65.07733897816102,52.6986218326428,37.444987753843485,98.97744156800896,428,0,259,572,0,472,0,1
2021-03-02,2021-12-24 05:41,834,2021,11,16,283,1,21,-58.90584192725335,-40.15868440234341,-61.559220728363954,7.981122782981529,8.18152069132191,5.99814728689524,1.4497515017008276,3,1,0,activity_260,63.80503119804724,extended_mission,0.834,0.0442954309969924,47,8,0,4,0,1,0,1,1,0,0.9488467472143953,0.3788890021115482,1.354834151237336,0.3004645978725089,2.705702737613458,4,0,HP3,1,1,1,0.9311966802046954,0,2,1,0,0,0,0,1,maintenance,2,0,nominal,high,nominal,0.6764127995482407,1.7856262667213458,6,14,83,16,2,3,75.90909613960271,78.42947047887264,92.26949839543673,37.61651104310777,50.625173449732685,36.3128442846072,834,0,0,166,0,66,4,1
2021-04-11,2021-09-08 02:18,832,2021,9,3,188,3,10,-84.14792586557783,-59.35764709279545,-70.18451973280106,12.314911090598569,11.035801271589914,7.240002896333541,1.1130250024330206,7,1,4,activity_261,164.45387743427514,surface_operations,0.832,0.45394005813078153,19,1,0,1,0,1,0,0,0,0,0.19185560662404416,0.619155181623514,1.0622815641253924,1.7139896146591296,1.780706824715292,1,1,HP3,0,0,0,0.6459341848009382,1,1,0,0,0,0,0,0,routine,2,0,degraded,high,nominal,0.9154269841241025,1.3227101317630943,8,19,57,31,2,2,87.03588312890246,69.61531425400574,24.475915076013045,64.88483286945149,61.91593727202008,82.08436635786886,832,0,0,168,0,68,2,1
2021-01-27,2021-10-19 15:13,1055,2021,9,2,344,5,21,-83.39606088263415,-27.447912909593477,-38.42294723989522,19.67298391475215,15.212958791560514,11.365824435305559,1.2631370036932104,4,1,3,activity_262,137.50943702998174,surface_operations,1.055,0.2459372142528491,43,5,0,3,0,0,0,0,0,1,0.4126105386460155,1.0698279775274262,1.2522694609453395,0.40125184330858127,1.0429112898911057,4,0,WTS,1,1,0,0.045477951306036934,0,3,1,0,0,0,0,1,maintenance,2,0,degraded,low,nominal,0.67135427006268,1.3345572446681173,0,1,65,38,8,3,13.87599653855135,11.52592290260368,29.99432568137914,99.53487964272196,32.64969475163985,93.64563903551051,1055,0,0,0,0,0,2,1
2021-12-08,2021-10-16 19:25,1388,2021,8,9,301,4,19,-88.33572253682715,-39.88625157427458,-60.86592951448899,9.512075201703317,15.001681498973243,12.155796418138552,3.5942229544720696,14,0,4,activity_263,298.9024582904927,surface_operations,1.388,0.5620641000588573,28,5,0,5,0,1,0,0,0,1,0.7635239098810629,0.9697294490372994,0.6244408107609443,1.0952621546506849,1.4536726599845815,2,1,WTS,1,1,1,0.264930886222406,1,4,0,0,0,0,0,0,maintenance,4,0,nominal,low,limited,0.4729153092435199,0.8654809994205725,1,3,83,35,5,3,40.819308181741796,26.282302621238873,57.575008352031055,82.21829058167339,77.86521510749094,88.99974825811321,1388,0,0,0,0,0,4,0
2021-02-09,2021-05-20 08:33,356,2021,3,28,16,4,12,-84.41360863219688,-48.73134098667157,-65.5367147953722,8.406932621732919,0.4899346350323741,37.750404717044496,4.644654739454022,7,0,4,activity_264,92.2725767739405,surface_operations,0.356,0.31954906287840656,7,2,1,2,0,0,0,0,1,1,0.172650974124623,1.9646936275599856,1.4184135090970051,1.3749473846481164,1.5649325805497833,1,1,WTS,0,0,1,0.36148842996524766,0,1,1,0,0,0,0,0,maintenance,2,0,safe,medium,limited,0.7089530349049624,1.0806963399084268,5,12,22,41,4,4,83.49740733648903,17.761981945520223,15.916753447981446,65.74713688561535,87.01430055517372,89.24261775360394,356,0,331,644,0,544,0,0
2021-05-07,2021-03-04 16:02,1613,2021,7,4,31,1,13,-63.47384543175528,-51.415920191387784,-66.23089130021697,7.027108531657163,15.91090552837378,16.357667321700333,4.356359758980349,19,1,8,activity_265,258.1872803010977,extended_mission,1.613,0.29167374961019665,5,9,0,1,0,0,0,0,0,1,0.8128172871461217,1.98806150158776,1.4682983146601694,1.0343093131412315,2.2409396246764146,1,1,WTS,1,1,0,0.6529081054429361,1,6,0,1,0,1,0,0,routine,2,1,safe,low,limited,0.9720468882257458,0.6012922808388159,7,3,91,47,16,1,38.18717522345004,80.98764150385693,58.446993164461304,39.05621024270317,10.959787033512702,89.54453137667079,1613,0,0,0,0,0,3,1
2021-12-25,2021-11-10 17:11,1093,2021,12,17,32,0,7,-83.92786921358125,-48.738598395724225,-72.59810276202326,22.212804710239077,1.4797776840381016,12.115134440258466,0.9180487152235373,19,1,2,activity_266,8.396039362563016,extended_mission,1.093,0.9646855564468417,6,5,0,3,1,1,0,0,0,0,0.6779204157647042,0.9463703200313671,1.4033478503660581,0.8441327418017648,0.8125270502246091,2,1,IDA,0,0,0,0.7567798069785374,0,5,1,0,0,1,0,1,science,1,1,nominal,medium,nominal,0.7286820356720805,1.926662273123919,7,21,10,25,18,0,49.37694913726616,39.06406548043391,47.19379285564587,85.27367457319316,64.54684255181677,4.477237251809507,1093,0,0,0,0,0,0,0
2021-05-17,2021-07-25 15:59,29,2021,9,17,223,5,2,-71.15030853947725,-39.73152944268807,-51.23369742268109,27.218193213792865,7.611322658944326,36.79834106751793,2.486154021439053,10,0,2,activity_267,337.3396680836791,surface_operations,0.029,0.9075757039632664,33,7,1,1,0,0,0,1,1,0,0.20116424015015394,1.0133455972416328,0.6924110378871393,1.6411613975969213,2.911450464504132,1,1,CAMERA,1,0,0,0.35467082661031046,1,2,0,0,0,1,0,1,science,1,1,safe,medium,limited,0.9487714477498788,1.5585314696785737,2,4,5,12,9,0,54.204198455394895,60.16700217635938,60.85717243060165,38.81810010456791,42.1229733685496,83.423842964064,29,71,658,971,271,871,1,0
2021-06-19,2021-04-26 11:53,1691,2021,6,12,201,3,4,-76.60024877181954,-55.07378104044838,-57.803511543605026,25.833390512631333,6.956556075722293,6.198910076932399,1.7342616930130936,9,1,3,activity_268,56.68306458834479,extended_mission,1.691,0.537356404772887,25,1,1,3,0,0,1,0,0,1,0.6685625591410698,1.5763693008626432,1.2785142948525574,1.4551674783454283,1.065706568234169,3,0,WTS,0,1,1,0.9364464228117573,0,3,1,1,0,0,0,0,maintenance,0,0,nominal,low,nominal,0.47131413406448636,1.8366750116800643,7,11,73,22,3,3,50.48908142789611,95.17732844096327,69.85802714527901,61.74565803977604,57.48052248722807,17.953925219959277,1691,0,0,0,0,0,4,0
2021-12-05,2021-03-10 17:14,1486,2021,9,1,5,4,7,-40.903563782491176,-45.01354801949465,-67.35532857279834,26.32332654493053,6.349334872651107,25.93706635278506,2.254526438958499,10,0,4,activity_269,230.02403887236937,extended_mission,1.486,0.051641797222756636,11,9,0,3,0,1,0,0,0,0,0.7739517573070452,0.7662028088461301,1.1333271323650829,1.3327866031617972,2.146063860492788,1,1,HP3,0,1,1,0.580231287059956,1,5,1,0,0,0,0,1,maintenance,1,0,degraded,medium,nominal,0.9525593887291242,0.907455196118145,5,1,4,10,10,4,61.62528268371014,90.76392933095441,71.53606400498028,69.58696802242656,58.63840220928984,63.29886141924184,1486,0,0,0,0,0,0,1
2021-03-18,2021-04-07 22:40,1506,2021,12,3,314,6,22,-67.96467787951319,-28.136362544094226,-36.23497794453953,26.149721934680787,6.260184383937865,22.694107828885745,3.4256378059113386,19,0,1,activity_270,236.20933586952717,surface_operations,1.506,0.5944983657497586,40,1,0,4,1,1,1,0,0,0,0.35881457400273553,1.969109386434989,0.8735485541413044,1.4755835361508385,1.617038671048136,4,1,SEIS,0,1,0,0.6369435754268788,0,4,1,0,0,0,1,0,science,0,0,safe,medium,limited,0.5449499736399853,1.3145187650215184,7,23,85,42,0,3,31.475649286076912,98.55022916368355,46.614213556031515,74.98392836454242,17.741241725123626,1.3455257741813775,1506,0,0,0,0,0,0,1
2021-02-14,2021-11-02 20:32,689,2021,11,2,80,5,2,-87.16424308588873,-36.47628833944171,-40.96672842628228,15.332814035027758,8.404652656029201,8.089887450472075,1.4087338903039215,1,0,4,activity_271,129.1124154245489,surface_operations,0.689,0.5292555409507501,17,2,1,1,0,0,0,0,0,1,0.5111518872816017,0.4400164345593718,1.0233484944191522,1.4019330606483498,1.8833569370354204,2,1,WTS,0,0,1,0.017589916212524592,0,2,0,0,0,0,0,0,routine,4,0,degraded,low,nominal,0.5891380435673785,1.223713166626749,3,29,20,35,13,3,0.9883287775461436,33.80895216303905,30.26457121918089,86.80980942840463,52.91235390207832,36.45701572242519,689,0,0,311,0,211,0,1
2021-06-04,2021-09-14 02:32,1305,2021,11,11,257,3,8,-50.84662649204919,-26.544159708640166,-54.55183985310613,19.77387664851184,10.678245970778802,37.871855157207555,3.7647755829129257,5,1,6,activity_272,147.7788959242403,extended_mission,1.305,0.4999079566958077,30,9,0,4,0,0,0,0,1,0,0.9440130581081034,1.6880353466086124,1.357505739957256,1.6600032219227854,1.5215124268081002,0,1,CAMERA,0,0,1,0.7848913946638502,0,3,1,0,0,0,1,0,maintenance,0,0,degraded,medium,limited,0.7717057757437816,0.5648299058824358,2,7,4,27,11,2,87.4762523781461,58.12620384192929,52.45440656650363,81.64480420765715,74.93351797943753,40.03251833277884,1305,0,0,0,0,0,1,1
2021-04-27,2021-12-20 22:20,1414,2021,8,7,122,0,23,-74.1833045405724,-56.11783476066489,-55.53029515391774,13.452894291489068,2.452384409148769,15.364099571416812,4.488962249099258,18,0,5,activity_273,265.595584719326,extended_mission,1.414,0.4606989877460983,49,4,1,4,1,1,0,0,0,0,0.9320449226772627,1.230238121649724,0.5696363159750606,1.1293040902886569,1.9393473312317016,3,1,HP3,0,0,1,0.8725665183579634,1,6,1,0,0,0,0,0,maintenance,0,0,degraded,low,critical,0.32611038350303473,0.9808809589876009,3,6,59,11,12,3,55.31767061367565,94.16010387873742,92.1147137591833,88.41119539004178,9.799474202971304,63.42974105203304,1414,0,0,0,0,0,2,1
2021-10-25,2021-07-05 17:40,266,2021,7,25,219,0,9,-41.81564170216745,-22.128408930993636,-59.87506592007283,20.99369280094199,10.675066411875722,33.5455443180519,3.32350524417624,3,0,9,activity_274,189.62100593056405,surface_operations,0.266,0.4511460431137604,5,2,1,3,1,0,1,0,0,0,0.6471894080768839,1.9937397294644101,0.7988202348114175,0.786925863467216,0.956934756658741,1,1,IDA,0,0,0,0.9817673511979657,1,5,0,0,0,0,1,0,science,0,0,degraded,high,limited,0.8804370453958408,0.5098886080084085,4,5,64,33,13,3,43.62072964823697,85.25230068217637,62.53971931668133,63.97020621591027,95.18076017891659,98.2360375323375,266,0,421,734,34,634,2,0
2021-12-11,2021-10-07 23:37,796,2021,8,1,300,3,2,-61.371727305115556,-46.56582736556672,-66.81263692132049,13.098389151950844,0.9856040289548984,38.26547819315362,3.115165617379672,13,0,2,activity_275,216.63519915976894,surface_operations,0.796,0.9033146675661857,44,6,0,1,1,0,1,0,0,0,0.6832784008976106,1.7535223932562838,0.7931405102580705,0.9753099241726793,1.0707760640629453,1,0,SEIS,0,0,1,0.5147764220004536,0,1,0,0,0,1,0,0,maintenance,3,1,safe,medium,critical,0.8008339900813755,1.8548124874751082,4,21,24,16,11,3,35.85326833698439,14.05791286630823,32.5666732278094,3.048326031138804,2.0767886710391203,39.55221362514192,796,0,0,204,0,104,2,0
2021-10-23,2021-06-12 10:16,1602,2021,2,14,81,6,11,-59.28091801216232,-43.06963428936683,-47.18314693831992,13.54040156168337,0.5772967891606151,18.82809828248215,4.687163688109401,11,1,3,activity_276,142.0458114467659,surface_operations,1.602,0.8849936133950259,15,4,0,1,0,1,0,0,0,1,0.7457831771613643,0.7697679164029263,1.2820645215724311,0.5629825175678986,2.456551972692523,0,1,HP3,1,0,1,0.2889434179648537,0,6,1,1,0,0,0,0,science,3,0,nominal,high,nominal,0.445796951037556,1.4128555067954758,9,21,93,11,9,1,50.23019051644463,19.554839835610217,73.00109887745778,80.14530278240474,64.87931155871675,32.38960277710513,1602,0,0,0,0,0,0,1
2021-06-09,2021-12-20 11:28,1555,2021,11,22,55,0,4,-80.82952681913247,-28.884394304312995,-65.9701147490201,24.832954283361246,8.58434103680529,39.826705319270054,1.3880363818608017,4,0,5,activity_277,284.17786584790656,surface_operations,1.555,0.8354180047242007,46,9,0,5,0,0,0,1,0,0,0.8257750066169118,0.6469732694447166,0.8727527200671731,1.4173893377932256,1.723382813518963,4,0,APSS,1,0,1,0.8993665289209269,0,3,1,0,0,0,0,0,science,4,0,nominal,medium,critical,0.8280514780492878,0.9847118093897397,1,9,0,49,18,1,20.50813577663749,71.04198012406638,9.134922717058092,97.05422561557597,97.87479146154875,13.022261595813866,1555,0,0,0,0,0,2,1
2021-04-20,2021-08-10 06:09,1464,2021,7,23,28,1,8,-64.66614114464514,-36.61359587312954,-72.00005019258795,21.286479642901757,9.777515215069892,23.791780276998217,4.247585031955076,16,0,2,activity_278,185.1013968147367,surface_operations,1.464,0.5518101757069541,10,4,0,2,0,0,0,1,0,0,0.9152745074132744,0.8712778384461657,1.0849115002718177,0.31828132651761376,1.33018810545334,3,1,APSS,0,1,0,0.20644269212906896,0,4,0,0,0,0,0,1,maintenance,1,0,nominal,medium,critical,0.6849982398411505,1.3871111193483707,3,29,3,40,8,2,59.24746475636149,67.22525000742135,3.7231201752291776,85.53476686836227,90.62673972898303,85.04522733622586,1464,0,0,0,0,0,4,1
2021-03-01,2021-01-27 09:05,540,2021,7,25,358,4,1,-70.36000714497587,-24.543344487744996,-52.065551269115474,22.92537594159854,0.9074284454764636,24.505919019440817,0.8157287129494569,7,1,1,activity_279,321.27571379777913,surface_operations,0.54,0.9361915411152101,32,9,1,1,1,0,0,0,0,1,0.32880252707425817,1.1073712064168493,1.3124559504031124,1.4156713952172841,1.9774998977148845,2,1,WTS,0,1,1,0.6543493461623232,1,2,1,0,0,0,0,0,routine,3,0,degraded,low,critical,0.66597926911765,0.5115467044320692,5,16,83,19,10,1,36.20558501724914,93.53822607327862,86.25892413413638,28.554293786953345,15.705888409913872,44.90879571685771,540,0,147,460,0,360,1,1
2021-07-05,2021-11-22 02:47,857,2021,11,10,87,6,1,-53.649377265013804,-42.9972730553597,-33.38463406286939,9.174447055725262,5.346751248233286,7.212851873772177,4.079529311799144,2,0,0,activity_280,162.2244292452451,surface_operations,0.857,0.16381366359431537,35,7,1,4,1,0,0,1,0,1,0.4318516047482138,0.5501539548200958,0.9474114542869952,1.2369533380322644,0.8478870862955594,3,1,IDA,1,0,1,0.13465892662418522,0,3,1,0,0,0,0,0,routine,0,0,nominal,low,critical,0.9707999397011315,0.6247425996986973,4,17,11,14,14,0,85.44926133956693,48.05782526886784,62.070822633505905,7.922653788091982,49.73513231268498,69.81576440198451,857,0,0,143,0,43,2,0
2021-07-14,2021-03-11 13:15,74,2021,10,20,336,3,1,-47.463465770698136,-48.215268012603865,-74.66065082778006,12.416429402951522,5.626209409414851,36.14876126253181,4.852045302146363,7,0,2,activity_281,87.92620851174335,extended_mission,0.074,0.5483319985297957,25,1,1,4,0,1,0,0,0,0,0.686106567699095,1.9239403396110506,0.8362965412697576,0.6190171920145491,1.9049380982843729,2,1,HP3,1,1,0,0.4493360594354341,0,4,0,1,0,1,0,0,routine,1,1,nominal,medium,nominal,0.5102869011507578,1.7232083558467628,2,24,32,6,3,1,67.07971864895678,36.241225222688065,74.75283198621374,87.02664653510172,38.71869764138588,65.70008866315482,74,26,613,926,226,826,4,1
2021-06-18,2021-11-08 05:10,1888,2021,10,9,69,6,21,-79.236561298357,-31.251842019921078,-71.18487193216106,19.33309282757558,11.415375931718028,36.996594844672885,2.8678226454718714,12,1,8,activity_282,7.826690821202953,extended_mission,1.888,0.09132764436533236,32,9,1,1,0,0,0,1,0,0,0.17607935376421513,1.0449098813563924,1.4329450353241442,1.379642119528998,0.6935291855632326,3,0,APSS,1,0,1,0.03291858676395376,0,1,0,0,0,0,0,1,routine,3,0,safe,low,nominal,0.4663231478881182,0.8812686113653949,1,26,83,6,0,0,83.6737569944919,72.67000841845227,35.27450125170921,82.12544498888423,53.9774520242882,30.431027647992327,1888,0,0,0,0,0,0,1
2021-02-18,2021-09-23 07:49,30,2021,9,19,42,4,1,-83.09845424016817,-58.453464552876,-68.83943674361733,12.14595361659822,5.0671212489621364,26.531137238122643,2.551502408604084,16,0,3,activity_283,104.36237713849364,extended_mission,0.03,0.09058800212066576,30,4,1,3,1,0,0,0,0,0,0.5445885388871263,0.8492053957567449,1.0554413024408262,1.3812378421242013,1.127432038699636,1,0,IDA,0,0,0,0.22123534791790211,0,5,0,0,0,0,1,0,maintenance,3,0,nominal,medium,limited,0.7935311302778741,0.9831982142244615,3,19,62,15,4,0,20.73126732427414,93.92070170650175,69.72743463759475,5.083266421334864,29.298853726260642,5.021596492080693,30,70,657,970,270,870,2,1
2021-07-27,2021-08-13 21:26,931,2021,12,15,78,6,16,-62.56808041522115,-34.638521063455656,-48.49073958825385,27.879842785614162,17.96545328985107,38.98444202569047,3.5034260270314523,3,0,4,activity_284,220.0351150135953,surface_operations,0.931,0.5458064856189166,14,1,0,5,0,0,0,0,0,1,0.6991951789547102,1.6570614514199027,1.1262149908585453,1.3479153330816427,1.4323289214165278,1,0,WTS,1,1,1,0.22145194042670946,0,6,0,0,0,0,0,1,routine,2,0,nominal,medium,limited,0.30059758820618226,0.7958088458465011,7,20,35,6,4,1,11.764622781423506,40.47915943205342,28.402866820278227,2.6055552795070103,88.57207804211107,88.60190180435904,931,0,0,69,0,0,4,1
2021-07-03,2021-02-26 03:25,1682,2021,3,12,55,3,11,-63.13448704981947,-23.070964860550696,-48.162907528393546,29.291265115487327,2.7290223654091705,24.89067866081929,4.091562716028933,15,1,4,activity_285,270.55910028564944,surface_operations,1.682,0.5828860015472177,17,1,0,1,1,0,0,0,0,0,0.7936954193895465,1.3941999085501389,0.7158111864186582,0.9063536337592191,2.4403249315359967,1,1,IDA,0,1,0,0.15460753673704164,1,6,1,0,0,0,0,0,routine,1,0,safe,medium,limited,0.30684056199363685,1.6703098583017864,2,24,33,21,5,1,73.27402143357924,19.807712005863177,21.809212840646587,63.15778405210494,38.245778345431155,48.20948672323478,1682,0,0,0,0,0,3,1
2021-11-28,2021-07-13 09:08,1116,2021,9,6,76,5,22,-77.01444479668349,-40.52882596793825,-54.25590959879893,15.835205434296007,9.919549333854821,39.54580786935163,1.842591337937975,14,1,1,activity_286,89.18501905264168,extended_mission,1.116,0.46660626592618204,9,4,0,5,0,1,0,0,0,0,0.8875530677520486,1.6716488381288048,1.1015620688219003,1.4297815557722613,1.5832987255822422,0,1,HP3,0,1,1,0.5967765959309443,0,6,0,0,0,0,0,0,routine,2,0,degraded,medium,critical,0.9228073186999783,1.0925851604048757,4,6,43,11,6,1,50.94018695309703,72.53105755407005,49.86244632662835,60.849108656361686,89.7774068255051,40.145100761237195,1116,0,0,0,0,0,1,0
2021-12-06,2021-05-01 18:41,1595,2021,9,14,121,4,2,-55.28072737442294,-51.42688952186747,-44.068062417245784,19.909415442331415,7.322459584440066,20.323903407204163,3.0556422647303365,15,1,6,activity_287,325.84819494390683,extended_mission,1.595,0.5407099549161969,39,1,0,2,0,1,1,0,0,0,0.836764697022954,1.3332259301069662,1.2164869356023686,0.36420395410215994,2.3599792984491716,0,1,SEIS,0,1,0,0.7949509328246771,1,5,0,0,0,0,0,0,maintenance,4,0,nominal,medium,nominal,0.45222224052272647,0.8057292405747669,0,26,3,38,13,1,81.51832322927528,35.917265055930024,47.99564934633127,96.56889165603693,24.21721230472771,72.12540974297396,1595,0,0,0,0,0,0,1
2021-03-08,2021-08-20 05:11,194,2021,9,23,354,2,23,-65.08210328527811,-57.411832126405955,-68.50661689761243,27.07644323081418,8.203286300836066,26.501636680467684,2.8770495472173128,11,1,2,activity_288,136.65371177607835,surface_operations,0.194,0.5554650059086728,48,6,0,5,0,0,0,0,1,0,0.4570677741364657,1.163052582983811,1.1282932284815526,1.6828181900540236,0.9467323807157833,1,1,CAMERA,0,1,0,0.317499287594569,1,6,1,1,0,0,0,1,maintenance,0,0,nominal,low,limited,0.8299231398588414,1.3202547654049799,0,25,45,26,10,3,48.158905510787775,40.6172012911486,60.61773057817676,43.884780971136394,93.40768492714844,53.473971541351105,194,0,493,806,106,706,1,1
2021-05-14,2021-10-28 18:56,1321,2021,9,20,212,2,7,-71.11793085118444,-21.54808103468229,-60.34581810721479,29.58809304369907,4.1084651319052545,8.598503518086874,1.906563800853307,16,0,8,activity_289,70.61068758995948,surface_operations,1.321,0.021851377207778744,7,2,0,4,0,1,0,0,0,1,0.39914104588985866,1.544697347760789,1.1162935561852967,1.6107356060300102,1.7524045658984106,1,0,HP3,0,0,1,0.4540761443123418,1,1,0,0,0,0,0,1,science,0,0,degraded,medium,critical,0.3032485778486048,0.5143164388735628,5,0,81,22,10,2,93.43756796404207,24.0548848214587,27.402469403848585,92.07379356930562,7.673951374525623,60.956082190480984,1321,0,0,0,0,0,1,1
2021-12-14,2021-10-18 19:33,1679,2021,7,15,316,1,14,-53.8883371906403,-23.84095312493691,-35.223672160457475,17.71850723575355,12.863229023266832,18.798320764525535,2.6067999329609015,17,1,3,activity_290,49.94610735950811,surface_operations,1.679,0.4930154617009376,19,1,0,1,0,1,0,1,0,0,0.3657755875969285,0.6434536735233911,1.1018068922988715,0.49619866716203986,1.9563320762195349,4,1,APSS,1,1,0,0.07010963927284186,0,1,0,0,0,0,0,0,routine,4,0,nominal,high,limited,0.6703149383916669,1.0731627054579904,9,20,51,10,1,2,52.781919122451704,70.45786277731993,85.95595326534652,94.26461464796643,54.33698872439848,15.065823198891826,1679,0,0,0,0,0,3,0
2021-03-18,2021-09-16 20:14,1539,2021,5,13,52,6,15,-43.41999368279776,-22.111874031577273,-35.760343170129,11.266550867786677,17.163567726212584,22.41733741431921,3.1771860683037136,1,1,9,activity_291,180.41998628274195,extended_mission,1.539,0.11624575268993798,26,4,1,2,1,0,0,0,0,0,0.3945316363296978,1.38475533478406,0.6241601865478108,1.0605714885715172,0.5468257301510497,3,0,IDA,0,0,0,0.9862634645527724,0,5,0,0,0,0,0,1,routine,2,0,nominal,high,nominal,0.6464199487733845,0.5270999526437963,2,12,21,37,13,2,95.06819368070825,10.886044664665517,3.291376866117368,60.79571838100451,94.90970889284263,98.97231325547149,1539,0,0,0,0,0,2,1
2021-02-19,2021-06-05 15:13,409,2021,5,2,130,3,0,-86.07537877665467,-31.208509501268615,-59.35890430391249,29.871245176544814,6.047970396579554,13.355845587690997,3.055507467374323,18,0,0,activity_292,17.671949981636615,extended_mission,0.409,0.7094027697193312,18,6,1,4,0,0,0,1,0,0,0.17296742453256891,1.8456164774194925,0.9908072494527028,0.9721366691938798,2.9332676987509414,0,1,APSS,0,0,1,0.5380219631356752,0,1,1,0,0,0,0,0,routine,4,0,nominal,low,limited,0.7978590970293516,1.568591452929482,0,19,79,47,2,1,62.65033072660964,28.075195074634117,50.70029904961719,77.33235527040767,70.56459363630132,11.890301767799338,409,0,278,591,0,491,1,0
2021-05-24,2021-08-12 03:09,1364,2021,6,7,245,6,7,-82.36063631782665,-36.704135830551415,-47.89361216426376,9.845106061697896,3.9317317516392047,39.63424269636894,1.594764827879954,3,1,9,activity_293,286.77464690684695,extended_mission,1.364,0.434989238912728,40,3,0,1,0,0,0,1,0,0,0.8925947905973993,0.6700294308063446,0.595096669349114,0.5053793293284148,2.48200883691561,1,0,APSS,0,0,0,0.9308370315599105,1,6,0,1,0,0,0,0,science,4,0,safe,low,nominal,0.5886339509433257,0.6127892715526346,9,14,13,22,7,3,80.24027817219871,62.936256387011746,78.79702674082638,69.67822735646749,19.31228402637365,5.235445018579876,1364,0,0,0,0,0,0,1
2021-04-02,2021-03-12 03:09,1462,2021,12,24,19,5,3,-51.58620261002387,-43.95960720908133,-38.27434918557208,22.709324900568156,16.57488531456954,14.998053435400896,1.3329892869253037,17,0,7,activity_294,43.12021675808196,surface_operations,1.462,0.25708496580372275,39,2,0,5,0,0,0,0,0,1,0.5767916207774322,1.400454235234945,0.8504225718160924,1.791724323678201,1.9094379960741021,3,1,WTS,1,1,1,0.6315369097426604,1,1,0,0,0,0,0,0,science,4,0,degraded,medium,critical,0.3175254353662107,1.1723582698330948,4,26,97,10,15,1,97.14770702702738,94.34273662502832,26.598253937994187,22.6338278437486,95.7490531021221,45.862848743146586,1462,0,0,0,0,0,1,0
2021-12-16,2021-04-18 22:34,1313,2021,1,1,307,5,3,-81.16882869877043,-45.66708285642467,-45.60193898582324,10.849911969765696,3.6732307756377147,5.348376899967752,2.622393936957756,11,1,6,activity_295,294.2446764178042,surface_operations,1.313,0.4292558745958369,20,2,0,2,0,1,0,0,1,0,0.6156939504279001,1.9942857862602326,1.3590181543707684,0.3115061989346831,0.6263892738434744,3,0,HP3,1,0,1,0.6290571745218257,0,4,1,0,0,0,0,0,maintenance,1,0,nominal,medium,limited,0.7903342287830992,1.110113580786967,3,17,46,22,18,2,15.205972777803234,79.22159038047747,6.204526042182956,8.16316498513383,29.84941127873687,51.41881809210113,1313,0,0,0,0,0,4,1
2021-11-26,2021-12-06 10:41,1277,2021,7,9,220,2,23,-63.44237170157234,-22.327865615960924,-49.23222396085495,28.095860910584104,7.860775719897508,27.167296805106975,4.522504882761339,19,1,7,activity_296,331.7547395508386,surface_operations,1.277,0.08818006124085298,25,6,0,2,1,0,0,1,1,0,0.6207040496792079,1.0332872004389302,0.6686016912375524,0.3278333086047906,2.024529144946754,4,1,IDA,1,1,1,0.3702294858249735,1,3,0,0,0,0,0,1,routine,0,0,safe,low,nominal,0.7611443749413931,1.0515342838045296,0,22,49,22,14,0,85.36957139810394,75.49268366376947,51.7155970488958,57.21377471653535,12.989282629875543,84.06815086175821,1277,0,0,0,0,0,0,1
2021-04-13,2021-01-04 01:03,409,2021,4,25,113,4,22,-43.78642382540437,-55.38829711776885,-60.6885967161092,5.779058830012583,5.426460952921834,12.637457699949152,0.7233388730538404,4,1,5,activity_297,94.88681575249818,surface_operations,0.409,0.8424308021504471,30,5,1,3,0,0,0,1,0,0,0.1322761586091927,0.4679969647227802,1.1993971074657894,0.8500747509944082,1.6301914266978015,0,0,APSS,0,0,1,0.7995603162422289,1,2,0,0,0,0,0,0,routine,4,0,nominal,high,critical,0.6355466024510832,1.1806126386414524,4,11,32,18,10,0,87.09206608498987,1.832616854519864,54.52534462619704,72.78256691739439,62.18560854845758,76.05322021044364,409,0,278,591,0,491,4,0
2021-03-21,2021-04-17 04:57,1376,2021,7,17,182,2,11,-74.76318997294607,-56.15558675830436,-63.8572170422575,11.82070962285745,19.564971877779683,28.6002026948533,4.6925644802943465,6,0,3,activity_298,226.60718766357283,extended_mission,1.376,0.26477366462727625,6,9,0,4,0,1,0,1,0,0,0.13233561855027143,1.0691028225230481,1.3597269333978532,1.0385515913779948,1.8808084216387484,0,1,HP3,1,1,1,0.9565875534795444,0,6,0,1,0,0,0,0,maintenance,2,0,degraded,high,limited,0.9378285125152006,1.3588297904616482,7,15,54,39,19,4,88.90865833268656,42.55316448008833,41.351685437859885,44.285830957941904,8.227189067620644,89.20255690299734,1376,0,0,0,0,0,2,1
2021-01-11,2021-05-02 12:16,1064,2021,1,18,95,6,8,-44.41127264879286,-26.982523375800064,-54.72312919033801,14.694578936159473,4.795594776880949,18.03493629115889,0.9997087428135424,16,0,7,activity_299,304.5463029705441,extended_mission,1.064,0.1278058427952129,17,4,0,1,0,0,0,0,0,1,0.5795970729767826,0.26390606369353825,1.4508410342291114,0.7130635222124169,0.540461672329728,2,1,WTS,0,1,0,0.5363085347542523,0,4,1,1,0,0,1,0,maintenance,3,0,nominal,medium,nominal,0.5924324701371795,0.7391901466801507,1,18,61,47,17,1,9.537380789802752,42.39125874876323,91.51407395173948,72.41924466541549,81.56159153470276,87.19139887586364,1064,0,0,0,0,0,4,0
2021-09-18,2021-12-08 07:29,1772,2021,6,3,194,5,7,-84.27896599219886,-26.630847065241234,-52.66663087618733,20.531543898138732,10.798217314700125,29.85887543442506,1.9360950949267726,19,1,7,activity_300,53.50567839710709,surface_operations,1.772,0.9078344287914373,42,5,1,1,0,1,0,0,0,0,0.7425023223953018,0.22361982601094033,0.8157853834398789,1.4697638715289754,2.1771442583267384,4,0,HP3,1,0,0,0.67624681206184,1,1,1,0,0,0,0,0,routine,3,0,nominal,low,critical,0.504968998573349,1.540343683955705,0,14,35,5,5,1,27.63793453158995,37.72857243712399,66.01879974978584,32.99300208424748,87.71587082700529,10.757870271386272,1772,0,0,0,0,0,0,0
2021-03-12,2021-06-19 03:27,1135,2021,4,3,101,2,8,-73.97030464598411,-37.12497134116193,-42.53387079578308,18.75841244404854,15.722608449243635,14.892947846507061,1.3276042305477127,10,1,7,activity_301,276.7425220843493,surface_operations,1.135,0.16695400570444552,35,9,1,4,0,1,1,0,0,0,0.4109267833201534,0.46224755989406596,1.0798955982277842,0.8755901392369096,0.7339633526768989,4,1,SEIS,0,0,0,0.7339267236324865,0,1,0,0,0,0,0,0,routine,3,0,nominal,low,limited,0.9883572922554615,0.5382370835446512,0,3,2,31,3,0,88.10096692124272,35.360650207779955,99.45438920906041,44.237716763021226,18.75977517713744,77.71435685225458,1135,0,0,0,0,0,1,0
2021-09-11,2021-05-26 06:28,562,2021,1,24,89,6,4,-62.57305039644056,-28.486672472580132,-45.37393085166168,17.856356976549378,1.7935651331876024,27.495674084460653,1.1991666017157445,6,0,5,activity_302,110.32478328616223,extended_mission,0.562,0.21907933566752946,47,3,0,3,1,1,0,0,0,0,0.4115156860644291,0.2772420907883495,1.2194768931764646,1.7288789719761286,1.1602759754476895,4,1,HP3,0,1,1,0.08981935346107328,1,5,0,0,0,0,0,0,routine,4,0,degraded,high,limited,0.9452584295524562,1.176032432907783,7,7,29,41,6,0,95.7604371116171,14.778413347831776,74.55679517353511,63.6136530428131,18.752804794656086,17.073207611304962,562,0,125,438,0,338,1,0
2021-05-12,2021-11-26 05:34,1375,2021,5,14,285,0,23,-74.64396525639695,-36.07926540653453,-67.26827197644253,7.606079972119438,13.577281781710271,32.268427892760954,2.7541823198742748,17,1,7,activity_303,234.06451999857623,surface_operations,1.375,0.3884078338719519,15,7,0,2,1,0,0,0,0,0,0.4457702368485821,1.1792221244535976,1.1129858620636885,1.0022758440431507,2.5253165875298977,2,0,IDA,0,1,0,0.030277101331126155,0,1,0,0,0,0,0,0,routine,3,0,degraded,high,nominal,0.4873537136567944,1.8334283835359602,6,12,25,5,2,3,14.462833812344744,50.38971982925826,15.574693185344424,12.807850898487928,1.2168345382033152,63.023881238290436,1375,0,0,0,0,0,3,0
2021-10-15,2021-10-01 14:10,1673,2021,5,7,12,3,5,-41.92645577376254,-38.625422845624826,-57.97408785321396,24.050961584726874,10.49037885311619,5.460697000116416,3.8130691852180307,18,0,4,activity_304,356.05412703208646,surface_operations,1.673,0.22390813154111433,20,6,0,1,0,0,0,0,1,0,0.3782208630282887,1.4378249741238234,1.0691305027124414,0.861869410402478,2.135293710445027,0,1,CAMERA,0,0,1,0.050645326443726324,0,5,1,0,0,0,1,0,routine,3,0,safe,high,limited,0.9770148385952364,1.9249413513153373,3,27,95,16,0,0,21.72787787671364,83.10067889897745,70.88571132042748,96.27865088280701,57.12618284426194,8.516716671055635,1673,0,0,0,0,0,3,0
2021-12-18,2021-11-22 07:06,1152,2021,9,2,300,0,19,-82.8421844167964,-46.839495448642694,-55.10875762063093,9.805800113176598,8.99919152737219,10.500698804711249,3.0155294254365055,5,0,7,activity_305,218.42916851719104,extended_mission,1.152,0.07946950335160552,7,7,1,3,0,0,1,0,0,0,0.9542008483549651,0.7923759661533838,1.1939391279828175,1.5899081201002279,1.4511605578857332,4,1,SEIS,0,0,1,0.8104099327350301,1,1,1,0,0,0,0,0,science,0,0,degraded,low,nominal,0.6622258875576084,1.7650416933079844,5,8,79,3,1,0,56.61910873974069,26.19098918753894,60.77227478371263,57.59104674173964,39.6851470341864,99.06955658991805,1152,0,0,0,0,0,2,1
2021-02-08,2021-12-02 07:15,789,2021,7,3,100,4,6,-47.01480558976281,-51.411250898284315,-56.782551186757416,29.53886094307594,3.16084639552747,28.500778670440322,1.5673300769626881,17,0,1,activity_306,320.1216809705954,surface_operations,0.789,0.8054816933119101,24,6,0,4,0,0,0,1,0,0,0.46168256408432407,1.5366677323560143,1.3479377577586287,0.9901549487643935,1.9861921026460991,0,0,APSS,1,0,0,0.22885827582349705,1,1,0,1,0,0,0,0,routine,0,0,degraded,medium,nominal,0.6189785665509215,0.9965065039747723,3,22,53,11,18,2,29.290567548335954,73.11311089644235,77.99157791054098,96.31577002561022,49.85074665241014,61.58355154644322,789,0,0,211,0,111,1,1
2021-11-24,2021-12-13 15:15,113,2021,3,23,52,4,19,-83.05791787260074,-24.751490701379453,-41.26704799963607,23.93841966993073,13.045130355470882,22.74652379278484,1.1748697675857374,14,1,5,activity_307,212.4774848262985,extended_mission,0.113,0.7021135501716855,45,3,0,5,0,0,0,1,1,0,0.22170578870624708,0.7666414870412661,0.8200931090755514,1.3505776997149401,0.7843575485343108,4,1,CAMERA,1,0,1,0.2680329659518925,1,3,1,0,0,0,1,0,routine,4,0,safe,high,nominal,0.8555654867250608,1.606885906218275,7,24,60,43,17,2,27.902017741864537,14.430248241185318,33.12983404606731,58.40429522276902,70.34631642899991,38.736483696958004,113,0,574,887,187,787,4,1
2021-11-07,2021-09-25 11:02,561,2021,1,9,288,6,5,-71.80863532183113,-55.98281773476448,-36.81260594223615,13.08300259371602,8.786326157153056,16.335518250719826,1.8951170740922794,14,0,3,activity_308,218.916427266753,extended_mission,0.561,0.5177881704805695,35,8,1,1,1,0,0,0,0,0,0.15940578981693926,0.8907330251230965,1.2497463586283941,1.6698393422015174,0.5742707633668815,2,1,IDA,0,0,0,0.8459681446546411,1,6,1,0,0,1,0,0,science,4,1,safe,low,critical,0.8509486519067522,1.4355829539187752,3,12,12,14,18,2,94.33797189947511,40.143816199886494,52.839898340148665,12.273931954430894,54.01074389217909,61.12067518581934,561,0,126,439,0,339,0,1
2021-03-19,2021-07-15 13:28,1443,2021,3,27,212,3,6,-66.61338644427647,-45.72072776488969,-50.2273136653402,22.66191218048507,13.694450744426641,23.043197057003184,2.589506931246735,1,0,3,activity_309,63.5136107768645,extended_mission,1.443,0.5547057409537272,31,2,0,1,0,1,0,0,0,0,0.5017146979443634,1.4214834614858007,1.3523088298882904,1.1036396992777548,1.339888851820731,2,0,HP3,1,0,0,0.9670554032283101,1,3,0,0,1,1,0,1,science,2,1,degraded,medium,critical,0.5542798561437126,1.934824031712242,0,18,84,13,9,4,92.1755245026893,92.60613727867529,79.88504602006344,98.17796032779894,80.65452246242049,1.0204187285245192,1443,0,0,0,0,0,0,1
2021-09-02,2021-02-04 19:19,1181,2021,1,20,220,4,18,-44.41982410701884,-42.036090980700294,-44.32356772879283,16.63786812822181,2.426883138807243,7.050917255669632,4.785232818329092,4,0,8,activity_310,329.90865051615395,extended_mission,1.181,0.5226931365108133,27,3,0,5,1,1,0,0,0,0,0.3176826725024113,0.9757475165095091,0.8319769521612331,1.6262559877663292,2.4692718272160468,0,1,IDA,0,0,0,0.19768408569423856,0,6,1,1,0,0,0,0,maintenance,4,0,safe,medium,nominal,0.8220475106008902,0.8101945495364097,7,20,62,46,17,4,19.248076777042165,9.972360006606873,74.33612504879243,88.62613845298132,65.08383588369067,14.41600603883696,1181,0,0,0,0,0,0,1
2021-10-11,2021-10-15 23:54,547,2021,10,4,231,2,23,-71.48189222211704,-51.47118603719996,-73.29173875666892,17.213390499297304,11.485619284546258,36.39509780321991,4.469418404370472,9,1,5,activity_311,184.34824341756445,surface_operations,0.547,0.2241321796600787,30,1,1,1,0,1,0,0,0,0,0.4995078273933089,1.8175012537416002,1.1773215879614742,1.2270562208426614,2.263907975902093,1,0,HP3,0,1,0,0.5193281165510958,1,5,0,0,0,0,1,1,maintenance,2,0,nominal,low,nominal,0.6790309791891609,1.8592063813508515,0,12,45,47,6,1,24.965009275830276,94.15362460384927,95.390246112925,88.2142314225861,56.36680450932987,64.69394490806386,547,0,140,453,0,353,1,0
2021-12-13,2021-04-21 11:31,243,2021,2,22,361,1,3,-50.35088821375811,-56.26795286570986,-55.31367797531216,5.5765846749306744,6.936147986358076,29.464349091376405,0.9054647587275274,4,0,8,activity_312,113.42371509392905,surface_operations,0.243,0.6111633627916309,22,2,1,2,0,0,0,0,1,1,0.2982586242598325,1.2716091330002337,1.4054064648584275,0.8297814011444813,1.0269173316046103,1,0,CAMERA,1,1,0,0.26787431607466927,1,2,0,0,0,0,0,1,maintenance,0,0,degraded,high,nominal,0.510438834577054,1.5008894689735237,1,2,59,38,13,3,49.13356191742305,78.22693506022277,49.42853114048491,11.150990436956876,11.63402232441062,94.85831396330012,243,0,444,757,57,657,3,0
2021-12-23,2021-11-09 13:37,42,2021,7,11,225,6,17,-88.56770343448717,-35.326005948963115,-56.4853693158002,28.04586274917768,9.991246222804708,29.814130107876863,1.484908215482961,7,0,5,activity_313,164.56340673649586,extended_mission,0.042,0.9040817085413082,6,3,1,1,0,0,0,0,0,1,0.5107469399984453,0.20051565390723855,1.0064625847036726,1.6863659015156862,0.9977557259954335,3,0,WTS,1,1,0,0.23852743931746034,1,5,1,0,0,0,0,1,science,3,0,degraded,medium,nominal,0.6005064425027092,1.7213409921096063,1,9,78,36,10,4,19.13447627018726,41.19226278941627,17.029558425203373,2.2016115667118585,21.18865394499575,53.637202372412574,42,58,645,958,258,858,3,0
2021-12-04,2021-09-13 12:46,1283,2021,2,23,13,6,22,-70.52023757806859,-59.395702176491824,-34.577712070044285,18.17609992071703,16.996045216047072,7.096664535117732,1.5235614971281428,12,0,3,activity_314,134.67784858427032,extended_mission,1.283,0.8028663723975461,46,2,0,5,0,0,0,1,0,0,0.17154257351741872,1.5680849707297593,0.944802991036633,1.389271683000023,2.205717804409244,2,0,APSS,1,1,0,0.37803076687431036,0,6,1,0,0,0,0,0,science,1,0,degraded,medium,critical,0.46105083477259234,1.1292511103170078,1,26,3,32,13,3,19.398021210600547,98.62697472955654,1.5022674237874623,50.82519696529233,51.611285008181426,26.316152514577386,1283,0,0,0,0,0,1,0
2021-05-17,2021-12-13 20:13,1739,2021,5,22,30,6,4,-89.78131604495103,-21.19059750287918,-32.54253466332329,17.09125947940338,19.901035065500114,28.577901577378512,0.8098589192339369,10,0,5,activity_315,300.88559792803943,surface_operations,1.739,0.6567499108483615,12,6,1,4,0,0,1,0,1,0,0.6904412825399245,1.1278434242288151,0.7727242366264233,1.287148327211255,1.410419657206782,1,1,SEIS,0,0,0,0.9092607083109917,0,2,0,0,0,0,1,0,routine,1,0,nominal,low,critical,0.7585955340748853,0.747710147124585,2,25,77,49,4,3,10.587902147380223,89.52948141563388,79.24877273700713,75.08777765144899,3.672818890591556,79.89625252569712,1739,0,0,0,0,0,1,0
2021-06-12,2021-07-04 06:12,1258,2021,11,8,91,2,1,-74.13052131833638,-30.264567650561624,-41.43473675025817,17.504230729603375,0.9031668071099275,7.695787030078367,4.049372655505721,14,1,0,activity_316,349.76609414433705,extended_mission,1.258,0.8287580737433393,41,9,0,4,0,0,0,0,1,0,0.5007512051535202,1.969905084635313,0.796302045119284,0.6604586242739086,2.0951205028675277,4,1,CAMERA,0,1,0,0.5167689071440567,1,3,0,0,0,1,0,0,science,1,1,nominal,low,limited,0.6872662170198462,1.9129743283598926,0,6,77,27,17,0,49.29845578183954,93.8495158330771,54.93452338350529,60.546486022228876,71.19122559039721,32.09757336644056,1258,0,0,0,0,0,1,0
2021-09-04,2021-04-19 23:40,1471,2021,1,18,225,5,3,-44.9005952853422,-50.54384164187542,-54.46668525924905,9.612196929109944,7.42469868948239,23.27851380484094,0.7399885542736504,8,0,9,activity_317,46.6691407730735,surface_operations,1.471,0.9033211052692545,38,4,0,3,1,0,0,0,0,1,0.8311319225864027,1.2327396365802556,0.6901538629126105,1.3155610277215761,2.281882505149829,2,1,IDA,1,0,0,0.646260944632236,0,2,0,0,0,0,0,0,routine,2,0,safe,low,limited,0.6232896046277152,1.34931836674609,3,22,67,46,5,3,76.22007729260825,95.31825969108853,98.54753990044323,42.19693806087417,95.03842943791176,3.541897328086374,1471,0,0,0,0,0,4,0
2021-03-01,2021-04-12 01:11,518,2021,2,17,316,1,3,-61.81706501824924,-30.941162712782273,-53.3149101274132,18.139874745709335,2.778918718854968,37.01418236478813,4.6792588909642,19,0,7,activity_318,59.24263558313534,extended_mission,0.518,0.02592589429929082,34,9,1,2,0,1,0,0,0,0,0.6959110965717591,1.1228053757168037,1.2257310893630713,0.7895419323369255,2.065969489531345,0,1,HP3,1,0,1,0.43178249416549597,0,1,0,0,1,0,1,0,science,0,0,nominal,high,limited,0.7789674586218064,1.3303874134680655,7,6,35,24,19,0,3.224036999655444,75.1705960179315,65.54657014764295,76.7740809852709,49.45024547959221,99.13792184482956,518,0,169,482,0,382,2,0
2021-12-15,2021-07-27 21:46,1528,2021,9,16,158,1,14,-48.54242984224234,-21.943779371593664,-68.19897000679978,17.443184411951698,11.611340471815751,16.52465052278602,4.277315047525275,5,1,7,activity_319,151.7505713449298,surface_operations,1.528,0.9971494397581668,11,7,0,4,0,0,0,0,0,1,0.8478127031154205,1.9332297614891556,1.4350876800409245,0.5446925594894828,0.5354757499868763,4,0,WTS,0,0,0,0.7834223015721056,0,5,0,1,0,0,0,0,maintenance,3,0,degraded,high,limited,0.895251193147985,1.3493763018080105,3,2,6,28,1,0,28.242726634267477,86.60941313653747,35.7796028819692,49.463386301991775,6.352339750597514,27.559261664396985,1528,0,0,0,0,0,3,1
2021-12-27,2021-02-10 04:26,702,2021,4,15,337,4,22,-48.920581925709314,-26.237746688514576,-41.83591819254818,27.421956045748693,6.457198883389051,8.085412548830469,0.7616886259543255,7,0,8,activity_320,71.87328690528028,extended_mission,0.702,0.11883738890049111,31,1,1,1,1,0,0,0,0,0,0.8096016347136985,1.663911583701819,0.7212290617753164,0.526860375060552,0.8614021340554929,0,1,IDA,0,0,1,0.5347868754331151,1,1,1,0,0,0,0,0,science,4,0,nominal,low,limited,0.7123978711144064,0.5190909225348808,6,13,67,17,0,3,95.00987190378207,70.2739488390535,32.0172290621358,31.985049284574963,86.14923797186252,90.28401284526588,702,0,0,298,0,198,0,0
2021-03-27,2021-10-02 21:03,362,2021,11,14,77,2,3,-68.87333225575117,-48.6309659744983,-34.31514425440639,9.619124710533923,13.627311511611193,37.362564940384495,2.924014818584449,5,1,4,activity_321,52.84575339730666,extended_mission,0.362,0.4937887702564081,30,3,0,1,1,0,0,0,0,0,0.498931607223401,0.8642535614886762,1.1697987277746154,1.707494667864778,0.7144777206550913,2,1,IDA,1,0,0,0.8732116596934296,0,2,1,0,0,0,0,0,science,4,0,safe,low,limited,0.7527852256182741,1.0808349576052676,3,23,46,6,19,2,19.209764520135263,26.608773586894962,38.401502972718426,62.325897569279945,44.00331530040054,39.24448441769249,362,0,325,638,0,538,4,0
2021-09-05,2021-07-01 01:42,1516,2021,12,4,159,0,4,-86.26602835916452,-53.90959479552493,-72.98137487165764,12.310112339012836,17.33313848057813,16.880477200808457,1.0566132443032066,18,1,3,activity_322,101.37734967709775,surface_operations,1.516,0.19132550269045678,41,4,0,5,1,0,0,1,0,0,0.2217709650106181,1.3808138760281639,1.3037740508642188,0.9491893863102907,1.9017127047236606,0,1,IDA,1,0,1,0.24230568366642136,1,6,1,0,0,0,0,1,maintenance,4,0,degraded,high,critical,0.41588722584228566,1.1524038505451135,9,11,78,37,0,1,80.42934637771141,88.93376120214482,96.94635295458322,71.92713850692155,54.87923123698846,26.92845198087094,1516,0,0,0,0,0,3,1
2021-05-13,2021-11-17 20:55,799,2021,11,12,32,3,17,-46.27102418063288,-57.995718802401264,-51.94581099345021,17.042636996100228,15.024603778161643,14.866281970976635,1.4858006983681977,12,1,2,activity_323,266.84557096938966,surface_operations,0.799,0.19303616221432107,12,7,0,2,0,1,0,0,1,0,0.30861675141035905,0.9732825455017646,1.2148371979367092,0.49903291773876884,2.3448964297733306,3,0,HP3,1,1,1,0.4955390128542012,0,6,1,1,0,0,0,1,maintenance,2,0,safe,high,limited,0.5459513100322466,0.6779837670640849,9,15,68,47,18,1,13.709994679883298,48.79801550832592,72.28458753432892,96.97697132162659,86.18149048230889,20.424095524816167,799,0,0,201,0,101,3,0
2021-08-16,2021-04-06 14:14,562,2021,5,12,328,2,13,-61.92891610008273,-38.48673155310344,-63.08614942202057,25.877358503248143,11.454991017430027,10.443079176682907,1.4283420676014318,11,0,6,activity_324,119.85852975198888,surface_operations,0.562,0.9392952736169602,12,8,1,5,0,0,0,1,0,0,0.4227499470530537,1.813456211745974,0.8819324558691864,1.3341175626457693,1.9956323262926299,2,0,APSS,0,1,1,0.3708340845939895,1,1,0,1,0,0,0,1,science,1,0,degraded,low,limited,0.4562605743026532,0.744696372472657,0,23,69,10,2,3,28.975960202865604,18.39477061606216,67.42101603876478,68.6236028115818,65.25099927867531,41.56014668646678,562,0,125,438,0,338,0,0
2021-01-11,2021-04-18 19:39,227,2021,2,17,78,6,14,-55.44114277112885,-50.29571932186191,-50.93045330395846,22.116790685396545,8.974815016950124,35.20590863920616,4.4125659627818195,16,1,6,activity_325,248.21265374229506,extended_mission,0.227,0.38066826380391905,42,9,1,1,0,0,1,0,0,0,0.21239498191658157,0.5068955392182096,1.3521479838520092,1.601866697608892,2.1847463446518005,4,1,SEIS,0,1,1,0.4282507002599032,1,6,0,0,0,0,0,0,maintenance,1,0,nominal,medium,nominal,0.8848758729660604,1.524979363269054,5,17,21,21,2,2,98.16874344919869,94.45149232882093,16.994249107498373,97.19869971956716,94.55347859740725,37.36109450736824,227,0,460,773,73,673,0,1
2021-05-22,2021-12-11 11:17,1307,2021,4,13,124,4,3,-88.78536483001099,-27.020998150219917,-33.76880385228144,10.191866208977666,10.785965276685225,14.728535499584472,2.72109847402482,3,1,4,activity_326,216.00160866334124,extended_mission,1.307,0.9644367331750017,15,8,1,3,0,0,0,0,1,0,0.7584179298655003,0.5140388317059015,0.7366850259678369,1.1628944835762562,1.2379118632467574,4,0,CAMERA,0,1,0,0.7112071607340226,0,1,1,0,0,0,0,1,science,4,0,safe,low,critical,0.9227175241953354,1.544541900374709,6,9,24,32,12,3,35.833129404611796,32.87621591424769,9.16317520970492,58.564121263841685,58.58822123527917,49.38058272901428,1307,0,0,0,0,0,3,1
2021-07-26,2021-07-14 23:30,318,2021,2,2,215,1,14,-55.716080991691086,-23.799442165288987,-47.65629023921406,16.330795031250005,11.445387046835549,12.072886195907138,3.600834503674328,17,1,3,activity_327,327.96766755532616,extended_mission,0.318,0.8933429528041915,43,1,1,4,0,0,1,0,0,0,0.5475288843536243,0.30872336382726856,1.1068597036029475,1.5124895983823468,2.3725201356211953,2,0,SEIS,0,0,1,0.21899770905456228,1,1,0,0,0,0,0,0,science,0,0,safe,medium,nominal,0.6893664079902033,1.0313602979506813,8,21,30,24,4,3,98.5095286339739,7.429853823593424,69.59581889000698,43.72558392026104,24.93178065200963,67.6458234462903,318,0,369,682,0,582,2,0
2021-06-03,2021-09-14 19:10,886,2021,5,14,147,2,6,-70.6089455637562,-53.61691068853146,-35.01518777834844,29.768097763844445,11.371643613799955,32.11368689307089,4.365672662958348,16,0,1,activity_328,244.27074435729926,surface_operations,0.886,0.07098919115138647,23,6,0,2,0,1,0,0,0,0,0.6247834691176322,0.2982369655094173,0.5843855480094484,0.6047347322849853,0.8578815571225649,0,0,HP3,0,1,0,0.954753678945957,1,2,0,0,0,0,0,1,routine,1,0,safe,medium,nominal,0.938388937275386,1.652260740025759,7,17,0,4,10,3,84.08336909140858,42.70158164574551,45.13622752009461,84.77930900130303,62.14309590607883,17.94072409021057,886,0,0,114,0,14,1,1
2021-11-04,2021-02-05 13:24,1363,2021,12,25,295,3,7,-58.56843922155535,-23.30372295629006,-60.75864607629637,10.42860394599797,2.1312576748210343,9.566182649690415,0.7800021292047923,10,1,6,activity_329,306.292559929244,extended_mission,1.363,0.706560814322998,23,8,1,3,0,1,0,0,0,1,0.9836350321188413,0.3660656145034813,0.7593662020774835,0.4289675953125624,1.184078481839344,4,1,WTS,1,0,1,0.8714520646188432,1,4,0,0,0,1,0,0,science,0,1,degraded,high,critical,0.9441348198369475,1.1074287287147007,6,19,3,15,14,4,95.01683407630937,26.915364097108974,75.42018658853506,23.877500831956,73.76111617321327,79.74199712888259,1363,0,0,0,0,0,2,1
2021-12-02,2021-07-19 10:32,502,2021,9,5,273,2,0,-60.22255518553967,-39.5414430268993,-37.27652010587217,29.635508750030414,3.626259047103495,29.1971219464638,0.8629589945279151,6,1,4,activity_330,173.54921696361836,extended_mission,0.502,0.0863182734861645,30,7,0,5,0,1,0,0,1,0,0.9281650627120025,0.8522598473685932,0.8066972703869982,1.5869451479985077,2.0110070792771766,4,0,HP3,0,0,1,0.02016138211789409,0,5,1,1,0,0,0,0,science,1,0,nominal,medium,critical,0.5068802478091773,1.6369941160779826,8,13,35,3,5,4,94.88008296776354,57.45782465305711,75.93235685784019,8.95156997948855,49.26642258305287,90.10384977340232,502,0,185,498,0,398,0,0
2021-01-10,2021-02-19 13:02,1755,2021,7,24,63,0,22,-52.90935453667424,-21.11268127251836,-48.04178203491418,11.04284330228295,6.553100598432858,16.19425731521885,1.9692244744846321,2,0,2,activity_331,272.5545901277951,extended_mission,1.755,0.3854241780866443,32,9,1,2,0,1,1,0,0,0,0.2969512098289233,0.3934485271436263,1.2854450308522394,0.46874693672082807,2.3105705932670904,0,0,SEIS,0,0,1,0.7120351387532843,1,3,0,0,0,0,0,0,maintenance,3,0,nominal,low,limited,0.7965645512169224,0.933907540586717,0,14,49,40,7,0,51.60618223609771,91.02271992824473,4.354657784337535,76.58040880308877,57.24732279387089,42.54491165518169,1755,0,0,0,0,0,3,0
2021-01-28,2021-11-11 01:31,1277,2021,6,19,312,4,2,-65.33368616017266,-53.39048439158396,-56.33905306577558,24.657348221042454,8.257185412341457,29.378577776147782,2.782461567551404,7,0,5,activity_332,230.2791360443431,surface_operations,1.277,0.4723999688393643,38,7,1,4,0,1,0,0,0,0,0.9496599843373568,1.9061337315293005,0.5700982988592888,1.2219685192967555,0.6058816272196403,2,0,HP3,1,0,0,0.9472478767062625,0,2,0,0,0,1,0,0,maintenance,2,1,safe,medium,limited,0.7218441407267419,1.5173750906947063,9,29,56,35,17,2,30.01820208932947,11.842069401826816,73.14482607086997,97.85963339129832,11.67059212024676,43.170725800824215,1277,0,0,0,0,0,2,0
2021-09-10,2021-05-10 21:32,1048,2021,9,25,324,4,4,-51.28499411099246,-47.13263813331862,-38.788689673207536,9.34614994557882,9.857583590881676,29.081299674359506,3.433958842396347,16,1,9,activity_333,299.2133761789268,surface_operations,1.048,0.22852514770674437,37,3,1,5,0,0,1,0,0,0,0.17010438903564135,0.3005988828555355,0.7333022875582914,1.2495318293070277,1.1496990661245172,2,1,SEIS,0,1,0,0.6954181659859248,1,2,0,0,0,0,1,1,maintenance,2,0,nominal,high,nominal,0.5567670663288281,0.9083815390766992,1,12,65,42,12,1,98.8771980695127,7.202666573033634,4.541015608370369,14.958970291336183,38.43696757343462,13.104220914543241,1048,0,0,0,0,0,2,1
2021-12-15,2021-05-24 06:58,438,2021,2,24,42,0,13,-86.99818434988207,-44.3459464519768,-53.061777982436354,8.661769001957923,17.35417895565754,14.94523757115154,4.023538429721721,19,1,2,activity_334,190.83350285091592,surface_operations,0.438,0.6034992949717009,25,4,1,3,0,0,1,0,0,0,0.4108992485144627,1.6996615469523657,0.8663926667148053,1.4319326741484097,1.5986057032387189,1,1,SEIS,0,0,1,0.0024685029859959906,0,2,1,0,0,0,0,1,maintenance,3,0,nominal,medium,limited,0.6748628551225019,1.9854891417902985,4,16,22,9,18,1,1.4307489794234685,11.81626385339496,87.73061903120576,83.65630353048718,29.520900087836242,28.51954262844204,438,0,249,562,0,462,1,1
2021-06-19,2021-12-05 04:30,22,2021,2,26,6,0,10,-43.63688371031813,-57.41048935694077,-69.9048393486952,19.919705750361004,7.081317235871674,21.247880816621958,1.9763564805372495,4,0,7,activity_335,221.5758309633567,surface_operations,0.022,0.16651871053386136,14,4,1,5,0,1,0,0,0,0,0.19825273157885998,1.3776229941686022,1.1070000009781693,1.0091649684702748,1.1955865566603545,1,0,HP3,1,0,0,0.21914496823258034,1,4,0,1,0,0,0,0,routine,0,0,nominal,low,limited,0.9030490359978154,1.7557618555166659,4,22,10,1,19,0,15.667213434751803,70.87323325648647,53.935441600689636,85.4585768809481,8.115924912471495,84.36924034380668,22,78,665,978,278,878,4,1
2021-06-22,2021-01-01 10:05,1769,2021,7,9,318,1,5,-66.63745759279897,-52.36120841331217,-51.574172820832686,13.90295575542731,5.814684569172453,16.48379963872817,2.4755099787050256,19,0,1,activity_336,129.3396896752415,surface_operations,1.769,0.4712602108817334,38,1,0,5,1,0,0,1,0,0,0.8318728359815262,0.8987076371319316,1.0638191250676405,0.6071097245206452,2.789644354614477,3,1,APSS,0,0,0,0.8733413076045997,0,2,0,1,0,0,0,1,science,0,0,degraded,medium,critical,0.6711533334746955,0.9243918936243558,3,20,5,16,13,4,92.99635757805099,85.66938033265644,46.03808754259775,82.64993623010078,42.310548127632984,25.2307140758638,1769,0,0,0,0,0,2,0
2021-07-04,2021-06-17 17:30,1858,2021,6,2,44,3,3,-84.99381506400648,-58.34034036913715,-63.05673505822921,9.471968472066065,12.995992537574853,34.64382895976716,1.9065141656161813,3,1,2,activity_337,155.49304368453213,extended_mission,1.858,0.39848768913933497,18,4,1,4,1,0,0,0,0,0,0.49253238992417037,0.41162072685181006,0.9168406592603677,1.558277376396566,2.057677583506298,4,0,IDA,1,1,0,0.9526981391702748,1,6,0,0,0,0,0,0,maintenance,3,0,nominal,medium,nominal,0.7944654469321292,1.125552836769756,5,24,27,45,12,3,50.134288042477934,62.402093999446386,20.828558606423364,79.39387065319563,94.81628050203058,89.11031441677028,1858,0,0,0,0,0,4,1
2021-06-03,2021-09-26 19:57,1676,2021,4,12,173,1,18,-87.34252039135261,-52.335865699258704,-62.95182515514459,12.057776446355168,13.410271972375352,12.623860556502523,3.5449623702274304,14,1,1,activity_338,168.68209540802852,extended_mission,1.676,0.07457352324998068,38,4,0,2,0,0,0,0,0,1,0.7082333797744828,1.3250413980766858,1.1228189228581973,0.5206805176013769,1.8593473904098217,1,1,WTS,1,0,1,0.1283961718022516,0,5,0,0,0,0,1,0,science,4,0,safe,low,nominal,0.9239050486923781,1.2240650693587127,0,3,32,21,5,0,20.02159970845018,5.202984694984503,43.822749454909996,80.66361217252597,58.596917869989554,60.63453054846117,1676,0,0,0,0,0,1,0
2021-08-14,2021-11-09 21:06,1354,2021,12,17,9,5,11,-55.22958188021663,-21.960498545029914,-70.27848096264104,6.01518286130983,19.47158715521092,7.806725650571654,2.237881194096033,13,1,8,activity_339,298.880675022759,extended_mission,1.354,0.17895044029717733,34,9,1,4,0,0,0,0,1,0,0.7231707630463069,1.9551831237539432,1.1119138918086922,0.5570465479432292,2.989450986170336,0,0,CAMERA,0,0,1,0.12490394462716736,1,1,0,0,0,0,1,1,maintenance,3,0,degraded,medium,nominal,0.5071612656668312,1.032326304390287,3,29,33,20,5,2,7.091331078599106,33.34180014460165,1.7794890012825193,74.94955054616756,64.06912676167008,6.2672134701965865,1354,0,0,0,0,0,0,0
2021-09-14,2021-10-09 22:29,936,2021,10,20,56,1,18,-59.479439815316695,-37.00180457788575,-44.371923221876855,13.49113307680037,7.2390814329645785,15.999453437732289,3.70449019784109,1,0,2,activity_340,260.6352299905501,extended_mission,0.936,0.5207659821389716,35,9,1,2,0,1,1,1,0,0,0.7055116385194271,1.0953859763414293,1.218392401783846,1.5361561857828328,1.061829110429245,1,0,HP3,0,1,1,0.7623939058561962,0,2,0,0,1,0,0,0,science,0,0,nominal,low,critical,0.6607620315212726,1.3031734994711517,1,18,19,49,9,0,8.564466587406072,17.86317131268853,40.43762007162456,49.483906781987486,96.57337012362295,97.065163304779,936,0,0,64,0,0,0,0
2021-01-09,2021-04-05 22:49,533,2021,12,27,10,0,3,-50.08249134219679,-22.665117076311226,-71.40257804174885,14.480335367681025,18.290180854373133,17.062337719120443,3.706976463411664,5,0,2,activity_341,143.3337422163589,surface_operations,0.533,0.5033007755916284,31,9,1,4,0,1,0,0,1,0,0.3726709031762483,1.2002537158287334,1.3760044134647509,1.5464120946919604,0.6448641410275048,4,0,HP3,1,0,1,0.19316521112177099,1,5,1,0,0,0,1,0,routine,2,0,degraded,medium,limited,0.8691513222610052,1.650063893291367,1,8,34,5,4,4,48.682942793742136,24.87156819788625,16.810686120613372,73.43253134949991,53.8096935472837,21.618533237866778,533,0,154,467,0,367,0,0
2021-11-10,2021-05-07 07:33,886,2021,9,4,268,1,10,-56.972197769939406,-36.716162708698334,-36.8598228750526,20.801827764175894,3.3112254061760193,16.016204481046202,3.80012127207982,6,1,3,activity_342,96.09559122447226,extended_mission,0.886,0.6922338746454207,45,4,0,5,0,0,0,0,1,1,0.35851981166037594,0.47877788682957656,0.8505101600967603,1.4883542508664032,0.711752036703289,4,0,CAMERA,1,0,0,0.1951442698468865,1,1,1,0,0,0,0,0,routine,4,0,nominal,low,limited,0.6792376023636846,1.9301029193779806,7,7,53,6,18,4,51.53163358913544,0.13659258750852166,61.58751312048398,99.73573486647108,29.200804947045654,63.08100462665291,886,0,0,114,0,14,4,0
2021-07-18,2021-06-05 21:44,1558,2021,8,8,271,2,8,-44.9366209720783,-37.74222722298978,-44.18294285698218,5.2749600267614944,16.926861177503973,33.574469844532416,0.5911187829057271,13,0,0,activity_343,188.11613927207048,surface_operations,1.558,0.18138798703128045,22,4,0,1,0,0,0,1,0,0,0.1376974274095919,0.7022318307776596,0.7948563127002356,1.5988080727343867,1.3802900178292563,1,1,APSS,0,0,1,0.2354468255516644,1,1,0,0,0,0,0,0,routine,3,0,degraded,high,critical,0.5285018039662667,0.5754243055317179,3,25,15,7,16,0,0.8521396321578667,12.20315151785848,58.71917004671171,29.741392950783496,90.56844864606248,40.61697659572347,1558,0,0,0,0,0,1,1
2021-03-25,2021-06-24 04:33,1765,2021,7,16,187,6,17,-49.31720899854703,-54.9672460024675,-52.74445689578359,17.12115467481224,6.998234164399353,32.626966338713174,0.9478840271308113,17,1,3,activity_344,176.43674951943478,extended_mission,1.765,0.13879047235096975,41,4,1,4,1,0,1,0,0,0,0.3715818015252077,1.0420982108691363,0.7096298879513462,1.6876299487292108,0.6349315813772825,0,1,IDA,0,0,0,0.46531282590780865,1,2,1,0,0,0,0,0,science,2,0,nominal,high,nominal,0.32528226431780216,1.4128071813699736,2,4,97,46,16,2,85.01038278229038,32.21755053402015,32.501382202250085,53.38510392923871,65.31836020804398,20.290579555517784,1765,0,0,0,0,0,4,0
2021-04-24,2021-07-25 07:32,1876,2021,12,18,300,1,23,-42.44989937954919,-34.16077287216927,-44.50956484013058,7.572156133051279,9.484398943278018,36.03643921303756,1.5840942630382318,9,0,0,activity_345,359.26786793080214,surface_operations,1.876,0.22298596474053745,8,5,1,2,0,0,0,0,0,1,0.9220341674423863,1.5308436891297,0.8649641000035797,0.7494982429574426,2.2239471757809435,3,0,WTS,1,1,1,0.7616269727892948,1,1,1,1,0,0,0,0,routine,1,0,nominal,low,critical,0.5623835890040116,0.7842773068631856,3,6,80,0,13,3,69.22160618444774,81.89071135374598,88.74639235710916,54.91281809693353,94.65095411798654,0.564545055976684,1876,0,0,0,0,0,0,1
2021-04-18,2021-05-06 19:31,1230,2021,12,4,71,2,19,-45.62574066463321,-43.794142465676416,-73.2761750103847,6.212434222348454,5.678365818367781,27.01927767686498,3.1288758590055283,18,0,1,activity_346,157.40230739801405,surface_operations,1.23,0.019032253592738413,20,1,0,5,1,0,0,0,0,0,0.9636887761488767,1.2158812295997736,1.4930637167173608,1.455820567151791,1.7934504586336262,1,1,IDA,1,1,1,0.2144938743893825,0,3,0,0,0,0,0,0,science,1,0,nominal,medium,nominal,0.7618670803609773,0.888662010102952,1,0,64,32,11,3,8.829859010767127,97.05786551976789,39.505843451227506,90.1188767898186,97.11717690288482,90.9562660127572,1230,0,0,0,0,0,3,0
2021-09-14,2021-06-22 19:39,920,2021,2,5,298,5,17,-88.29510691666233,-29.491731071068653,-73.49953359634686,16.382496193683586,3.0192998626058976,33.82509970729575,1.9114740912905086,5,0,3,activity_347,50.78841174697479,surface_operations,0.92,0.7725019656847065,27,8,1,4,0,0,1,0,0,0,0.1661574491224077,0.5448691422253912,1.0515342496463607,1.7206324871290426,0.6868946168044507,4,0,SEIS,1,0,1,0.39899291667024717,1,6,0,1,0,0,1,1,science,3,0,degraded,high,nominal,0.5132282702596551,1.669881974803693,8,28,5,47,5,0,3.722268508939519,89.38586774932467,89.78003696966024,10.712078508788236,35.74460490689246,83.53945781128532,920,0,0,80,0,0,0,1
2021-08-19,2021-12-06 09:55,645,2021,5,24,71,6,22,-89.00055005275549,-57.77099116506734,-33.67462527148483,8.071703306935039,12.418549279339178,26.687765755891057,4.413786507988944,8,1,5,activity_348,355.04994832987836,extended_mission,0.645,0.8462320881248673,27,8,0,2,0,0,1,0,1,0,0.9777851354394498,1.4714483759077077,0.512097087491401,1.3564710413685563,1.5103402777842307,4,0,CAMERA,1,0,0,0.6274341503743958,1,5,0,0,0,0,0,0,maintenance,1,0,nominal,low,nominal,0.9826253953782838,0.8552268717818335,5,26,23,8,9,2,7.251549633756249,99.40559567681136,87.00225271891718,46.593278330109236,66.6376524192404,67.12280778566702,645,0,42,355,0,255,1,1
2021-05-11,2021-12-28 08:47,805,2021,10,27,133,6,13,-89.2206207612318,-34.29464906056582,-71.68573044275962,5.161236074117522,3.013089773212676,19.801732114887173,4.110547995418788,7,0,5,activity_349,23.776393430162493,surface_operations,0.805,0.7158462443519168,11,3,1,2,0,0,1,0,1,1,0.34856766093300307,0.916002591164566,0.7739693463756029,0.5629014298888865,1.467474467090972,2,0,WTS,0,0,1,0.701775770487553,0,3,0,0,0,0,0,0,maintenance,3,0,safe,medium,limited,0.8482849391528431,0.6195571091681886,2,16,96,33,18,4,39.351401266362075,77.38986689668229,97.43585996158886,27.109494307988303,70.3028616537946,92.84686523951568,805,0,0,195,0,95,3,0
2021-04-18,2021-09-02 01:17,1132,2021,1,9,72,1,1,-83.80459847015267,-53.165182646460984,-30.491671063446873,23.139129933271693,0.9855750005817931,29.632335176213267,2.3547787106432523,9,1,9,activity_350,51.540991698467586,surface_operations,1.132,0.8403040415781398,38,8,1,3,1,0,0,1,0,0,0.9839709130740013,1.7516253924409522,1.2720210128316995,0.7108537066034157,2.934351751080994,2,1,IDA,0,1,0,0.19032122315601763,0,1,0,0,0,0,0,0,routine,3,0,safe,high,limited,0.4685187966809339,0.678539866914607,4,1,12,44,18,0,4.153527095613219,41.40555912388136,75.952633598843,87.41997706010216,9.75482941290997,52.46754630112551,1132,0,0,0,0,0,4,1
2021-05-09,2021-09-26 15:50,831,2021,8,23,95,6,11,-53.72921846067744,-51.90956489263948,-43.96010448017688,5.268070072359627,6.102242793568184,18.95875359926403,4.2586112699847565,7,0,7,activity_351,213.9382118157669,surface_operations,0.831,0.3523464118280094,21,7,0,3,0,1,0,0,0,0,0.30222504260232025,1.0356734553967697,0.6793263566745925,1.6260043277098453,1.3449762501944236,2,0,HP3,0,1,0,0.24756206688676552,0,1,0,0,0,0,0,0,routine,0,0,degraded,low,nominal,0.8539540118386113,0.717745562541909,1,28,34,4,6,2,8.785701358134556,71.25410555436152,97.28577294847415,53.74881528341916,49.84902270344143,18.731861970191034,831,0,0,169,0,69,2,0
2021-08-12,2021-03-15 16:29,277,2021,3,17,141,2,8,-80.52055344511415,-27.725975954449382,-62.59600963909752,13.25645620922139,8.286962168632533,20.180489792111338,2.3510335568675975,18,1,7,activity_352,280.6480874697433,surface_operations,0.277,0.7983131337633469,15,4,0,2,1,0,0,1,1,0,0.9530764944714647,1.6749161204699743,1.0524104668680088,1.6124553067167933,2.973411606379657,1,1,CAMERA,0,0,1,0.7956352921734672,1,2,1,0,0,0,0,1,science,0,0,degraded,high,limited,0.9793409634459451,1.3747425671506037,3,28,22,46,8,4,95.61667844973852,62.498665027633805,18.841447854547333,24.824253218111036,90.97507186313743,1.3562095604470636,277,0,410,723,23,623,4,0
2021-04-12,2021-06-13 20:32,18,2021,8,28,160,6,15,-81.20193406695071,-48.72848896303903,-65.69224793931284,29.286118626160903,0.37222032712314723,26.911971845026343,2.8291947119394725,10,1,8,activity_353,319.3418022217948,extended_mission,0.018,0.5479463040706094,10,9,1,4,0,0,0,0,0,1,0.22545754071970958,0.6847237416522733,0.9167869915679561,1.5939049275029145,1.2089794158222165,2,0,WTS,1,0,0,0.745220126691518,1,6,0,1,0,0,0,0,maintenance,3,0,degraded,high,nominal,0.802472888468724,0.9224961531673127,1,2,44,8,18,1,42.89449978103297,10.96118079986772,95.54798069454151,52.306795740772785,91.32179852766433,2.2366222965765847,18,82,669,982,282,882,1,0
2021-11-24,2021-01-01 13:05,489,2021,1,4,294,0,8,-83.0181559186086,-51.57665785485603,-41.62451431582503,8.688358476489082,4.458934098670422,19.85934285057219,0.8245059380935834,6,1,8,activity_354,111.88437375662298,surface_operations,0.489,0.4103136276429379,35,4,0,3,0,0,0,0,0,1,0.5350155970499949,0.8466747945060757,0.8255179816312652,0.7013454346222611,1.8613696342811932,3,1,WTS,1,1,1,0.8241625389120266,0,1,1,1,0,1,1,0,maintenance,4,1,nominal,medium,nominal,0.6474623655809979,0.9506680693250338,1,23,28,17,14,0,39.404525518881904,53.75392044243325,19.133920300134065,25.668781870258062,12.484249980879447,71.33814098857485,489,0,198,511,0,411,2,0
2021-12-09,2021-08-19 23:31,1329,2021,2,19,334,4,9,-61.32750068867398,-52.750209138062466,-30.269435875805165,8.473075309274343,11.186952250857331,28.28194295102141,4.716790945943253,4,1,4,activity_355,153.77617481388276,extended_mission,1.329,0.7408626299617734,16,2,1,3,0,0,1,0,0,0,0.7532782397438255,1.9133908503700352,1.2381462844673896,1.339814666972713,1.154357930457756,1,0,SEIS,0,0,0,0.31266254334591037,1,5,0,0,0,0,0,1,science,0,0,nominal,medium,limited,0.6461243285508326,1.2003586577406666,3,8,1,34,5,4,5.940297389077099,83.00730982055772,17.0903795176528,37.225864189475224,60.03546855090818,48.22537385606217,1329,0,0,0,0,0,0,1
2021-12-16,2021-12-26 20:58,1787,2021,8,28,293,4,0,-62.78776895081927,-58.43775284734244,-54.098573442719776,25.436237861907518,14.524055752782008,22.107384618965124,4.370224458632977,4,1,8,activity_356,287.4066175670316,surface_operations,1.787,0.33476634187912746,44,7,0,1,0,0,0,1,0,0,0.434423294066531,1.6960801782008217,1.270085649620483,1.7567993518741336,2.9899351462866255,3,1,APSS,0,0,0,0.8519872181847706,0,1,0,0,0,0,0,0,maintenance,3,0,nominal,low,critical,0.4246899555042793,0.6400849663557314,6,6,80,36,6,4,70.87298186064551,10.279602298136902,44.690509180350745,94.17345298822242,39.6971662414225,43.42010279774393,1787,0,0,0,0,0,4,1
2021-06-17,2021-02-16 03:49,1208,2021,3,16,270,0,5,-51.38401533131237,-21.74321511289088,-35.97222513498996,23.18956124737432,1.507685092875104,6.7167460894460715,4.269198053775966,2,1,8,activity_357,35.29126062486919,surface_operations,1.208,0.5236366741373145,25,7,0,2,1,1,0,0,0,0,0.7394374614606076,0.7301220597879805,0.7083974802161699,0.3182069952251383,2.7414765515636925,1,1,IDA,1,0,0,0.09553964549731053,0,6,1,0,0,0,0,0,maintenance,0,0,nominal,low,limited,0.881854463965172,1.5113787189272765,9,25,73,23,2,4,73.40759156936286,10.53934739508633,27.08360376956658,6.684721981767606,0.8681209226308662,15.830953138391013,1208,0,0,0,0,0,3,1
2021-01-04,2021-07-15 15:39,768,2021,2,19,1,6,22,-82.0573961920172,-46.333038401948684,-67.77469299863206,24.165436603232866,1.1779265085543034,34.414232944729996,4.739883524760784,16,0,0,activity_358,224.27131528328067,surface_operations,0.768,0.7078592002736387,19,4,0,1,0,0,0,0,0,1,0.17325285221616243,1.039260897638291,1.2755648384674807,0.39130899793710133,2.263338042028253,3,1,WTS,0,0,0,0.5103590811946472,0,1,0,0,0,0,0,0,science,4,0,nominal,low,nominal,0.8184159396333308,0.9269108177405629,4,14,38,41,3,2,75.51855098195357,1.8401554680180565,13.562095950459574,36.49743347025686,10.890853339459273,60.11279922962408,768,0,0,232,0,132,3,0
2021-05-09,2021-04-03 22:39,1380,2021,5,13,25,6,4,-64.70795687704705,-34.21213126595528,-34.06629349620048,22.688820778505498,0.9091845118076902,34.349612718930615,4.952097568073836,4,0,5,activity_359,65.30621184078856,surface_operations,1.38,0.5473287423431494,8,7,1,4,0,0,0,1,0,0,0.19444079666296388,0.24902678465158534,0.7923801127152638,0.8936562482505575,1.8801917407031195,0,1,APSS,0,1,1,0.4409753884464087,0,4,0,0,0,0,1,1,science,0,0,degraded,low,critical,0.5457524339630966,1.4412333149601997,0,24,80,45,14,4,6.325403087429238,36.48676093204113,95.52866138494954,39.202705607897705,52.62086767240161,35.52428610103552,1380,0,0,0,0,0,3,1
2021-01-06,2021-09-23 23:36,1202,2021,10,4,358,2,16,-53.52900033728716,-37.67429086237379,-48.419123412798655,18.47480022729902,14.140986098459766,19.660562934337335,3.5114180223009446,4,0,0,activity_360,290.8720256810904,extended_mission,1.202,0.9037489307433911,25,6,1,2,0,0,0,0,0,1,0.6289464550603764,1.3203706737253833,0.7550017580269198,0.6589161943246591,2.575740778173119,3,1,WTS,0,1,0,0.10366913548223677,1,2,1,0,0,0,0,1,routine,0,0,safe,medium,critical,0.5328981073526617,0.547351244614822,3,19,74,27,1,3,1.3980485085166583,1.290419699751577,66.13108500493937,84.7237537455598,78.52735375139964,31.040030193316348,1202,0,0,0,0,0,2,0
2021-06-21,2021-12-28 05:44,1463,2021,11,24,167,3,20,-63.526757401426664,-58.200754490179676,-73.68641217774893,20.323121263068476,6.066707647899743,30.98880068594129,4.532371522846665,3,0,3,activity_361,297.94585657037203,extended_mission,1.463,0.5145199982883433,49,5,0,4,1,0,0,0,0,1,0.6439367232030456,1.8275785644922269,0.6334205532154418,1.677017341448163,1.3634630871793034,4,1,IDA,1,0,0,0.18232876255507124,1,5,0,0,0,0,0,0,maintenance,3,0,nominal,high,nominal,0.8352388237194563,1.4565130362152228,0,16,14,38,3,0,53.242033553330415,56.75373675354186,92.24765337809797,62.727664059651424,14.550964564532109,43.63513239631892,1463,0,0,0,0,0,4,0
2021-09-04,2021-05-07 06:10,1835,2021,10,11,248,1,11,-77.84162132371355,-46.30174858813459,-39.15037317675731,19.65692121049046,5.070773250383507,33.624625507115056,0.7464172374963802,17,0,0,activity_362,31.4495332790896,extended_mission,1.835,0.1260063866336738,45,4,0,5,0,0,1,0,1,0,0.8601458343556382,1.920880437280474,1.4431882907502764,0.4506440014613306,2.8620426788750177,0,0,SEIS,0,1,1,0.9027510149740777,0,1,1,0,0,0,0,0,routine,0,0,safe,high,nominal,0.7814965295295075,1.650517541027632,8,4,82,23,4,4,21.805928477324667,27.500676622177146,67.31179631523008,36.98735386136779,7.975704172102849,13.815538995253462,1835,0,0,0,0,0,0,1
2021-07-07,2021-07-13 18:21,344,2021,12,6,276,0,17,-55.833728373205766,-50.29069790200915,-47.64656320014939,29.248801195429664,19.75107657723131,27.482593830087236,4.491444910423952,14,0,4,activity_363,86.07434147518147,surface_operations,0.344,0.9528876128848597,16,3,0,4,1,0,0,0,0,0,0.3314799373058856,1.1244806815468147,1.2481196069352323,1.0382058954842543,1.2551822519729243,0,0,IDA,0,1,1,0.7692423791754562,0,4,1,0,0,1,0,0,routine,3,1,degraded,medium,limited,0.6072509605080749,1.2019797009385973,2,29,30,25,4,0,79.39044001326909,63.00447206413533,47.40631241545077,64.46420066063492,90.69460031486639,56.63818006102074,344,0,343,656,0,556,3,0
2021-07-03,2021-09-03 05:19,1655,2021,9,1,105,3,3,-60.415526312844555,-32.748858787408004,-30.638939216316523,28.564755356922788,14.249015294239552,23.262629393556306,1.2268576503466757,1,0,1,activity_364,206.91944844201748,surface_operations,1.655,0.6353995574791123,6,5,0,4,1,1,0,0,0,1,0.2293671304177473,0.4926553611736044,0.6628321458294628,1.6362974355536641,0.6900851582715862,3,1,IDA,0,0,1,0.3404477530416592,0,4,1,0,0,1,0,1,maintenance,1,1,nominal,low,limited,0.94431263672705,1.1407158876649675,5,21,16,14,6,3,16.795420436741427,92.036031391386,45.66170333997223,72.21839193592608,8.051635265853319,64.34645441264838,1655,0,0,0,0,0,2,0
2021-12-25,2021-11-01 10:12,1932,2021,1,1,336,6,22,-50.536850150435754,-43.006432075629185,-62.87961001126103,26.550771857337743,11.936564427304805,25.70285769191506,3.2486999322376695,4,1,5,activity_365,37.57107583598211,surface_operations,1.932,0.38525071836192193,47,7,1,1,0,0,0,1,0,1,0.8718824092799682,1.8156051377950952,1.1101530838991387,1.0474008855011292,2.282099220373251,4,1,WTS,1,1,1,0.8025435689765567,1,3,0,1,0,1,0,0,maintenance,0,1,degraded,medium,limited,0.9738010203128351,1.7185928626190705,1,7,69,8,0,4,2.398940747952083,55.91382688397522,16.104617888158955,18.713720859782146,43.63056309571643,44.20770734388978,1932,0,0,0,0,0,4,0
2021-07-19,2021-09-07 01:37,1914,2021,5,14,338,3,3,-58.496342506952544,-31.338037279068324,-31.773347046471933,9.125933263002086,19.94764987650739,18.725482933443008,3.7544006422694918,19,0,6,activity_366,45.47088011243649,extended_mission,1.914,0.6980753687315865,34,2,0,1,0,0,0,0,0,1,0.5400040448091158,1.1394485672281736,0.7019021533999392,1.7034290344929857,1.0686891166157282,4,0,WTS,1,0,0,0.5212315045866192,1,5,0,0,0,0,0,0,routine,0,0,degraded,low,nominal,0.8454586557575787,1.4616294259394875,9,20,22,0,0,3,93.0742218281428,47.85953785959585,34.038670990848374,74.17594768909639,87.68394060751858,37.07135636457107,1914,0,0,0,0,0,4,1
2021-12-13,2021-08-06 08:18,672,2021,12,7,301,5,4,-74.85489773954735,-28.827733952462744,-60.480193507619674,15.750589683625245,9.589645556233958,37.422703929630394,0.7405409651219039,2,0,9,activity_367,220.05162231219268,surface_operations,0.672,0.25291459449776543,21,9,0,3,0,1,0,1,0,0,0.11243392882476633,1.816435534184261,0.9130271116315282,0.6457462763496197,1.7710317488183631,2,0,HP3,1,0,1,0.7607611875838625,0,4,0,0,0,0,0,1,science,0,0,nominal,low,nominal,0.8722019864497088,0.9148472186234369,0,25,72,45,12,3,48.405480251567155,63.74284763752694,61.5843355868993,35.81162165042701,42.377174677952176,31.825677763312065,672,0,15,328,0,228,0,0
2021-01-20,2021-08-18 12:28,824,2021,11,13,88,1,12,-71.81659432814135,-28.324145504208026,-60.77509583240365,11.323821283339267,10.300267738225621,39.899732875043775,4.119448736453545,9,0,5,activity_368,234.28697101922862,surface_operations,0.824,0.31195000918581606,39,4,1,4,1,0,0,0,1,0,0.8693899451268237,0.8970132433213447,0.6146632061419603,1.5636813065587718,1.7454210392183631,0,0,CAMERA,1,1,0,0.32528861426542144,0,2,1,0,0,0,0,0,science,4,0,degraded,high,limited,0.6421641354144594,1.597323023807849,3,29,74,38,0,0,64.64220541155589,76.18711339537391,23.111530484811173,96.62943297181461,62.232154596668124,0.5638623500387574,824,0,0,176,0,76,3,1
2021-06-19,2021-09-15 20:12,757,2021,10,1,13,5,20,-42.44314767791068,-24.025632012953032,-67.87317462153871,27.86187765022512,17.568898259021587,18.193246890823634,2.2753516754131793,2,0,8,activity_369,299.8505801263068,surface_operations,0.757,0.022948429439944684,47,3,1,2,0,0,0,1,1,0,0.7880649049325187,0.39204212698868846,1.4174652255548037,1.6429907699158666,2.7718920423332203,0,1,CAMERA,1,0,1,0.38066110112820095,0,3,1,0,0,0,0,1,maintenance,1,0,nominal,low,limited,0.9717481482359114,0.7775341654816388,6,24,53,15,10,0,88.39225419612625,54.37773088398854,4.01350504349427,91.99021256598975,48.93019738368687,86.85891415610017,757,0,0,243,0,143,3,0
2021-03-28,2021-01-17 14:36,152,2021,6,16,364,2,13,-80.32877444786537,-50.3246140806885,-72.17529795753639,8.665352794578261,2.930516395627374,12.119962575394812,1.7879017867924276,9,1,2,activity_370,87.42394908016117,surface_operations,0.152,0.30116553700125925,18,5,0,5,1,0,0,0,1,0,0.5981760659045202,0.34035396233926074,1.0265265331751754,1.4867846483449498,0.7029864770508107,1,1,CAMERA,0,1,1,0.44666772446141545,0,5,0,0,1,0,0,0,routine,0,0,safe,high,nominal,0.6031126828235243,0.8217798092175929,8,7,84,45,8,4,60.93957634322407,61.40154148945852,49.96672917814411,30.676582065295154,53.174273161464136,51.63018208762578,152,0,535,848,148,748,0,1
2021-07-09,2021-05-16 01:34,1887,2021,3,20,58,6,9,-46.92225476648844,-45.50426191944755,-57.63808700066883,22.537586442187262,1.8074707594496786,7.832179426148777,1.113458885752744,8,1,0,activity_371,84.71102330713347,extended_mission,1.887,0.2776172817729814,32,4,1,5,1,0,0,1,0,0,0.11974732083780759,1.5836796357813456,1.4655570857640439,0.8083623049255844,2.12027646947743,4,0,APSS,1,0,0,0.6869609549868446,0,1,1,0,0,0,0,1,routine,0,0,degraded,medium,critical,0.7744156197065482,0.7808704234080854,4,13,70,37,7,1,99.29081920521135,62.88098017941077,80.01379423839417,26.828785088883254,34.00241352959797,91.70242523778373,1887,0,0,0,0,0,4,1
2021-09-09,2021-07-28 08:11,1388,2021,2,27,90,1,9,-73.97450224201931,-52.25045954139805,-47.01721860776914,13.921378828448917,5.90014522487714,31.499661710143023,1.537697456825824,11,0,1,activity_372,91.5059037759822,surface_operations,1.388,0.10749932099224235,49,7,0,3,0,1,0,0,0,0,0.28909490455451936,0.47802864899623826,0.6905612402857366,0.45452111870707607,1.9052047535901822,2,1,HP3,1,1,0,0.6107842698045377,0,4,0,0,0,0,0,1,routine,3,0,nominal,high,nominal,0.5968213119181008,1.4524202444044467,6,6,85,40,16,4,89.19274781260559,94.0416792632526,44.71569567717586,65.63638108010069,39.04784405261067,35.071671749216584,1388,0,0,0,0,0,1,1
2021-05-28,2021-06-20 03:58,25,2021,8,11,88,3,18,-71.25450809955011,-42.782479739540776,-65.65430626659945,28.701313573021796,18.931140407731487,33.62129365339665,4.709998036396327,15,0,1,activity_373,332.5720571848278,extended_mission,0.025,0.3252762092417024,43,1,1,2,0,0,0,0,0,1,0.7113856290910254,0.3990990103490536,0.6052069289930164,1.325655018132213,2.448952916936519,1,0,WTS,0,0,0,0.7581755223840144,0,2,0,0,0,0,0,0,routine,1,0,degraded,medium,nominal,0.45427265320631827,1.189785871618184,0,7,4,48,14,3,38.2722160427296,49.34589937219405,1.6406428726948752,8.236213180828056,25.780964272981155,55.400208168559615,25,75,662,975,275,875,1,1
2021-08-05,2021-05-12 00:38,222,2021,8,11,106,2,7,-40.725186430395716,-22.53980076392618,-58.971127623648236,14.98188460038943,14.91929694956519,9.69289701842441,1.9130661961017568,17,0,6,activity_374,20.357251626710855,surface_operations,0.222,0.2111604699627524,29,7,0,1,0,0,0,0,1,0,0.7457920914595003,1.2793456673539658,1.0082770039431757,1.7742589678773848,2.8500233154683157,0,1,CAMERA,1,0,1,0.8546832080928685,0,3,1,0,0,0,0,1,routine,1,0,nominal,high,nominal,0.43933109730354947,0.8351807182763797,3,2,34,33,3,1,15.117169828232546,91.47317347788052,77.0090381404774,0.5302510932846061,73.73736335395861,73.74216786219986,222,0,465,778,78,678,4,1
2021-02-13,2021-06-13 00:42,1832,2021,7,10,258,6,15,-69.52216793021742,-28.202574528368253,-72.99016347641556,15.268089249060703,6.365526306869718,9.941509460290142,2.2046185189380743,9,0,4,activity_375,249.01323043512454,extended_mission,1.832,0.5800065753523652,19,2,1,4,0,0,1,0,0,0,0.2966103346917933,1.6401207372517805,1.00236548892271,1.3591144737544727,1.9247727005319042,0,0,SEIS,1,1,1,0.09488917523925111,1,6,0,0,0,0,0,0,routine,4,0,degraded,high,nominal,0.5070505797454639,0.5238116326907717,1,5,33,44,13,2,52.94039633567269,72.49802459988352,78.95643131509638,8.92428661788337,57.80921207932251,64.99440338816218,1832,0,0,0,0,0,4,0
2021-05-07,2021-12-07 09:39,1418,2021,1,5,79,3,8,-58.297581178181744,-30.441138721868416,-33.69778258092622,27.09610760460857,16.839213624675885,38.102694517959634,2.918206345611684,11,1,1,activity_376,329.9275102437142,surface_operations,1.418,0.4352722388639413,28,8,1,5,0,1,0,0,1,0,0.12086866142789508,1.0981484423667824,1.275829351714736,0.770853829750811,2.253095694760569,1,1,CAMERA,0,0,0,0.32853511659620593,1,4,0,1,0,0,0,1,maintenance,3,0,safe,medium,limited,0.4832750959065593,1.4565671358300702,5,16,60,0,18,1,72.78776220711732,41.406194021334144,32.47945028633686,84.62773724729192,90.53932329290053,45.1882493650932,1418,0,0,0,0,0,3,0
2021-11-24,2021-05-13 10:36,1438,2021,8,21,254,4,16,-66.5248883862833,-37.43773306624847,-74.24500285805047,24.737229420591007,5.90845968553211,20.837047623626958,2.91033628387171,17,0,8,activity_377,67.6209464224454,surface_operations,1.438,0.555279562224498,13,9,1,1,0,0,1,0,0,0,0.4576917451483681,0.8911162151901597,1.1577962650257492,0.44011152264032394,2.3390603755437724,0,0,SEIS,1,1,0,0.09832366709196383,0,1,1,0,0,0,0,0,maintenance,1,0,nominal,high,limited,0.67787498222018,0.7352804785528583,5,15,46,36,19,1,18.364384986839745,34.570270485072655,80.64074542922428,17.375569622982333,10.96642214927983,51.59390064656842,1438,0,0,0,0,0,2,0
2021-11-02,2021-10-23 08:00,258,2021,4,23,16,0,17,-55.65848021242255,-39.40746839272112,-35.94346911366988,29.92086904902896,15.580897403948642,26.437513225023295,0.8552967211920568,18,1,6,activity_378,228.26748766364952,surface_operations,0.258,0.7755681478094317,38,8,0,5,0,0,1,0,0,1,0.7842441190625503,0.6326731172566392,1.1839786768204106,0.7424894204759696,0.5224857320435778,4,0,WTS,0,0,1,0.9256094483569375,1,4,1,0,0,0,0,0,science,0,0,degraded,high,nominal,0.807594238607177,1.7870812685095183,4,17,27,3,9,2,91.47324240549534,34.81574401440862,27.244821917741536,22.61146302356195,25.449090769663087,13.493334296031446,258,0,429,742,42,642,1,1
2021-02-27,2021-12-03 14:01,1933,2021,8,20,10,3,15,-77.69725789845349,-50.95346998158579,-36.74139231675548,12.71882465782192,6.77126017919494,11.894756954362919,4.825961231522975,9,0,0,activity_379,338.06490915638466,surface_operations,1.933,0.2939786307580683,46,3,0,3,1,0,1,0,0,0,0.37357324837390493,0.7772673680544249,1.4618331662913198,1.1845932381988202,2.468456063539514,1,1,SEIS,0,0,0,0.1909820305402029,1,5,0,0,0,0,0,1,science,3,0,nominal,medium,critical,0.7177056025571537,1.575553882380026,3,20,8,4,9,3,83.9991195649982,43.31776120046524,13.288848920486762,38.30869131145168,95.44751330941914,7.20216203657722,1933,0,0,0,0,0,2,0
2021-02-22,2021-12-14 02:35,1802,2021,6,16,348,4,11,-43.668932571403886,-42.835067288724474,-32.75086467408085,29.78501353880339,10.53319652222832,15.08154034246977,4.058495638576606,13,1,2,activity_380,76.39101198590504,surface_operations,1.802,0.4336459247320299,20,6,1,3,1,0,0,1,1,0,0.21256411550551219,0.6985644679548815,0.7212767553722332,0.8697819431436782,2.408612238940161,0,0,CAMERA,1,0,0,0.6857221062641092,1,4,1,0,0,1,0,0,maintenance,0,1,nominal,high,critical,0.5872208860317227,0.6127708775210389,4,23,3,20,6,4,89.0083169546758,96.56358287081144,20.236356032178936,70.46398194407197,84.19386306424857,53.98435225427023,1802,0,0,0,0,0,4,0
2021-04-03,2021-11-09 07:09,1477,2021,2,13,30,2,18,-56.30400629577318,-44.35186233142299,-57.00955136059882,24.122238215278596,9.98924268345828,30.397941227535323,2.7733605293874617,6,1,0,activity_381,164.641204805691,surface_operations,1.477,0.6694296644301347,15,5,1,4,0,0,0,1,1,0,0.35388924568448543,1.3388347413785135,0.718382130256324,1.2713050024067896,2.807580426991681,3,1,CAMERA,1,0,0,0.01900740002567136,1,1,0,0,0,0,1,1,routine,3,0,safe,low,limited,0.6487566181877586,1.0207617595044334,7,16,86,34,19,2,9.60527195895543,1.3180037749451312,46.93975773386387,73.12710219793343,45.75370044770406,5.14106069865361,1477,0,0,0,0,0,4,0
2021-05-04,2021-07-12 18:14,1560,2021,9,13,293,3,18,-73.15854983423856,-49.70525080487066,-42.326107339310816,22.670022211073196,18.74248115706774,12.186151848164938,3.6738168021254083,14,1,3,activity_382,332.6361884635361,surface_operations,1.56,0.6531459880944719,17,9,0,5,0,0,0,1,0,0,0.323254242561668,0.26960607923385826,0.8188218961060588,1.4889373521762428,1.4002727214791064,1,0,APSS,1,1,0,0.4808674586362257,0,4,0,0,0,0,0,0,science,1,0,degraded,low,limited,0.8604840245019998,1.5730205319312112,5,19,76,25,2,3,5.394747683611223,15.520677917928339,39.98339976426497,21.677101238427177,30.462556951633058,99.74911608761765,1560,0,0,0,0,0,2,1
2021-05-09,2021-07-11 07:33,775,2021,5,9,97,0,9,-72.37006607276234,-30.858296053522235,-47.50458381956149,7.029542634792323,12.754913324914355,21.697701004572473,4.705545086182124,19,0,8,activity_383,164.68811722904772,extended_mission,0.775,0.5772786803783746,15,8,1,1,0,0,0,0,1,0,0.21800551228019316,0.6109131118149262,0.6200699108880295,0.6710072355770917,2.495439846154487,0,0,CAMERA,0,0,0,0.34169834049022285,1,4,0,0,0,0,0,0,routine,2,0,nominal,low,nominal,0.6027590823225828,0.5630987708227551,8,27,32,45,17,1,59.40706543516936,75.56612519179437,29.74012926509706,93.31655749715092,96.1301069395732,86.81236112213547,775,0,0,225,0,125,2,0
2021-07-16,2021-08-23 09:57,793,2021,5,11,318,4,12,-82.21234297040301,-54.03630316918746,-53.20086620736274,8.322962385033822,9.466804441904506,21.167692550095012,4.478495959425457,19,1,5,activity_384,34.947896570516676,surface_operations,0.793,0.7434998642840964,18,3,1,5,0,0,0,1,0,0,0.15241910749432414,1.2141000750742963,1.2975209993180092,0.49823429595648405,0.6817780358614793,0,0,APSS,0,1,0,0.22369214333206333,1,1,1,0,0,1,0,1,routine,2,1,safe,high,limited,0.7107441017562051,1.4933751070709755,8,2,25,11,19,0,7.951718452462597,1.999268621719208,76.96581966118765,54.83574244356758,69.85914185865234,38.274732420759875,793,0,0,207,0,107,1,1
2021-09-08,2021-04-06 10:00,110,2021,8,22,98,3,8,-58.95551477003242,-43.594011204454404,-68.45627324583234,22.239932258193328,2.5916433585984544,11.673400335741064,4.179646903314227,7,0,7,activity_385,35.95224705191636,extended_mission,0.11,0.5577544003447928,40,2,1,1,0,0,0,1,0,0,0.18957016735666898,1.6704955976060376,1.2967360388912228,0.9730397054452018,0.7742779221501621,4,1,APSS,1,0,1,0.05496406137865184,0,4,1,0,0,0,0,1,science,2,0,safe,high,nominal,0.5509146129934945,0.8498073749753536,5,22,69,41,1,4,28.661555844972764,9.540343420515862,89.18384573447827,1.1373366004648666,0.16524881419711646,82.6797739763546,110,0,577,890,190,790,0,1
2021-03-01,2021-10-09 20:48,313,2021,10,27,294,1,2,-85.69166532992925,-26.056552431999776,-50.38416233504841,28.03980775033295,18.332467473562254,37.21777263203038,0.8500334009021059,1,1,0,activity_386,174.04554349075738,extended_mission,0.313,0.9484001753454244,44,7,1,2,0,0,1,0,0,0,0.853557200064785,1.6116740791315052,0.7740478081979354,0.9024278611188556,1.533127508083191,1,1,SEIS,1,1,1,0.5107829905154797,1,5,0,0,0,0,0,0,science,0,0,degraded,medium,critical,0.8170994763388493,1.4279622748193979,3,10,12,49,9,4,34.1926304578064,90.92239295496341,91.13081631625708,57.53245787430637,70.23514608651067,85.40154152059414,313,0,374,687,0,587,4,0
2021-07-27,2021-10-10 22:10,643,2021,12,13,360,0,23,-86.77260974880583,-33.94640236521958,-31.30989334238466,25.676137278570742,19.492462336151313,34.59616782844388,4.3483811278864035,18,0,6,activity_387,324.07794085701835,surface_operations,0.643,0.4062542664278276,20,8,1,5,1,0,0,1,0,0,0.1506024242417739,1.9062088808324151,0.5037781852034771,1.7652439828137778,2.3221334246844147,1,0,IDA,1,1,1,0.38503068123282524,0,6,1,1,0,0,0,0,maintenance,1,0,safe,high,nominal,0.48729015320876595,0.6987403005202164,7,8,75,7,13,2,45.62331485675083,46.29515996386478,94.45803949581169,32.020961026493175,89.70236470327903,97.42547445762636,643,0,44,357,0,257,4,1
2021-04-17,2021-11-06 03:12,1217,2021,4,15,146,0,18,-49.15497026575583,-40.92917917574296,-39.722761408690594,28.25421786619195,14.645885322801746,32.16330001764135,0.8022894406963526,6,1,9,activity_388,263.4758477897314,surface_operations,1.217,0.7274714824665264,42,2,0,1,0,0,0,1,0,0,0.5490215859606183,0.5806271168963961,0.6731367912738325,1.0626248270362753,1.9647605890688598,1,0,APSS,0,0,0,0.6419838879808051,0,1,1,1,0,1,0,1,routine,4,1,degraded,low,limited,0.528515539292252,1.4614911741892338,1,14,51,40,5,2,10.9014744534506,23.808718204457257,23.48737010875004,99.61529042006461,0.46005457258844196,63.96382093034958,1217,0,0,0,0,0,0,0
2021-07-25,2021-01-10 22:09,816,2021,4,11,124,5,10,-72.86823041859145,-33.28393949060562,-31.500750149304935,14.756971599713808,13.597699302098675,15.357333387192163,1.6984054201908858,11,0,9,activity_389,236.47438881336922,surface_operations,0.816,0.9376369703165807,7,2,1,1,0,0,0,1,0,0,0.6789722306447648,1.132482591940505,0.5959585298631743,1.7905470451907375,2.3816350030282,4,1,APSS,1,1,0,0.5680325887747232,1,1,0,1,0,0,0,0,routine,0,0,safe,low,limited,0.6719575046749371,1.5460752861314702,2,21,83,13,5,3,0.5841600121510249,9.557537353853062,20.72906435941523,34.80522869909342,54.10512228305804,29.38429187596653,816,0,0,184,0,84,3,0
2021-05-03,2021-01-07 16:25,512,2021,6,22,279,3,10,-81.11585330970914,-38.03880283154649,-48.55320287179195,20.887232581831743,8.229934369390543,6.701046927807331,3.320239653272804,1,0,5,activity_390,73.83053950991105,surface_operations,0.512,0.10603848084881229,40,6,0,3,1,0,0,0,0,0,0.9514140447415258,1.2147939611602636,1.363816294468439,1.537330388522816,1.9735520155177504,4,1,IDA,1,1,0,0.11900539071826255,1,5,0,0,0,0,0,1,maintenance,4,0,degraded,high,critical,0.7116334028419464,1.271061637367799,8,20,24,16,0,3,89.0968635897655,43.56577974065051,91.96917338086818,70.7017433794491,12.146226209805322,57.91966134076992,512,0,175,488,0,388,4,1
2021-10-13,2021-05-12 09:52,1766,2021,3,13,169,2,4,-66.24445207583206,-57.70702916542377,-42.668660335083366,14.298236388321351,3.9872946349432636,24.069874524261344,4.881916882593562,18,0,2,activity_391,206.17579036983858,surface_operations,1.766,0.7769142992545063,26,9,1,1,0,0,1,0,0,0,0.28420205283455274,1.7459796372657175,0.8010260870416989,1.7114983917376456,1.202662872366838,4,0,SEIS,0,0,0,0.974499883262783,0,3,0,0,0,0,0,0,routine,4,0,safe,low,critical,0.9808275844305316,1.5682474697054487,6,2,54,41,10,4,50.88957670662728,12.241999939635617,30.17178718552357,30.779384738291537,0.4085654964712804,35.41687396663927,1766,0,0,0,0,0,4,1
2021-06-16,2021-11-18 12:06,192,2021,3,6,56,2,11,-45.57745675338068,-22.759687614035073,-48.59533233777471,26.012238915217125,3.6714220530629427,36.558583882944475,2.7786270183372874,8,1,4,activity_392,342.0243443231513,surface_operations,0.192,0.3089764607868172,40,2,1,3,1,0,0,1,0,0,0.1539373898070026,0.6248496893470854,0.7656697558564416,1.791553464550191,1.0888666844091612,1,1,IDA,1,1,1,0.8756180199406924,1,3,0,0,0,0,0,1,routine,1,0,degraded,medium,nominal,0.3356535058990136,1.540412891725754,5,21,58,27,18,2,55.32864159809425,82.44168329143054,36.242917057831235,76.3017987622639,84.54208391465092,82.09291918201339,192,0,495,808,108,708,0,0
2021-01-08,2021-09-08 19:59,1011,2021,2,4,80,0,8,-82.56582925256096,-44.66684898428064,-71.89895190324533,18.114827198966072,11.940828936693679,30.731189755623785,2.0275766990732884,12,0,6,activity_393,352.85050381080254,surface_operations,1.011,0.762035148910024,17,1,1,4,0,0,0,0,1,0,0.8249649658147562,0.8812491766645763,1.2468469748939772,1.6256039342040822,2.4170091630173935,2,0,CAMERA,0,1,1,0.6230075856245326,0,4,0,0,0,1,1,1,routine,4,1,safe,high,critical,0.6226229787394016,0.5696504830865718,5,28,54,18,2,0,40.50841324041631,70.91216078388611,97.17987018832055,16.187531373331797,6.267626823480343,19.48459319674609,1011,0,0,0,0,0,2,0
2021-07-03,2021-03-01 23:48,1921,2021,11,18,231,0,11,-68.87186674903259,-56.36120606292576,-63.1540354677039,14.283333960683654,17.037283490283,32.73920594526275,2.492394285877782,12,1,6,activity_394,76.86665655961113,extended_mission,1.921,0.19742870840057092,37,7,1,4,0,0,0,1,0,0,0.11752909334129263,0.8446433238100568,0.7591100177458335,1.3322801732526925,1.2685173139913306,3,0,APSS,0,0,1,0.8154997271035193,0,2,1,0,0,0,1,0,routine,0,0,degraded,high,limited,0.9300735642882758,0.9298292429015915,9,28,85,46,12,2,11.793319489517451,6.137292981347886,31.099470201195366,13.658893837642394,52.58685282282677,51.898125352327874,1921,0,0,0,0,0,2,0
2021-09-08,2021-02-02 20:30,296,2021,10,2,331,0,17,-48.47588374569028,-50.70997414390522,-72.01287267242921,14.506621965333023,17.101958212463046,7.731003249994879,3.0917920946132758,14,1,6,activity_395,7.552798140215993,extended_mission,0.296,0.32630948182336295,48,1,1,1,0,0,0,0,0,1,0.13994020680514688,1.5073849966411434,1.3979952785116865,1.2502696926803896,2.141758057332967,0,0,WTS,1,0,0,0.7514885573709561,0,3,0,0,0,0,0,1,maintenance,0,0,degraded,low,critical,0.7381158830990515,1.60122109564714,0,24,53,40,4,2,21.020121445252027,87.53051567568016,48.79610450415376,22.498141557381214,4.120869574154629,67.57386646535419,296,0,391,704,4,604,4,1
2021-01-02,2021-12-20 00:10,90,2021,6,15,332,4,22,-80.22487049017232,-21.49721650489471,-68.04741848271135,27.832617873969408,8.569461963131639,18.225309704660273,1.5409391040718197,18,1,1,activity_396,235.82124624260976,extended_mission,0.09,0.46757096225241745,6,8,1,3,0,1,0,0,0,0,0.3998129144703505,1.164722351576264,0.9313682994046717,1.3636163553901135,1.9701050113585692,3,1,HP3,0,1,0,0.31906515521965495,1,1,1,0,0,0,0,1,maintenance,3,0,nominal,high,limited,0.5645924753984646,1.088753018405327,1,15,52,5,18,3,43.698077614579525,20.7908184179773,67.08349004962706,39.62227401325755,13.282610444221532,12.726549191151125,90,10,597,910,210,810,4,0
2021-11-10,2021-04-14 01:44,1092,2021,12,22,243,4,2,-87.08333638575992,-53.85023885664176,-32.35542298639071,18.571383775783474,1.2689860732007574,29.258071556935054,0.7781129153556563,17,1,5,activity_397,138.90989280297666,surface_operations,1.092,0.8736318031862716,43,8,1,3,1,1,0,1,1,0,0.5649450067316795,0.21375019032639161,0.5783245561080159,1.3819926346345521,1.4998783371887465,4,1,HP3,0,0,0,0.07870700136851638,0,2,1,0,0,1,0,0,science,3,1,degraded,medium,limited,0.8926424373051474,0.6978559082462013,3,22,80,12,0,0,11.034222778877723,10.171844403962904,75.11665107956239,31.21616939935653,71.7281617225717,20.001058944336336,1092,0,0,0,0,0,3,0
2021-06-27,2021-10-12 21:50,637,2021,6,14,227,1,8,-74.81935170864836,-36.103916178427156,-63.14511717546583,11.450481568119162,7.012721629568157,37.05560985623322,2.2617398222836993,14,1,8,activity_398,269.07930911540126,surface_operations,0.637,0.04816954313643107,9,8,0,3,0,0,0,0,1,0,0.34498526432447224,0.3301706267468333,0.982860036332846,1.6008395381990577,0.8000550342587147,1,1,CAMERA,1,1,1,0.09620574166259455,0,3,0,0,0,0,0,0,routine,2,0,degraded,high,limited,0.8426479220639198,1.4229671108411588,8,5,45,15,1,2,1.2601101113770774,29.820648133750694,99.60471221264656,42.783804269539914,88.84935388643547,32.79983483710397,637,0,50,363,0,263,3,0
2021-11-24,2021-11-01 16:19,1635,2021,8,3,49,2,11,-64.05130720278062,-44.542065021826204,-53.90894697468866,20.885314578383756,18.658952151125543,25.855951838961087,4.357021740428152,18,0,2,activity_399,343.109632400058,surface_operations,1.635,0.16679171804992354,28,9,1,1,0,0,0,0,0,1,0.8533744763110629,1.9567272473424706,0.5881185445278041,1.5208873143277233,2.6480316216079185,0,1,WTS,1,1,0,0.8077302795825284,0,2,1,0,0,0,0,1,routine,0,0,degraded,high,limited,0.3382711503842882,1.9291199014888076,2,20,30,10,17,3,73.69013721717079,47.232165042830886,61.137005655957324,10.673668201459751,56.0411510015611,7.36610720170594,1635,0,0,0,0,0,2,1
2021-11-20,2021-11-06 21:03,121,2021,10,18,73,6,19,-80.29850258801979,-44.34437342470922,-31.719602356114784,24.106087885191208,6.394968024531282,38.306142412149185,3.405410565164297,9,0,2,activity_400,310.00290061059764,extended_mission,0.121,0.2329920525459397,36,8,1,4,0,1,0,0,0,0,0.40318247516127836,0.8277002278405139,0.6989284136652799,1.692080879711641,0.9371879615233354,3,1,HP3,1,1,1,0.8206425472982894,0,2,0,1,0,0,1,0,science,4,0,safe,high,nominal,0.694263316120455,0.9951062006737317,6,0,94,12,12,1,98.77295553064411,59.28120653514998,16.055394264217448,19.00092948312523,71.61110355892511,5.0397794243381755,121,0,566,879,179,779,0,1
2021-01-01,2021-03-14 17:51,5,2021,8,5,16,4,21,-74.11699962714258,-36.66898886332831,-53.22417068404657,13.341963025307056,1.8963129266128487,24.580396902601418,1.0075665489205117,16,1,9,activity_401,17.00505852829698,surface_operations,0.005,0.3167051903470788,37,4,1,4,0,0,1,0,0,0,0.7030967044099914,1.0814946569137098,0.937085865959426,0.735384960653791,1.4564837862525113,3,1,SEIS,0,0,1,0.9898284904110161,1,5,0,0,0,0,0,0,science,3,0,degraded,medium,nominal,0.40671001908553245,1.1165406678039673,1,8,63,25,17,3,24.098558954629457,31.525124302640506,19.58732079599845,77.57557906202047,64.8602122637279,61.18350545991809,5,95,682,995,295,895,3,0
2021-11-22,2021-08-04 10:18,136,2021,9,19,232,1,4,-54.136957426168465,-49.9805263359511,-48.40729679317795,18.352795960062835,16.88946535027695,30.52622617414185,4.242745064719336,10,0,7,activity_402,136.06657927895037,surface_operations,0.136,0.5896846880684838,10,6,0,3,1,1,0,1,0,0,0.6217885080104583,1.712729177200154,0.8799418084180286,0.3672606552598692,2.284618624071817,4,1,HP3,1,1,0,0.23002882987906004,1,3,0,1,0,0,0,0,maintenance,1,0,degraded,low,critical,0.6264548831828278,1.2959533735586843,8,26,60,40,3,1,14.761375622673656,34.087938030723805,2.0231461705112253,72.17550032259912,88.06830470511753,56.852831768803426,136,0,551,864,164,764,4,0
2021-03-16,2021-09-01 13:23,755,2021,6,11,259,0,5,-51.55690223204819,-56.82935289267305,-45.45613037153163,6.389322721217534,2.304516426191936,8.775319601080678,0.7361782917015034,10,1,0,activity_403,48.87637400222732,extended_mission,0.755,0.3482253684615363,6,7,1,1,0,0,0,0,1,0,0.2705454719558675,1.7594145845307028,1.225139402595833,0.6198064241414236,2.037733414686004,3,0,CAMERA,0,1,0,0.8385661414378813,0,2,0,0,0,0,0,1,maintenance,2,0,safe,low,nominal,0.3328344872668053,1.1031391241164952,5,10,71,0,13,4,9.2102377141845,36.45554888210584,79.31752066842166,70.31568892322254,2.635244502082801,44.98894050569498,755,0,0,245,0,145,1,1
2021-06-24,2021-02-08 19:14,828,2021,5,21,210,4,3,-53.24414057917359,-44.852932341347184,-36.323376516312486,15.798010125918756,0.8008256142958481,5.6077426559731,3.4103416373804647,15,1,9,activity_404,90.18175288570501,surface_operations,0.828,0.3757202346397196,21,4,1,5,1,0,0,0,0,0,0.9061684913788806,1.424989370666193,1.002090336816035,1.1741212111410637,2.604643408160803,4,1,IDA,1,1,1,0.6397539838222649,1,6,0,1,0,1,0,1,science,0,1,safe,low,critical,0.3498290969786216,1.5383391926193593,8,13,86,22,17,2,95.6481097231227,12.564097710959643,9.658723026894567,80.34078265896358,86.61260590941703,58.37614208779856,828,0,0,172,0,72,2,1
2021-02-25,2021-01-27 23:37,1046,2021,12,1,318,3,18,-47.041552344342314,-44.69867722241755,-43.03753718929893,21.860750880863662,5.150280036012074,37.15252459249962,3.0358043785232285,17,0,1,activity_405,84.65149537423908,surface_operations,1.046,0.3644047061362373,25,9,1,5,0,0,0,1,0,0,0.7117809289141347,0.7279909997717184,1.2953831741226178,0.9032556405636158,2.163374080658916,0,1,APSS,1,1,1,0.2675901783278528,1,3,1,0,0,0,0,1,routine,3,0,safe,low,nominal,0.9406192518558163,1.8999102506866055,5,19,95,9,14,3,94.53231521002897,88.94604136173967,75.17834544376709,0.4568862590776046,40.77508746073407,41.071417170180794,1046,0,0,0,0,0,1,1
2021-12-26,2021-09-19 11:22,1104,2021,5,26,63,3,9,-48.25732547316241,-43.62126206629522,-47.22177780938608,27.500589941443145,15.793890254739756,11.785673978748676,3.800227817142526,15,1,8,activity_406,22.630458334806,extended_mission,1.104,0.6517613390681011,39,5,0,5,0,0,0,0,1,0,0.3980262150327083,0.8681158943625122,0.9619740388902801,0.8087144388281231,0.5844703885862983,2,1,CAMERA,1,0,1,0.9503871441791126,1,4,1,0,0,0,1,0,routine,0,0,degraded,low,critical,0.7478402047097752,1.377881339357274,9,2,92,6,17,0,34.407743751027375,91.36327461785046,15.441010784226517,5.693495693731343,48.231610438632174,18.912933682570664,1104,0,0,0,0,0,4,0
2021-02-16,2021-01-06 22:10,1606,2021,11,25,304,1,2,-81.1064683232886,-53.0775220319718,-47.26220138504134,19.090123063854037,3.5205630557545375,39.65604818964511,2.398265295657322,7,1,5,activity_407,57.925208898926456,extended_mission,1.606,0.5838937137265947,8,7,1,5,0,0,1,0,1,0,0.7923251621404258,0.48602978277589365,1.2011855654419015,1.4259860437075658,1.607494241886138,0,0,SEIS,0,0,1,0.8423612745663521,1,5,0,0,0,0,1,0,maintenance,0,0,safe,high,limited,0.6726767766409227,0.8024200163720234,2,14,88,46,5,0,31.40212505833905,45.23448529996449,85.07993783196139,77.83622637945345,85.1246123505876,27.19571149103285,1606,0,0,0,0,0,4,1
2021-01-24,2021-02-24 02:55,704,2021,6,17,183,4,22,-63.18762408231656,-52.086611311124706,-63.98673700318121,27.623579579855296,16.806592253266363,5.35428954890399,4.41224413694628,5,1,3,activity_408,238.37952769009473,surface_operations,0.704,0.29145164764540743,46,5,0,5,0,0,0,0,1,0,0.4529844197411802,1.121586950350243,1.2622993204819157,0.6347894395802756,1.6043062280423235,0,0,CAMERA,1,1,1,0.5073944190551197,1,1,1,0,0,1,1,1,maintenance,3,1,safe,high,nominal,0.46971415250365794,1.4566440800708564,4,9,11,4,6,3,69.07566561823386,60.98771273081059,4.084044294998835,76.28288663942945,64.18875771484792,96.38888681104883,704,0,0,296,0,196,4,1
2021-07-12,2021-05-23 20:20,1203,2021,3,5,344,5,7,-79.35105408890547,-28.843093767544307,-44.82781971244329,26.905695032005983,16.886529286542427,12.181831457648167,4.245526310399061,15,0,5,activity_409,192.3281001554014,surface_operations,1.203,0.5698610742823985,5,9,0,4,0,1,1,0,0,0,0.8392652302754711,1.0384140317239507,0.7233940300532069,1.5518233498722236,1.0715681466224323,1,1,HP3,1,0,1,0.2727196098582422,0,3,0,0,0,0,0,0,routine,4,0,degraded,medium,critical,0.6555532870204439,1.9019312605308618,9,24,77,46,6,4,77.92067402682285,54.28681399782135,25.912010427142285,35.47551711297577,89.40054147313161,5.594794659862057,1203,0,0,0,0,0,1,0
2021-04-26,2021-08-05 04:04,1295,2021,11,5,259,5,0,-72.87410558292564,-51.08957329365412,-44.225895097286184,6.914680685426495,7.26110171769535,14.341176115234697,1.5320103579563684,10,0,0,activity_410,267.87115301872353,surface_operations,1.295,0.4462444101987014,37,9,1,5,0,0,1,0,1,0,0.43052125442465805,1.6087238014179934,1.0519667214249022,1.7297622767910366,1.3982530031628455,4,1,SEIS,1,1,1,0.3320080113171888,1,1,0,0,0,0,1,0,routine,1,0,safe,high,critical,0.7440780816479591,0.6555204355565438,4,1,38,18,5,3,56.95211466330334,98.31264099816141,21.749318282011444,98.5903827123464,71.43425330544812,82.60820696300232,1295,0,0,0,0,0,3,0
2021-09-17,2021-12-26 03:11,1653,2021,8,3,50,4,11,-85.23950234244022,-23.67070015328658,-47.83673809427291,11.042690681100474,8.39296021444814,17.491504692789686,3.6526084963601964,8,1,0,activity_411,38.380711072035886,extended_mission,1.653,0.08181890456473806,48,4,1,1,1,1,0,0,0,0,0.792216011459602,1.9930885331900134,0.7539874492050217,1.0317044833032223,1.0911489401558891,1,0,IDA,0,0,0,0.45510630081285597,0,5,0,0,0,0,0,1,maintenance,4,0,degraded,medium,critical,0.32930424205250436,0.9582011787920008,9,25,78,12,7,2,30.909548869970926,50.355215101698484,55.87129525945216,24.00958962784876,55.685875573726186,75.60611120055376,1653,0,0,0,0,0,0,0
2021-05-05,2021-07-28 19:10,1814,2021,12,4,48,4,0,-70.96395593822623,-33.298881229474006,-31.13365047374652,20.160662270123517,14.429708188730984,8.080183760699553,3.325155930815024,17,0,8,activity_412,65.78595052474947,surface_operations,1.814,0.7784787690598826,48,7,0,4,1,0,0,0,0,0,0.21540205831570308,0.509178062207862,0.5102127496128432,1.5880602348977289,1.900373299872531,1,0,IDA,1,1,1,0.06526173706265903,1,1,1,0,0,0,0,1,routine,3,0,nominal,low,critical,0.636492789268974,0.8884597774863491,1,16,37,4,12,4,81.31102684707774,34.58112770338225,50.32580832903554,60.79043165963325,48.809515622103326,57.1956904154119,1814,0,0,0,0,0,3,0
2021-09-10,2021-07-18 00:31,1867,2021,5,12,241,0,18,-44.57479101147651,-36.266442379807835,-54.40420985593004,28.42987317796634,1.9460369759580165,32.63575283489012,2.140994775740042,11,1,0,activity_413,94.09105014575434,extended_mission,1.867,0.5177130804854173,17,4,0,2,0,0,0,0,1,0,0.5838083349244425,1.456916467935065,1.1306372889592438,1.7124641066060917,2.489022312048683,4,0,CAMERA,1,0,0,0.9525548867388236,1,6,1,0,0,0,0,1,routine,0,0,safe,medium,nominal,0.3123843461848038,0.6081486037252699,5,3,47,6,7,3,63.73541578683929,53.56651079334027,59.59707593878597,47.197720293765414,27.773714855425712,95.2825314946477,1867,0,0,0,0,0,2,1
2021-08-14,2021-06-21 12:31,1836,2021,3,28,61,4,22,-88.91743572372324,-30.01016538218748,-32.22346009114194,10.481676007846296,6.8354573409566495,12.22518981554525,4.685218986386879,10,1,0,activity_414,185.76631563034675,surface_operations,1.836,0.48609530319502325,31,5,0,1,0,0,1,0,0,1,0.8331266202110285,0.6939724209912888,1.4887534171952606,1.6830144307346653,2.331289924831785,4,1,WTS,1,0,0,0.6174335204824778,0,4,0,0,0,0,1,1,maintenance,3,0,safe,low,nominal,0.3554169003327534,1.3736841957043582,2,15,68,25,1,0,98.92845573092734,91.75632152907706,39.63642027457285,11.345368627070984,21.479159822267103,17.379962283342053,1836,0,0,0,0,0,1,0
2021-11-22,2021-11-09 17:59,1205,2021,5,10,335,2,9,-54.304262914874705,-33.93806290608258,-67.42892027874021,12.974981889746468,10.593469618250676,34.627859463461235,4.796870341709609,3,0,7,activity_415,240.32235664302178,surface_operations,1.205,0.6681439245824626,41,8,1,3,0,0,0,0,1,0,0.9539736851600218,1.169381795852236,1.4299941824196556,1.3877387269497445,1.1613978199889625,2,0,CAMERA,1,0,0,0.2667571282404816,0,5,0,0,0,0,1,0,science,0,0,nominal,low,limited,0.9849516683084096,0.7770470816170574,1,22,17,36,4,3,63.32624111184941,92.76761591861373,57.50766144924972,12.973075272554802,17.68644749350079,13.218393033809651,1205,0,0,0,0,0,2,0
2021-01-23,2021-06-07 08:41,1092,2021,4,16,140,0,2,-62.760573850040544,-26.318202467356578,-41.27234163682158,23.088423382399128,5.652658823042618,5.7880871624613315,1.2278673056491358,9,0,5,activity_416,177.28261375034333,surface_operations,1.092,0.9197774579738796,23,5,0,4,0,1,0,0,0,0,0.6211151712130433,0.2897167701579073,0.8717056112985897,1.0291106105488539,2.1689353083752545,1,0,HP3,1,1,0,0.3215497080127121,1,2,1,1,0,0,0,0,science,2,0,safe,low,critical,0.8669915125119632,1.3909160792102881,1,5,19,23,8,1,32.62362241419413,26.936496988713987,45.282780470142534,77.19760792342106,83.56087054582734,80.45078776832267,1092,0,0,0,0,0,1,1
2021-06-18,2021-12-05 17:36,343,2021,7,23,201,2,11,-56.35488199173009,-27.892925814497204,-72.77906805603759,19.962649206015616,10.552246627167644,15.25489174190362,1.6809349327579313,14,1,5,activity_417,31.02227987291332,surface_operations,0.343,0.03317275703518896,28,1,0,3,0,1,1,0,0,0,0.4967922098213776,0.8479978569915914,1.1483363201525236,1.0051796490997034,2.9086466550948686,3,1,HP3,0,0,1,0.2052549984497558,1,3,0,1,0,0,0,0,maintenance,4,0,nominal,medium,nominal,0.4977541308921114,0.639342163131358,5,28,11,25,3,2,3.736566013861109,23.70629010976806,77.92192833722991,60.598627026505724,20.57705219543714,25.744199512243217,343,0,344,657,0,557,4,1
2021-09-06,2021-10-16 02:17,724,2021,11,19,279,6,10,-81.17819172898854,-22.53695663705073,-39.66276274544945,26.420360928346344,2.8771761392659867,10.017850327468405,1.8741597990141536,16,1,0,activity_418,260.7460225888784,surface_operations,0.724,0.08062095217578324,44,6,0,3,0,1,0,0,0,0,0.5837161332421016,1.3566317460729367,1.4585935137152952,1.6497040768674658,1.601706917966505,2,0,HP3,1,0,1,0.93514670625037,0,3,0,0,0,0,1,0,routine,0,0,safe,high,critical,0.777855840933563,0.7601829501532062,2,29,87,37,2,4,66.64786910930928,93.76509851916737,7.530020679956406,51.65607990906703,8.190533923775389,37.91319509515406,724,0,0,276,0,176,4,1
2021-03-01,2021-08-23 19:15,166,2021,1,18,196,2,7,-56.99187915984754,-36.97014862714707,-43.59409040662438,6.118178081634752,7.8102994555727605,35.84260038461738,1.2248586567307136,18,1,4,activity_419,137.57140657285004,surface_operations,0.166,0.4837932330545136,39,4,1,4,0,0,1,0,0,0,0.27600130986021015,0.7929791850178762,0.9368155865706389,1.7430876720414574,1.4133340338687133,2,1,SEIS,1,1,0,0.9512237456396052,1,4,0,0,0,0,0,1,routine,0,0,degraded,medium,limited,0.7950406110643224,1.0387989434648122,8,21,91,14,10,4,16.62154945234119,13.869089941730472,33.734051002009814,80.22643580107093,20.11110678550687,53.14157844324097,166,0,521,834,134,734,0,0
2021-03-22,2021-08-10 01:27,1908,2021,9,5,117,0,5,-76.01935507872808,-51.298753048225315,-63.48274690455182,12.593495565746199,11.98329746734333,21.503391990822795,2.0160255433057603,1,1,5,activity_420,352.43477481223243,surface_operations,1.908,0.9724066947103174,33,3,1,3,0,0,0,0,0,1,0.9938585963129392,1.5615908671404324,1.1824495863507913,0.9079870615149559,1.888007722285724,4,0,WTS,0,0,1,0.8964844936811717,0,1,0,0,0,0,0,0,routine,4,0,nominal,medium,limited,0.5952801618023557,1.134136881251155,8,0,73,29,18,0,76.17484969288853,78.61905940651585,14.799352443040892,52.55051431507941,85.75587063627029,31.851857658528417,1908,0,0,0,0,0,2,1
2021-03-23,2021-01-11 23:24,112,2021,8,21,204,2,12,-89.40043779858723,-55.10296355266963,-49.356205520024815,10.397395007375703,2.8915377959275013,16.354446878745712,1.2359106271990556,13,1,3,activity_421,165.63537286377067,extended_mission,0.112,0.5777055010154526,45,6,0,3,1,0,0,1,1,0,0.14130448108754431,1.6595497451338246,0.934268161063671,0.8117700819005336,2.018817155438346,3,1,APSS,0,0,1,0.9215626042943503,1,3,0,0,0,0,1,0,maintenance,1,0,degraded,medium,nominal,0.46916396726220694,0.8101029584623607,9,22,7,29,6,0,89.31518188525914,12.17345689692505,62.962571826416834,21.35113681210251,60.586684751188834,38.31041668442321,112,0,575,888,188,788,3,1
2021-01-15,2021-02-06 06:33,1800,2021,8,13,138,0,7,-50.13916669517519,-42.134197227603494,-60.421488022625695,23.47761340521768,12.286590821214611,32.30105376576681,0.8344798728482169,7,1,2,activity_422,314.7799245348438,extended_mission,1.8,0.8478382192736854,10,1,1,1,0,1,0,1,0,0,0.4309998338038742,1.5235328864369204,1.1035007956750502,1.2804441484759732,1.0264597352066112,4,0,HP3,0,1,1,0.26505423198888733,0,5,0,0,0,0,0,0,science,1,0,degraded,medium,critical,0.8748611488684854,0.6782243708977207,1,11,5,28,0,4,38.37640905040834,54.76853928773087,18.31904009534666,41.45548858612267,61.51899306589599,71.49231264211244,1800,0,0,0,0,0,2,0
2021-11-09,2021-01-09 22:11,1855,2021,2,11,149,5,1,-89.04805162353757,-48.10408907369106,-53.67527069950929,7.7017323820285934,2.525517755502509,21.21328575080694,3.7893426421366905,15,0,1,activity_423,331.38094540810255,extended_mission,1.855,0.4747489875467311,6,4,1,1,0,0,0,1,0,1,0.8112882209317792,1.4673494646211334,0.6938959143833788,1.0654608963168386,1.6100415760567017,3,1,APSS,1,0,1,0.47226604679897866,0,6,0,0,0,0,0,1,science,2,0,nominal,low,nominal,0.504415458809117,0.7330922503117241,3,26,28,22,19,3,48.1722204013301,45.332947131738436,78.49393484845682,9.314050904487658,88.24931274191465,67.08633545476147,1855,0,0,0,0,0,1,1
2021-02-20,2021-11-05 17:06,1505,2021,3,16,79,3,4,-47.376607990550305,-43.19700539774812,-30.424537881466676,8.798575747686028,9.266980760793668,30.635761581812766,0.5241517609032835,8,0,3,activity_424,168.0022148587122,surface_operations,1.505,0.7606246624214705,14,9,0,1,0,0,0,0,0,1,0.5532593779798586,0.6966178704593261,0.6933139972452146,1.3417867451783645,1.840953214443591,2,1,WTS,0,0,0,0.7209631282341725,0,3,0,0,0,0,0,0,routine,4,0,safe,medium,critical,0.6762635983876493,1.4186771726859875,4,24,29,29,9,2,42.896507958490204,6.859297226735606,86.83045745345008,76.50399313583411,79.07348372907147,74.48587327255555,1505,0,0,0,0,0,3,0
2021-03-04,2021-03-24 19:34,63,2021,2,3,103,5,20,-45.12693597150105,-56.8221727880442,-59.299084786985716,20.262732880949862,11.188295202370737,8.373687537305171,4.0951092550363395,12,1,9,activity_425,276.6357195327448,extended_mission,0.063,0.24918668669412858,42,2,0,2,1,0,1,1,0,0,0.8948768021224538,1.4134869599593405,0.87025478392243,0.5857002352467753,2.541332746418012,2,0,APSS,1,0,1,0.8265426560723765,1,6,0,0,0,0,0,0,routine,1,0,nominal,medium,limited,0.4430797332131575,1.8461338568425183,1,19,35,42,6,0,2.831146738523016,67.06378416016653,49.73154638556731,57.38617358535868,37.29662127458769,71.40262145869055,63,37,624,937,237,837,0,0
2021-06-23,2021-07-15 04:36,474,2021,4,20,53,1,8,-63.66721919185225,-32.156934969294454,-52.0826568706905,15.425998974230813,19.897883865934915,10.167414974839563,3.167275906579373,4,1,6,activity_426,304.860880710362,surface_operations,0.474,0.8809232990882384,13,2,1,2,1,0,0,0,0,0,0.711223717441433,1.977131763677509,0.502514341084276,1.0649583975505619,2.809591072592561,3,0,IDA,1,1,0,0.6969436258397035,1,6,0,0,0,0,1,0,maintenance,1,0,safe,high,limited,0.9832595379086038,1.841166771317209,2,23,26,35,10,0,54.40536822479758,0.9534607801348849,39.172735115132916,90.66910055171753,89.8359018919862,20.390688409603484,474,0,213,526,0,426,2,1
2021-08-10,2021-10-25 08:09,1412,2021,7,16,188,3,11,-44.2725960449422,-25.949921334629913,-54.52618372149547,5.004871558432928,18.018689910585614,9.351780070381285,1.6003058683732079,7,0,2,activity_427,30.483985507316255,surface_operations,1.412,0.8028775378898347,8,3,1,4,0,1,0,0,0,0,0.30830816109134485,1.0741428346362212,1.47742836908247,1.5396652714121546,2.3215391978012274,1,1,HP3,0,1,1,0.08686554827196069,0,6,1,1,0,0,0,1,routine,2,0,degraded,high,critical,0.7631914648495439,0.6025563189658847,3,20,54,38,3,1,41.861498597485536,98.68304343061747,28.531936128803736,53.143689268609805,74.32372527790844,1.3497270884270662,1412,0,0,0,0,0,0,0
2021-08-24,2021-03-05 11:19,999,2021,5,24,85,6,2,-89.58067590797813,-38.0630007391021,-63.10915671562499,16.727544743589405,1.4531737431221492,22.55561663356759,1.0618504393016317,16,1,6,activity_428,179.97156986803222,extended_mission,0.999,0.07407357821724214,22,5,0,5,0,1,0,0,0,1,0.2618232168174054,1.7035474186864603,0.9047057638484248,0.37325380602047054,2.9156240695654074,4,1,WTS,1,1,0,0.6208882691817477,0,3,1,0,0,0,0,1,maintenance,3,0,safe,high,nominal,0.8140595517915157,1.8331655382544212,2,14,98,46,15,3,57.29461250839096,57.4793646786303,25.583928315173367,63.2702449421189,90.74148337776627,38.866694655160074,999,0,0,1,0,0,2,0
2021-05-16,2021-01-15 12:32,1719,2021,6,5,52,0,11,-60.603276492705824,-58.19413350940943,-64.21046609137653,19.855022764191368,0.7120253091963025,32.29955906852168,4.639649300737714,9,0,0,activity_429,210.47607497688932,surface_operations,1.719,0.0665428151081775,12,3,1,3,0,1,0,1,0,0,0.47698274775449845,1.6975597677479068,0.590603016005358,0.8312545177803858,2.8800606929239327,1,0,APSS,1,0,1,0.06057008316394452,0,2,0,1,0,0,1,1,science,3,0,nominal,high,nominal,0.8470131650379709,0.522018852601603,5,2,15,1,1,1,14.499576556446048,55.46214091286116,67.85052268267442,22.953288417216054,51.2330255269583,91.14072831381922,1719,0,0,0,0,0,4,0
2021-03-25,2021-10-15 07:48,741,2021,6,7,142,2,7,-64.51201523272664,-20.82148097430472,-72.13407419098387,10.001800020398296,12.545589153848503,15.652753813345969,4.363269347479479,6,1,7,activity_430,189.7341569703356,surface_operations,0.741,0.9123748915165268,37,5,1,5,0,1,1,1,0,0,0.26379605921869836,0.6618053112481125,0.7195310198156194,0.40583693289813627,1.369643302850225,0,0,HP3,0,1,0,0.04375406096195611,1,6,0,0,0,0,0,1,routine,2,0,nominal,high,critical,0.4615357698382201,1.425581291932689,3,16,37,1,8,0,43.93305027932003,97.73629079086362,37.956802856992574,73.95563750993044,3.040290107864918,69.48371146303131,741,0,0,259,0,159,1,1
2021-07-05,2021-11-16 12:26,541,2021,9,5,210,2,5,-59.260782058248225,-44.088271409887504,-44.481798552413636,12.870924387920649,11.369984765832083,26.44809968909305,3.607283296157651,6,1,8,activity_431,189.14834554344228,surface_operations,0.541,0.9652427422002774,9,7,0,5,1,1,1,0,0,0,0.7664651196017092,0.3344112743565126,0.5575299987720801,0.4871969879792349,1.6214227445769058,2,0,SEIS,0,0,1,0.905067051638083,0,3,0,1,0,0,0,1,maintenance,4,0,nominal,high,nominal,0.9431097795468721,1.3738037167977593,4,16,14,19,18,0,38.71110553523582,81.61910627593066,22.26129123735603,11.91602651948742,50.111811733108645,64.61901695332372,541,0,146,459,0,359,3,0
2021-02-17,2021-07-11 14:29,283,2021,4,25,6,3,22,-40.12986465284829,-39.09254435334955,-50.50776475646285,13.939096967490121,13.80510718824241,21.50097193082792,1.9807757823404741,18,0,4,activity_432,178.63159704039464,surface_operations,0.283,0.2909895150524202,21,3,1,2,1,0,0,0,0,0,0.27055177779374384,1.4485691259013787,0.9065854099658092,1.472951344605988,2.2723773108353926,3,0,IDA,1,0,0,0.633042923475723,1,1,1,0,0,0,0,0,routine,4,0,safe,high,nominal,0.963386697324444,1.5597249035794845,9,10,63,30,10,0,72.1043675357962,37.941901186154844,42.35624160525842,29.407115917304427,14.826057567132944,45.84434003341924,283,0,404,717,17,617,2,1
2021-03-01,2021-07-28 21:49,186,2021,2,19,120,1,14,-47.706378511153325,-34.46263290290143,-40.356527547048906,9.295879167151085,11.518779653412736,28.687976005614594,3.4770226138442504,8,0,2,activity_433,252.9688295793541,surface_operations,0.186,0.6481104088762915,11,8,0,3,1,0,0,0,1,0,0.8630959755858095,1.9542101307261706,1.457100320880242,1.5841340195853113,0.5273684345784222,2,1,CAMERA,1,0,1,0.7644254586113547,1,3,0,0,0,0,0,1,routine,2,0,degraded,high,critical,0.5874817201730402,1.7261690034879522,8,14,50,7,1,0,6.7657736491410825,12.737115449419978,11.21575508658681,87.24199550179573,93.04348480346279,47.45221657801461,186,0,501,814,114,714,4,0
2021-11-23,2021-04-17 18:33,104,2021,12,19,197,2,11,-65.6595981294071,-53.65676129476766,-37.89873039649086,15.766790135229645,7.802278470127188,28.288378117644548,3.914039293396932,11,1,1,activity_434,52.48530525596246,extended_mission,0.104,0.7339405013516281,35,9,1,5,0,1,0,0,0,0,0.19238767226547693,0.20213064869342234,0.7064601756920929,0.9170054550749593,1.109110828500211,0,0,HP3,0,0,0,0.7246210386587307,1,5,0,0,0,0,1,1,routine,4,0,degraded,low,limited,0.9440992401893342,1.568996071171131,1,24,3,9,0,1,24.61874678868623,50.71237458622565,92.48947224902922,34.40103668576152,40.21303281007065,19.06202106815136,104,0,583,896,196,796,3,1
2021-05-26,2021-12-25 00:17,1264,2021,10,21,117,5,23,-89.54917361740719,-28.248769221089507,-53.94309519271437,25.104189199018947,12.251008183976097,34.09681818681783,2.766942514568485,9,1,4,activity_435,187.30394311374167,extended_mission,1.264,0.67776486226274,34,4,1,1,0,0,0,0,0,1,0.6078084065718145,0.9029857641040278,1.131697592823107,1.721051738266275,0.9256372068053654,4,0,WTS,1,1,1,0.33762847707786603,1,4,1,0,0,0,0,0,routine,4,0,safe,low,nominal,0.5698362192423281,1.379851257612519,6,24,47,29,10,3,44.83501070408612,18.707161520057102,17.99141966106982,42.486205801352874,75.45217247348558,84.02329795476274,1264,0,0,0,0,0,1,0
2021-09-09,2021-01-18 14:07,1653,2021,11,17,95,2,13,-70.56112399579872,-47.95394346169695,-73.27042900364236,8.676826421419172,2.1249963176228537,16.74054654053618,3.2449582796677494,7,0,0,activity_436,23.567214551080617,surface_operations,1.653,0.9635045157884546,48,2,1,1,0,0,1,0,1,0,0.6044634907195955,0.9237267229113704,0.7407149692832415,0.7858797407500011,1.0819246405964973,4,0,CAMERA,0,1,0,0.4483665523944761,1,5,1,0,0,0,0,0,routine,0,0,safe,high,nominal,0.4737806798510912,1.900900176282461,2,0,46,20,7,0,90.8011627464215,9.175188782584575,33.09483947357269,70.90261907000006,95.83505630013927,98.08074284900054,1653,0,0,0,0,0,2,0
2021-02-04,2021-08-21 22:33,870,2021,8,5,196,0,21,-83.18555475815539,-29.81199294354407,-60.134574262202335,12.258949690594058,5.415547917985306,17.207354362801183,2.1070267681712274,9,1,0,activity_437,217.61949331193807,surface_operations,0.87,0.6437389945999205,32,8,0,2,1,0,0,0,0,0,0.7602511625485004,1.9479867391804866,1.190414140895213,0.4536580346491209,1.1113988773282233,1,0,IDA,0,1,1,0.16257571731025,1,2,0,0,0,0,0,0,maintenance,0,0,degraded,medium,limited,0.608121601146806,1.2229928329189745,5,20,31,11,15,1,52.639331957901256,66.84395799684687,15.723091669949463,64.76018019189456,38.22571474051205,33.19977528111959,870,0,0,130,0,30,3,0
2021-01-27,2021-01-22 10:05,681,2021,4,3,249,5,16,-44.4086367978254,-23.73998893946372,-68.18317254245663,14.614348660131238,0.8640572870434804,21.424514622702517,3.8888755685294254,10,0,6,activity_438,101.98903075189284,surface_operations,0.681,0.09586967470821839,6,1,0,5,0,0,1,0,0,1,0.8066583594094549,1.458759305778484,1.2887182825222783,1.1626620589358958,2.657058706779009,3,0,WTS,0,0,0,0.7693305888246348,0,6,1,0,0,0,1,1,routine,1,0,safe,high,nominal,0.4291263682733144,1.1965576377363403,1,24,56,20,4,2,19.235247273235622,42.25825687039121,62.47352021229627,87.27178412956928,45.60978883919392,80.84904541911344,681,0,6,319,0,219,4,1
2021-12-05,2021-10-28 02:12,1893,2021,2,3,114,5,19,-44.929088181032704,-55.748115387531286,-34.81432799193244,9.931319443267988,14.738040231819232,30.509715677761392,0.538264137834294,15,1,9,activity_439,164.92296446210335,extended_mission,1.893,0.00949219553599856,7,6,1,4,0,1,0,0,1,0,0.36211073523698456,1.5990713993254202,0.8314084993998303,1.2610136870839843,2.184781491498303,4,1,HP3,1,1,1,0.6235654061672681,0,6,1,0,0,0,0,0,routine,4,0,safe,medium,critical,0.772445243973148,1.0808191826251403,5,10,36,41,19,3,83.32736842131185,9.456097526746799,40.38296964446714,19.94847915246485,87.60208322908741,70.49198163017738,1893,0,0,0,0,0,4,0
2021-10-08,2021-12-27 16:17,1907,2021,8,18,75,4,11,-53.409008755737936,-58.282926115798006,-41.59662298483176,26.994315678066187,8.505002812266698,19.476450204478056,1.8689511976462696,15,0,4,activity_440,233.67096721134607,surface_operations,1.907,0.5792599406346188,12,4,0,5,1,1,0,0,0,0,0.7674451859856689,1.9738765433701735,0.5343055400645302,0.36397274691985115,1.5702062049573204,0,1,HP3,0,1,1,0.9561845674765054,0,5,1,0,0,0,0,0,maintenance,3,0,nominal,low,limited,0.8474395282081761,1.0714252591027913,3,14,57,41,19,0,65.95739418718185,65.81747595137904,70.50074741207528,99.2465078777759,38.66977099474054,46.53154744851009,1907,0,0,0,0,0,2,0
2021-02-18,2021-05-26 22:11,1732,2021,12,13,355,6,14,-47.45305793834418,-27.70058258839945,-43.55136300425495,20.11160735290766,12.344302051571203,17.701897061818478,4.28412986330761,11,0,5,activity_441,81.40028782833306,extended_mission,1.732,0.9176214699566588,45,6,0,2,1,0,1,0,0,1,0.33563549644046037,1.660943575936472,1.0182797624491928,0.9795518525335978,2.2765636309517645,3,0,IDA,1,1,1,0.03972120185176897,0,5,0,0,0,0,0,0,science,1,0,degraded,high,limited,0.8128631389141618,1.054063911941597,2,29,17,5,19,2,46.73292967858331,74.29036028823994,49.9041457721129,77.96211359353894,45.088369642761435,98.33215976372357,1732,0,0,0,0,0,0,0
2021-09-23,2021-06-21 22:50,234,2021,5,18,117,6,10,-42.380430081193516,-44.33772822279601,-31.912958956975785,11.9482900086306,1.268972702624518,32.03818615935581,4.2611878932156415,19,1,2,activity_442,161.87696079938726,surface_operations,0.234,0.6541340749733378,35,1,0,3,0,0,0,0,1,0,0.5719827805678229,1.4942298663293136,0.5403889909124958,1.1452740288104397,0.8041797325096882,0,1,CAMERA,1,1,0,0.3584183552029865,1,1,0,0,0,0,0,0,routine,3,0,degraded,low,limited,0.5033407399166219,1.2357037377657014,1,20,87,8,6,1,61.730171314368555,0.0020517960894972376,55.03524836714523,97.52363053924898,31.22650271612114,59.47761242092461,234,0,453,766,66,666,4,1
2021-03-05,2021-06-08 03:49,202,2021,3,8,119,5,4,-47.392189584603045,-44.10556408859436,-49.727926257312696,17.820307423134288,18.514805232144674,31.954524422199974,4.931705908975771,6,0,5,activity_443,329.4893770272412,surface_operations,0.202,0.9628836793593141,44,6,1,3,0,0,1,1,0,1,0.13959912750247952,1.5225292563771564,0.546421385446754,1.5568500762914819,2.763537033340255,0,1,SEIS,0,1,0,0.6839584143246422,1,2,1,0,0,0,0,0,maintenance,3,0,safe,medium,critical,0.6255733083980781,0.9432761593864354,4,24,69,34,15,1,23.94968325010085,0.024529051199306817,80.28491069882814,82.26335553161644,69.7604501394362,7.658093136761379,202,0,485,798,98,698,1,1
2021-04-18,2021-02-02 22:03,312,2021,4,17,6,1,19,-76.96542259234431,-41.48103952500982,-34.066896176451834,15.665069511497071,12.596883537590033,6.237278736424297,0.8501005099494445,9,0,1,activity_444,84.57723970160953,extended_mission,0.312,0.6787035148391467,21,7,1,4,0,1,0,0,0,1,0.4878382989430188,0.796588524226304,1.0853922110366443,0.8067609286122714,1.4823790896472298,2,0,HP3,1,0,0,0.4711500396194378,0,1,0,0,0,0,0,0,routine,4,0,safe,low,nominal,0.8499116588370439,1.3265007286421664,8,13,53,1,14,2,27.161705271496707,29.575169726353,50.808053618567364,13.387708416345978,38.538175327486734,18.21581610790296,312,0,375,688,0,588,1,0
2021-08-27,2021-02-07 02:24,497,2021,5,14,44,6,7,-84.66411757237705,-59.9903646405133,-43.63544306001934,19.055883042861964,4.197502180754478,13.155173179215854,4.149358693115179,14,0,1,activity_445,48.42077313670968,extended_mission,0.497,0.45275545127491557,21,9,0,3,1,0,1,1,0,1,0.824483672662703,1.1591189364415562,1.3253481263617979,0.5653696151162027,2.068056772154569,2,1,WTS,1,1,0,0.35214788905551675,0,4,1,1,0,0,0,0,maintenance,3,0,nominal,high,limited,0.986109472496663,1.5976625871629488,4,19,95,4,8,2,38.51316071167808,94.01184100557549,51.39867413878735,96.98758654355285,56.38756815024231,79.33834466829276,497,0,190,503,0,403,3,0
2021-08-16,2021-05-19 05:28,1840,2021,12,19,137,1,2,-52.508188830779766,-23.033776535678633,-44.25469269968269,9.617344418558153,6.165340059724986,22.03970012862157,3.232661924120931,13,1,7,activity_446,127.80535751036622,surface_operations,1.84,0.7030720219071459,29,2,1,3,1,1,0,0,0,1,0.9368247268992324,1.8631697589036762,1.2029606721813852,1.6592786565495754,2.908797070889421,0,0,WTS,1,1,1,0.9995087956637745,1,3,0,0,0,0,1,0,routine,4,0,nominal,high,critical,0.7687557856125269,0.6596505780495523,7,24,87,25,16,2,96.71183544949824,28.864848600993597,21.342613396841102,53.620917106833346,67.09580340702979,72.50931110695649,1840,0,0,0,0,0,3,0
2021-04-21,2021-03-18 22:26,1189,2021,5,27,218,5,2,-53.848185257035944,-37.57845647793001,-38.83916615772572,16.085205324867914,9.820672397336029,28.448997211532884,1.49559774985422,17,0,1,activity_447,104.3488216908484,surface_operations,1.189,0.028876269265736387,24,8,0,4,1,0,0,1,0,1,0.38682625407478033,0.3408436873032016,1.2814059261710522,1.6874741596067817,1.907039049544481,3,0,WTS,1,0,1,0.944042501735808,1,3,1,0,0,0,0,0,science,3,0,safe,high,limited,0.40427454698391513,1.933259727618411,5,1,45,27,15,0,6.0297601357549695,27.496558372026826,22.86210580294451,88.74788848112836,64.74381006389999,56.03762658820751,1189,0,0,0,0,0,4,1
2021-09-22,2021-03-01 17:25,1698,2021,6,6,334,1,15,-75.60663357887461,-35.080584710276625,-37.81161127603714,17.57920642637901,2.0498934700902804,13.726020324388159,2.0531476372529855,5,0,4,activity_448,299.1046618470174,extended_mission,1.698,0.3766972592935105,38,2,0,5,0,1,0,0,0,0,0.509241304974797,1.0196618680378657,1.0383365129442652,1.2520284215508035,2.893295914963405,4,0,HP3,0,1,0,0.36401791592633637,1,4,1,1,0,0,1,1,science,0,0,safe,medium,nominal,0.8591673639058512,1.3147668123112641,9,13,47,20,14,0,26.703233772149517,81.37385606288366,98.03784690587429,77.38033312474813,52.36766228041135,44.25112319453147,1698,0,0,0,0,0,3,1
2021-09-28,2021-12-03 08:05,1997,2021,10,6,295,1,7,-60.4136270279756,-51.295536584108724,-65.09999321786341,20.09679160530993,8.135234136774594,11.204250457156625,4.043286678531742,8,0,6,activity_449,194.40503505334124,extended_mission,1.997,0.06142943877810425,7,3,0,4,0,0,0,1,0,1,0.9278929202759078,0.3998467067810402,1.090671235009169,1.3930033226439456,0.6769341753507636,4,0,APSS,1,1,1,0.58444291472971,0,4,1,1,0,0,0,0,maintenance,0,0,nominal,medium,limited,0.6174326736455766,0.711172110861017,8,2,73,42,1,3,32.469285660001624,7.394729448486537,80.37699525411146,99.7319527161746,6.130382173446403,43.27262759334396,1997,0,0,0,0,0,0,0
2021-06-27,2021-09-01 12:31,514,2021,7,1,202,4,3,-49.82602900396282,-55.11403168437595,-37.34320502109722,14.681977178986504,10.575533515279606,20.182279017321008,2.6407274198369244,6,0,0,activity_450,217.7562530701585,extended_mission,0.514,0.7482344914331945,13,7,0,3,0,0,1,0,0,0,0.2544174493868224,1.2682131305070086,1.2785972795073772,0.7685959258007924,0.5646509588464927,0,0,SEIS,1,0,1,0.30615356213210076,1,6,0,0,0,0,1,0,routine,1,0,degraded,high,critical,0.3563925595834851,1.665701079598655,9,0,8,47,8,3,3.9282038843410083,94.62058847148388,8.273406343452184,59.768350253375615,87.76677629335158,7.976979775019388,514,0,173,486,0,386,2,0
2021-07-04,2021-12-12 14:44,1726,2021,2,20,336,5,20,-88.77959107036959,-54.7098563137579,-68.95955754608399,5.588507106989747,2.3340353684727333,37.19112517484872,3.4871192910985367,14,1,3,activity_451,345.80257258524307,surface_operations,1.726,0.48836948695485094,49,6,0,4,0,0,0,0,1,0,0.2021955785269643,1.9861843772242087,0.6035559163708442,0.9231776605186315,1.0973689253861343,4,0,CAMERA,1,0,1,0.916025519351948,1,5,1,0,0,0,1,0,science,1,0,nominal,high,nominal,0.9790626022194866,1.9404667257855297,5,15,40,47,11,4,80.56080068369498,93.67681606746001,6.7860478577332355,27.79784763841151,25.501377344295495,35.74396635738372,1726,0,0,0,0,0,2,0
2021-06-26,2021-11-06 08:36,1474,2021,5,18,150,5,11,-46.01033823807641,-30.02571689948942,-40.67672106254239,27.4421112270333,14.726647745798322,16.885487575622342,1.043522058380084,8,0,7,activity_452,295.02736435773693,extended_mission,1.474,0.8516087004702991,37,5,0,2,0,0,0,1,0,0,0.1638392248473231,1.2982935188356988,0.6022032117305154,0.7262215178843525,0.9645436432469868,4,0,APSS,1,1,1,0.018726152659863327,0,3,0,1,0,0,0,0,science,3,0,nominal,low,nominal,0.9057494364404839,1.4687920828487668,5,21,18,11,12,0,25.511636463975805,3.1180864134762842,33.6301773454068,57.2590914064458,4.261328837083012,60.97925772911562,1474,0,0,0,0,0,0,0
2021-04-03,2021-11-27 01:17,833,2021,11,4,261,1,17,-51.28543548094199,-34.20957139091648,-35.82937125187045,22.73173860430501,10.38750210421606,39.290112513502535,3.626852359051938,17,1,5,activity_453,228.41333853084424,surface_operations,0.833,0.2780833787896416,13,5,1,5,0,1,0,0,0,0,0.9502855866185902,1.3081786713494479,1.1921186495686298,0.4413692366590416,2.407625399321722,0,1,HP3,0,0,0,0.3621121809808733,0,3,0,0,0,0,0,0,routine,3,0,degraded,medium,limited,0.7877729539596089,1.7310439853521118,0,12,1,31,17,4,36.61496372105707,84.28013835290797,97.82052037999168,20.56452234493954,57.706871570602836,0.5346329003939165,833,0,0,167,0,67,4,0
2021-05-28,2021-10-05 21:38,458,2021,3,27,332,5,19,-72.60530295593782,-20.74605131651375,-33.293848510209656,29.299692053119035,2.845979935173857,36.19381346018582,1.9791931972435317,3,0,4,activity_454,55.97843870532225,extended_mission,0.458,0.10822042356740535,21,1,1,5,1,0,0,0,0,1,0.6388086871607626,1.5032604739804472,1.326086773895431,0.6838921381021823,1.1030501880697186,0,1,IDA,1,1,1,0.09605226358380392,0,1,0,0,0,0,0,0,routine,1,0,nominal,low,nominal,0.39408428882145236,1.930963571120814,1,3,21,19,14,4,21.26764294948763,60.39877538322589,95.4561745348238,35.9790954092403,88.31568886620542,14.877631284724968,458,0,229,542,0,442,4,0
2021-01-01,2021-09-14 07:40,1382,2021,7,10,18,6,3,-68.13727496584539,-32.37334440954284,-73.36331248137452,10.586758141889458,12.32880284935308,34.652539232078624,2.2149843662530264,12,1,8,activity_455,258.12982663850914,extended_mission,1.382,0.275108437389903,14,8,0,5,0,1,0,0,0,0,0.579279672360037,0.2397436112997282,1.1197348363528066,1.6951103972615924,2.7118584621000554,0,0,HP3,0,0,1,0.018966384731041175,0,6,0,0,0,0,0,1,maintenance,0,0,degraded,low,nominal,0.9853924905753391,1.5349902593446647,5,25,17,3,11,0,66.40158905283467,90.2840892260982,54.183530536462264,42.15025881904898,80.71620280638713,79.97833346868184,1382,0,0,0,0,0,0,0
2021-05-16,2021-10-20 04:12,1651,2021,12,27,321,3,10,-68.82708632988009,-31.72790943506966,-58.30219635565108,17.349366331887026,12.93025935410247,20.321544055449834,4.068678232233005,11,1,0,activity_456,284.8913796059,surface_operations,1.651,0.14521006061127795,28,4,1,1,0,0,0,0,0,1,0.228135019406515,0.4296965289760851,1.4590402164472471,0.8648404973436266,1.8177214622740996,1,1,WTS,1,1,1,0.943779474736361,0,3,1,0,0,0,1,1,maintenance,1,0,safe,high,nominal,0.5065491587249084,0.6756411217099971,0,18,53,25,10,0,74.00075127727784,51.37451444804616,7.189534051450696,44.01496313459585,70.89046080428328,5.809665399018993,1651,0,0,0,0,0,1,0
2021-06-27,2021-11-23 09:39,988,2021,9,6,280,1,9,-58.2515930166869,-34.677567730104,-62.482813346026035,20.893068792755088,7.6191019144731165,16.775923052623284,1.8017948617992168,7,1,1,activity_457,74.99213195118286,surface_operations,0.988,0.39196946234991703,5,4,1,1,1,0,0,0,0,0,0.12656085804541037,0.2442908524249822,0.6395028883503043,0.46506726464799836,2.370213124678583,4,1,IDA,1,1,0,0.29574027607814257,1,1,0,0,0,0,0,0,maintenance,0,0,safe,medium,limited,0.8733481773644849,0.7569736307491972,7,2,61,14,2,1,99.92676350965198,67.21554147823683,51.0668621540704,95.48414077534356,81.73803954265935,69.17430396287368,988,0,0,12,0,0,3,1
2021-10-28,2021-03-18 05:13,54,2021,10,3,298,4,8,-54.991527592183594,-58.80001948939693,-39.61950621919491,18.298496027884134,15.162201757672126,20.306843078199037,0.6857686169983392,1,1,6,activity_458,128.44290649307337,extended_mission,0.054,0.1452611143748308,38,6,1,3,0,0,0,1,0,0,0.5751743588275293,0.3875205305144125,0.6356166185430162,1.5203232186574012,2.8229753413233256,3,1,APSS,0,1,0,0.004336908686901508,1,6,0,0,0,0,0,0,science,4,0,safe,high,nominal,0.42698568211388044,1.9503027598060714,5,4,1,16,11,3,32.11161342991829,0.12428786486790022,6.355213004547244,62.32555248926348,51.46073102354617,43.480320448502255,54,46,633,946,246,846,0,0
2021-04-22,2021-12-09 17:41,281,2021,8,13,66,3,19,-59.33526142580476,-36.53963600084478,-39.097054981634,19.582155055033677,18.519983247021464,32.40866149260246,1.096954341450302,5,1,9,activity_459,20.372705136779654,surface_operations,0.281,0.3861340015728073,36,2,0,2,0,0,0,0,1,1,0.8029252377486522,0.6824432226672221,0.6531584372588317,1.5162543807393793,1.1185628634364784,0,0,CAMERA,0,0,0,0.7728475800744501,1,5,1,0,0,1,0,1,maintenance,4,1,degraded,medium,nominal,0.7312743446920158,0.7353374374608745,2,18,14,34,7,0,92.54947103400862,72.72363906692935,90.02836136259467,76.99866301779622,52.83009651557536,60.07502262259443,281,0,406,719,19,619,4,1
2021-06-26,2021-11-26 22:45,1022,2021,8,13,89,4,8,-41.67591704816281,-24.454358738055802,-39.24596088452439,22.368937917859324,11.483110908647344,9.22130881731707,1.2450057894427682,7,0,3,activity_460,95.39211457762082,extended_mission,1.022,0.6144589259733629,42,5,1,1,0,0,1,0,0,0,0.39445924827568957,0.9571513836175722,0.9858162861734205,1.6939868978418138,0.7717734995003571,3,0,SEIS,0,0,0,0.4387858542389209,1,6,0,0,0,0,0,1,maintenance,2,0,nominal,medium,nominal,0.9626658815549238,1.5383928560179492,4,28,38,1,16,4,19.59842613776611,40.87207622276604,16.921177133507072,36.03974857058157,64.56915270625142,81.28181253338548,1022,0,0,0,0,0,2,0
2021-04-07,2021-08-12 08:41,156,2021,8,20,154,4,22,-70.02138706428863,-43.17643357238438,-46.531830578198765,17.63563237076953,0.37256585555434985,8.975411519526997,3.1172000698643125,17,1,1,activity_461,2.2203758234304516,extended_mission,0.156,0.740056559293645,18,6,0,1,1,0,0,0,0,0,0.4406707391169279,1.8745326933075723,0.7853785175725395,1.0061861670633234,0.9680845990383237,3,0,IDA,1,0,1,0.8107920721628282,1,1,1,0,0,0,1,0,science,0,0,nominal,low,critical,0.6648519577144508,1.5612885025024705,9,21,49,38,12,0,92.22757166003197,56.60094581310737,84.33787377759276,12.416240825714752,12.351326288681651,12.017932919579454,156,0,531,844,144,744,3,0
2021-12-15,2021-12-04 09:42,1824,2021,6,28,140,2,14,-44.72398107476566,-44.28948076209689,-60.878271243046434,28.800897741957193,12.552656442777359,18.323676983451392,4.063224744192336,10,0,9,activity_462,210.61513733210725,extended_mission,1.824,0.5662120449106034,13,7,1,4,0,0,0,0,0,1,0.6326102761938454,1.4546117233906892,1.3597478956615388,1.4008506236833997,2.4970627288807123,4,1,WTS,0,0,1,0.2828716578474062,0,3,1,0,0,0,0,0,routine,2,0,degraded,medium,nominal,0.42028659872292895,0.7222531401938028,4,0,43,25,18,2,18.332304222496077,36.55928428755782,66.95157076020122,69.73626903614652,92.40573153600069,88.17544848758092,1824,0,0,0,0,0,4,0
2021-08-12,2021-01-22 08:06,1340,2021,5,10,330,0,17,-46.26702829333159,-24.59610738988743,-70.45922619519537,29.17460730556221,10.661611061575956,39.78055682300277,2.5025371259750666,14,0,6,activity_463,328.5858504351815,surface_operations,1.34,0.4437121170725773,44,2,0,2,0,0,0,0,1,0,0.6222104410917969,1.4970327825079424,0.8310747386981765,1.204531272430683,2.5621369360343476,2,0,CAMERA,1,1,1,0.25680297704525257,1,6,0,1,0,0,0,0,science,1,0,safe,medium,critical,0.6624282097001151,1.3971493116132483,0,26,55,22,10,2,84.17604082132918,95.31423397737832,49.90393035948636,76.05313649698012,52.48483545437927,6.946702941221061,1340,0,0,0,0,0,1,1
2021-09-10,2021-03-01 15:49,926,2021,8,10,54,2,16,-45.4758021325568,-37.01817441803912,-74.10055099930469,29.808487023199678,9.84384766027516,21.655677785784654,3.2941138294517955,5,1,2,activity_464,32.06886168632543,surface_operations,0.926,0.6294839039896568,47,6,1,3,0,1,0,0,0,0,0.8629202749281809,0.7875381548619667,1.181091039729847,1.7213810996650611,1.9124757452053291,1,0,HP3,0,0,1,0.6820768180511428,1,2,1,0,0,1,0,0,maintenance,3,1,degraded,medium,limited,0.4982282902467112,1.399367990037572,5,15,21,22,15,4,12.283034891970079,50.995450600261414,33.62261930848156,34.20890412006775,47.7364883413808,99.7023104019745,926,0,0,74,0,0,4,1
2021-08-11,2021-05-05 07:25,205,2021,5,9,357,2,18,-52.0242498321932,-25.614394216476697,-41.956223714039524,28.0871338838863,10.4184651580145,28.710001241266472,2.1629753828975837,18,0,9,activity_465,211.52735195157805,extended_mission,0.205,0.8338812602603769,5,4,1,1,0,0,0,1,1,1,0.9057603639153602,0.7319187008683936,0.7337041148536717,0.3218847372648245,1.2426378680251655,1,0,APSS,0,0,0,0.6696990448287525,1,4,0,0,0,0,0,1,science,1,0,safe,medium,nominal,0.9943926083267198,1.5210564311926773,5,25,37,32,16,2,99.3058037116004,10.866617852398663,63.11168454304315,33.643994836258614,81.1658427060122,75.41479847464423,205,0,482,795,95,695,2,1
2021-11-25,2021-01-20 03:29,362,2021,10,10,54,1,14,-88.11774794416185,-39.54045647512185,-65.3816588029806,17.982766034921806,2.8152843739844036,20.04500301561223,3.1906258628056006,17,1,5,activity_466,97.38581928524266,extended_mission,0.362,0.3025238209896878,21,1,1,2,0,1,1,0,0,0,0.24583718007527158,0.38417466197899575,0.5440257958003076,1.371025966216014,0.9807896826510055,0,1,HP3,0,0,1,0.7860148088684331,1,3,0,0,0,0,0,0,routine,1,0,safe,medium,limited,0.33222827730894927,1.055265633746187,3,2,51,5,16,1,89.30421545591729,21.784052242002627,92.67691611483988,9.760851882358601,82.54363502228216,84.03243583021572,362,0,325,638,0,538,0,1
2021-05-28,2021-10-27 07:20,447,2021,9,28,207,0,22,-75.6864907630206,-50.3112942534563,-44.33518805412464,9.878826514193022,12.796795312195446,8.304982789277243,3.2906172198230923,10,0,6,activity_467,174.30734985732204,extended_mission,0.447,0.6491036348645998,29,7,1,2,0,1,0,0,0,0,0.5428918950750367,0.36479760907588765,1.4576094831283544,1.2983432343181818,0.75633745321924,3,0,HP3,0,0,0,0.8890961354758057,1,4,0,0,0,0,0,0,science,1,0,degraded,medium,nominal,0.56800395768646,0.717518251094428,1,8,71,32,4,1,74.58339842605783,10.02037591539623,87.61881322415286,29.004430790919177,40.346031408728365,80.36104126575084,447,0,240,553,0,453,2,1
2021-05-23,2021-05-11 09:55,1645,2021,7,16,190,0,0,-56.55335877822983,-35.362628548946475,-58.033058841546776,19.13178017868082,4.20424067797722,24.11375405433156,4.094733157206706,19,1,3,activity_468,23.210116079886397,surface_operations,1.645,0.11208521590650877,46,9,0,3,0,1,0,0,0,0,0.927788170432103,1.3552153358686487,0.8986944914496938,0.6953837713100255,2.763212356519097,4,0,HP3,0,0,1,0.8113436971160248,1,4,0,0,0,0,1,0,routine,3,0,safe,low,limited,0.4686525439752449,1.9531378320438915,8,7,57,38,6,3,1.8299986703970483,69.243089075629,77.59483026755977,3.242777292368959,58.59345391309533,78.16726677704219,1645,0,0,0,0,0,1,0
2021-12-03,2021-04-22 12:53,790,2021,2,22,52,4,6,-77.75098920330788,-59.81377673732871,-35.36810255102467,12.399762381894845,1.7274875904558895,8.0445591988381,3.0020822440742845,9,1,2,activity_469,339.53841275079765,extended_mission,0.79,0.09962178094965946,30,6,0,4,0,0,0,0,1,0,0.7007984197343219,1.5080181035965445,1.013208456650038,0.6567633841324987,2.785962622772023,1,0,CAMERA,0,1,1,0.9737634500127167,1,1,0,0,0,0,0,0,science,1,0,nominal,low,nominal,0.5038246453242405,1.3701379062344277,7,22,84,35,15,4,80.15422720056445,19.689144754123877,7.151631509363277,4.571048607194772,3.8683260898000227,48.888865647017845,790,0,0,210,0,110,4,0
2021-03-04,2021-12-04 03:15,1018,2021,9,6,42,0,3,-82.0560492902298,-36.53984474110299,-66.15877571177107,16.439978270096724,17.457586266566665,8.010636564728818,0.6369284104909234,1,1,7,activity_470,230.9530911283993,extended_mission,1.018,0.43526383553907444,6,8,0,1,0,1,0,0,0,0,0.2960187048133718,0.966942185355719,1.4719257966710786,1.5401438729754784,0.7698271381567554,0,1,HP3,0,0,1,0.7608418524044702,1,5,0,0,0,0,0,0,maintenance,4,0,nominal,medium,nominal,0.8833804826845728,0.6958723362377788,3,15,72,30,3,1,40.967707582317495,18.14648532600327,46.72323823097815,56.89499707633659,45.27666092780757,91.89460754721091,1018,0,0,0,0,0,3,1
2021-04-22,2021-06-13 05:34,129,2021,7,3,134,4,12,-63.341987516355374,-28.768767664738682,-33.239091505617424,13.223432533250474,4.125942215135883,19.097986558099677,2.4689358608594185,19,1,7,activity_471,81.27801457108806,extended_mission,0.129,0.7101577812672308,16,7,1,2,0,0,0,1,0,0,0.9170275887773977,1.439061717337971,0.6667566487721677,0.5345251850053017,0.6219493664083817,3,1,APSS,1,0,1,0.7585231912607081,0,6,0,0,0,0,0,1,routine,3,0,degraded,high,nominal,0.6484577579236308,1.2251653976218597,3,22,85,31,6,3,6.342132458033067,16.728473929341227,85.72766360412896,58.66334591233839,77.87805493770657,80.87815461396943,129,0,558,871,171,771,4,1
2021-03-01,2021-04-09 00:47,1285,2021,7,3,160,5,12,-53.30561294550628,-35.093136634853856,-53.1987904030189,9.413227601316727,16.06291852315089,14.560831154405193,4.1921558674785935,4,0,5,activity_472,288.18421450829004,surface_operations,1.285,0.2322879276355424,49,9,0,2,0,0,0,0,1,1,0.6357588754571245,1.3310454127554359,0.6115198244619975,0.905072207498977,2.651812246207224,0,0,CAMERA,0,1,0,0.14293701820571802,1,5,1,0,0,0,0,1,routine,3,0,safe,low,nominal,0.9605263665734571,1.6794980593857392,3,2,33,2,15,3,20.944582182936088,9.33303077139771,35.17797660956998,13.5754341195232,56.57117051042293,42.4114909573415,1285,0,0,0,0,0,4,1
2021-03-08,2021-04-15 03:49,470,2021,6,22,224,3,7,-64.07525128377358,-35.22180724657427,-32.25368183253624,28.183787266581007,13.086521005181737,28.020153762708382,1.6112241202632713,9,1,7,activity_473,290.48873453728754,extended_mission,0.47,0.6247739170331686,40,7,0,4,0,0,0,1,0,1,0.1692692598008399,1.2547908780682284,0.784051357508735,1.2457642718862214,0.6466411122094289,3,1,APSS,0,0,1,0.5502841774693387,0,3,0,1,0,0,0,0,maintenance,4,0,nominal,high,critical,0.9751294198299869,1.301181799353143,2,14,46,48,15,0,15.209440372062922,36.473672394035916,81.61084426094453,18.239811958147246,72.98532469541153,65.15866002681906,470,0,217,530,0,430,4,0
2021-09-08,2021-04-16 09:06,1533,2021,9,9,68,6,22,-61.609356207468565,-32.550306803708935,-72.2976752419611,18.872527344664842,8.62328195628872,9.681778026788349,1.4361650074911276,2,0,9,activity_474,254.66012655460773,extended_mission,1.533,0.5541873131373541,40,6,1,3,0,0,0,1,0,0,0.22505942918665328,1.0276670426047403,1.2251643669290058,1.7276049526348072,1.4095735143814565,4,0,APSS,0,0,1,0.6668447595683995,1,2,1,0,0,0,0,0,science,0,0,safe,high,nominal,0.9811336641436832,1.9030739976872142,9,11,28,32,1,2,80.09455985168914,26.681492266832365,84.93227687624766,44.24194719881359,26.190848467444173,1.0607747584892357,1533,0,0,0,0,0,2,0
2021-02-15,2021-02-22 10:48,878,2021,7,8,62,1,23,-63.580817134147,-39.388178167968746,-40.62418893312739,12.832192932972507,1.8122104174278508,17.1502664856092,1.215483059522456,5,0,8,activity_475,145.69613508302984,extended_mission,0.878,0.9120518781565673,15,8,1,3,0,0,1,1,0,1,0.37952517569988853,1.2172201118131183,0.769688583272391,1.7771993357540092,0.6794499583407005,1,0,SEIS,1,0,0,0.8376738186088084,0,4,0,0,0,0,0,0,routine,4,0,nominal,medium,critical,0.5674231811861908,1.9337594913652132,2,25,54,27,16,1,55.741165764689484,88.94923457140884,59.3981788992325,91.96068617206367,35.69173695931636,69.51379725274977,878,0,0,122,0,22,2,1
2021-02-22,2021-07-01 20:21,1754,2021,4,6,141,4,22,-52.68195458682652,-48.8030605600312,-46.2081963180663,12.906211045381855,9.012964922018494,18.385227974317868,4.61138039055525,12,1,6,activity_476,203.10463005460548,extended_mission,1.754,0.6768906165888243,11,2,0,1,0,0,0,1,1,0,0.19145093653109185,0.5971535115621742,1.266347963831056,0.8531802598422651,0.9144594655718098,2,0,CAMERA,0,1,1,0.2916218893674447,1,6,0,0,0,0,1,0,maintenance,0,0,degraded,low,nominal,0.7473984591855949,0.7990392043670371,8,15,95,5,19,3,59.75532858952937,30.21565544238195,7.912272707673152,94.93347747124372,53.55774040166131,57.97581251238626,1754,0,0,0,0,0,0,1
2021-02-26,2021-06-02 04:50,1944,2021,7,9,98,6,23,-53.880037555421616,-35.991725696293145,-52.188055347180686,22.332171813932217,8.880956856759873,23.335088184290015,2.2925853716146536,12,1,8,activity_477,230.74675725737788,surface_operations,1.944,0.3306762187631821,16,7,1,3,1,0,0,1,1,0,0.23297131789677802,0.7132266327095205,1.381081005553892,1.1107464869351567,1.3033461014911891,4,1,CAMERA,0,1,1,0.2757363066355323,1,4,1,0,0,0,0,1,science,4,0,degraded,high,nominal,0.8214548134220587,1.801884951245501,0,16,81,46,10,0,47.89669116791464,39.21441196643543,3.2529654585997214,35.90969030590482,84.83771386726166,38.402458197628995,1944,0,0,0,0,0,4,1
2021-11-02,2021-01-27 14:17,215,2021,6,18,193,5,19,-68.82524805860659,-39.22051873037502,-67.71964194832135,7.717793481924563,5.792749575036769,29.832667719486363,3.1472954772597337,11,0,7,activity_478,336.037172591863,extended_mission,0.215,0.8759350203502321,45,8,0,1,0,1,1,0,0,0,0.7038938323257357,0.6206755491733178,0.7528389599657102,1.3808647936340115,2.483582397062352,0,1,HP3,1,0,1,0.1378907774213355,0,5,0,0,0,0,0,0,routine,0,0,nominal,medium,critical,0.6913141775448628,1.42096821100786,3,5,37,46,2,1,86.66207056398267,26.191247823835496,61.6748859233304,58.397496355247526,13.484948149834253,52.0316973910712,215,0,472,785,85,685,0,1
2021-05-04,2021-11-21 07:10,214,2021,6,4,245,2,22,-47.024250994196244,-44.59985788798966,-31.1316293726982,8.0116342382565,18.893437695704755,27.200181721771305,0.7355313513076736,11,1,3,activity_479,139.44492885169979,surface_operations,0.214,0.4909215784782912,48,8,0,3,0,0,0,0,1,0,0.6051064064849742,1.4236567145209333,1.3718758677945941,1.441605706317459,1.4083278595473443,2,0,CAMERA,0,0,0,0.533648618117687,1,2,0,1,0,0,0,0,science,4,0,nominal,low,critical,0.33780156161820946,1.242884560783226,8,25,55,9,4,3,42.74896501846589,72.67096859306179,21.1583832895492,46.876079247522405,65.35583422580996,53.94985480087132,214,0,473,786,86,686,4,0
2021-10-24,2021-02-22 20:49,1553,2021,10,12,241,5,13,-81.35155619479501,-48.156915298097545,-63.89788348992054,16.207685955983358,14.933523305753724,24.394529277443482,3.241302385728733,1,0,9,activity_480,290.5509943830837,extended_mission,1.553,0.14350882536048792,27,1,1,1,0,0,0,1,0,1,0.7603996806314384,1.0445267790347843,1.1449972745830457,0.6158116228263784,2.650165801809891,2,1,APSS,0,1,0,0.6066620284152192,1,2,0,0,0,0,0,1,routine,3,0,degraded,low,critical,0.5618734237854575,1.314084948057465,3,4,72,27,18,4,95.25309719079942,40.981251865173206,87.6605438658752,81.80796836662316,81.2570272737095,21.570752514685154,1553,0,0,0,0,0,2,1
2021-09-07,2021-04-20 09:10,1321,2021,7,19,245,2,5,-82.58073182501799,-48.27677821634249,-73.55498419749804,23.585572452172993,5.174312043766776,9.348343882280982,3.6460823718354587,15,1,9,activity_481,124.96041255899422,surface_operations,1.321,0.23359977074122484,28,2,1,5,0,0,0,0,0,1,0.34679128453360963,0.5925217440294777,0.7141084117279959,0.4278429906374074,2.741080721272814,0,0,WTS,0,0,0,0.8468879076509752,0,1,0,1,0,0,0,0,maintenance,2,0,safe,low,nominal,0.7485854053063234,1.8121569988423945,7,19,78,39,2,2,97.99808063750866,15.348855712975773,92.69206923158899,52.236394784190274,64.3218030730058,87.78690069105127,1321,0,0,0,0,0,2,1
2021-02-10,2021-03-18 00:58,1255,2021,6,4,215,6,0,-46.162874474431426,-42.179402050031314,-63.92008410435585,10.633611256271891,0.6797683351875095,34.49324862035813,1.6917711522497958,14,1,4,activity_482,202.06103065687833,surface_operations,1.255,0.12002405177291042,31,4,1,4,0,0,0,0,1,1,0.20787404807229054,1.0484070325771053,1.1684652551688979,1.2619201124790684,0.8610577156612462,0,1,WTS,1,0,0,0.8014304062453171,1,3,0,1,0,0,0,0,science,0,0,nominal,low,critical,0.7946130412318356,1.525325475586411,2,23,88,8,13,3,9.202769616671347,21.015823400717704,47.43929207350639,28.848104223372783,45.347223753154495,75.87034997208725,1255,0,0,0,0,0,3,0
2021-03-06,2021-09-10 08:16,1242,2021,10,6,304,0,10,-67.84490487520762,-36.50278852456472,-31.93505970870911,19.348075671741242,3.174983865427772,23.11396318703682,2.281027762361373,13,1,8,activity_483,239.91091047556057,surface_operations,1.242,0.15003976429087684,19,4,1,2,0,1,0,0,0,0,0.9006530211360818,1.309483288308149,0.8161070551278314,0.36846359929096545,2.0805667394290825,3,0,HP3,1,1,1,0.46446058183239725,0,1,0,0,1,0,0,1,routine,2,0,safe,low,critical,0.8012232644589292,0.8322422784932607,6,8,24,24,17,0,2.4077668326494828,4.38298454444408,2.9617858217774184,80.06823564264145,29.829267843077666,49.32114395719891,1242,0,0,0,0,0,4,1
2021-07-22,2021-01-15 19:06,183,2021,4,23,321,6,19,-47.01374560875881,-31.679880014169196,-65.59188679082231,11.800966414539058,3.3386945739072393,11.44223080204899,0.664215334139189,10,1,3,activity_484,196.39461908199368,surface_operations,0.183,0.36116340227109933,31,1,1,3,0,0,1,0,0,0,0.8940716122715674,1.3953664154061725,1.4566292204549702,0.32266086245354014,0.6477389142778912,4,1,SEIS,1,0,1,0.02824620621007623,1,5,1,0,0,0,1,0,routine,4,0,degraded,medium,critical,0.37936185698660124,1.9858473123375422,3,25,24,49,5,2,74.55139507462982,43.87874331898721,42.88233547520063,22.530337636303233,50.68630405190385,44.217234372487326,183,0,504,817,117,717,3,0
2021-06-16,2021-12-26 20:35,316,2021,10,9,362,5,4,-78.38161378801757,-57.651082625026746,-45.59272186284556,23.504321005917795,5.663920116151013,24.979695082888416,0.7679122949036776,8,1,4,activity_485,97.40077441790532,surface_operations,0.316,0.5291084281888585,25,9,0,5,0,0,0,0,1,0,0.63746490653006,1.7826105485244959,0.9933958280260745,0.5474618709075949,0.7903182859149223,2,1,CAMERA,1,0,1,0.1302279463585363,1,3,1,0,0,0,0,0,science,4,0,nominal,low,limited,0.6467658721001863,1.0030724123403651,1,22,59,7,16,1,65.44377156800809,69.52116698473576,34.211246743083244,32.02197436664187,78.43379782705064,5.308801735296553,316,0,371,684,0,584,4,0
2021-05-27,2021-12-06 01:15,1052,2021,5,23,44,2,22,-81.67909758776382,-46.978447836787254,-39.40090894060944,9.302353083084515,13.82101305441559,24.723778768105056,1.163637078805153,4,0,9,activity_486,205.95453057977275,extended_mission,1.052,0.3085599245245203,36,4,0,5,0,0,0,0,0,1,0.8307970683390475,0.21298530079020409,1.030058547342533,1.0751833348120108,2.059553576879549,1,0,WTS,1,0,1,0.8921938868068682,1,2,1,1,0,0,0,0,science,2,0,degraded,high,nominal,0.31802728705433114,1.6566656167626341,6,11,43,44,0,4,1.4335842185816627,80.38751995898853,70.32610899208193,23.138739438784306,39.02261978657893,69.53165018011114,1052,0,0,0,0,0,1,1
2021-11-02,2021-06-15 21:07,1880,2021,2,8,205,6,16,-82.42023982697327,-22.05003653183661,-63.89253674298644,17.541177389924975,3.312403834658335,16.646637957607183,1.700628624172314,14,1,6,activity_487,212.60739730209937,extended_mission,1.88,0.41867303927151567,15,6,0,2,0,1,0,0,0,0,0.7572010029270094,1.497034791492805,0.8660917367453087,1.3626286210230771,1.6638287034997965,2,1,HP3,0,0,1,0.11448281890653589,1,1,0,0,0,0,0,0,science,3,0,safe,low,nominal,0.6766033494193485,1.787674568079968,8,29,98,46,4,0,49.216764864948914,47.10856570257476,14.811628802964238,85.11996109485862,7.835528054763463,31.026109465304152,1880,0,0,0,0,0,3,0
2021-03-08,2021-01-15 20:41,1243,2021,1,12,342,2,14,-82.62817818387339,-27.302248542523344,-64.84888887394683,19.95137568849114,2.5005099783978713,39.24586018750142,2.545589565021412,16,0,4,activity_488,252.98236190223432,extended_mission,1.243,0.7136930471456788,24,8,0,4,1,0,0,0,0,0,0.36914869948658724,1.2061430678857041,0.7505969401960727,1.711441895009833,1.7781870759083371,0,0,IDA,0,1,0,0.013659038380727462,0,3,0,0,0,0,0,0,maintenance,0,0,nominal,high,critical,0.6523821601995321,1.921615991692959,3,0,51,30,6,4,34.63824837859815,36.49840681806409,97.91808396121951,36.07555039721486,10.86893092183805,77.83288946351516,1243,0,0,0,0,0,3,0
2021-09-26,2021-03-19 09:24,1532,2021,3,26,124,2,20,-47.4312982551934,-46.68773271165547,-33.27183750695695,18.55709126411677,10.713757221595015,28.47836345141153,2.0338520486660796,3,1,7,activity_489,52.17175884172915,extended_mission,1.532,0.39753882995878564,13,8,0,5,1,0,0,1,0,0,0.884711312897956,1.859879685428995,1.1267310498074485,1.5167261567967802,2.9666308869368825,4,0,IDA,0,1,1,0.7004724358871861,0,2,1,1,0,0,0,1,science,0,0,safe,high,critical,0.900852771674651,1.8254122467635754,6,17,19,1,7,1,41.10244006653927,84.99628782918435,24.92365445288167,31.316835508274753,5.922339717249658,25.776769218557394,1532,0,0,0,0,0,0,1
2021-06-26,2021-09-22 00:25,1906,2021,6,8,135,5,7,-72.01807591220091,-28.806819752678233,-33.54070061588442,11.523161642940126,16.605912992058794,14.37634694182118,2.044769566492448,9,0,7,activity_490,252.9197953065543,extended_mission,1.906,0.6453055385632509,42,6,1,5,1,0,0,0,1,0,0.7783263033712788,1.836970758180212,1.0105189477299,1.3782439301577945,2.785038730091378,1,1,IDA,1,0,0,0.26050245145406514,0,6,0,1,0,0,0,0,science,1,0,nominal,medium,limited,0.5962223960031393,1.4347744421004394,5,21,72,4,17,2,50.980808084782645,66.03683896373872,99.77444210068505,14.696584100854116,73.67291487334057,13.887222791593356,1906,0,0,0,0,0,0,0
2021-12-20,2021-02-23 01:54,824,2021,8,28,203,2,8,-83.28610165690083,-33.026567850419944,-45.89954899526975,7.533060409478977,9.348245741367023,28.3476218087691,2.7208226134486715,1,1,7,activity_491,289.2650193179636,extended_mission,0.824,0.2609396026739048,6,6,0,3,1,0,0,0,0,0,0.49803108982740185,0.2859521278131738,0.8065550686259597,0.6706839816319172,1.5366921299873044,4,0,IDA,1,0,1,0.5891829926120628,0,1,0,1,0,0,0,0,routine,4,0,nominal,low,nominal,0.336002710826231,1.9107100445921574,7,13,60,30,5,0,87.45020922826777,66.49252506464093,56.20211823041872,71.03185241910435,75.09707990031265,18.592794624848196,824,0,0,176,0,76,4,1
2021-09-22,2021-03-12 23:45,567,2021,1,9,73,3,12,-61.41142124161742,-49.19544772088259,-32.22867633820617,12.293633706389517,11.099938139538414,33.05487385018672,2.812515340795196,8,0,3,activity_492,18.57900749419016,extended_mission,0.567,0.9210190140008959,15,4,0,3,0,1,0,0,0,0,0.9131500308724713,1.8998544403433386,1.3791519932797558,1.3961323561128514,0.560537013829825,2,1,HP3,0,0,0,0.8603324688293574,0,2,0,0,0,1,0,0,routine,3,1,nominal,medium,limited,0.5639753118366757,0.8569050225820967,6,0,17,7,9,4,39.326123906637335,8.72317578388918,66.91292265562063,82.22263252564589,66.3682279739218,42.119968989304844,567,0,120,433,0,333,4,0
2021-09-28,2021-07-27 21:16,1703,2021,7,6,188,3,7,-53.149417045221924,-29.097689653072937,-30.898495017275508,8.488546286085107,14.18841765338702,19.605238820712934,4.615832469053545,2,1,4,activity_493,72.12058317787933,surface_operations,1.703,0.3267523893783747,5,6,1,5,0,0,0,1,0,1,0.4938170215985461,0.8053733922811512,1.303839735800492,0.4606689201686894,2.400527817307228,0,1,WTS,0,1,1,0.4437407795297357,0,3,1,0,0,0,0,0,science,0,0,safe,high,nominal,0.8419353632892428,1.033393091121547,3,22,67,31,16,0,98.55184989571174,14.170810953434643,29.651235163671743,17.072693174247068,47.51759729268158,79.69814015072204,1703,0,0,0,0,0,4,0
2021-11-14,2021-07-19 14:37,1336,2021,4,22,56,5,21,-56.614912145867855,-36.800329718595314,-45.82011481574572,13.59311809570401,15.394668051480886,9.536305933395766,3.0701151925761208,16,1,6,activity_494,31.992263722908866,extended_mission,1.336,0.32363717524023916,44,3,1,2,0,0,0,1,0,1,0.6907607678921918,0.2223745621350438,1.104092865581498,1.4585353848027454,0.9253843788277434,1,0,APSS,1,0,0,0.925738987733331,1,6,0,0,0,0,0,1,maintenance,2,0,nominal,medium,nominal,0.8486729925828258,1.499513173500187,5,9,32,10,7,0,90.7482006952483,11.72205881945817,14.521514145351567,8.280902896905252,93.52688410954316,47.51623843778931,1336,0,0,0,0,0,2,1
2021-01-10,2021-05-05 16:21,147,2021,6,14,236,3,21,-69.56721773190459,-57.01559364881008,-43.195400714972756,15.115345825711014,18.606396335677235,15.729642501525031,4.2949976965456695,16,0,6,activity_495,203.733952036319,surface_operations,0.147,0.46134540331864415,10,5,1,3,0,0,0,0,1,1,0.7676631958724938,1.3061407750040523,1.3279113804335156,0.9630455081582552,2.8751600116167135,4,0,WTS,0,1,1,0.3756952192472235,0,5,1,0,0,0,0,0,science,3,0,safe,high,nominal,0.3717176923267894,1.4013574789967223,3,3,36,44,8,0,40.697103042800705,68.69219076574815,30.320147138428275,43.547609236182026,89.56271312033992,94.99076093309543,147,0,540,853,153,753,1,0
2021-01-03,2021-06-22 18:51,1526,2021,7,22,190,5,17,-73.0553288260682,-21.151793552384085,-68.44969885221194,6.017369308675711,0.6596812090920512,21.270462970972947,0.8735188886536764,13,0,9,activity_496,278.39111138122377,extended_mission,1.526,0.8208048987061455,8,3,1,5,1,1,0,0,0,0,0.6238278278007713,1.8469003319255197,0.8648406537675234,1.7740724881006884,1.939569116785058,2,0,HP3,0,0,1,0.031986205403667034,0,2,0,0,0,0,0,0,routine,2,0,degraded,medium,critical,0.3136199820389562,0.6796165037167881,5,2,95,11,3,2,27.51075905232685,63.33647922608,97.6359099631306,11.782285261993442,14.270766921391843,36.887039670098034,1526,0,0,0,0,0,0,0
2021-05-10,2021-02-19 11:29,106,2021,10,12,84,0,8,-44.078200616644054,-31.21493701935435,-72.83670993596729,26.806608433004037,13.155572140090799,15.865198861395704,1.3426266276756469,3,0,3,activity_497,234.66742854365143,extended_mission,0.106,0.6173711883712037,28,6,1,4,1,1,0,0,0,0,0.534346372533105,0.5046144156202285,0.5440483361625498,0.5836882246471033,2.197756904591436,0,0,HP3,1,0,1,0.36899761256344,0,4,0,0,0,1,0,0,science,0,1,degraded,medium,nominal,0.937007224742249,1.1938719273520517,7,10,93,39,15,2,30.937236246313248,82.28817855407875,18.28020802892808,12.440920585502823,4.4956333489487355,93.9310363005576,106,0,581,894,194,794,0,1
2021-02-26,2021-09-12 05:19,378,2021,3,16,132,1,4,-49.577603992044054,-28.24158616368312,-52.550262499924656,10.84608138990324,4.537926799124454,21.272362649054674,0.5396405332708234,19,0,1,activity_498,271.3713512085572,extended_mission,0.378,0.18956212381531012,10,6,0,1,0,0,1,0,0,0,0.24137117594230872,0.9465223547536321,0.8032282806233825,1.216786372006018,1.0430955718419033,2,0,SEIS,0,1,1,0.3342064418312656,0,4,1,1,0,0,0,0,maintenance,0,0,safe,medium,critical,0.8578250752941998,0.7624003441261837,3,20,38,6,6,0,67.69336637524393,75.15707669539775,39.87273247186035,47.804459454704826,75.54704933748006,35.27078303083451,378,0,309,622,0,522,0,0
2021-09-28,2021-04-07 02:55,230,2021,4,14,242,1,23,-61.52411407503903,-39.23329244461752,-73.23647731332889,7.466802452135336,2.0093315860872263,14.179376692471125,1.6063885076110216,10,0,0,activity_499,236.826857488873,surface_operations,0.23,0.3274199595294599,15,4,0,5,0,0,1,0,0,0,0.6677815501760347,0.6095400532634592,1.0434827273283784,1.7986903337362459,2.717298219368299,1,1,SEIS,1,1,0,0.507160590925821,0,5,1,0,0,0,1,0,science,3,0,degraded,high,limited,0.6377614769507505,1.2797077208914864,0,28,73,9,11,2,89.48439124613009,28.90080443409515,15.146989026035829,63.92625620879237,48.81055918688239,9.874671869517105,230,0,457,770,70,670,1,0
2021-07-19,2021-06-16 18:25,1555,2021,3,13,204,2,21,-63.03987561302034,-41.68460391271552,-64.08538238386154,13.244200429270668,14.113196224893393,5.335913195498872,1.9249121211159188,5,0,6,activity_500,123.80515220991228,surface_operations,1.555,0.8453361850586673,32,4,0,1,1,0,0,0,0,0,0.2504245256004306,1.8494225364709393,1.3967836940126095,1.7763255218471603,1.506117817924279,2,0,IDA,0,0,1,0.8496751053435114,0,1,0,0,0,0,0,0,science,3,0,degraded,low,critical,0.5043047342502902,0.7359119281040468,9,24,61,19,7,0,94.66537520429488,28.014937095051874,29.33242292619662,14.025697138708415,69.72880179161753,32.136947108053825,1555,0,0,0,0,0,0,1
2021-09-07,2021-08-22 08:15,526,2021,2,3,354,6,21,-62.17588469549684,-41.783973713443395,-34.93391234452904,18.968624929159503,18.465536797034993,22.87013695446001,1.8166467300812683,14,0,5,activity_501,117.5608145402318,surface_operations,0.526,0.20618557697041107,18,8,1,1,0,0,0,1,1,0,0.8007292075426771,1.417865581040582,0.9818281098175908,1.7875209766752511,1.5120328978230406,3,1,APSS,1,1,1,0.7132855729024421,1,1,1,0,1,0,0,0,routine,1,0,degraded,low,nominal,0.8352383943790751,1.654825411965696,3,12,22,21,1,4,38.54563051904505,43.580483250764836,83.85013395438814,56.32735581235468,37.72961481623156,17.974315158624808,526,0,161,474,0,374,1,0
2021-05-08,2021-06-15 02:25,1632,2021,9,27,158,2,19,-58.21686144103262,-38.11490478221581,-38.04930165491074,25.472556912853246,11.973640189232114,5.769791864067228,2.16198478550623,5,0,1,activity_502,332.4587896424796,surface_operations,1.632,0.6172926545160619,42,1,0,2,0,0,1,1,1,0,0.28685022901159857,1.5761576537434565,1.4354561556059762,0.37920851987465803,0.832951156762157,4,0,CAMERA,1,0,0,0.542512899038815,0,4,0,1,0,1,0,0,routine,2,1,nominal,medium,critical,0.7307540790639577,1.7334138372851486,1,20,73,20,8,2,6.025729087173359,10.774223873168209,78.48376325911943,19.823792557702934,2.8835176078990554,91.07606857469649,1632,0,0,0,0,0,0,1
2021-02-27,2021-09-03 01:25,1603,2021,10,5,86,0,1,-64.0206973516438,-22.531937419714907,-41.91785409362698,19.427741236594557,3.256207759597236,10.227365881180509,2.759886112161038,14,0,7,activity_503,27.234936713046608,extended_mission,1.603,0.2259143838762584,43,4,0,1,0,1,0,1,0,0,0.9263552889196668,1.181661054804888,0.8200997668317743,0.7854565025086825,0.8302176130554624,1,1,APSS,0,1,0,0.27051955586086895,1,4,0,0,0,1,0,0,science,2,1,safe,medium,limited,0.8950973907418602,1.7439835849937861,6,28,40,3,7,1,75.56758890720988,44.008356289238,54.55026263868251,77.26874368954842,34.09822690640908,74.8890227318773,1603,0,0,0,0,0,4,1
2021-10-01,2021-01-05 16:34,1165,2021,9,3,291,4,8,-82.83148441523394,-59.921519267561784,-71.54048040230437,16.567707402540726,14.13864059604647,25.326726116101614,2.7270257331818617,15,0,1,activity_504,22.264958592358624,extended_mission,1.165,0.3762861751049801,27,7,0,3,0,0,0,0,1,0,0.9189421969819124,1.0634886108493458,0.5489990037886701,0.3418869296516276,1.7127843350083125,3,1,CAMERA,1,1,1,0.718216828490823,1,2,0,0,0,0,0,0,routine,3,0,degraded,low,limited,0.8802677540146406,1.0673288253491693,3,4,66,1,13,1,96.33459408470631,18.500229710806504,80.61966116696198,46.52622920087588,44.375975435280054,74.75377879788489,1165,0,0,0,0,0,2,0
2021-04-27,2021-03-06 07:17,878,2021,3,18,186,6,16,-89.3975038806566,-27.417526736013677,-42.946752559507985,15.305160422861064,18.80792865148344,31.83093331280149,4.855374237229598,12,0,8,activity_505,269.8048793348446,extended_mission,0.878,0.8029259429234654,31,5,1,1,1,1,0,1,1,0,0.3391584194598106,1.673297406590619,1.3107417039291889,1.0430030204091632,1.952080648129803,2,0,HP3,1,1,1,0.4867220589050437,0,6,0,0,0,0,0,1,routine,4,0,degraded,low,nominal,0.7654639965182469,1.1376119971445295,5,7,55,38,6,4,45.79381034968545,15.914352224186013,84.38153167080898,4.461388010390466,26.744412123732907,51.99161471457291,878,0,0,122,0,22,2,1
2021-08-14,2021-07-08 16:50,1502,2021,10,6,337,3,6,-40.66935716578456,-59.13704894374733,-44.71984921922054,20.212843346024428,12.931565609156337,12.640006141975952,1.5202280560993247,7,1,5,activity_506,42.176189923093176,extended_mission,1.502,0.0746132090189402,45,2,0,2,0,1,0,0,0,0,0.384237441686175,0.5731099505283328,0.9115053353219349,0.6045871037999511,2.245115105748331,2,0,HP3,0,0,0,0.5279021250702065,0,1,1,0,0,0,0,0,maintenance,2,0,degraded,low,nominal,0.5829405767955393,0.5231676613332128,8,29,43,17,15,2,60.6629848052722,98.51693310515356,51.76546121833726,42.56852391184338,36.82435451451161,78.49492188798577,1502,0,0,0,0,0,2,0
2021-01-28,2021-10-19 09:11,1343,2021,1,2,167,4,3,-89.05043683959171,-22.4192440576371,-30.983482924292872,13.057023242705952,15.335823827801022,9.451163593255801,3.977889217372287,16,0,8,activity_507,268.03893463335584,extended_mission,1.343,0.21260642727620083,20,8,1,2,0,0,0,0,1,0,0.3220541228516917,0.9080471836696673,1.4507680742803992,1.4422211065804644,1.9318079612795889,3,1,CAMERA,1,0,1,0.5755637498240401,1,5,0,0,0,0,0,0,maintenance,0,0,degraded,medium,limited,0.41734717401915594,1.1240391085786356,1,11,47,34,14,2,91.86335824978394,89.82949723547385,16.052803844865327,82.92711317545334,29.76079047874518,54.38031593182695,1343,0,0,0,0,0,1,1
2021-11-27,2021-10-27 01:07,1636,2021,7,1,2,6,12,-64.54327442152042,-31.66489683360909,-36.36441588265776,23.597585799492457,0.3070557372103666,28.937596407177498,4.21095966665138,14,0,5,activity_508,7.430933968511884,surface_operations,1.636,0.8186579506243039,26,9,0,1,0,0,1,0,1,0,0.3501882245810636,0.5247036232930726,1.2605054237190636,0.5753125856484742,0.6031379009073916,0,0,SEIS,1,1,0,0.7331422118962014,0,2,1,0,0,0,0,0,routine,4,0,nominal,medium,limited,0.8732839924437046,1.253028309572723,3,19,61,48,17,2,6.823167000405661,78.53308651227691,95.06713580628518,44.244694496637536,16.113345344811847,49.70209760868626,1636,0,0,0,0,0,1,0
2021-12-25,2021-05-24 09:10,1804,2021,9,26,58,4,2,-70.6685566175308,-47.99070602488217,-32.35903800045975,17.70234144356969,11.22503925021924,38.22396296403749,3.4424479314371017,9,0,3,activity_509,259.4257223493695,surface_operations,1.804,0.3112243995851839,40,2,0,4,0,0,1,1,0,0,0.536992182980574,0.43676016016528096,1.2245980110431725,0.9102543075808092,0.8514493985931524,2,1,APSS,0,0,0,0.11715350007627279,1,3,1,1,0,0,1,0,science,2,0,safe,medium,critical,0.8415791940960975,1.2058683685345564,3,7,57,14,7,4,25.782624754485784,35.14602127531096,35.47211368896337,8.100689251932181,44.95705516172631,69.1949018988567,1804,0,0,0,0,0,2,0
2021-08-01,2021-12-19 03:26,1473,2021,6,10,332,1,3,-59.771646665862576,-44.26246547063149,-45.73666613591941,24.05350886397599,8.232495687882524,21.66889592252239,3.5627733832007435,13,1,9,activity_510,275.8988700297206,surface_operations,1.473,0.022391369320348686,39,9,1,4,0,0,0,0,0,1,0.1586875954706231,0.6669313224443865,0.9617728360858461,0.4551738580661957,1.9277029821572627,3,1,WTS,1,0,1,0.8939384594545691,1,5,1,0,0,0,0,1,maintenance,3,0,nominal,high,limited,0.6861042516509188,0.5893498630635983,9,3,80,37,1,3,73.61133440613729,19.88464050793578,26.04859287018041,28.65196151284325,16.177923047596753,84.95516229953327,1473,0,0,0,0,0,0,1
2021-12-14,2021-11-23 13:42,1441,2021,6,10,330,4,8,-74.66149821313063,-58.562084752159286,-52.480661856633105,14.869551656755457,11.140518250862982,15.457598853439166,2.685893013456922,7,1,0,activity_511,92.77373955939994,extended_mission,1.441,0.6493666811378149,7,9,0,4,0,0,0,0,1,0,0.8872766048383524,1.4680314278622477,1.187498086697512,0.38501349800470874,0.7744481036454288,3,1,CAMERA,1,1,1,0.14529735367587682,1,2,0,0,0,0,1,0,maintenance,3,0,degraded,medium,nominal,0.8382997282578706,0.6298388357649629,2,11,3,48,11,2,63.8724356656204,45.72472217106943,6.65377608963137,72.11276163386957,76.32557237361534,88.23413861520164,1441,0,0,0,0,0,4,0
2021-04-14,2021-04-24 04:45,1234,2021,11,21,297,3,6,-77.6147056004621,-23.869256220220635,-70.05405271162144,26.076731818126575,1.7710850394382072,5.878407442394933,1.5577674351886504,19,1,0,activity_512,134.54209697374796,extended_mission,1.234,0.43732993359107497,8,8,1,2,0,0,0,0,0,1,0.1404698571561745,0.8406879080393379,1.1313740799691088,1.6696322670779085,2.669983556734738,2,0,WTS,1,1,0,0.5759755058580084,0,6,0,0,0,0,0,1,science,2,0,nominal,medium,critical,0.74386977986806,1.1362684868104975,7,25,79,27,11,0,44.02265078556221,18.866708301778722,97.46990127084798,34.49170713139779,92.29932740121771,90.82649629599618,1234,0,0,0,0,0,4,0
2021-12-05,2021-07-11 11:47,1005,2021,4,21,238,5,19,-84.91708179975018,-26.627171518304444,-57.8047577615738,19.870717655140318,7.50096157910491,19.03906719791773,1.214858911933002,15,0,4,activity_513,66.29530831472213,extended_mission,1.005,0.7212724726031007,41,3,1,5,0,1,0,0,0,1,0.4194119127428202,0.563450514045103,1.3159241686392424,1.1402889953647886,2.9686701815756615,3,0,HP3,1,0,0,0.36081858454333027,0,1,0,0,1,0,0,0,routine,4,0,nominal,high,critical,0.7324098329228971,0.5960773352848394,1,29,41,43,17,4,73.82725746665123,6.691814271974272,31.296307850378202,65.3711146133795,20.877296833104253,57.227263528558225,1005,0,0,0,0,0,2,1
2021-07-18,2021-02-04 14:04,74,2021,5,14,48,6,10,-80.65243280992334,-27.46426800264218,-45.419744016794525,15.970734486676626,17.290346310934062,9.873207545531553,4.3060353459633625,16,1,1,activity_514,289.8836196659431,extended_mission,0.074,0.5733640767453678,16,8,0,1,1,0,0,0,0,0,0.3474597566786747,0.7431511623461162,1.274363842842584,1.0429375970260686,1.8427133146353665,0,1,IDA,0,0,0,0.9262030165625189,1,3,1,0,0,0,0,0,routine,3,0,degraded,high,critical,0.6377403969080306,0.9076687627068298,1,11,94,1,16,0,1.5975828843382334,61.9131870047114,56.00929176752085,23.315799853660447,64.66431289040213,88.4207256894975,74,26,613,926,226,826,0,1
2021-09-26,2021-12-26 09:09,1797,2021,9,10,1,5,15,-70.02457033564167,-26.576150407943032,-31.073011944362328,20.180315067484145,2.900081526835132,18.288702276689374,0.5426750978076882,1,1,6,activity_515,214.07958922072316,extended_mission,1.797,0.8510125762174637,49,8,1,5,1,0,0,0,1,0,0.36075300093503826,1.97713048699327,1.450182393731669,1.161661474809599,2.6080209459989088,2,0,CAMERA,0,1,1,0.7431969532378214,0,1,1,0,0,0,0,1,science,2,0,nominal,medium,nominal,0.3431840157487978,1.0773574529935792,8,24,13,43,15,0,90.46033735174437,22.442688120883826,68.44511043503503,14.178451039783935,35.39066240102308,32.11747805452563,1797,0,0,0,0,0,1,1
2021-04-10,2021-02-03 12:12,866,2021,10,2,59,3,15,-84.41438589487908,-53.896912326207655,-63.8931784869775,9.20580294982272,13.479988539121631,19.729162130412355,2.920062175319134,7,0,3,activity_516,226.4884582791495,extended_mission,0.866,0.17057155320619222,22,2,0,2,1,0,0,0,0,0,0.6992194689780953,1.44665660406024,1.176965484625352,1.128205181769033,2.8813041600297664,3,1,IDA,1,0,1,0.23203426262851745,1,1,0,0,0,0,0,0,routine,3,0,nominal,medium,limited,0.7393330111326971,1.5172366634717522,4,3,50,14,6,4,27.23264302396825,52.58472055731129,77.2239430611771,76.75031082404543,65.38201661137455,7.878769593336498,866,0,0,134,0,34,1,1
2021-09-12,2021-03-16 19:40,1752,2021,10,13,319,1,5,-44.99304156950879,-41.21264586529603,-64.21134088431077,28.62981048648272,14.700772861018454,27.404448011885798,3.8543618013078915,12,0,9,activity_517,274.8587850761248,surface_operations,1.752,0.8412702487459068,48,4,1,2,1,1,0,1,1,0,0.5420789377412739,1.3392786239301517,0.537102245313097,1.6472827701757973,2.8962034120509927,1,0,IDA,1,0,1,0.5439762579598412,1,2,1,0,0,0,0,0,maintenance,3,0,nominal,low,nominal,0.6293896487128977,1.8839693620743767,6,0,32,5,2,3,66.78005407173056,81.49031719599662,17.51403192902925,94.59856130333498,16.559550877606256,2.5670369896454215,1752,0,0,0,0,0,0,1
2021-12-06,2021-11-26 05:38,1376,2021,9,22,60,1,16,-80.75567515289856,-55.823861639442704,-71.6485132564934,17.674189059001172,17.694019391894116,6.482573492536233,1.4554469029709056,11,1,2,activity_518,53.65808750596728,surface_operations,1.376,0.41080398697456755,15,8,0,1,0,1,0,0,1,0,0.9899988144292793,1.2843693055175383,1.2092672047211344,1.7269256944279638,1.6248196531030261,1,1,HP3,0,1,1,0.8664887756356681,1,6,1,1,0,1,0,0,maintenance,2,1,safe,low,limited,0.3084144131240749,1.9330509210967608,3,11,75,33,5,3,73.96592944666763,99.4190156718625,26.249631376411166,63.4052457179731,37.98779651065634,54.83715636485032,1376,0,0,0,0,0,2,0
2021-06-09,2021-12-09 11:55,553,2021,3,2,353,2,8,-79.24465596026062,-59.62589446419275,-61.677438985581524,16.9341838461648,7.885774029208463,9.741431315614808,3.108536725243899,3,0,0,activity_519,4.070099121692179,surface_operations,0.553,0.44755568457839,15,2,1,1,0,0,0,0,1,1,0.8619215307840178,1.8361475807986851,1.4241358782643574,1.4464647882768074,2.355206402260195,2,1,CAMERA,0,1,0,0.17756823480965112,1,1,0,0,0,0,0,0,science,3,0,nominal,low,limited,0.5095990036888665,0.8043685162302989,7,7,44,1,14,2,31.827402543634943,60.166878734561024,67.48876816694735,49.83550923006316,82.22832210950945,18.33285217848828,553,0,134,447,0,347,4,1
2021-09-24,2021-12-14 03:37,1121,2021,7,13,157,0,3,-76.41082564517289,-44.520923058616354,-41.12807641631582,24.415086549444393,18.21398272480447,27.84218417607887,2.6380443961094313,17,0,0,activity_520,359.5221195664609,surface_operations,1.121,0.9800088436073946,29,1,0,4,0,1,0,0,0,0,0.6755517116323445,1.0519233271433954,0.5212304916739728,1.5215746614719063,0.7828894568842982,4,1,HP3,1,1,1,0.41079653528794946,0,3,1,0,0,0,0,0,routine,1,0,safe,medium,limited,0.9226107809862507,1.3693497439308338,8,10,59,28,17,3,19.633022399156054,95.2514905693093,89.71354288729094,3.295719486543125,56.19617982303888,78.93087902466132,1121,0,0,0,0,0,0,1
2021-01-19,2021-12-26 14:24,79,2021,11,20,149,6,2,-66.95468441155664,-49.33650360776272,-72.79628770715156,7.1669143307763346,16.03495737507467,36.898536572452414,1.18504986093702,8,1,3,activity_521,54.54313598018416,extended_mission,0.079,0.9542717760924472,34,6,0,4,0,0,1,0,0,0,0.9609027751727024,0.44526559237074437,1.4736723982079865,0.961467941744262,2.8823459760656545,3,0,SEIS,0,0,0,0.3634898120360709,1,2,0,0,0,0,0,1,maintenance,0,0,degraded,low,nominal,0.9637598333025243,0.5147163454145403,6,16,26,13,6,1,77.97828819673583,18.708942619724123,54.76430130358479,63.61999427056659,49.066416781677205,11.688021634819624,79,21,608,921,221,821,4,1
2021-04-26,2021-08-20 16:04,973,2021,1,9,136,5,6,-79.70227204008535,-41.890327406410634,-62.501250602537105,20.09272175701083,19.817547737479188,24.15311722490827,3.4110316260174653,7,0,3,activity_522,52.78759449594301,extended_mission,0.973,0.2827972829305533,40,3,1,5,1,0,0,1,0,1,0.16848457574484743,1.821179268053391,1.449434521204899,1.785154191168201,2.523775461017194,2,1,IDA,1,0,1,0.6794572017872916,1,2,1,0,0,0,0,1,maintenance,0,0,nominal,low,limited,0.4817172045691036,0.7415428506798922,3,9,4,25,3,2,24.323079825215345,95.69041767877466,51.51095593383735,14.602637764899761,14.817904269929317,60.85679904901578,973,0,0,27,0,0,1,0
2021-10-28,2021-04-04 05:14,1494,2021,4,6,322,3,17,-42.292896445704756,-54.35961431045817,-44.3950436495693,9.798224672195865,4.932944726696553,32.27681030209119,2.1981113805438275,9,1,4,activity_523,80.69691398119296,extended_mission,1.494,0.1944486967235003,25,1,1,2,0,0,0,1,0,1,0.8798889522867887,0.7695897844363899,1.2491268523124124,1.289761965104558,1.9044588866542056,4,0,WTS,1,1,1,0.267355220037124,1,3,1,1,0,0,0,0,routine,2,0,safe,low,nominal,0.32402914634698116,1.191692523979192,5,1,40,17,3,1,72.54207061154852,76.71587301411955,90.41300509343533,59.51512559003793,61.45343290280544,72.19341196472328,1494,0,0,0,0,0,0,0
2021-11-14,2021-05-10 07:30,249,2021,6,19,19,3,20,-85.14071121899853,-29.381762982008247,-57.86343392466298,9.758628795087958,9.664946864405069,37.40016290585071,1.271106585565828,17,0,2,activity_524,278.4820932518179,extended_mission,0.249,0.8483823039886564,43,6,0,4,0,0,0,1,0,0,0.37318258885786204,0.9029827694718797,1.314130364460807,0.3156257951092497,1.0598913793438358,3,1,APSS,1,0,0,0.5217052095929825,1,3,1,0,0,1,0,1,science,4,1,nominal,low,limited,0.4079503239420064,1.4154050424623155,6,5,90,27,10,0,78.93385085949973,17.25250541224349,62.824994094753094,17.88566848276544,94.66500833891757,67.50106926808344,249,0,438,751,51,651,3,1
2021-06-12,2021-09-15 20:14,17,2021,1,5,197,0,23,-70.31087388651613,-55.92625138055639,-60.33781912336179,15.380005368407161,5.459277397209766,23.51403418375176,1.871860438157348,14,0,4,activity_525,56.47187867359162,extended_mission,0.017,0.6295956291008603,49,2,1,1,0,1,0,0,0,0,0.5440448542681227,1.4116340604128692,1.08217988984377,1.6990471868444121,2.0643720664307734,4,1,HP3,0,1,0,0.9702434519041969,1,3,0,0,1,0,0,1,science,3,0,degraded,high,nominal,0.8538217063556985,0.9514234829826225,1,12,43,14,14,4,32.99649593835557,96.90032621742931,79.2927612751995,48.03330798101434,30.533042172568024,42.33060985474687,17,83,670,983,283,883,0,0
2021-05-05,2021-04-25 07:24,1549,2021,7,7,170,0,5,-89.47041004792322,-48.69730891771297,-53.68212410268453,5.025402773151748,11.622144050877885,16.678154553615613,2.2556908821308514,12,0,4,activity_526,238.44908947998508,extended_mission,1.549,0.23012262196814381,13,1,1,5,0,0,0,1,0,0,0.45149948472749724,0.33847463039778525,0.7303227545663314,0.7649144223012252,2.424115773371352,4,1,APSS,0,0,1,0.1072519568234711,0,3,0,0,0,0,0,0,maintenance,4,0,nominal,medium,critical,0.6838954379202886,1.3325948487706838,7,3,93,35,8,0,37.17229979060439,48.08798358286997,16.89028740064522,57.75116427971959,43.57706479092233,94.72969633928585,1549,0,0,0,0,0,0,0
2021-02-07,2021-12-03 05:19,1722,2021,6,4,19,1,3,-59.821226822922526,-40.803298920668084,-55.7582596832074,24.02520825109243,19.393252790178302,21.718230178166884,0.5276978544864872,2,0,3,activity_527,31.210402073891366,extended_mission,1.722,0.6985275629694127,37,1,0,4,1,0,0,0,0,0,0.2937964645031218,1.0050307555398479,1.476621101351359,1.5298601976058135,2.6164833932505016,1,1,IDA,1,0,0,0.35896091463428725,0,4,1,0,0,0,0,0,routine,3,0,nominal,high,nominal,0.3784497353920512,1.351378722265515,7,10,32,13,19,2,44.25856159031684,87.31555291648469,96.59791472839676,25.512096653753215,6.741317259320101,65.05217824548465,1722,0,0,0,0,0,0,1
2021-02-04,2021-09-06 03:48,1351,2021,7,18,60,5,9,-53.11805119902381,-44.868337902829154,-30.279279151329526,21.57337441165342,16.30496868884958,28.439408555210644,4.95237330989207,19,0,6,activity_528,317.28932319116666,extended_mission,1.351,0.3668795628375898,42,3,1,1,0,0,0,0,1,0,0.9530855855782,1.1684149250728924,0.7864048767036452,0.8310909274545561,2.0326892792928195,4,1,CAMERA,0,1,0,0.3459312709001858,1,4,0,0,0,0,1,0,science,3,0,degraded,high,critical,0.7942368213687665,1.9294050488775898,1,8,55,5,5,3,4.9144543955177085,61.65424209890513,71.0493316472639,30.828341235651145,85.38519081332146,45.28127504114977,1351,0,0,0,0,0,4,1
2021-11-14,2021-05-13 11:57,1544,2021,8,19,10,4,14,-64.10655029570961,-35.77050397517958,-41.10023771575898,7.528300116998633,19.26944247049939,34.62064616278069,2.249476761303981,14,1,8,activity_529,112.82861195281625,extended_mission,1.544,0.8502464494156569,8,3,0,3,0,0,1,0,0,0,0.13000647747365526,0.4080424232969865,1.2760669604655037,1.5195045058226393,1.9810911303114116,0,1,SEIS,1,0,1,0.1960297407292959,0,6,0,0,0,0,1,0,routine,0,0,safe,high,critical,0.8730967991401162,0.5528523639691569,5,7,2,15,5,0,54.359121089683924,37.8248292859848,81.3942740857086,79.75853524908175,43.46384932986636,21.648527358582303,1544,0,0,0,0,0,4,0
2021-12-21,2021-06-28 08:21,1545,2021,9,18,110,3,2,-70.54788500927391,-56.81971351930418,-55.900818231309195,12.512557513346282,11.839043655652992,21.538432158283452,1.8354982598975755,15,1,4,activity_530,253.4504409772713,extended_mission,1.545,0.3898931417777447,43,3,1,5,0,0,0,1,0,0,0.19239410912459626,0.9495487203786486,0.5330290083467278,0.6824765385894527,1.002941884428909,3,1,APSS,1,0,0,0.42803113054921704,1,4,1,1,0,0,1,1,maintenance,3,0,degraded,high,limited,0.6551569240723991,0.8285323959645011,7,28,68,43,13,3,10.777784952995518,55.66935655500531,46.76412942038358,68.34139970419953,60.30176605383345,12.432180117933079,1545,0,0,0,0,0,0,1
2021-07-28,2021-03-11 07:16,1586,2021,4,26,356,1,21,-76.60849615320221,-56.19725003100576,-65.56923208484943,24.78252092373206,13.540958501872364,8.203661378891255,3.5019192212755237,2,1,6,activity_531,170.72910554409702,surface_operations,1.586,0.33217797710869135,11,3,1,5,0,0,0,0,1,1,0.6925506032551935,0.8936026424364933,1.3714789419851126,1.0746077068102937,1.2383580529307068,4,1,WTS,1,0,1,0.3287171694903692,1,4,0,0,0,0,1,1,maintenance,0,0,degraded,low,nominal,0.728371400093587,1.0452226001183593,7,29,35,4,5,2,39.06661846781844,82.0378513894397,2.9685172289470207,29.558539674011996,81.17572653772116,92.05301486111638,1586,0,0,0,0,0,1,0
2021-04-24,2021-03-23 11:54,1269,2021,2,28,74,3,0,-78.4194159818936,-35.76620956416477,-52.39198472289547,18.19840631317165,4.638608492136454,28.625121474801933,1.6988826692154961,6,0,6,activity_532,210.29037521976034,surface_operations,1.269,0.6280825293828007,24,8,1,1,0,0,1,0,0,0,0.19758220670413912,0.5736709619056264,1.1070602679233543,1.3982522563112822,2.150758617422807,0,1,SEIS,0,0,1,0.11045067137536746,0,4,0,0,0,0,0,0,routine,3,0,nominal,high,nominal,0.8116414719905265,1.7637490251596075,4,15,8,21,1,2,35.09741436011091,63.59463658006981,68.8426052320934,39.70472998603945,10.3990950547861,60.66598675202233,1269,0,0,0,0,0,3,0
2021-03-10,2021-10-27 08:50,1065,2021,11,6,31,1,23,-42.436791530269495,-32.66724644477884,-74.65939046421862,11.31270184460309,0.20723094155558064,30.020397456903826,2.6123981092496527,2,1,4,activity_533,150.9852298867074,extended_mission,1.065,0.47204609069753756,18,7,0,1,0,0,1,1,0,1,0.5772324473447649,1.2007977047013276,0.9512316986078034,0.568788934283043,1.0584226291447174,4,0,APSS,1,0,0,0.6860959915834789,0,4,0,0,0,0,0,0,routine,4,0,nominal,low,critical,0.5696122363441453,1.5687883803148457,6,13,41,7,14,1,67.1021595637972,96.70722432299812,25.641282747629546,14.215230534960476,2.417524528093362,37.88271863453391,1065,0,0,0,0,0,3,0
2021-09-15,2021-08-16 08:38,12,2021,10,7,254,5,12,-88.84249094033645,-53.07837299056415,-65.9289926264822,9.149506182610711,1.8219441887464072,23.42067962774552,1.9518756876626289,15,1,2,activity_534,305.42680757284415,extended_mission,0.012,0.7666214782535258,24,4,1,2,0,0,1,0,0,1,0.7674695865381156,0.4682718595917387,0.8719552873272748,1.605416993951461,2.8605578539008025,2,0,SEIS,0,0,1,0.8651346060109877,0,6,1,0,0,0,0,1,routine,0,0,safe,medium,nominal,0.7055703463702028,1.9703971251538217,5,19,46,37,15,1,28.625697235979175,24.012949034649754,51.65186868244531,50.86089476366661,22.648364948389688,69.96556568999478,12,88,675,988,288,888,4,0
2021-07-18,2021-02-28 05:53,151,2021,8,21,58,0,3,-52.894432004428396,-51.25470076668585,-69.91466033593778,21.149181375598555,19.67796072720035,26.030460572996635,3.609758138555398,1,1,2,activity_535,288.0756658353375,surface_operations,0.151,0.2528689767727943,6,3,1,5,0,0,1,0,0,0,0.9725295124408267,0.3380039202610176,0.8368253676457029,0.8722055151215939,2.3260518002014496,3,0,SEIS,1,0,1,0.11455088368902899,0,6,1,0,0,0,0,1,science,4,0,safe,low,nominal,0.8885103577211413,0.9307377431503565,7,11,41,5,15,2,93.23538712163145,26.06343150283855,31.883492300321812,66.61157381092573,7.819164713613347,62.76126899186166,151,0,536,849,149,749,3,0
2021-07-27,2021-04-14 20:41,1039,2021,6,11,120,1,19,-53.405611807063735,-52.58323887600694,-49.59154626802051,5.810900186402122,8.78956456268954,29.991862768892513,2.3673145643949653,8,1,3,activity_536,104.91436363126016,extended_mission,1.039,0.8913269599491134,9,3,0,2,0,1,0,0,0,0,0.7385470665341423,1.1302268658427825,0.507278663975058,1.6834857698776127,0.6649900075046293,3,1,HP3,0,1,0,0.5346747081832882,0,1,0,1,0,0,0,1,routine,0,0,nominal,high,limited,0.5162899913182994,1.1447953640943618,4,14,13,14,11,1,45.561338257054764,83.50854938168207,26.448855910986502,13.273014137120654,55.49612649599018,50.94370670557166,1039,0,0,0,0,0,0,1
2021-07-20,2021-06-27 10:23,544,2021,6,6,152,5,9,-49.303716105856616,-50.38684223214331,-61.093230199030444,6.1314107996759635,8.193858119472308,34.84018704590157,2.2043041615413013,18,1,0,activity_537,1.766625303413747,extended_mission,0.544,0.9934359513615961,31,1,1,4,1,0,0,1,0,0,0.7892274561478836,1.8315703624722808,1.2704913983358268,1.4157214755088616,2.6083894390428743,0,0,APSS,0,1,1,0.5195784851012188,1,6,0,0,0,0,0,0,routine,4,0,degraded,high,nominal,0.820840065924956,0.7832431049809228,4,9,28,25,5,3,95.9164537397988,96.7678164035114,92.9788965156154,46.25460959719226,38.29700030322974,70.59477365220373,544,0,143,456,0,356,4,1
2021-07-04,2021-10-17 20:27,140,2021,12,13,254,3,7,-81.98181522453413,-27.99804332686304,-60.02891934009551,12.172047444833769,15.286240768584706,37.69488033291006,4.617325769048406,13,1,9,activity_538,183.74275987424437,extended_mission,0.14,0.09287028372817341,23,6,1,5,0,0,0,1,1,0,0.9710654996097684,1.4557380667314619,0.6210050336992249,1.0287834158110107,2.541512735154009,2,0,APSS,1,1,1,0.8641416758348051,1,1,1,0,0,0,0,0,routine,2,0,safe,high,nominal,0.4207538900366608,0.6826098278905,5,26,65,19,18,3,24.05879656425386,91.11757080951116,28.87040487997563,81.88605161971175,28.59372889104016,93.94625693234346,140,0,547,860,160,760,3,0
2021-10-15,2021-01-03 14:32,924,2021,11,24,6,3,15,-55.53475648793922,-47.05664747055389,-68.30362635640144,21.613841598910163,4.903728584310574,20.97105682494717,2.712302287752419,19,1,4,activity_539,248.27542706733297,extended_mission,0.924,0.8932021110481209,48,1,1,3,1,0,0,0,0,0,0.6327907142951862,1.9347099910998282,0.5554706951393963,0.35970362928087574,1.791451272172452,0,0,IDA,1,0,0,0.06907433752097236,0,5,0,0,0,0,0,0,routine,3,0,nominal,high,limited,0.4513661092539215,1.0875396949868552,6,14,88,29,11,2,64.84632827647695,94.03567144657202,29.847051074256026,18.950417789648743,61.63823471830578,56.36710655584294,924,0,0,76,0,0,4,0
2021-08-10,2021-05-17 10:09,437,2021,9,2,321,5,0,-49.923768544172084,-51.770029797065334,-57.391477425977584,28.194802380513444,2.47398117453133,13.88825846527276,1.6800019064235336,3,0,1,activity_540,247.5753309753968,extended_mission,0.437,0.09907786452015022,9,5,1,1,0,0,1,0,0,0,0.16074662076930685,1.3505968043903644,0.9313202585893308,0.9166591834285298,1.9911284910463418,2,1,SEIS,0,0,0,0.9462468641736971,1,4,1,0,0,0,0,0,maintenance,4,0,degraded,medium,nominal,0.9994136102291047,0.9100560848803989,3,0,17,30,11,1,91.38407421392137,40.78030130966253,21.248689823082834,69.2013390568912,24.464467821047865,94.35036031702234,437,0,250,563,0,463,3,0
2021-09-25,2021-07-15 06:58,1223,2021,1,9,161,4,11,-85.91660581945617,-47.245465608840846,-55.39590206385719,17.60614806899686,17.02824397393558,5.628470002409022,2.4272978258530555,1,1,4,activity_541,300.1290341670859,extended_mission,1.223,0.9679474021662787,26,6,1,5,0,1,0,1,1,0,0.7787278255275906,0.7817282698763772,0.6279617520023548,0.8803136845815509,2.707589043306388,4,1,CAMERA,1,0,0,0.006912591169667359,0,2,0,0,0,0,0,0,maintenance,2,0,nominal,medium,nominal,0.4314919978973961,1.068223090414698,5,14,89,35,4,3,18.942902459545717,61.39441830760658,33.65545874692886,73.40107351391283,55.72044501863175,55.426862683810604,1223,0,0,0,0,0,0,0
2021-06-09,2021-01-28 05:49,926,2021,9,13,98,3,18,-77.19686122868423,-36.423855471898136,-42.73634792276707,14.273701940754172,10.098872612356706,34.38893896652117,1.1690679282010712,2,0,9,activity_542,150.52352107495463,surface_operations,0.926,0.6982260124296713,29,7,0,5,0,0,0,0,1,0,0.16840089006938766,1.3780531786704207,0.6105252552057963,1.6581200379312329,1.374944208555947,2,0,CAMERA,0,1,1,0.9388399052389893,1,6,0,0,0,0,1,0,maintenance,2,0,nominal,medium,nominal,0.9604239131283241,1.7072641979947218,8,18,68,9,6,4,56.00041612552491,88.11344139481187,46.57318610145782,50.53993025722535,13.443910592782672,42.045549256776106,926,0,0,74,0,0,3,0
2021-12-04,2021-09-10 02:48,484,2021,7,26,264,2,12,-61.98595641105443,-55.87492611427096,-33.5071979775206,25.509995965962982,13.410076550151546,39.58437547943444,0.5719971260610592,17,0,2,activity_543,45.74938041838438,extended_mission,0.484,0.4330172797739914,14,3,1,1,1,0,1,0,1,0,0.7011530748574512,0.4927776830926806,0.9480430602983698,0.3191828066033163,1.6937513055857432,2,1,IDA,0,1,0,0.16225933569432438,0,6,0,0,0,0,1,0,routine,4,0,degraded,medium,critical,0.5687641801139411,1.6247670402691323,1,5,74,49,10,2,81.99581207255802,68.36542844635748,45.22242371277009,24.74253350927342,15.174589379284676,45.8374191755062,484,0,203,516,0,416,1,1
2021-06-08,2021-02-26 07:21,522,2021,1,13,10,3,4,-54.97852802708815,-31.452173627076156,-73.13687133670787,16.050966548722652,16.36359299443481,37.69024994532863,1.5326056425737065,9,1,8,activity_544,114.7461800113366,surface_operations,0.522,0.38272044076540457,40,8,1,2,0,0,1,0,0,0,0.9848035942805152,1.037384618658248,1.236767094067595,1.5850807047682123,1.0530760953349416,4,0,SEIS,0,0,1,0.9081983394580183,1,1,1,1,0,0,1,0,maintenance,1,0,nominal,high,critical,0.5357729678688087,0.5995309865765412,0,13,26,30,1,3,71.60849799072093,37.31331667482952,29.536907611037954,86.23009893481458,42.24545702892062,19.591217178469012,522,0,165,478,0,378,0,1
2021-12-27,2021-12-22 07:14,679,2021,7,7,179,2,6,-79.87901653696784,-50.25741528643751,-39.73920892014043,16.058755675808463,8.18471724184998,36.047728406723174,3.245490654318807,18,1,1,activity_545,183.24577738932376,surface_operations,0.679,0.3780379046030521,49,6,1,3,0,1,0,0,0,0,0.6716233433042438,0.5841269073540176,0.7525697290539267,1.2726433131899664,2.405774818416509,0,1,HP3,1,1,1,0.10025454413747648,1,1,0,0,0,0,0,0,science,0,0,degraded,medium,critical,0.8097332106865545,0.9523477841143762,5,24,67,34,7,1,37.92180098577907,61.05137223762348,14.426629873897912,17.503600979866274,70.69863284026415,16.92533888125637,679,0,8,321,0,221,0,0
2021-02-09,2021-11-01 15:43,1059,2021,12,19,223,2,8,-71.72631902800146,-53.100037599180425,-53.52171543158052,14.666556325546036,3.5663472013431874,20.745801589621653,2.398297857164326,4,0,7,activity_546,238.7124419932825,extended_mission,1.059,0.7065808047171039,40,1,0,4,1,0,0,0,0,0,0.7531286578374826,1.049915252313101,1.2532004760410382,1.3355964348113922,2.782628562262323,0,0,IDA,1,0,0,0.13789498329967864,1,2,0,0,0,0,0,0,routine,4,0,safe,medium,limited,0.5226487430151193,0.8687129329832353,9,20,49,28,9,1,97.16211996875278,55.809204036714945,53.270906609900514,3.526301810514687,84.00990156676927,4.484137499757324,1059,0,0,0,0,0,3,1
2021-10-06,2021-12-28 04:58,185,2021,12,9,45,4,1,-49.195269268970144,-28.988999606358433,-68.33089541116203,6.862672518401656,16.483934731094394,8.837676665874232,2.9681779130840096,12,0,3,activity_547,99.17393953334191,surface_operations,0.185,0.6860676967292221,41,1,1,4,0,1,0,0,0,0,0.49476074306380247,0.6676694446961353,1.3484332519621813,0.6376207260788302,2.4175620589145,1,0,HP3,0,1,0,0.9190286513901081,1,6,0,0,0,1,0,0,maintenance,0,1,degraded,medium,nominal,0.3345226208663823,1.2427247804907862,7,29,86,44,10,1,56.39059394148836,23.915510014732412,12.39872066263673,93.7774546688964,80.15629946391074,2.296521028891574,185,0,502,815,115,715,4,0
2021-10-28,2021-08-07 04:35,730,2021,11,26,252,5,9,-53.750198571931854,-29.17657037640833,-46.8789412540312,22.291580768617987,12.34444737266857,15.911776095548692,2.078103121421169,18,1,1,activity_548,46.48344473635898,surface_operations,0.73,0.08572352274818096,9,4,1,1,0,0,0,1,0,0,0.2502209915540189,1.6662108009847094,1.3939071065774828,1.3607409313024064,2.978900409099552,4,1,APSS,0,0,1,0.36574917810145546,0,2,0,0,0,0,0,0,maintenance,4,0,nominal,high,critical,0.5537093401366708,1.5074221450808523,7,25,30,21,10,1,50.80807742235793,72.64615714036199,34.9655340536834,74.88957995367868,43.84043341210082,17.171461730673542,730,0,0,270,0,170,1,0
2021-03-13,2021-10-09 09:00,1410,2021,11,2,185,5,4,-73.20504491907818,-28.34660274293562,-51.35169390316158,19.392525676153387,11.211858688078003,18.95712704968038,4.912174844538951,6,1,4,activity_549,103.44354887547485,extended_mission,1.41,0.2846546986550732,32,3,1,4,0,0,0,0,0,1,0.8614934378329566,0.9505117659326405,1.4146238897401768,0.44776214433284073,2.1310867507057623,2,0,WTS,1,0,1,0.05558509914208809,0,2,0,0,0,0,0,0,science,0,0,degraded,medium,critical,0.377745457170984,1.327640081972729,5,1,25,4,18,3,87.17578985684374,69.77132345720976,17.075543398771064,2.568095642359658,25.99265781256529,91.57733589927702,1410,0,0,0,0,0,2,1
2021-08-28,2021-07-07 11:11,18,2021,4,1,311,5,7,-56.97168566198528,-52.333139765967324,-57.50202005190588,12.82072791942516,1.8898573666499074,25.467580803279443,4.971514305043245,11,1,3,activity_550,227.67661854898378,extended_mission,0.018,0.20838436588064002,34,1,0,4,0,0,1,0,0,0,0.6031794129978638,1.2816483319727807,0.8155827860758025,0.745250502445201,1.8287531712159628,2,0,SEIS,0,0,0,0.21981374877452986,1,2,0,0,0,0,1,0,maintenance,3,0,degraded,high,limited,0.4930708672444952,0.9618223595906796,1,2,66,0,16,1,30.488226807932005,48.830959063178014,65.48390098671014,54.36201071947697,66.22335419549724,32.25955038350126,18,82,669,982,282,882,2,0
2021-05-03,2021-02-11 23:49,442,2021,8,21,232,4,10,-63.089141469341754,-37.4967963239603,-30.165693379362594,7.609871003440572,16.112199569916395,14.565938309275865,2.1255218716898403,13,1,2,activity_551,354.74455457893197,extended_mission,0.442,0.18119605384534532,24,7,1,4,0,0,1,0,1,0,0.4890403031621602,0.9222647291380976,0.7580508047478913,1.7862694112490192,2.5263661392618473,2,0,CAMERA,1,0,1,0.8441785085044624,0,3,1,0,0,0,1,0,maintenance,0,0,degraded,high,limited,0.8041589403944052,1.9096152932979131,9,7,15,23,13,1,97.15401943085152,93.64510344721613,93.44066466154992,87.92776240819134,66.03263021817297,22.110856274843236,442,0,245,558,0,458,0,0
2021-05-19,2021-12-18 23:31,758,2021,7,21,253,0,16,-61.650017412496275,-32.70916612809607,-36.307493361919164,14.370265785412514,19.85663589764797,28.81754792574142,2.4079941426109195,10,1,9,activity_552,225.16222268122203,extended_mission,0.758,0.11164157153836518,8,3,1,2,0,0,1,0,0,0,0.4945058851686258,0.28292727752736363,1.1340593910544907,0.42872621637973507,0.8543158294159943,2,1,SEIS,1,1,0,0.19810766454843354,1,1,1,0,0,0,0,1,maintenance,4,0,safe,high,critical,0.7399169892137026,1.194768397661077,7,3,6,2,15,1,40.991884486708976,59.033565867819235,28.401953003345415,84.59958555747926,98.12383510066344,12.0154852314581,758,0,0,242,0,142,0,1
2021-01-26,2021-02-06 05:40,464,2021,10,15,196,3,2,-44.73477358662854,-57.353236347228076,-51.25519536554545,14.155938964779459,19.276233430340618,32.77914402963903,1.0493454981494246,5,1,1,activity_553,341.65573519135563,surface_operations,0.464,0.08481764353482013,19,7,0,2,1,0,1,0,0,0,0.5806504619896568,1.0869274539554648,1.4695438973031525,1.5308382626542467,2.2466000953575986,0,1,SEIS,1,0,0,0.8928721397521093,0,1,0,1,0,0,0,0,maintenance,4,0,degraded,medium,nominal,0.623815119071129,1.600115665139019,9,22,91,23,16,0,99.10794424942843,38.99588577811804,79.10483145547931,24.610923713617105,28.189671228404933,93.48638741835431,464,0,223,536,0,436,2,0
2021-06-22,2021-08-09 23:32,412,2021,2,22,216,6,3,-64.65093941919984,-46.1337680021054,-30.260640454227733,13.936939733953666,12.540988347952908,36.09201261778071,3.3707074746413768,13,0,1,activity_554,275.23790494884065,extended_mission,0.412,0.6538339708032017,24,6,0,4,0,0,0,0,1,1,0.8823487635654559,0.41624753451188035,1.2212180063923992,0.9247820893317655,2.202680977744811,4,1,CAMERA,1,0,0,0.26167758015714937,1,4,0,0,0,0,0,0,routine,2,0,nominal,low,critical,0.5067572175180497,1.9295052241940107,9,21,0,39,8,4,99.54664634965246,14.94246912494307,42.73024096980708,76.80760185554817,95.50668269525322,89.13211744425651,412,0,275,588,0,488,1,0
2021-08-07,2021-05-06 18:59,1873,2021,3,11,166,2,23,-42.36371372799491,-56.775738894116984,-41.13941635447145,26.7384888580963,19.734069689912946,16.716520051842565,2.1000836580574616,13,0,6,activity_555,147.43699611009785,surface_operations,1.873,0.29526235777047405,41,9,1,2,0,1,0,0,0,0,0.556524736602245,1.828522981722631,0.5564234754174223,1.5197686931049477,0.9264966735686502,3,0,HP3,0,1,1,0.7157867452377541,1,6,1,0,0,0,0,1,maintenance,1,0,nominal,high,critical,0.8435094389789877,0.859109976935823,9,5,30,30,15,0,63.197898634814585,75.97583808707215,14.232295236563331,17.48204578624216,1.206934725840625,53.17491810358468,1873,0,0,0,0,0,3,0
2021-04-21,2021-03-15 19:57,77,2021,10,10,344,3,8,-82.52911115443646,-29.115316088715446,-41.21885736410248,26.069318985636798,2.1147027301221133,11.93507083838862,4.248326434363928,5,1,9,activity_556,177.7915478758611,surface_operations,0.077,0.18960916638719472,19,4,1,5,0,0,0,0,0,1,0.40178092713365887,1.5876866674724213,0.5927537926578867,1.469089276022565,0.5799962967048712,3,0,WTS,0,0,0,0.1618894153664926,0,1,1,1,0,0,1,0,science,3,0,safe,high,critical,0.8155873169061933,0.7773337933827542,3,3,87,13,6,3,64.29920876642868,39.616591842927164,60.67702483970031,55.16779027412593,43.8660305556885,23.47280214809462,77,23,610,923,223,823,2,0
2021-02-04,2021-08-04 06:01,1653,2021,11,5,141,3,8,-71.88553611789868,-30.622672450080426,-59.21145104509492,12.623526419036134,4.036081651508779,33.73272174146025,1.6582417862411654,13,0,1,activity_557,183.37852930088945,extended_mission,1.653,0.3273104354453198,34,4,1,2,1,0,0,0,0,0,0.5624538641046212,0.3583227557053763,0.8526208343638934,1.3032846341640902,2.789830012258902,4,1,IDA,0,1,1,0.07075347933782894,0,4,0,0,0,0,0,0,routine,2,0,safe,low,critical,0.3047153752448626,0.5102984003711424,5,29,4,11,2,4,92.12693956941365,99.01702077343492,70.10667546248789,51.399871762396465,14.09947983203148,38.41751793998346,1653,0,0,0,0,0,1,0
2021-04-08,2021-10-26 15:18,1674,2021,1,5,219,4,5,-56.362204617471015,-56.48572097033237,-38.8893008700945,28.267745752142854,2.4722371592519354,19.582409999686213,2.802876025041737,17,0,9,activity_558,165.218277936665,extended_mission,1.674,0.20685883662438154,15,9,1,1,0,1,1,0,0,0,0.995411126212043,0.2837200668814393,0.6275807443621648,0.964816200809822,2.6858982123298314,0,1,SEIS,1,1,0,0.630541004542351,0,1,0,0,0,0,0,0,maintenance,4,0,safe,high,nominal,0.690925249705531,1.251122028901848,5,6,71,40,6,0,86.37164146131536,26.022328925957506,3.3939829723420245,70.86271020523125,85.53522390050665,13.817278526310172,1674,0,0,0,0,0,0,0
2021-12-08,2021-02-07 16:06,578,2021,1,4,239,3,11,-58.9831112589012,-52.31051732028418,-65.30819807590387,11.562322962620552,11.530602091911238,24.191071658255805,1.7323867383885023,13,1,0,activity_559,120.05425503701571,extended_mission,0.578,0.41719663782268146,44,4,1,5,0,1,0,0,0,0,0.956888345298526,1.8832054423104012,0.8490073356433949,0.8957566443056855,1.101259662453292,3,0,HP3,0,0,0,0.5483141213256585,0,2,0,0,0,0,0,0,routine,3,0,safe,high,limited,0.8761326023801994,1.6132490406501898,2,5,1,33,7,2,64.7829784257143,72.38539146741894,42.22958203031292,53.59167851849358,23.978192864162395,46.58217557666515,578,0,109,422,0,322,2,1
2021-12-04,2021-07-10 21:24,1011,2021,7,15,275,6,13,-63.58546341480214,-49.450452110491725,-30.64792494896092,6.378418379031809,7.172408352336205,15.41940076690145,2.2393027090762496,8,0,2,activity_560,199.75852665221302,surface_operations,1.011,0.1865413774160204,37,2,1,1,0,0,0,1,1,1,0.5044148190710985,0.9638859421607662,0.7599140620855509,0.7344580949878601,0.966134803277636,2,0,APSS,0,1,1,0.9721917285545033,1,3,0,1,0,1,0,0,science,4,1,nominal,low,limited,0.8087827155534755,0.8261071996136943,2,22,13,5,17,4,90.45404349276255,15.113719682324234,4.255277460721462,39.90947341947542,52.20794788186396,51.55706152187145,1011,0,0,0,0,0,2,0
2021-01-09,2021-09-13 15:19,221,2021,10,10,52,3,15,-43.53114450628105,-31.351968857856928,-40.08627410792715,23.769481053969972,6.419572119674497,31.492565161378675,4.030343420989107,2,1,3,activity_561,0.8562965808854228,extended_mission,0.221,0.1013820232229744,24,9,1,3,1,0,0,0,1,0,0.31071307682672145,1.4905113415700888,0.6865339218361584,0.43957366948219384,1.936357530125569,1,0,IDA,1,1,0,0.9862697758262694,0,6,1,0,0,1,0,0,routine,3,1,safe,high,critical,0.8900946481828964,0.7640378108018054,3,2,23,42,13,1,87.89647207219426,70.58821929128382,87.53799779190868,13.93552582606905,39.89804045613023,28.315117007631763,221,0,466,779,79,679,4,0
2021-03-24,2021-05-01 11:46,1839,2021,9,19,162,2,6,-82.33815563700375,-28.315792693615577,-58.324221970552024,22.801539441446955,18.525648086797016,26.704871822274463,4.643145609285833,1,1,8,activity_562,198.48658503604736,surface_operations,1.839,0.8728480719739582,36,5,1,1,0,1,1,0,0,1,0.555811790900706,1.6196581811962496,0.5289099866419565,1.3921221192938906,2.867093465343693,0,1,SEIS,1,0,1,0.9162612150932193,0,2,1,0,0,0,1,1,science,1,0,safe,high,limited,0.960942530305162,1.118772730651441,1,8,97,17,15,2,75.71618488220965,33.05282346870094,16.434118553064447,50.29095419022733,35.68017301333016,26.646243179221397,1839,0,0,0,0,0,4,0
2021-04-14,2021-06-17 10:57,439,2021,10,3,301,0,19,-54.88290853536821,-21.470988546864895,-68.52000700253714,21.99748566311622,4.664229036271587,12.724664631471333,3.3509933588595686,7,1,8,activity_563,325.4624595119428,surface_operations,0.439,0.7688308102477025,24,8,0,5,0,0,1,0,0,0,0.4522591801330813,0.9747115883737685,1.1310469489961816,0.9108896372917787,0.7425900284304081,1,0,SEIS,1,1,1,0.11236725335361153,1,2,0,0,0,0,0,0,routine,0,0,degraded,high,nominal,0.4166583789024917,0.7965101573238427,5,21,65,46,0,1,0.009756956192685795,92.09576668983999,82.28471805323217,96.39380394360398,35.99863447301929,66.4799276689397,439,0,248,561,0,461,3,1
2021-03-01,2021-02-15 19:03,1743,2021,2,10,278,6,21,-49.228835347612446,-22.502563248127444,-66.2903508416263,23.9858186418961,6.269333247571893,28.68536172554682,1.8800483236823051,8,0,0,activity_564,72.09340283170923,surface_operations,1.743,0.8488306980840752,13,3,1,5,0,0,0,1,0,0,0.9358856544024519,1.0479959555159943,1.4965540613933888,0.5355036170365093,2.272334756208223,1,0,APSS,0,0,0,0.8823927363768711,1,4,0,1,0,0,0,0,routine,4,0,safe,high,limited,0.5060848960511759,0.6895521520424779,6,26,45,3,7,3,23.700407828993086,79.97288349586134,15.473200897530226,32.5470043239842,36.0998289838157,58.8802568815424,1743,0,0,0,0,0,4,0
2021-10-21,2021-03-21 03:56,392,2021,6,12,31,5,1,-61.255543860300165,-43.81588398141254,-52.85474597139006,18.740965132163495,4.7883288365159205,18.235795289419123,1.8158515929938077,18,1,6,activity_565,52.03677239219437,extended_mission,0.392,0.1733575390543659,37,1,1,2,1,0,0,0,0,0,0.9986466923222069,0.3325295161897245,1.1429511392857359,0.5616579098046535,2.5988099732129557,1,0,IDA,0,1,0,0.5382105726741958,1,5,0,1,0,0,0,0,routine,2,0,nominal,low,limited,0.5610712593704731,1.116716679275756,7,4,10,29,8,0,5.218154525973828,27.947001203943035,46.912831167728754,11.273554347396553,94.43337338771727,65.61011811911932,392,0,295,608,0,508,3,1
2021-10-10,2021-12-09 22:57,437,2021,11,1,10,4,18,-48.72093474276034,-47.162979930266125,-39.05158995495744,21.943811506832063,6.973495430151997,35.673892821055375,2.79153079715944,4,1,5,activity_566,271.8069112945205,surface_operations,0.437,0.452719960490768,19,6,1,1,0,1,0,0,0,1,0.10365933695289768,1.1907894200462334,1.0241084647667442,0.40700280799103306,1.7300658165576615,4,1,HP3,0,1,1,0.7179084539257711,1,3,0,0,0,0,0,0,science,1,0,safe,high,critical,0.3851713111324292,0.6132727970923373,9,20,48,35,8,1,70.25459461861247,24.83448270301357,39.75269894555691,92.88453597002369,82.49966113611123,25.547225015816156,437,0,250,563,0,463,3,1
2021-01-25,2021-11-08 01:17,151,2021,3,20,233,3,21,-65.79906826652923,-41.617663768913616,-43.88500076631098,5.066527590481985,11.73520531542966,26.198735267929642,3.8547956173456392,14,0,3,activity_567,181.8356622298047,surface_operations,0.151,0.5976671527090358,11,7,1,1,0,0,0,0,0,1,0.8263055330612528,0.9510277831306007,0.7596412338764909,0.47703011317840766,2.628092915054616,0,1,WTS,0,1,0,0.25865366479038865,0,6,1,0,0,0,0,0,science,2,0,safe,medium,limited,0.3086598280068524,0.6572767465052259,0,26,17,32,8,4,99.59311658980421,2.031272812170659,84.90015510753194,69.60563292662435,64.03424314764929,35.65321256191839,151,0,536,849,149,749,3,0
2021-03-02,2021-10-06 22:06,686,2021,6,16,91,3,21,-44.7439073876507,-33.23571468770364,-44.79967703408079,5.688880557019153,18.753504509771965,32.01387695756631,3.939416680128562,19,0,3,activity_568,167.82356574742266,extended_mission,0.686,0.39466639056380626,45,8,0,2,0,0,1,0,1,0,0.7918569842624666,1.2972559185699237,0.7180803599597512,1.5283261370205528,2.1181039205254915,0,0,CAMERA,0,1,1,0.06019404030129183,0,2,0,0,0,0,0,0,routine,3,0,safe,high,limited,0.430876414244599,1.7871026672994734,1,21,47,13,18,3,90.66442998506336,25.635350192133743,61.149806199020304,15.972718477881198,39.00556316736065,8.576780468344946,686,0,1,314,0,214,3,0
2021-02-28,2021-12-20 14:17,1348,2021,5,26,282,5,23,-61.864745136498186,-48.18018621446711,-36.51051981216389,23.631725625838218,12.849328646678309,37.610990937949715,3.10149887244204,4,0,7,activity_569,210.7759534501695,surface_operations,1.348,0.21854908125078798,32,2,1,4,0,1,0,0,0,0,0.6870259494079248,0.7506611873867237,0.7489778043493556,0.38495788513600776,0.829868321760019,2,0,HP3,1,1,1,0.3414096565822581,0,4,0,0,0,0,0,0,routine,1,0,degraded,medium,nominal,0.6336811389993328,0.6583412319204491,9,19,62,31,9,1,42.616465791181824,78.89954536508374,65.57914269230768,11.691685461838897,29.667865733469778,31.365140864452044,1348,0,0,0,0,0,4,1
2021-07-22,2021-12-07 12:46,1766,2021,5,8,279,0,9,-58.2832764837042,-52.62672429543055,-62.181671872617386,27.900173067402143,3.668297075868341,11.075111764666858,2.6582696318024333,2,0,3,activity_570,8.737036916179196,extended_mission,1.766,0.10014913831247108,46,5,0,1,1,0,0,0,0,0,0.8238455969239304,1.2616593423815694,0.8883061410794382,1.7758094768172161,0.6655774711638267,2,1,IDA,0,0,1,0.9276457782072546,1,5,0,1,1,0,0,1,science,1,0,degraded,medium,limited,0.8724184821110683,0.5176998446618968,5,12,79,34,17,0,45.39345707501107,18.949705843981423,27.76180562816566,35.610104902459284,78.54826858323044,98.91894335735694,1766,0,0,0,0,0,0,0
2021-03-24,2021-02-20 14:48,1370,2021,2,18,105,1,4,-80.08429205531552,-52.05223305554619,-69.11989354088239,20.27135032704881,13.76251207168174,29.602767940766558,2.8955928926237275,1,1,7,activity_571,307.97939811895947,extended_mission,1.37,0.38879547812717796,24,2,0,2,1,0,1,0,0,0,0.19593393265379738,1.4287182498142539,0.6364523241218804,0.740663710501668,1.7509114411094682,4,1,SEIS,0,1,0,0.9782504340366505,0,1,0,0,0,0,0,0,routine,1,0,degraded,low,critical,0.5747153597310319,1.2024080324848354,3,11,3,39,18,0,70.59262666932356,89.5381622034731,49.37006968460207,10.889350822672728,36.86713835013216,55.0361885440113,1370,0,0,0,0,0,1,0
2021-06-12,2021-08-13 20:52,1469,2021,1,1,234,1,4,-46.15262890301668,-56.06581977239418,-66.98017115085713,23.015411586795043,3.4955500772649795,10.531900566606552,2.999600948294924,5,1,6,activity_572,309.88703059842925,extended_mission,1.469,0.841138182705485,44,7,0,3,1,1,0,0,0,0,0.8283961164682885,0.5324138258460462,1.0035359357550362,0.6321326801553799,1.4451744591753801,4,0,IDA,0,1,1,0.5980963404767533,1,1,1,0,0,0,0,1,routine,3,0,nominal,high,limited,0.8950953986807242,1.3233483190245803,2,28,26,31,0,4,84.33752438690199,74.41304363686443,77.68067803242971,36.001553966673164,94.3687932748237,42.45721183560761,1469,0,0,0,0,0,1,0
2021-11-15,2021-08-14 17:19,1386,2021,1,1,139,4,23,-86.27015203334373,-40.43589672981331,-67.88309955581343,23.425187951542117,14.82523599398907,34.47237177456283,2.199059083164885,19,1,8,activity_573,190.99657418166592,surface_operations,1.386,0.6940112794160505,26,1,1,1,0,1,0,0,0,0,0.623292066518099,0.363755922924646,0.8322751331273595,1.7697030388703798,1.8612686785051822,3,1,HP3,0,0,0,0.7024943584941874,1,5,1,0,0,0,0,0,maintenance,0,0,safe,medium,critical,0.9583929012308452,1.3570013522334259,6,24,98,28,5,4,49.38250406537382,36.38291756468314,92.32158853941174,33.24825374259408,53.71507564441066,56.87134095241301,1386,0,0,0,0,0,2,1
2021-03-09,2021-04-14 21:03,332,2021,4,27,162,1,17,-68.97080792840896,-56.92784091337188,-41.13856235044507,24.054680884986208,5.418337317809694,37.061610663534104,3.937864085450262,10,0,5,activity_574,141.19935010305514,surface_operations,0.332,0.2844395808338359,17,8,0,5,0,1,0,0,0,0,0.8900660896534756,0.8979649582694464,1.4009024889891046,0.8127523794509566,0.5216095537422836,4,0,HP3,0,1,0,0.23496357341929242,1,4,0,0,0,0,0,1,maintenance,3,0,safe,low,critical,0.32110326086148155,0.6647099359219482,1,11,34,48,13,4,91.12813374256172,12.658981600553542,16.928912900327507,66.92500643838277,37.486169382239886,62.342140192287175,332,0,355,668,0,568,2,0
2021-08-26,2021-03-20 17:56,1824,2021,5,21,196,4,4,-59.3968411939059,-21.89350100294866,-63.436807614379575,25.404833279304164,9.1098041656616,27.504372446782103,4.508931790073234,13,0,0,activity_575,95.89674442700822,extended_mission,1.824,0.9353690161355955,9,5,1,1,0,1,1,0,0,0,0.26662629877655275,0.4560363795722985,1.3347024351965322,1.112151441046132,2.06692438967394,2,1,SEIS,1,1,1,0.749748832427295,0,5,1,0,0,0,0,1,routine,3,0,safe,low,nominal,0.5217942021405204,0.8617030310768024,0,24,49,24,8,4,78.18521895321466,4.424221026811681,11.890266041882104,51.51174169789624,99.96088694922254,94.93656497813646,1824,0,0,0,0,0,4,0
2021-04-09,2021-04-23 04:41,1847,2021,6,1,180,4,5,-54.65008975196321,-32.62932808785638,-52.37501690491654,13.49595985461273,6.621033871748791,7.019875686132892,4.5483356267259145,2,0,7,activity_576,44.613561476598,surface_operations,1.847,0.6764926134233603,32,1,0,4,1,0,0,0,1,0,0.7352846710907797,0.8887495886000583,1.4765750318871622,1.3053047723346027,2.1497958328564737,4,0,IDA,0,1,0,0.4641548530052091,1,4,0,0,0,0,0,0,maintenance,1,0,safe,medium,limited,0.7400892638280006,1.5169411289231194,9,23,29,36,18,2,48.98511732168031,98.70638042348745,28.350790670647687,52.80303048951731,68.23245786079914,12.522593293323359,1847,0,0,0,0,0,1,0
2021-05-16,2021-07-14 22:40,219,2021,2,4,12,4,10,-64.31234187601493,-59.250838038968354,-56.477568972658275,20.48621761308258,10.096494498609683,35.522165246346,2.2936805180060924,14,0,2,activity_577,249.18081510327812,extended_mission,0.219,0.13567262696898819,34,9,1,4,0,1,0,0,1,0,0.39175299576836187,1.7913965151149596,0.7995679093896323,0.5054001182122665,0.9221635436773075,1,0,CAMERA,0,1,0,0.952922143555439,1,6,1,1,0,0,0,0,maintenance,0,0,degraded,high,limited,0.5572162323593668,0.6097370320913664,5,12,41,43,15,1,45.62107542826056,36.33726261801294,98.33526147022265,23.188762100722627,22.200483525247726,71.54074548264956,219,0,468,781,81,681,1,0
2021-09-28,2021-02-25 00:08,786,2021,6,24,307,2,8,-56.35974395634822,-28.32494575080942,-53.95442319887622,26.2974434611442,17.46081179635381,17.488638394470776,2.1958470877681977,19,1,2,activity_578,238.27588998287982,surface_operations,0.786,0.43299992650137265,28,6,0,3,0,1,0,0,0,0,0.7043457297624317,1.2252129331968493,1.1565106489473633,0.47328601846161666,1.6900450947102683,3,1,HP3,0,1,1,0.21027353362636403,1,3,0,0,0,0,1,0,science,4,0,safe,medium,critical,0.5800860948693269,1.7096788515431025,0,3,83,9,0,4,70.45198936276435,44.02837136399823,87.83876662526463,13.76861317199417,26.03385838990089,48.95396852523033,786,0,0,214,0,114,1,0
2021-11-16,2021-11-02 18:22,1694,2021,9,14,243,6,7,-69.74892520861849,-34.58601441056168,-53.67580969210407,17.136803755993334,14.717641838147186,26.480401112239154,0.8597871105990155,18,0,4,activity_579,280.4214177188295,extended_mission,1.694,0.4302459965387463,17,6,1,3,0,0,0,0,1,0,0.37989288742636884,0.4695012240981408,1.4778466457450339,0.3180320514456134,1.3809883512824024,1,0,CAMERA,1,1,0,0.6060479492740166,1,5,0,0,0,0,0,0,maintenance,1,0,nominal,low,nominal,0.5547254187347499,0.8677046543784033,9,24,41,20,0,0,16.798199614088716,57.707134726329215,22.607750732223742,45.93764568438726,55.29173528064464,27.442975698183105,1694,0,0,0,0,0,0,1
2021-05-07,2021-10-24 12:40,1725,2021,6,21,71,1,14,-86.98448079878006,-56.99006868012886,-56.08278562675076,9.437346960239891,2.085251190687909,14.178524069091274,3.839208622703045,16,1,2,activity_580,18.40238198197838,extended_mission,1.725,0.8260871595640286,38,6,0,2,0,1,1,0,0,0,0.11376308266075857,1.5227614405444396,0.5069803244561271,1.6088004737732506,0.6407531302589247,4,0,HP3,0,1,0,0.551894649105209,1,6,1,0,0,0,0,0,maintenance,4,0,degraded,high,critical,0.8855995338244314,1.5737756964437142,6,16,55,28,16,0,51.72742897664144,51.15877622667807,56.91730278073464,82.82763941786627,74.22595488375575,85.62449939458833,1725,0,0,0,0,0,3,0
2021-06-03,2021-01-15 00:20,175,2021,11,13,254,2,12,-73.62219274916413,-34.403846518764645,-61.22676021495448,15.306731482509992,8.91449969583719,15.568256174510887,2.0382231413481104,3,0,0,activity_581,221.4292321126875,surface_operations,0.175,0.4723053741600084,28,9,1,1,1,0,0,0,0,0,0.6389048070795282,1.255109708239035,1.1418898092248384,1.5221768009468495,2.7838817788745085,2,1,IDA,1,0,1,0.12014243835559513,1,5,0,0,0,1,0,1,maintenance,3,1,safe,medium,nominal,0.38931888478305665,1.8080804807462383,2,20,54,8,19,3,41.68598201759839,50.17085304781149,76.96967509738684,63.64155853388137,84.14206919413334,48.643345858789374,175,0,512,825,125,725,1,0
2021-04-19,2021-05-08 00:19,1281,2021,6,22,205,0,0,-70.35727875898806,-49.870690591276805,-34.285136632509776,7.126472040127142,3.0797418220351114,16.21786865961304,4.638965006736767,19,0,6,activity_582,157.44625378676201,surface_operations,1.281,0.161578981859815,43,8,0,1,0,0,1,0,0,0,0.14147622652144515,1.0445690011153488,1.081249394608175,1.2367032157619455,2.327842811001549,1,0,SEIS,1,0,0,0.14917209811066,1,1,1,0,0,0,0,0,science,2,0,degraded,low,nominal,0.7114370366595175,1.2564715580497587,9,28,43,31,11,4,83.37176000659971,42.64798355163156,64.7675819097549,29.78047796657074,63.30033094497642,91.27924450292751,1281,0,0,0,0,0,3,1
2021-08-20,2021-03-07 11:00,1469,2021,8,28,273,6,5,-51.4771025239956,-28.33264740443004,-51.65835693948206,6.893143856593902,11.155671177690747,21.71530994242686,1.4692397326937516,2,1,0,activity_583,9.263507473349915,surface_operations,1.469,0.2594883220680264,24,5,0,4,0,0,0,1,0,0,0.4951360099754766,1.9128231560634446,0.7213133181106953,0.6314280623522288,2.01112390709691,4,1,APSS,1,1,1,0.37398778502856167,1,6,0,0,0,0,0,0,science,1,0,degraded,low,limited,0.3055374952884771,1.828434365591241,6,0,65,3,15,3,11.2246007544896,85.7169164309525,20.996760869360443,64.31517453797217,51.616636618325906,54.43899118738537,1469,0,0,0,0,0,4,1
2021-06-21,2021-11-07 18:27,740,2021,10,18,13,2,13,-54.12987578567109,-51.76751168895346,-72.94228453336845,22.728896595056653,16.91655106780584,29.534776722925965,3.3970746484797236,7,0,3,activity_584,249.93164268702913,extended_mission,0.74,0.4765435437772939,6,8,0,1,0,1,1,1,0,0,0.9330531256088477,1.1266936068044386,0.9810998812079393,1.7941561328903186,1.4598249709711915,2,0,SEIS,1,0,0,0.0948396923501621,0,4,0,0,0,0,0,0,routine,4,0,safe,low,limited,0.9216030570381153,1.657634546340498,5,2,24,12,14,0,9.18933169980195,61.848776927257084,55.7037560644139,95.3603531547857,16.21301391467457,65.61329442444077,740,0,0,260,0,160,2,1
2021-09-12,2021-12-04 00:29,1131,2021,4,25,13,6,14,-51.686459326955635,-36.65655951329404,-49.38693383784251,16.758090725093002,4.6269346317540965,18.433133873077068,4.954576161308039,11,1,8,activity_585,95.76097327431647,surface_operations,1.131,0.8665257989815097,11,8,1,1,0,0,0,0,1,0,0.9644666203301038,0.36403805255473987,1.0939842838125027,1.6787578510444532,2.8742084323856267,0,0,CAMERA,0,1,0,0.7672083134254705,0,6,1,0,0,0,0,0,maintenance,1,0,safe,low,critical,0.9426572099583785,0.8569083950009142,6,8,56,27,12,4,62.3449895305657,58.62329891525718,33.80121877138049,29.58936675458872,34.724446166228404,48.98833384988202,1131,0,0,0,0,0,0,0
2021-11-03,2021-02-03 07:19,149,2021,8,4,159,6,12,-82.43641112949832,-20.625256636547434,-67.65926126455436,18.8115998744218,13.38891550458445,33.68236649569921,2.566686734531081,7,0,5,activity_586,93.10193624121572,extended_mission,0.149,0.6580055798004539,7,2,0,1,0,0,0,1,0,0,0.6752553070938963,0.5796145566003739,0.5775332582237068,1.795378500106191,1.1740740699070131,3,1,APSS,0,0,1,0.1059794132715276,0,3,0,0,0,0,0,1,routine,1,0,degraded,medium,critical,0.4940218889103772,1.5188755467102675,6,17,2,37,9,0,19.57697904530803,63.92201393146713,13.13425258350398,14.869381066578546,32.820524162793184,40.190642407283065,149,0,538,851,151,751,4,0
2021-01-09,2021-05-06 14:59,1173,2021,9,27,21,4,12,-41.669683167025696,-42.13192648223199,-33.25538403604223,12.476577455417008,8.012525198083463,18.869917462361173,2.9573547454158997,8,1,9,activity_587,114.95909057828075,extended_mission,1.173,0.4965259546767925,25,7,0,1,0,0,0,0,0,1,0.14589058626756118,1.0804923882198916,1.3336244434653122,0.6773015585870673,2.2925327844277694,4,1,WTS,1,0,0,0.9414396085880875,1,4,0,0,0,0,0,0,maintenance,4,0,degraded,low,nominal,0.6013589922026525,1.9650551810012526,2,6,22,0,6,2,29.475728755448426,48.891271381574086,38.42596300680694,62.982696424824844,19.384493065155883,25.99392901342833,1173,0,0,0,0,0,2,0
2021-02-26,2021-02-07 20:44,800,2021,6,3,234,4,4,-68.56214370375947,-46.412030109049844,-56.79967182175828,24.88701568951658,4.467180198090219,21.464649587497348,0.5900385432678424,17,0,0,activity_588,130.15454957943243,extended_mission,0.8,0.28223594223480974,20,9,0,4,0,0,0,0,1,0,0.4245095470718222,1.0965033235379693,0.9310954213274415,0.7206379719143083,1.2371374017745955,3,0,CAMERA,1,1,1,0.976188040691924,0,3,0,0,0,0,0,0,science,0,0,degraded,high,limited,0.6343255528400691,0.8487256275992787,1,4,16,23,7,1,37.64846634437578,92.15336144381871,28.63162855563701,47.323203452657125,74.66071822127729,25.753997103210725,800,0,0,200,0,100,4,1
2021-01-20,2021-12-05 04:54,799,2021,4,26,7,1,0,-68.97331396358574,-52.67934737243352,-32.78499075083263,29.08143716001246,10.227458236083818,21.421108116937987,4.553787797531769,18,1,4,activity_589,269.6367159894615,surface_operations,0.799,0.4251972568546142,11,7,0,3,0,0,0,1,1,0,0.11094530860567378,0.513141083819862,1.3082443270814872,1.1188806770887068,1.354145067467952,1,1,APSS,1,0,1,0.7771371637737367,1,5,0,0,0,0,0,0,science,2,0,degraded,low,limited,0.7426865021197799,1.3586980234317214,2,0,86,2,8,0,98.16156322500822,13.907533802071336,22.25200527878537,53.92674652219791,23.588170234380645,3.454978128168984,799,0,0,201,0,101,4,0
2021-05-03,2021-12-15 02:47,1498,2021,2,9,72,2,2,-74.3825920771014,-37.15788740462489,-74.58013403126989,22.77659521002818,9.699794849860483,29.52412220601776,2.5151279614084925,4,1,4,activity_590,353.3551470566468,surface_operations,1.498,0.21089814862448675,20,2,0,1,0,0,1,0,0,0,0.4192194101339335,1.135120101166834,0.7278564021175322,0.5038659334647424,1.0956566251656314,2,0,SEIS,1,0,0,0.5017669207840038,0,5,1,0,0,0,0,0,science,0,0,degraded,high,critical,0.8765029839190657,1.0112330332795176,8,19,13,37,19,0,45.31974821044765,76.24892324768155,7.659425164114841,7.0937122023444825,31.811073943283873,41.505278740387595,1498,0,0,0,0,0,2,0
2021-10-22,2021-08-12 04:25,17,2021,10,13,236,2,22,-46.04011823801405,-36.243953853555695,-50.92636744389455,8.286447302907744,9.780645146261017,18.95462793115354,1.9208834066256046,2,1,7,activity_591,273.8105297914201,surface_operations,0.017,0.8077939890869504,45,8,0,1,0,1,0,0,0,1,0.22726324982291976,0.4107091227405968,1.1386241421385146,1.5766614818763043,0.6681203142490473,1,1,WTS,1,0,0,0.6118181227776478,0,2,0,0,0,0,0,0,science,0,0,nominal,high,critical,0.7435137306446389,1.0679336397250854,4,23,80,2,6,3,99.23520577525188,69.79904404208828,95.58289492879524,34.99955331643185,62.75952334376038,51.168455357329215,17,83,670,983,283,883,3,0
2021-11-26,2021-09-24 01:54,1310,2021,8,28,327,0,12,-75.29524381369731,-45.797053175823294,-58.50862638711019,15.744287619706105,1.839162554491125,5.184722379620355,3.8120327923985085,15,1,6,activity_592,205.41826648790496,surface_operations,1.31,0.3070348199331858,12,9,1,1,1,0,0,0,0,0,0.6445399622687598,0.5959482475077443,1.0178023783769543,1.168996210005472,0.9570600991017417,2,1,IDA,1,1,1,0.8218413938586945,0,6,0,0,0,0,0,0,science,4,0,safe,high,limited,0.5387718646052869,1.1240897971929675,6,22,56,34,13,0,59.99588030552332,92.67158650404073,25.5028202084723,39.841166181514964,50.44995294385808,32.29019897866707,1310,0,0,0,0,0,0,1
2021-09-01,2021-11-02 08:54,1450,2021,10,1,83,5,16,-46.86299781710795,-59.49286491776949,-74.68455483785179,20.287598579491174,19.470418515801658,34.957671952389255,1.6340851066525324,6,0,1,activity_593,219.76680202865137,extended_mission,1.45,0.8226377470220774,16,1,0,3,0,0,0,1,1,0,0.20394056230997606,0.47508755825964655,1.0683515950260207,0.4539842186226554,1.0051153119897525,0,1,CAMERA,1,0,0,0.4997709716929386,0,4,1,1,0,0,0,0,routine,1,0,safe,low,nominal,0.3920629815134574,0.5650096814138945,1,24,97,41,2,2,83.1617307631748,73.55063521523434,27.642878498678314,75.33630228646338,24.499421350077256,67.52674618663609,1450,0,0,0,0,0,0,1
2021-08-03,2021-03-25 10:08,1086,2021,6,26,100,1,4,-57.13291244106248,-34.412677373346625,-34.01650673574308,28.698357651415762,3.5698665591405976,22.269834437285184,4.736524325673439,4,0,4,activity_594,216.0899967116323,surface_operations,1.086,0.5972176035440051,8,7,0,1,1,1,1,0,0,0,0.139747949761579,0.2721367943170891,1.4432761007696382,1.5159099187935587,1.8245651110344834,0,1,IDA,1,0,0,0.5909194630523716,1,1,0,1,0,0,0,0,maintenance,0,0,nominal,low,nominal,0.9340244217589508,1.853870742374516,8,0,13,27,10,3,23.347617373544672,60.66408852256573,91.65923653643955,95.02136073945267,0.44101339803103157,31.70750313763564,1086,0,0,0,0,0,4,1
2021-05-26,2021-05-11 19:58,259,2021,2,22,324,5,10,-69.0693929355225,-21.474791501328475,-48.74374349444338,8.459865891121577,10.918094196679142,39.77408017034848,3.0432725919467365,12,1,5,activity_595,224.1810888211118,extended_mission,0.259,0.6885290530689566,24,6,1,5,0,0,0,1,0,0,0.642966389810542,1.7385050529512964,0.8896616493053375,1.5654632080608089,0.5925711385268044,1,1,APSS,0,0,1,0.0420681422599567,0,4,1,0,0,1,0,1,maintenance,2,1,nominal,high,critical,0.5548493296054526,1.2443572688254092,4,17,73,13,3,3,64.25746256865897,78.462029238536,11.522289631597282,52.28842916487275,95.9431736270982,36.16603921760989,259,0,428,741,41,641,3,0
2021-08-07,2021-11-19 07:12,95,2021,9,2,146,6,22,-72.04573647039886,-21.520061507302664,-43.95257365665822,26.44409257306145,2.894781965214601,7.565085411680274,0.5518839357937511,2,0,9,activity_596,255.2526868772778,extended_mission,0.095,0.36576097752544,24,2,0,2,0,0,0,0,1,0,0.5819075943526464,1.9920480769198416,0.9440635513442363,1.1269073110496335,1.7563201557770944,1,1,CAMERA,0,0,1,0.29151354546914365,1,6,0,0,0,0,0,1,maintenance,2,0,safe,medium,nominal,0.6950401781982198,0.6056855822388157,1,20,96,34,19,2,32.165512703282005,15.223095675393427,98.72011549350138,74.62462791237681,41.47868823261813,93.59164308887068,95,5,592,905,205,805,4,1
2021-02-17,2021-06-16 01:58,1830,2021,8,21,18,2,11,-80.73631198362433,-35.7303339377462,-71.11031538261176,29.772591478829877,15.6876817634395,29.698307438277048,1.7045645282186672,14,1,6,activity_597,65.83335668446855,extended_mission,1.83,0.14784827996006256,23,4,0,5,0,1,0,0,0,0,0.9893724035533398,1.7580141070157902,1.387576351022483,1.3283565755743425,0.8997425767293914,3,0,HP3,1,0,0,0.7677336513707256,1,3,1,0,0,1,1,0,maintenance,3,1,safe,low,limited,0.5096759560104589,1.4080325772212443,5,5,53,26,15,2,45.33389987162968,52.41239176639966,69.50750787548786,81.24050050513972,65.94513865254497,97.7491993890093,1830,0,0,0,0,0,0,0
2021-08-04,2021-10-15 05:47,131,2021,5,12,46,1,5,-77.72508704367199,-40.06499207602597,-71.79579726345779,14.60767532483208,7.113519362194873,10.603554449562074,4.373576803737098,14,0,0,activity_598,126.45011893553504,extended_mission,0.131,0.8997079490377743,38,1,0,4,0,0,0,0,0,1,0.12414713574259328,1.420189420306924,0.5305457937354907,1.6812579193853934,1.9855750628710451,2,0,WTS,0,1,1,0.6740797897227073,0,2,1,0,0,0,0,0,maintenance,4,0,safe,low,nominal,0.37888381679062416,1.30861775071553,6,23,78,4,16,2,55.85917308556443,68.76025108296356,65.99469915212414,55.114619255693,31.07581455831301,37.779418491023876,131,0,556,869,169,769,1,0
2021-06-20,2021-01-13 17:02,1248,2021,4,5,109,1,2,-40.005015784885444,-46.170283186744484,-38.38260974735559,24.60943375322124,14.458532761453712,28.430270255053998,0.9889942666045747,3,0,5,activity_599,300.2730466702681,surface_operations,1.248,0.46247971243521424,39,5,0,3,0,0,0,0,1,0,0.7018263365272513,1.2616887237049936,1.0755282984954038,0.4654843140367073,1.3801529239133838,1,0,CAMERA,1,1,1,0.3614283883681766,1,2,1,0,0,0,0,0,routine,2,0,nominal,high,critical,0.5306833747017965,1.4873269903370734,8,16,64,37,16,3,93.0152772643822,18.48296236530995,69.50098897551132,96.46944826003045,11.950599220227808,39.91819901873145,1248,0,0,0,0,0,3,0
2021-03-19,2021-09-12 14:03,681,2021,8,1,16,4,5,-40.4995996621551,-33.77627877884726,-30.801193723128883,17.09138789211646,7.903859998734575,13.651491658965883,4.926074007974088,2,1,8,activity_600,10.68873423065467,extended_mission,0.681,0.5124684135884778,34,4,0,5,1,0,0,0,0,0,0.6080162169623504,1.7719267973605661,0.8158724235225141,1.19256988751595,2.1531042777387617,4,0,IDA,1,0,0,0.313242726183911,0,5,1,0,0,0,0,1,routine,4,0,nominal,high,critical,0.7349375169845116,1.6097926720458724,3,18,51,13,6,3,15.220244752845923,66.46950660295097,40.95069343892553,70.99984605701809,25.660022346323597,32.48718810667669,681,0,6,319,0,219,0,1
2021-08-12,2021-09-15 17:51,1717,2021,11,22,186,3,9,-77.41382608700435,-39.87208250979997,-61.41078250231408,17.65605512271014,5.552628980034604,39.30043314629978,2.717230555138855,15,1,4,activity_601,62.47670439640151,extended_mission,1.717,0.4905593748143612,39,7,0,4,0,0,0,1,1,0,0.25140487487560015,1.2051408376355854,1.276383258536333,0.6200827240334095,1.241111117419301,0,0,CAMERA,1,0,0,0.06430617505369707,1,5,1,1,0,0,0,0,maintenance,2,0,nominal,medium,limited,0.4022572134078756,1.130559213630923,9,16,77,32,8,3,17.618197467484066,79.32264368690369,85.15926000764415,21.121401350190006,71.35999924047854,61.513569116694825,1717,0,0,0,0,0,3,1
2021-10-23,2021-09-07 19:40,1232,2021,9,19,186,5,23,-59.77219563910683,-33.5995964285048,-50.98770893960969,14.777599215820814,7.034161941478354,36.207921735909174,3.0947887675119556,3,0,1,activity_602,151.61939244509506,extended_mission,1.232,0.4757100963867962,22,2,1,5,1,0,0,0,0,0,0.3371291044576057,0.6411365506874818,0.7109290681856034,1.4031330682271834,2.5464134989952947,1,1,IDA,1,1,0,0.623923901665791,0,1,0,0,0,0,0,0,maintenance,2,0,nominal,high,limited,0.46831260927853025,1.728613252906419,3,19,44,19,3,3,11.92774702689997,32.186013182343764,83.02212265183549,3.5201456190234737,23.940570730933995,42.47021916866676,1232,0,0,0,0,0,0,0
2021-12-24,2021-03-11 22:09,630,2021,6,15,55,2,22,-44.04486493609505,-54.91905709211452,-55.558614390951675,24.174590705553214,2.9627419095077423,37.65246367393296,2.8681358304406004,1,1,2,activity_603,88.88957526334879,surface_operations,0.63,0.8674501914945482,35,5,0,1,0,0,0,0,0,1,0.3838808195489415,0.8624301710084306,0.5283335606225802,1.4789032266156252,2.923332851897615,3,1,WTS,0,1,0,0.3677761326518467,0,1,1,1,0,0,0,0,routine,4,0,nominal,high,nominal,0.34477394043076615,0.7382914462151775,7,6,85,43,5,4,30.41746965444232,51.7837739402665,74.66609087147391,55.86924642532988,41.887183922356286,84.4922063927097,630,0,57,370,0,270,4,0
2021-11-02,2021-12-26 01:45,1051,2021,3,20,243,0,2,-43.41013990239682,-53.65865180410242,-54.03801048160359,12.881540900898205,7.134835780918198,19.20152234630264,4.783083549671023,18,0,6,activity_604,246.26401279739088,surface_operations,1.051,0.9514874716617904,23,8,1,1,0,1,0,0,1,0,0.546734752191062,1.0658446322199409,0.9830705149466918,1.7238510933769142,2.860911265841982,0,0,CAMERA,0,1,0,0.2505247399255255,0,6,0,0,0,0,1,0,maintenance,0,0,degraded,low,nominal,0.6797555604566593,1.9691691867969738,1,11,55,44,17,4,65.9106520995876,77.83474076177251,7.347029220420909,58.03687753447865,93.21686770363047,10.790191948157734,1051,0,0,0,0,0,2,1
2021-08-04,2021-11-16 17:06,576,2021,11,8,251,3,5,-68.29034184137899,-31.481217534135496,-60.739303357898926,22.862568667505546,11.022281480893009,13.59613492934533,3.5072396013831426,14,0,4,activity_605,161.95111435325884,surface_operations,0.576,0.821121238425679,28,3,0,1,0,0,0,0,0,1,0.27092221294752156,0.310591119235004,1.001617041186253,0.3423093196996167,1.6814477490381488,4,1,WTS,0,1,0,0.40468016435687815,1,1,1,0,0,0,0,1,science,3,0,degraded,medium,nominal,0.6574310868482361,0.7795623515501025,5,2,35,21,7,4,79.54129807355763,69.50828504054219,54.18123146047999,55.06302942753012,95.33875597006876,87.78687460802081,576,0,111,424,0,324,0,1
2021-09-08,2021-09-04 12:55,601,2021,11,3,286,6,15,-71.9522823130624,-37.06548746760637,-56.23923639274162,19.919933460264495,14.109554898014952,31.197106681910007,2.304300018174185,11,1,5,activity_606,49.54607984383315,surface_operations,0.601,0.24748032594110603,7,8,1,2,0,1,0,1,0,0,0.5180599046228723,0.5197501880791549,0.7111915588905651,0.850242651163394,2.4033692467521437,1,1,HP3,0,1,1,0.6948427653364212,1,4,1,0,0,0,0,0,maintenance,0,0,safe,medium,critical,0.535361095074419,1.4382101801249096,3,16,13,28,16,0,88.93545167012104,59.47308822631459,21.61492393191795,57.622138405177324,17.906224793013724,14.082792768729302,601,0,86,399,0,299,4,1
2021-10-09,2021-02-18 00:10,970,2021,12,3,160,2,9,-77.23517399784947,-45.8615600930332,-68.57247559460576,24.385024566229678,4.7540656791770575,7.391209528127682,2.457989297109035,12,1,1,activity_607,357.10769676730587,extended_mission,0.97,0.13359755989601552,28,1,0,4,0,0,0,1,0,0,0.3205425530245654,1.9151105413817038,0.5853842495198551,1.5240222401143233,2.730130383297068,4,0,APSS,0,0,1,0.6845107130902602,1,6,0,0,0,0,0,1,maintenance,4,0,nominal,high,critical,0.7808731213206543,0.7023585864270132,2,11,61,19,11,3,7.65065397195408,19.474628627619296,42.05887478523671,88.78409778153747,53.19144245347272,74.84928917339906,970,0,0,30,0,0,3,1
2021-08-10,2021-07-20 16:21,35,2021,11,12,267,1,22,-80.0140241495608,-29.730847451530206,-33.970162389477586,16.046678095041177,4.892441564232357,18.971184576919494,1.625348626950726,4,0,2,activity_608,99.00821921274341,extended_mission,0.035,0.2636355326353813,32,5,1,3,0,0,0,0,1,1,0.856490351751417,1.9487867548175044,1.2032619933081783,0.9190686383229025,0.8050273548008542,4,1,CAMERA,1,0,1,0.2265105424694983,0,6,0,0,0,0,1,0,maintenance,2,0,nominal,low,nominal,0.9742431375384251,1.4074931362055643,0,29,81,2,4,4,29.298266169984487,39.751262983254406,74.42667746364037,95.55499428380413,91.8965310182656,47.593378260958474,35,65,652,965,265,865,1,0
2021-07-08,2021-02-24 22:10,1277,2021,1,16,292,6,5,-77.51744794336051,-31.21361296159066,-73.6372113221554,8.296294912585616,9.989447406275591,13.006475207092326,4.092178342820621,17,0,8,activity_609,144.63451726013852,surface_operations,1.277,0.4451489565005845,28,9,0,3,0,1,0,0,0,0,0.6734530895211693,0.6632984253509923,1.2832878098783613,0.6039776569308477,2.9129308102420417,1,1,HP3,1,0,1,0.6432758823603356,1,6,0,0,0,0,0,1,maintenance,0,0,safe,high,critical,0.715329391935339,0.8769790269289917,4,23,73,41,3,0,31.096697578314327,7.7164721766256665,9.612532915029837,78.48799124851362,85.23330192456771,74.14076006110494,1277,0,0,0,0,0,1,1
2021-09-11,2021-05-11 12:20,679,2021,2,22,170,4,4,-85.7843704888764,-23.599222931655774,-34.37553894405695,25.700129966578267,4.606510683917955,30.406171359253808,3.1537045951879157,1,1,6,activity_610,161.03145203577373,surface_operations,0.679,0.9979820871278757,34,6,1,1,0,0,0,1,0,0,0.20017781181963112,0.3894596214428737,0.5433160194550157,0.7800667796404014,1.4955731061698105,2,0,APSS,0,1,0,0.9686705228017769,1,5,1,0,0,0,0,0,routine,2,0,nominal,high,nominal,0.8442828045552597,1.4755011928038901,2,10,96,32,7,4,56.615578180564654,58.5000062502539,21.000867128790958,62.90579816577115,77.06285954072553,88.5252225463847,679,0,8,321,0,221,3,1
2021-10-08,2021-04-11 12:12,734,2021,9,5,210,4,19,-48.01077536524415,-58.04600529961935,-69.36219936399036,18.90890026860487,0.857051357283698,19.39087924201948,4.889122916352246,7,1,9,activity_611,337.4255808183201,extended_mission,0.734,0.1041788387594983,43,9,1,3,0,0,1,0,0,0,0.32388684484701685,1.3859874867978201,1.0872160922389156,1.71965960061476,1.6140018889426435,2,0,SEIS,0,1,1,0.2918220637679737,0,5,0,1,1,0,0,0,maintenance,1,0,degraded,high,critical,0.4498401716019177,1.41135686930823,2,17,3,39,16,1,74.80386228745287,36.705812153069616,60.415347066536185,72.98428603179912,24.546325801944104,36.62738790841898,734,0,0,266,0,166,0,1
2021-05-22,2021-09-16 18:00,1345,2021,8,18,290,1,3,-48.1904634637724,-21.187752254174093,-71.24241396255908,11.167448268108691,13.51267230888489,33.21281131987839,2.056973412594635,19,1,9,activity_612,332.22799731516983,surface_operations,1.345,0.0815382734625093,33,3,0,4,0,1,1,0,0,0,0.8562623777189639,1.7531913203129177,0.675380962943985,0.5955538946294539,0.5404162737839928,2,1,HP3,0,0,1,0.9093101358098351,0,4,1,0,0,0,0,1,science,0,0,nominal,medium,nominal,0.37774661061550774,1.6648374270140487,9,5,69,20,4,4,21.96814505731355,81.38396760361528,74.70068019617804,60.914773818425274,23.882210312969743,17.185333261374424,1345,0,0,0,0,0,2,1
2021-02-20,2021-06-28 20:47,424,2021,11,2,28,6,1,-74.92683227584467,-23.41671330816046,-65.2465392028704,26.528865403164676,1.3728853945007335,14.122289655989077,4.879079956155385,13,0,8,activity_613,54.8540550928082,surface_operations,0.424,0.8570546524729953,9,2,1,3,0,1,1,0,0,0,0.7201131565257582,1.4403384706329065,0.9728153190109042,0.8861943163824624,0.6581106035675439,2,0,SEIS,1,1,0,0.9054290137251393,0,2,1,0,0,0,0,1,science,4,0,nominal,low,nominal,0.4146942627435203,0.5800205508874772,4,22,76,4,14,4,61.404844077153264,46.947951157763015,89.69581595077243,51.96209378963253,94.29349740741657,35.325299417990664,424,0,263,576,0,476,1,0
2021-08-12,2021-10-02 13:39,500,2021,10,6,55,6,1,-53.11380216888301,-57.555955361946076,-50.75929392456613,11.124817612226988,16.0325452274266,6.736476216781405,1.1577386628318438,11,1,4,activity_614,83.4961698948005,surface_operations,0.5,0.6828291704397419,37,6,0,3,0,0,1,0,0,0,0.40941664164277447,0.8486591997260975,0.951635397664296,0.9308075489248839,2.1778781309771906,3,0,SEIS,0,0,0,0.32327692246816186,0,2,0,0,0,0,0,0,routine,3,0,nominal,high,nominal,0.963318040859857,0.870999802152812,5,0,5,44,12,2,81.7108112676771,51.12199156446098,64.50293448834077,66.61523958274078,82.05344966050687,68.7926808978413,500,0,187,500,0,400,2,0
2021-05-21,2021-08-22 16:10,201,2021,12,4,81,4,4,-45.336544229115084,-44.3984940829084,-37.02915441273536,17.813697960444074,17.244171435258796,28.198842363206985,2.7892226327754575,8,1,9,activity_615,45.58186784156618,extended_mission,0.201,0.972508373716378,25,4,0,3,0,1,0,0,0,0,0.8012087761681516,0.4818075947624066,0.966930589943104,1.3918541788164978,1.1544189146199497,1,1,HP3,1,1,1,0.32061557913949434,1,6,0,1,0,0,0,0,science,1,0,safe,high,limited,0.9492960892877582,1.389095946999828,0,11,49,34,11,4,83.7466689422341,31.84328974169388,46.275108162977844,20.068254290108566,25.17166159247347,66.0420083343875,201,0,486,799,99,699,3,0
2021-05-07,2021-07-05 06:02,1815,2021,7,13,76,5,1,-74.31351256176664,-54.80873633112701,-55.32773192532985,5.6637260648370225,12.049188856853927,19.968262284954314,1.1368563536369156,1,1,4,activity_616,342.63018569613627,surface_operations,1.815,0.6648604909133798,32,1,0,5,1,1,0,0,0,0,0.39355579857684464,1.2466746949937062,0.9240692968309894,1.1379555831525912,0.8677237958245,3,0,IDA,0,0,1,0.4736690126837009,1,3,0,1,0,0,0,1,routine,1,0,nominal,low,nominal,0.6755060660499724,0.6710905665242463,1,16,13,13,11,1,79.07812688042154,29.332512441711568,86.65874573715189,72.26681359620729,83.39674095513405,70.860548474689,1815,0,0,0,0,0,4,1
2021-01-11,2021-08-08 07:24,951,2021,4,15,16,5,10,-45.59580294029287,-48.69631422820566,-64.90558906371422,29.906155184370363,4.151163375649773,28.291826135422372,4.787351111369931,14,1,2,activity_617,0.8110995608201454,surface_operations,0.951,0.5290962830436293,18,3,1,3,0,0,0,0,0,1,0.39671010584680366,1.718266204724679,0.5522511571226206,1.691430497186158,0.503404806096266,2,1,WTS,0,1,0,0.7252728914779526,1,5,0,0,0,0,0,0,maintenance,0,0,nominal,low,limited,0.7805416477793055,0.5704956087682818,3,0,63,16,0,4,53.61354723951893,37.02424116688881,67.56079081095312,55.36042722481503,0.7334840576062929,83.85497449620486,951,0,0,49,0,0,1,1
2021-07-07,2021-04-09 23:09,1420,2021,4,13,38,3,16,-69.38749382017164,-37.13481611159561,-73.5112270299206,24.790612931960755,5.737650910774532,29.26921482200373,3.922135631537425,10,0,0,activity_618,112.35123024586787,surface_operations,1.42,0.7234400819896458,11,5,0,4,0,0,1,0,1,0,0.4288191787136272,1.0066984896795095,1.4018811753051104,0.5769651716453077,2.5169588028086776,3,0,CAMERA,1,1,1,0.19869437982699145,1,4,0,1,0,0,0,1,routine,2,0,nominal,high,nominal,0.3616168204331588,1.257577444765339,2,25,26,6,17,0,15.785742649858836,87.26976901075663,69.26322366430688,43.136098752391014,87.79714966460944,90.54577382643157,1420,0,0,0,0,0,3,0
2021-04-16,2021-07-13 03:25,1657,2021,12,20,255,1,4,-44.40610422096334,-41.37571532157007,-51.32391544919557,13.258572648319637,1.0939134555035035,27.836841929360205,1.0383913604257504,16,0,4,activity_619,214.37659598325814,extended_mission,1.657,0.5691995521389716,16,4,0,2,1,0,0,0,1,0,0.6532782320570851,1.3837871195279876,1.2508958216961663,1.302301045890128,2.3643044881583215,0,1,CAMERA,0,0,0,0.33826544721009744,0,4,1,0,0,0,1,0,maintenance,2,0,degraded,high,critical,0.6460446043061072,1.6815786132119999,1,2,31,3,7,4,36.94775279844368,45.95851558500289,77.46007463887835,50.292921437095615,47.468029082507876,30.197213774184604,1657,0,0,0,0,0,1,1
2021-09-06,2021-09-17 01:22,796,2021,4,13,186,5,16,-50.11740789127947,-53.15080740546613,-47.6187547338977,6.283875393977668,10.990551518034392,7.236989151356957,1.291444658545943,10,0,8,activity_620,46.66679646152018,surface_operations,0.796,0.9269503714622503,26,4,1,4,0,0,1,0,1,0,0.6431606117327168,1.4374112592800123,0.7948236160214538,1.2042211745420657,2.44014142001661,4,0,SEIS,0,0,1,0.023646801070180357,1,1,1,1,1,0,0,0,science,0,0,degraded,low,nominal,0.693084486646678,0.5193793019499393,3,4,37,13,5,1,55.38040851592214,98.72478798987821,21.027348410435252,72.34653612268689,54.75337685093208,93.18068445933869,796,0,0,204,0,104,2,1
2021-12-22,2021-04-15 18:10,903,2021,6,26,15,5,20,-75.7553642872357,-32.54283330936941,-71.49836072313465,15.239331799219029,9.733382155037702,31.797148521469055,4.513875065767042,11,0,4,activity_621,292.42021199910096,surface_operations,0.903,0.09185731400205344,38,1,0,4,0,0,0,1,1,0,0.3369250912752122,0.3275397927724801,1.1401718446202866,0.3634527916088589,2.477734660460075,1,1,APSS,1,0,1,0.6692196058153472,1,2,0,0,1,0,1,1,science,1,0,degraded,high,nominal,0.9193573421309209,1.2776814426083813,0,5,51,34,16,1,65.23740979753524,60.85414390150126,26.427645440889147,56.331290453433645,70.85617642859818,58.48854073266983,903,0,0,97,0,0,1,1
2021-10-17,2021-06-23 16:33,83,2021,9,25,342,2,3,-85.26126738679542,-34.56527388451683,-48.728621571713944,10.50681417912152,5.260738471079367,32.055041512150964,4.068200136338998,14,0,8,activity_622,57.84394258864742,surface_operations,0.083,0.08290196412406015,25,1,1,3,0,0,0,1,1,0,0.5245731827184428,1.55847058764877,0.9808057942686337,0.42602212902386544,0.6996457384831609,2,0,APSS,1,0,0,0.9913814748505898,0,2,0,0,0,0,1,0,maintenance,2,0,safe,medium,limited,0.7603208007476037,1.622260689467133,1,19,75,28,13,3,56.25918487439486,56.336311299462864,94.35553162303798,92.93501781836675,22.029859181724166,93.10988219059293,83,17,604,917,217,817,4,0
2021-10-08,2021-05-08 17:17,1439,2021,12,4,104,1,19,-61.76947457679945,-47.30605015160675,-42.94041881520849,7.021791710645884,19.326151288504608,11.540030546119551,2.1067560378792023,18,0,6,activity_623,243.70782578238277,surface_operations,1.439,0.19538546461484174,48,3,1,1,0,1,1,0,1,0,0.614632898437606,1.0232027960216188,1.2655476496279698,0.8670864427149807,2.9679317698535908,1,0,HP3,0,0,1,0.1720720335332715,0,5,1,1,0,0,0,0,maintenance,4,0,nominal,medium,nominal,0.9413140529783086,0.6233623149331018,0,22,87,9,5,0,3.8310549257930315,43.20651399048629,10.585033686997846,22.088971947569867,78.74831774218829,49.48795471723842,1439,0,0,0,0,0,3,0
2021-12-23,2021-07-15 01:00,161,2021,4,8,305,4,17,-86.69478190558813,-26.784445358769524,-52.884784600382034,5.133809271604715,5.273204378791075,19.26938983922443,1.913876390520163,17,1,3,activity_624,182.87140436788928,surface_operations,0.161,0.7855766297789616,42,6,1,3,1,0,0,0,0,0,0.17568068660802513,1.4673260622206077,0.9825719536767757,0.500780839856483,1.1617764098672108,0,1,IDA,0,0,0,0.13820029334800976,1,6,0,0,0,0,0,0,routine,2,0,nominal,high,nominal,0.32616068655011876,1.2084026917150543,4,28,61,31,7,2,98.71551404272687,77.06407330017554,72.02375156836864,21.661558260714074,90.51566006162321,47.39207774877654,161,0,526,839,139,739,1,1
2021-02-10,2021-05-27 08:18,157,2021,3,9,253,2,19,-88.70498858948619,-38.38530551539847,-39.67582206005253,6.727521944634852,8.263457304930395,16.427894556053566,4.611495314084075,4,0,6,activity_625,8.013537871149957,extended_mission,0.157,0.4062720785338677,15,2,1,2,0,0,0,1,0,0,0.9161582029343559,0.713141061998189,1.3515507775127957,0.9674286543662318,2.295391739809326,2,1,APSS,0,1,1,0.6227894475031733,1,1,0,0,0,0,0,1,science,2,0,nominal,medium,critical,0.4315704023946118,1.228547582007306,8,29,55,1,12,3,36.63364424119649,8.35496771908547,64.14927795747117,55.24507256348702,4.034575873236779,75.22120269713118,157,0,530,843,143,743,4,0
2021-04-14,2021-07-17 00:56,1409,2021,12,22,338,6,21,-78.98983566593809,-28.499074362705844,-64.44222634063601,7.768237775987897,18.981611199890782,26.78645407230668,0.7701167724604964,8,1,6,activity_626,296.1641765483611,extended_mission,1.409,0.6405141507713107,49,6,0,3,0,0,0,0,1,0,0.2770785578698644,0.8735613360448606,1.0200971905153646,0.3522834859829176,1.6895125620557305,2,1,CAMERA,0,1,0,0.9909788159428666,0,3,1,0,0,0,0,0,science,4,0,safe,medium,limited,0.6384886857806941,1.5000605521021697,6,18,93,16,19,3,43.60083330858333,79.11253168580164,14.246074626040016,93.58103487724853,88.85046923914045,41.49050708666985,1409,0,0,0,0,0,1,0
2021-09-27,2021-11-03 06:21,51,2021,5,9,20,2,12,-81.62742697387422,-58.08585219796862,-44.241669536662215,8.029311480689842,1.146983064144691,20.46535664350641,3.8211186650385573,12,1,0,activity_627,153.65363604306404,extended_mission,0.051,0.4855250268103509,24,9,1,2,0,0,0,0,0,1,0.54906334523637,0.31978346247168093,0.6320417718292608,0.9508399228639208,1.8262670290102019,2,0,WTS,0,1,0,0.5584006889264675,0,3,0,0,0,0,0,0,science,2,0,degraded,medium,nominal,0.7917823210606685,1.4541277167083508,1,14,68,12,18,2,63.503784989315214,64.12051852605812,72.9621440965903,5.223655644411052,38.22105081732489,96.29367448796873,51,49,636,949,249,849,3,1
2021-12-23,2021-11-11 04:19,220,2021,4,21,41,3,17,-45.91781224095326,-42.669983049093005,-58.139039067289744,20.317473675474126,1.1594889211582604,29.196310619865898,4.020294224197611,7,1,1,activity_628,209.32786255273595,surface_operations,0.22,0.028818375140863495,32,3,1,4,0,0,0,0,1,0,0.4477199694917777,0.5147926327054329,1.008368668460704,0.9893902841111069,2.0603690571745807,4,1,CAMERA,1,1,1,0.7021922449640415,0,1,1,0,0,0,1,0,maintenance,3,0,nominal,low,limited,0.924480250217929,1.747864943382391,7,5,54,43,1,1,41.42287763413069,23.957614240561163,84.34904805269522,96.85838436107524,50.835410460708495,58.00760722466543,220,0,467,780,80,680,2,0
2021-03-02,2021-12-08 09:21,762,2021,3,10,152,1,22,-78.88366543977929,-39.287188053871695,-71.89529088451113,13.680308739742735,10.456724500409834,12.993801832997821,3.470846585816122,1,1,5,activity_629,28.29935646947208,extended_mission,0.762,0.42994605895677285,44,6,0,3,0,1,0,0,1,1,0.5477486495353999,0.5346182472245453,0.5579644635828032,0.7703010068667556,2.5149084162369575,1,1,CAMERA,1,0,0,0.49606205224393995,1,3,0,1,0,0,1,0,routine,2,0,nominal,medium,critical,0.7927633736359341,1.7909073540661313,9,6,86,6,3,4,22.45516016426898,0.6322089542650122,67.34804208983547,81.18775585564337,26.891135119805977,9.185039964427189,762,0,0,238,0,138,3,0
2021-11-07,2021-02-22 12:53,1668,2021,3,4,6,2,21,-72.08474187962072,-52.26487321853562,-44.45589413284696,7.543387363236549,10.338014308208583,21.688944793361976,1.8586562798527861,16,1,0,activity_630,24.742152566063922,extended_mission,1.668,0.3382332832327213,10,7,1,1,0,0,1,0,0,0,0.7974134445289646,0.402548222563038,1.2279140965719408,1.7864525051686415,2.894953579529407,4,1,SEIS,1,1,0,0.36522346532425565,0,3,1,0,0,0,0,0,maintenance,3,0,safe,high,critical,0.39205424887116214,1.1197703870720719,6,17,7,26,13,1,11.623498047732006,77.79606339555767,57.82271182165303,58.550275766448664,77.94521218958263,22.284468678595747,1668,0,0,0,0,0,1,0
2021-09-19,2021-06-24 08:51,20,2021,1,24,74,2,5,-40.783572666279184,-51.85272939930502,-54.65995778758055,11.784670082362531,18.45357767270357,24.28210576482871,3.104350065798684,18,1,7,activity_631,262.5759280348933,extended_mission,0.02,0.5134163438191972,38,6,1,4,0,0,0,0,0,1,0.10955730922926396,1.9805067213807694,0.9797343143725288,1.238309470850396,1.4001313895142888,4,0,WTS,0,0,1,0.9569962818093948,0,2,1,0,1,0,0,0,routine,0,0,nominal,low,critical,0.8620921183198151,1.4606760583175027,0,29,98,0,3,0,15.97549422179847,94.41443847686166,41.084061442751086,86.04502983763773,22.047959536778517,2.9028972204714787,20,80,667,980,280,880,3,1
2021-03-22,2021-09-12 14:02,1097,2021,1,24,318,5,9,-59.43873739759266,-48.22405331897619,-49.59911875281747,29.803735567403155,16.989401203047244,14.844790062083955,4.788294916627476,2,0,3,activity_632,268.4400613761774,extended_mission,1.097,0.359956800067445,30,3,1,4,0,1,0,1,1,0,0.7347371906574917,0.21413395288888848,0.8288612924425247,0.9580526055516245,2.006253572581918,3,0,HP3,0,0,1,0.13025927605307497,0,5,0,0,0,0,0,0,maintenance,0,0,safe,low,critical,0.9068528931986655,0.9607560457452542,1,13,12,40,4,2,35.165605584517955,16.57104870716264,88.41704198928149,98.85377576285121,4.9971728442829155,55.41133820902018,1097,0,0,0,0,0,1,0
2021-01-09,2021-08-08 06:24,1269,2021,11,16,305,0,12,-78.9176038903685,-22.81329303387561,-64.08909340797828,27.71049905452122,12.302181388980921,28.358163752022996,0.9920006735798227,16,1,8,activity_633,319.83986583316903,surface_operations,1.269,0.3369277257257317,38,8,1,3,1,0,0,0,0,0,0.9244103924683403,1.9560750600762433,1.3981309563845041,1.7973520853416216,2.6722721097536937,4,0,IDA,0,1,1,0.8766268316137537,1,5,0,0,0,0,0,0,routine,4,0,safe,medium,limited,0.700937829405019,0.8678008188922481,5,2,95,35,0,2,12.550354376320138,23.196575864069214,80.87225934492257,40.52705436401646,67.37848856449428,49.784849106634546,1269,0,0,0,0,0,4,1
2021-03-25,2021-07-25 03:50,1034,2021,10,8,16,3,9,-70.75590243535032,-51.78448957286103,-37.894985473228076,23.550012645502743,19.615059008086355,23.692619624818963,0.9014261979895095,17,1,7,activity_634,106.49582615735116,extended_mission,1.034,0.3968632108307323,36,8,1,1,0,0,1,1,0,1,0.3118408210615462,0.33175138037306606,0.6805603239009415,0.8459146165818323,1.1135942229803384,3,1,APSS,0,1,0,0.3745146176585483,1,2,0,0,0,0,0,1,routine,1,0,safe,medium,nominal,0.8857393011931527,0.5438981917036207,4,10,7,48,13,4,88.2366344872064,78.59738423823143,82.0749024411289,56.14845663323189,26.488494258265195,64.32310026609667,1034,0,0,0,0,0,1,1
2021-04-13,2021-02-13 12:38,1211,2021,5,3,218,3,1,-57.67474963969093,-43.01705723017584,-43.875894199861186,23.667047141293384,15.6612332714956,22.580433897512755,4.0623834990188,18,1,2,activity_635,44.66904515166816,extended_mission,1.211,0.3549649959096334,17,9,0,1,1,0,0,1,0,0,0.9928074097018026,0.9477022350142557,1.4277653986886856,0.544349292289197,1.010147105246299,0,1,IDA,1,0,1,0.31955526338552365,0,3,0,0,1,0,0,0,maintenance,1,0,degraded,low,critical,0.49322247195341756,1.4211565622304485,0,4,56,2,10,4,54.29917728080906,52.55596951738591,96.16841475759792,60.58747975685568,83.0517827748518,51.447724887569656,1211,0,0,0,0,0,4,0
2021-11-06,2021-11-15 20:16,1362,2021,2,13,279,0,0,-63.558882278050945,-30.314446441961582,-56.45993938508049,20.328724009414984,11.935293483401438,36.37100777058561,1.3072742290033812,13,1,9,activity_636,335.8547306208832,extended_mission,1.362,0.5197223250546673,9,4,0,1,0,0,0,1,0,0,0.9478124510233915,1.3006198010951955,0.9395757093582688,1.4330731819598503,1.7823368660419485,1,0,APSS,0,0,0,0.3461501479291219,1,4,0,0,0,0,0,1,science,4,0,nominal,medium,critical,0.6892909534130016,0.7599022945639845,8,12,86,39,8,1,61.63376672361268,33.549831819382824,51.31766685939557,90.93622946827357,35.00359705062783,33.5872862469788,1362,0,0,0,0,0,3,0
2021-12-25,2021-05-23 12:14,1012,2021,2,8,129,4,23,-74.07794910201707,-56.52676679450335,-50.90207518438116,5.362475445578947,8.875266030187518,11.24611014487549,2.157206197402212,5,0,3,activity_637,39.06806528163492,surface_operations,1.012,0.13578917824291237,6,4,1,4,1,0,0,0,0,0,0.5818744507295218,1.545528798134891,0.710533410908763,1.768723606122911,2.4522088275192093,1,1,IDA,1,1,0,0.6850277998768824,1,1,0,0,0,0,0,0,routine,2,0,nominal,low,limited,0.7031527178250543,1.1539222220604728,2,1,34,26,4,3,18.99857011860452,29.377359504186707,19.156692428599055,2.0495496358135634,26.982992504167036,4.646744596223917,1012,0,0,0,0,0,1,0
2021-08-10,2021-01-23 08:48,1117,2021,10,17,298,4,17,-76.969431459595,-57.621058136355245,-35.17711262621234,16.971451963201336,14.746439788846423,5.512727200845614,2.6966251519898794,3,0,7,activity_638,268.8987775187993,surface_operations,1.117,0.5388254026560503,10,1,1,1,0,0,1,0,0,0,0.44844765238549167,1.1246151126551325,1.0037555680901957,1.7334537591305443,0.8841632879153392,0,0,SEIS,0,1,0,0.73097884336962,0,5,1,0,0,1,0,0,science,0,1,degraded,medium,limited,0.5849608979507426,1.7311964246210432,8,12,13,0,0,2,63.74853137156331,31.76604655363703,63.51299045165304,77.0647188413619,21.69661782053389,58.13941318048397,1117,0,0,0,0,0,1,0
2021-08-26,2021-02-22 05:18,1586,2021,5,2,139,4,4,-63.42230791739276,-47.79094040473653,-65.06335616218443,27.299821751612644,19.73450131343095,13.814125561323314,3.7487018216144623,9,0,9,activity_639,154.04651257790272,extended_mission,1.586,0.27608672842124704,27,1,1,3,1,0,0,0,1,0,0.687280702030421,0.9319734485923477,1.2083359801659768,0.8062523674913002,1.7208877439818462,3,1,CAMERA,1,1,1,0.5461847026267495,1,1,1,0,0,0,0,0,maintenance,1,0,degraded,high,critical,0.9419714124164855,0.8450275095724876,9,23,81,1,0,0,60.789795554954665,81.61979899007139,99.60967117024472,4.486716627892462,73.93157589275293,98.9130889106721,1586,0,0,0,0,0,0,1
2021-09-21,2021-07-26 06:06,1896,2021,12,26,164,3,12,-71.59645859425213,-43.491633517592035,-74.10557719888557,14.52064492126324,15.267826822255248,23.045887862005877,3.456704373594091,8,0,8,activity_640,227.124079342785,extended_mission,1.896,0.3601804882530869,8,6,1,2,0,0,0,1,0,1,0.6775258484075084,1.527634949874064,0.622820248074299,0.6859949402751535,0.9852046974157351,2,0,APSS,0,0,1,0.4129382880483251,1,2,0,0,0,0,0,1,routine,3,0,safe,medium,nominal,0.9207376312110218,0.6626389659247498,1,12,67,32,14,0,49.28700328477893,43.08876185521453,22.85890892963154,92.30715356127646,31.78011206566754,56.74656607699006,1896,0,0,0,0,0,2,1
2021-12-25,2021-10-11 11:21,818,2021,3,6,256,6,12,-79.8290978665683,-21.400940014046924,-73.6037037169274,14.172483742745067,0.768357883915709,22.643510392378765,2.305289395126484,12,0,8,activity_641,282.3320483588801,extended_mission,0.818,0.25681814763992705,9,9,0,1,1,0,0,0,0,0,0.2697171954315245,0.27306472424799744,0.9614049448326614,1.0920703904209002,0.8177343123128409,0,1,IDA,1,1,1,0.5338430930386354,0,3,0,0,0,0,0,0,maintenance,1,0,safe,low,critical,0.533176554797388,1.210904305249228,5,26,33,43,13,2,68.88036640705155,34.67007167257956,41.42820747234062,56.28398170087364,29.400926382735005,20.90846595444418,818,0,0,182,0,82,1,1
2021-06-17,2021-10-01 17:45,1480,2021,3,18,120,5,0,-65.41626138560383,-57.52126937993346,-51.51282038096515,19.060446904589266,13.88301220355765,39.843972785733946,2.3971142682541164,12,1,6,activity_642,44.22407794636312,extended_mission,1.48,0.8315880675701003,15,4,1,4,1,0,1,0,0,0,0.41365030777941136,0.807648442429016,0.8286089806949405,1.725734393748812,2.9502695169643944,3,1,SEIS,0,0,1,0.3863092341154034,1,2,1,1,0,0,0,0,science,0,0,safe,high,nominal,0.3537451065805269,1.6850784027380912,0,23,44,3,17,4,86.74885453653216,61.351436811112535,65.96004978542749,61.38560694206747,53.11797776332966,17.197241097547156,1480,0,0,0,0,0,0,0
2021-12-12,2021-04-28 12:56,1757,2021,5,17,57,4,4,-42.71391225383389,-24.537980750829334,-71.18416985470783,19.3519003961865,19.20803637721637,31.14999764811545,2.713154872868027,2,0,9,activity_643,157.48161099294055,extended_mission,1.757,0.5286933243514326,41,6,0,1,0,1,0,0,1,0,0.8602864611100614,0.4529698022493611,0.5567275836288522,1.1038015241246004,1.210356544323815,3,1,HP3,0,1,1,0.7175078900915866,1,2,0,0,0,0,0,0,science,3,0,nominal,medium,critical,0.7186155314473708,1.7730047665015791,5,14,46,26,9,4,38.76926919447082,56.77520691282214,94.70592237086173,60.011775996813476,14.737819178039357,0.6996185476486727,1757,0,0,0,0,0,3,1
2021-12-25,2021-03-22 22:43,1798,2021,3,19,179,6,13,-66.39110586762457,-22.123301205383065,-65.87818142061711,27.835395849489938,15.110161530505914,17.88729192989166,4.131088788755182,18,1,4,activity_644,133.74482520509613,surface_operations,1.798,0.9299372032474059,13,8,1,3,0,0,0,0,0,1,0.4501274424264118,0.38693175397783,1.363036493244251,1.6840402701643995,1.7060659108910319,1,0,WTS,0,0,0,0.6325064100173552,1,5,1,1,0,0,0,0,science,0,0,degraded,medium,nominal,0.4132014015119613,1.6809197521552115,3,27,20,10,4,4,93.2262936542037,3.8803026524385054,60.435063630402155,64.3225105725295,29.506516021650352,99.24121831579298,1798,0,0,0,0,0,4,1
2021-07-11,2021-01-24 21:54,1161,2021,10,15,234,2,1,-66.4882438232003,-46.40925448846943,-51.633325811379976,23.21093014211648,0.013809489640985717,36.05241029561488,4.488632868552449,9,0,0,activity_645,208.56207988646918,extended_mission,1.161,0.41027487917129435,32,4,1,5,0,0,0,0,1,0,0.8199515135875732,1.9972529758539939,0.7575031747043648,0.3927016391693705,1.607508162872112,3,0,CAMERA,0,1,0,0.04332747772969037,1,6,1,0,0,0,0,1,maintenance,2,0,safe,medium,limited,0.6296827076206449,1.1045496853850156,2,28,41,22,8,1,31.840344092236716,94.64017349174132,87.95580933107152,23.391624424314394,96.54710148944436,85.35607594639251,1161,0,0,0,0,0,0,1
2021-03-26,2021-08-02 10:19,1655,2021,4,9,312,6,3,-53.292405241759425,-53.99947460318829,-39.96979397444479,13.986240398354914,19.734751159174607,33.30611304145046,3.4080060294414314,16,0,1,activity_646,60.08012603245882,surface_operations,1.655,0.22334978000933403,36,8,1,3,0,1,0,1,0,0,0.6342228916056222,1.4874457052876275,0.7301039548771385,1.5056531749461073,1.6996776502756918,3,1,APSS,1,1,0,0.7733578816103082,1,6,1,0,0,0,0,0,maintenance,1,0,safe,low,nominal,0.7328138474541639,1.2502960187967556,0,15,93,37,4,4,66.19282384736044,23.15598269633442,28.79178749350316,3.240636406262787,1.6403350113706971,51.36194572143569,1655,0,0,0,0,0,3,1
2021-07-11,2021-06-09 09:51,1020,2021,1,8,182,5,20,-78.66298247383766,-21.412593102279793,-55.532307395118984,5.039770662894342,16.75436597050167,25.988245645187998,1.2585135322413685,9,0,4,activity_647,58.79758411337081,surface_operations,1.02,0.794994361203098,48,6,0,4,0,0,0,1,1,0,0.49766079093138615,1.37782054844587,0.83444387587109,1.0739588944064775,1.2344486163758162,1,0,CAMERA,0,0,0,0.2357464654464556,1,1,0,0,0,0,0,0,routine,1,0,safe,low,nominal,0.9884220868933795,1.0934199287031579,9,8,59,0,11,2,69.13071428447816,35.27370066435347,64.71363822124631,23.303700655909807,26.525006495663238,31.41335169254049,1020,0,0,0,0,0,1,1
2021-06-06,2021-11-26 22:55,785,2021,7,1,74,6,13,-83.41185219180167,-22.47259852948423,-34.791175425048294,20.400797405935435,0.6482077767504668,31.294811343216253,1.2238484595863062,6,0,6,activity_648,222.01685868238667,surface_operations,0.785,0.6151156081733508,25,1,1,3,0,0,0,0,1,0,0.7791719528976431,1.0856298124481658,1.3471973294689379,1.3695411539993596,0.6933989307613657,2,1,CAMERA,1,0,0,0.32272392754167134,1,5,0,0,0,0,1,0,routine,3,0,safe,high,limited,0.8282283864353195,1.6681544563872894,6,18,96,46,13,4,84.75068265050881,33.415689260861626,63.82409644283808,74.04044529120519,3.519246532600062,38.46143058451984,785,0,0,215,0,115,1,0
2021-09-22,2021-12-24 00:21,831,2021,6,24,117,6,13,-66.47997901777359,-47.031036625104825,-41.547588436866434,18.052529630157487,18.279115487772795,27.76087701634551,1.4535345150228758,14,0,6,activity_649,298.5527648212119,extended_mission,0.831,0.5295400409668019,11,5,1,4,0,1,0,1,1,0,0.11176231155813082,0.9325298689742236,0.8091833990950363,0.8730369566091278,1.745193361932784,0,0,HP3,1,1,1,0.8221972796659743,1,6,0,0,0,1,0,0,science,0,1,safe,medium,nominal,0.972904674056954,1.9210971295205694,7,20,88,19,0,4,66.51876008899379,62.90726328617707,19.300470457058616,35.77965228941896,72.31362220325121,1.6898738851223394,831,0,0,169,0,69,4,0
2021-04-20,2021-09-07 15:05,318,2021,12,25,323,3,19,-75.13675397024164,-56.401592387579655,-64.95846505027146,12.124306244960144,6.883512256721294,27.188846688556968,1.016927051287433,6,0,6,activity_650,202.70775421708962,surface_operations,0.318,0.7991886918125005,29,6,0,1,0,1,1,0,0,0,0.6332430518199151,1.5374190503600649,1.359294478716927,0.8366280754910338,2.1520799568133087,3,0,HP3,0,1,1,0.601051036228891,0,6,1,1,0,0,0,1,science,3,0,nominal,low,nominal,0.7717363780186016,1.5899690409679037,9,16,82,29,7,4,94.60742942387682,40.80971122960052,84.81359982246404,70.06510846897459,96.77153721238093,42.86509425513522,318,0,369,682,0,582,3,1
2021-04-06,2021-03-09 17:55,592,2021,11,14,62,2,7,-81.7852620504285,-44.113313107752035,-65.42252657507801,21.56900961822364,12.3084167755941,18.339373837213884,1.0792288379052732,9,0,6,activity_651,167.64054354581427,surface_operations,0.592,0.27077476150420343,45,7,1,2,0,1,0,0,1,0,0.737325222551163,1.8464314977119385,0.5751716239192495,1.4239328123568276,1.7365166991487477,4,1,CAMERA,1,1,1,0.3712751404044883,1,2,1,0,0,0,0,0,routine,1,0,safe,high,critical,0.35851911564237676,1.8943952251141274,7,17,28,45,18,3,12.100121668120234,26.399872185388883,49.239676529179874,83.36295994572963,53.37234150203635,24.44635982310961,592,0,95,408,0,308,4,1
2021-06-02,2021-01-12 21:23,608,2021,5,24,349,5,16,-87.7489925271448,-53.68430955567768,-31.0885273229688,14.966526661029079,16.8681458374529,29.679985363200892,3.2244289664722983,19,1,9,activity_652,164.48100530801267,surface_operations,0.608,0.45488966246915363,49,6,0,4,0,1,0,0,0,1,0.8294242052554555,0.945673901014179,0.8301476233764892,1.1769226560564858,1.7978838874211358,4,1,HP3,0,0,1,0.47434305086675554,1,2,1,0,0,0,0,0,routine,3,0,safe,high,critical,0.766905523178091,1.241032633611756,7,5,46,33,11,1,93.57145460285334,92.17291549891718,81.83050442007625,68.8235878597892,91.36778940274637,71.41815918326391,608,0,79,392,0,292,2,0
2021-04-09,2021-05-04 08:17,1827,2021,11,11,336,1,15,-79.97471576542733,-28.394100114910486,-48.90970263155191,14.014821260910159,5.730882836157547,24.70983549010931,2.453009444419584,4,1,7,activity_653,228.03761479309867,extended_mission,1.827,0.9749804755814343,9,6,0,5,1,0,0,0,0,0,0.4450829993548483,1.9406603154651152,1.218916526731706,1.3307592834330708,1.080135804226867,1,1,IDA,0,1,0,0.062250412222387475,0,4,0,1,0,0,0,0,routine,1,0,nominal,medium,critical,0.5924465697774515,1.532721704846074,4,1,5,4,14,2,49.55690112705492,94.44957613471799,2.320263058149352,79.43318238200389,25.181035045387933,18.50169432937917,1827,0,0,0,0,0,1,0
2021-08-21,2021-04-05 07:57,1886,2021,7,22,58,4,9,-47.38125309028758,-32.81553494332266,-61.910344940926386,5.423229291756836,18.769806847360925,19.148860826098666,1.2932008114518363,6,0,9,activity_654,141.1264521118149,extended_mission,1.886,0.4632516409975973,37,4,0,4,0,1,0,0,1,1,0.31267144928382895,1.3736704595036675,0.7336095262905608,0.6978494311200267,2.6200232670078902,0,0,CAMERA,0,1,0,0.6656173857957038,1,2,0,0,0,0,0,0,science,3,0,nominal,high,limited,0.9492838660765133,0.863236999559043,9,11,67,48,18,1,21.87286630007993,22.298167447789673,90.62544481980713,78.09047646249445,3.6572667629879207,94.27228082583714,1886,0,0,0,0,0,1,1
2021-04-28,2021-09-15 22:30,894,2021,11,20,252,0,9,-41.71870739334678,-55.9947865640879,-50.66179270000063,8.311415425207652,17.799559269315097,25.57119353074154,1.5557152271599786,5,1,0,activity_655,274.70421562632833,extended_mission,0.894,0.33199681482662213,9,8,1,3,0,1,0,1,0,0,0.8284665691199705,0.9120802104292065,1.1527105852626278,0.8170502307618084,2.1726838288761927,3,0,APSS,0,1,1,0.47563619730927653,0,4,0,0,0,0,0,0,science,4,0,nominal,medium,critical,0.5196746163793845,0.913805251741124,1,24,13,24,15,1,15.246227420422088,91.46185893704599,13.311161322235876,87.00369681977288,35.23792913059312,10.543409303413931,894,0,0,106,0,6,0,1
2021-04-23,2021-08-11 23:35,1557,2021,9,8,16,2,12,-46.64276857094397,-21.356394998396894,-41.19809843221056,19.975180317541394,2.8466405226203384,7.590993173065887,3.182120953381405,14,0,1,activity_656,98.71000681258492,surface_operations,1.557,0.34127889603146055,45,9,1,5,0,1,0,0,0,0,0.47429865961679074,0.5793382022458394,1.1184528050181868,1.0164566108592548,1.4357849619378196,1,1,HP3,1,1,1,0.124266498863284,1,6,0,0,0,0,0,0,maintenance,1,0,degraded,low,nominal,0.3053837251841183,0.9678311047829271,5,17,22,45,15,1,84.77541615550496,70.45643960865894,12.526232935486536,64.45618912695834,15.16798073055432,65.47909202749187,1557,0,0,0,0,0,1,1
2021-02-28,2021-07-18 19:35,466,2021,10,23,188,2,12,-69.71452355588238,-52.0034386482681,-49.0128995577145,22.80812234815642,17.120353135016714,27.644391653931205,3.600541495646657,12,1,3,activity_657,278.0461516007676,extended_mission,0.466,0.26625868051275836,29,3,1,2,1,0,0,0,1,0,0.3431319372082934,1.068825671788505,1.4575956159300172,1.7457194907602511,2.3593505853413896,0,0,CAMERA,1,0,1,0.4820640954377132,0,1,0,0,0,0,0,0,maintenance,3,0,degraded,low,nominal,0.6608868452971668,1.9920055421662703,2,6,37,28,0,3,99.12696131422607,24.402009603951047,87.28169460108462,91.13013346726142,81.75547811470192,11.408401655312861,466,0,221,534,0,434,4,1
2021-02-15,2021-06-19 10:38,475,2021,1,3,254,3,0,-73.68369675035831,-43.5252541599798,-39.28314752904031,20.889413434364375,8.834517808645382,13.74616781165953,3.938904359832939,18,0,6,activity_658,220.05712245072078,surface_operations,0.475,0.3238179864305918,10,9,1,2,0,1,0,0,0,0,0.29939663457994026,0.4447885715045252,0.7391553989305585,1.601097708807379,0.7648559686995605,3,0,HP3,1,0,1,0.9339576481267643,1,6,0,0,0,0,0,0,routine,1,0,degraded,low,nominal,0.7021586836304399,1.6518566498082863,1,7,85,40,18,3,11.527799128175708,87.54747749452244,1.119852538092525,69.28658695352891,76.86242298882978,56.78883041274288,475,0,212,525,0,425,2,0
2021-03-25,2021-09-20 00:16,1313,2021,12,9,54,4,14,-59.7720621154094,-45.521522550834064,-39.55000165413111,20.652055015616636,12.401610358258807,22.046497802705236,0.535670504006939,8,1,9,activity_659,56.8500933696364,surface_operations,1.313,0.38760506546959883,49,1,0,2,1,0,0,0,0,0,0.2288788641328276,1.9250664191888947,1.4334193116272158,0.4269122790549608,2.568413383819991,2,1,IDA,1,0,0,0.682244361432449,1,3,0,1,0,0,0,0,routine,2,0,safe,medium,nominal,0.7181488012315427,0.5061191490107373,2,6,44,10,0,2,54.63783265660116,65.58644141148928,74.60925681336367,22.425910243049042,33.600124763343416,41.23212113242347,1313,0,0,0,0,0,4,1
2021-03-04,2021-03-13 15:44,424,2021,5,10,232,3,7,-48.952030693173484,-21.278499099798964,-73.20993611710267,19.232095440876734,2.1060686605369616,28.813878520460207,0.5355150170362293,1,0,9,activity_660,68.68255088079725,extended_mission,0.424,0.0744353226972978,25,6,1,2,0,1,0,0,1,0,0.6601138811205519,0.9470822424413521,1.0259543102916242,0.8607445886624681,1.685896208969879,3,0,HP3,1,0,1,0.6703322636657936,0,3,0,0,0,0,0,0,science,0,0,safe,low,critical,0.5377480681431094,1.7571315419926696,5,7,20,10,17,2,78.74769280334067,92.42378324208434,16.31351145758052,42.78744837156345,43.32104017146088,35.44722504383542,424,0,263,576,0,476,3,0
2021-04-13,2021-01-20 03:50,1730,2021,10,15,207,0,2,-67.19264745008002,-39.917450813170205,-42.45941861251223,21.701507267474057,4.456698984137741,7.236337200977016,4.7716435841755525,8,0,5,activity_661,31.60462525878332,extended_mission,1.73,0.5171201847514267,28,7,1,3,0,0,0,1,0,0,0.9729382999380947,0.3046848950911266,0.9381746738409763,1.1052288630900349,2.47620444665841,3,1,APSS,0,0,0,0.919436181426128,1,2,0,0,0,0,0,1,routine,0,0,safe,low,nominal,0.9309535706894483,1.4403227048457252,1,22,92,18,5,3,38.84616415430829,17.52758608978604,62.357801125265546,95.58119675738904,70.05031694297048,12.348223396961489,1730,0,0,0,0,0,0,1
2021-10-14,2021-06-19 20:28,1221,2021,12,11,36,3,18,-43.82994171689381,-45.115885853970354,-54.786995329399545,11.067036586827493,1.3661555544818738,29.28743389755382,4.100237180673941,3,0,9,activity_662,72.62793963090733,extended_mission,1.221,0.027383424117601196,13,9,1,2,0,0,0,0,0,1,0.30028359440478813,1.4072012227769413,0.6729333699583308,1.4701834095914823,2.8075755996867837,2,0,WTS,1,1,0,0.7401944191296177,1,4,0,0,0,0,0,1,routine,1,0,safe,high,nominal,0.4148989755279748,0.691599922890431,4,15,57,4,0,0,22.79147410529093,31.934714797145737,90.80319856446545,73.48414908520641,97.23164286576183,89.31483630155543,1221,0,0,0,0,0,0,0
2021-06-28,2021-10-12 13:53,1425,2021,2,3,193,2,23,-46.21478348553523,-44.20407006635374,-61.12779377841524,17.721106070145453,8.845469848192305,36.98299539809564,2.6071562633365692,9,0,2,activity_663,222.51028216008268,extended_mission,1.425,0.8904078322560718,39,8,0,4,1,0,0,1,0,0,0.27445431490867134,0.7210702439533094,1.3864859692612423,0.5066024003590059,2.844516388536821,1,0,APSS,1,1,1,0.25582308996660164,0,2,0,0,0,0,0,1,science,2,0,nominal,medium,critical,0.9769829559588443,1.3740937388754655,1,20,58,9,18,4,41.47824613052333,17.769468884940242,76.12452023882328,76.2011097615281,99.5887906864061,78.0937261798164,1425,0,0,0,0,0,4,1
2021-11-25,2021-01-25 16:30,731,2021,3,13,335,4,23,-76.55709582905723,-40.09015349137024,-46.883813397385566,7.030397099987303,14.859745096152464,29.728303710614604,4.462059206531683,14,0,6,activity_664,149.46448892337702,surface_operations,0.731,0.2976056794644085,22,1,1,3,0,0,0,0,1,0,0.17747294781056608,1.86328332833288,1.1159262657416344,0.4988285999062347,1.0151473916345712,4,0,CAMERA,1,1,1,0.9110990368086574,1,5,0,0,0,0,0,1,maintenance,2,0,degraded,low,nominal,0.8841870310135798,1.1882455532713672,2,17,11,9,0,0,39.229229288179326,13.574152234246938,27.188179494902375,4.36726295660077,8.757960190845315,20.491911232821835,731,0,0,269,0,169,3,1
2021-07-10,2021-04-18 16:52,419,2021,11,26,237,3,17,-84.3955167707961,-30.602609392343293,-71.84156558118995,15.406046925555101,7.845784212266573,24.020597977630352,3.3321984744977997,8,0,4,activity_665,79.7470993324482,surface_operations,0.419,0.035084789724432075,11,3,1,2,0,1,0,0,1,0,0.5995118363214977,0.21118096381106607,0.8964115404429772,0.3612850313452943,2.133209833080392,4,0,CAMERA,0,0,0,0.6139480566935188,0,1,0,0,0,0,0,0,science,2,0,degraded,high,critical,0.9924580891740737,1.7709260729619554,5,16,91,7,18,3,8.983253916563793,80.71197741858128,23.686043589517915,6.0988207198948485,47.22746047349056,31.464585575291125,419,0,268,581,0,481,1,1
2021-08-16,2021-01-18 13:16,1952,2021,1,25,354,3,23,-43.63167079814469,-31.02914157359986,-61.95256874112297,10.55131545436506,19.913508675247126,32.02442242689125,1.623476633672034,18,0,6,activity_666,354.64574494169995,extended_mission,1.952,0.379792796234271,6,6,1,4,1,0,0,0,0,1,0.533271407284172,1.8967806789866717,1.1796383660574912,1.6401293409298638,0.9763823558742977,4,0,WTS,1,0,1,0.30862943807079135,1,3,1,1,0,0,0,1,maintenance,3,0,safe,low,limited,0.7635345919984643,0.6043285094593669,0,18,31,42,12,0,30.95378598109565,61.055113094767734,65.80410387073763,64.89807271981857,1.8544796278140097,15.227400774767885,1952,0,0,0,0,0,2,0
2021-05-06,2021-07-05 08:59,201,2021,11,25,247,1,2,-45.63945034791516,-58.36425269591675,-30.664844952356724,25.677196936461126,15.233242325873968,29.197701279912685,3.9662325001124525,1,0,9,activity_667,98.77886939912788,surface_operations,0.201,0.351600784668327,10,4,0,5,0,0,1,0,0,0,0.9101257595431304,1.2217164094330912,1.2812737544934492,1.6645304144576458,1.1090006591413983,1,1,SEIS,1,1,1,0.5914613930812666,1,4,1,0,0,0,0,0,maintenance,0,0,safe,low,limited,0.38333942718723113,0.5487798138982427,0,10,73,0,16,2,23.831915219943255,38.08021053976014,49.11336582536675,29.712887865868222,67.99009304266265,11.124945428839595,201,0,486,799,99,699,2,1
2021-05-25,2021-03-12 07:24,1525,2021,11,15,43,6,12,-53.01967335267014,-50.913195582905146,-54.39245993515404,25.471938778417798,18.30781070928939,30.29120277830222,2.4315278518982915,18,1,1,activity_668,42.58319355111769,surface_operations,1.525,0.8885739847602917,26,8,1,3,0,1,0,0,0,0,0.4934620564645199,1.1613470663597156,1.1257823547562318,1.0482608324827651,1.529050080276277,0,1,HP3,0,1,1,0.572783567692434,1,2,1,0,0,0,0,1,maintenance,0,0,safe,low,critical,0.47669494479817087,1.9332844697165732,3,4,43,17,15,0,72.50254232538752,3.1730976556135326,11.76900412623928,31.51104214386995,32.312841694632546,90.0515934478664,1525,0,0,0,0,0,0,0
2021-09-28,2021-10-02 16:31,1347,2021,6,28,148,5,22,-52.17163103373925,-35.7875387875197,-42.120950285873406,25.219165769743856,17.907857749387528,15.659775539177986,2.6343732212995867,5,1,5,activity_669,189.8878626193598,extended_mission,1.347,0.20948160210075628,47,5,0,2,1,0,0,0,0,0,0.8956037889890351,1.3585100595915207,1.100658454331333,1.0049322951730284,0.886865106735085,1,0,IDA,1,0,0,0.45572018705089945,0,5,0,0,0,0,0,0,science,0,0,degraded,high,nominal,0.7390112577478399,1.8231405911256817,2,9,44,6,14,3,42.80600801865584,55.24220133524926,37.46175112738861,15.681292947329084,10.252970882103929,86.82734663233012,1347,0,0,0,0,0,2,1
2021-06-11,2021-10-22 10:06,168,2021,8,5,209,6,1,-80.04086458105681,-43.585321768994376,-51.14680556269738,18.530345150101468,14.366746268943567,32.857935898874345,3.500838170573072,17,1,6,activity_670,111.40352102781486,extended_mission,0.168,0.572439020447636,19,7,1,4,0,0,1,0,1,1,0.3627933909035844,1.2700680478868722,1.3098270003151389,0.3904998827376347,1.1240223796995272,2,1,SEIS,1,1,1,0.4780024793583103,1,1,0,0,0,0,0,0,science,1,0,safe,low,critical,0.4857768677498947,1.3106569014715823,2,16,54,20,3,0,43.15988336384321,22.509685391235834,42.04553325247245,32.94498733700089,53.80148106865668,72.38668287886009,168,0,519,832,132,732,2,0
2021-04-15,2021-07-25 13:48,1259,2021,10,27,237,4,3,-71.9860003819038,-48.18294772623116,-36.87146111417604,17.8625319406365,12.92947128243882,9.516201837218233,4.680132172501596,7,1,7,activity_671,43.16802209894411,extended_mission,1.259,0.9575834982741539,8,2,0,2,0,0,0,0,1,0,0.2215958563890535,1.8515074350091834,1.1673094143866567,0.9314397525885576,1.8662460463141433,3,0,CAMERA,1,1,0,0.3848461181744145,1,3,0,1,0,1,0,1,maintenance,2,1,nominal,high,limited,0.48344483684883444,1.871144204142848,3,0,1,38,4,1,74.19994448088949,56.44676605002016,79.65422761796547,33.16789182047333,70.20144195069385,94.34426731373682,1259,0,0,0,0,0,3,0
2021-04-05,2021-03-19 01:13,990,2021,5,28,322,1,19,-45.15810925709409,-49.97859759543264,-56.541231036348336,25.610709102163167,15.171670237422141,9.641631285722488,0.9849959353835449,4,0,2,activity_672,314.3934823929722,extended_mission,0.99,0.8250186725207194,15,3,1,5,0,0,0,0,0,1,0.14070837277104126,1.3553026753716038,0.6644960280388202,0.6500069665908816,2.378265091238416,0,0,WTS,1,1,0,0.004849013209555886,0,2,1,0,0,0,0,0,routine,2,0,degraded,high,nominal,0.7675146369249122,1.9723465089391097,3,12,63,44,3,0,32.45550142402524,63.184450664247585,4.476508538311641,58.87860453018035,72.45907182109154,35.6326293475418,990,0,0,10,0,0,0,0
2021-04-11,2021-08-13 07:43,1602,2021,5,22,329,1,9,-49.20826051820908,-39.99359591667476,-43.73027368176226,6.940007674748676,16.9905745897637,34.14550647466178,3.62030921180018,1,1,7,activity_673,53.56236014557566,surface_operations,1.602,0.828640038986097,21,1,1,4,1,1,0,1,1,0,0.14539393183534732,1.8636821487868447,0.5881190133294932,1.1698961860283172,2.6791297030970544,1,0,APSS,0,1,0,0.05984603858624693,1,3,0,1,1,0,0,0,science,4,0,nominal,medium,limited,0.6014517301031985,1.021915955296487,8,28,10,43,16,3,57.35859979388103,14.623440659166231,75.56192702124204,37.29878878709927,92.0649928827672,38.76627233054065,1602,0,0,0,0,0,0,1
2021-10-17,2021-08-18 06:03,1083,2021,8,22,341,1,20,-67.65117915905398,-59.92584174073916,-38.19612628611474,17.32092647595634,8.797890396026958,31.64847098495367,0.783043470953424,18,1,2,activity_674,306.21783128917906,extended_mission,1.083,0.03863123194604279,16,6,0,3,0,0,0,1,0,1,0.2497370353688587,0.6694063162859295,1.158026683488274,1.7182394792571332,2.0393452076034446,0,0,WTS,1,0,1,0.03449972241104393,0,4,1,0,0,0,0,1,routine,1,0,safe,medium,limited,0.7085605948377935,1.632944229128077,5,28,42,3,3,4,21.374349523294732,28.360621785598916,5.491814665356253,27.53253038807486,92.28976767154042,18.760402325549986,1083,0,0,0,0,0,0,1
2021-10-09,2021-03-07 07:34,534,2021,6,14,103,3,5,-74.97027494490297,-28.911112637213805,-67.32796144140445,7.37477070676047,10.374630301077874,27.63575418084709,4.2574908675528285,19,0,1,activity_675,322.25476511246865,surface_operations,0.534,0.988699573546163,46,3,1,2,0,0,1,0,0,0,0.6797174502167931,1.1130618971728086,1.1341198218651831,1.6300839362757589,0.9145296657302278,4,1,SEIS,1,1,0,0.1666696597564481,0,5,0,1,0,0,1,0,maintenance,3,0,safe,high,limited,0.42637513880007716,1.212135685094384,0,29,34,44,6,1,37.579918855599814,53.655956776950156,95.55665751697674,20.26173088084242,45.89127986411703,1.537733434701516,534,0,153,466,0,366,1,1
2021-12-04,2021-06-14 09:58,210,2021,7,18,116,6,7,-78.08034529660708,-51.67252523989523,-43.3437252541351,27.01488732049409,1.5003336524424005,20.606770734033947,3.2322884914805354,8,0,7,activity_676,245.5844613212984,extended_mission,0.21,0.8375764311861553,31,4,1,5,1,1,0,0,0,0,0.16699320653778843,1.2092285475633515,0.8586646143495908,0.4450462706205839,1.2661222402319765,2,0,IDA,0,1,0,0.9516317437599976,1,1,1,0,0,0,1,0,maintenance,4,0,nominal,medium,limited,0.32637872086492165,1.205055912410212,9,12,54,4,4,1,84.82936501371239,5.467400559619451,46.739027858159,47.53115624659131,57.012239735751635,19.759419649401476,210,0,477,790,90,690,4,0
2021-06-01,2021-02-07 16:39,853,2021,3,16,52,6,9,-77.860450598668,-32.99605247298932,-56.63839444547179,17.828974582999884,16.426777974561105,27.939749092081875,2.5808610295158196,13,1,0,activity_677,231.56582233616848,extended_mission,0.853,0.5475592527778836,37,5,0,3,1,0,0,0,0,0,0.5794240236568351,0.3724427298810272,1.1192838608167905,1.7160111058548335,2.3067617815173946,0,0,IDA,1,1,0,0.18060758290152978,0,1,0,0,0,0,0,1,routine,1,0,nominal,medium,limited,0.7987200696271032,1.7427941606751678,8,26,9,15,6,2,0.6667545151270327,41.43450396394389,26.371640287957632,84.97365532216166,28.71258331229726,54.384547357804806,853,0,0,147,0,47,3,0
2021-08-19,2021-07-16 02:01,939,2021,12,10,190,5,1,-72.25303989121083,-36.18545759525672,-36.092774453013604,17.03995882701189,1.020994239763089,36.629362877311245,2.8265731109490004,15,0,0,activity_678,209.36548105141878,extended_mission,0.939,0.5577058403000075,46,7,0,3,0,1,1,1,0,0,0.24939415176294671,0.29820897511602984,0.6063486656498321,1.651936856390762,1.2009375165512677,1,1,SEIS,1,1,0,0.7444420462105642,1,5,1,0,0,0,0,1,routine,3,0,degraded,high,critical,0.8164912973057512,0.9242000713432912,9,13,43,43,1,2,89.1322973049878,47.76309520940417,52.08657970021019,52.910544215215936,86.87155697074847,83.99395069380007,939,0,0,61,0,0,0,0
2021-02-09,2021-05-26 00:58,1132,2021,7,5,291,0,22,-57.60185840607807,-55.80168689584876,-57.950599152142566,5.316962650682548,6.572876227601904,10.92741972513455,3.0031893268101655,1,1,7,activity_679,178.6442388915618,extended_mission,1.132,0.714625883420646,49,6,0,2,0,0,0,1,0,0,0.9725873856850965,0.9686583353151594,0.8949743686794117,0.35251861608773805,0.7972770154417059,1,1,APSS,0,1,1,0.563824146274359,0,6,1,0,0,0,0,0,routine,3,0,degraded,low,critical,0.8520274394287264,1.4010256688943215,4,6,68,8,14,4,47.15676644814424,12.524252620480214,90.50815495195867,45.239701922114904,13.055132864546016,39.08229715323095,1132,0,0,0,0,0,4,0
2021-02-25,2021-12-27 10:50,929,2021,12,25,196,1,11,-87.855598205753,-39.72320161737116,-72.70445043712066,16.420566911232065,12.577363186652736,31.065311699990758,1.1233940236728202,19,0,7,activity_680,47.00158922153688,surface_operations,0.929,0.8511187907758864,23,4,0,4,0,1,1,0,0,0,0.1726307392213859,1.5935098615219916,0.7531015244261074,1.3555005853243798,1.6877246970889768,4,1,SEIS,0,0,1,0.16035652342331974,1,2,0,1,0,0,0,0,science,1,0,safe,high,critical,0.9845323621367537,0.9176595699060435,2,17,24,27,11,0,64.22837302255665,20.559666499688124,98.46110797465622,86.9311220842194,13.215794981757778,85.91525629438817,929,0,0,71,0,0,1,1
2021-02-22,2021-03-11 21:17,725,2021,10,6,343,5,1,-55.96225992886951,-34.163694296238994,-67.96594500640957,27.199774616872713,11.715054660124135,18.383547100747975,1.275508842586039,4,1,4,activity_681,273.857813646866,surface_operations,0.725,0.6908988872276309,20,2,1,1,0,0,0,1,0,0,0.8391523484105113,1.7052443533999642,1.1676534275778807,0.9057466039086899,2.168217135159593,1,1,APSS,0,0,0,0.3437072171051635,0,1,1,0,0,0,0,0,maintenance,1,0,degraded,high,nominal,0.7219682619262426,1.314314715030436,3,23,15,10,3,0,85.21905331047824,57.76418333259878,86.64661472904807,77.85658253405535,95.32368029110623,6.436840502191554,725,0,0,275,0,175,1,1
2021-12-12,2021-05-10 01:07,781,2021,11,5,310,4,12,-50.2841760361581,-34.54546605064475,-64.05889443544235,28.279431397741565,5.190351391605079,35.46201883823404,3.3693832848724923,8,0,1,activity_682,282.9362796261279,surface_operations,0.781,0.49431020523457303,11,9,0,1,1,0,0,0,0,0,0.8722895524944145,1.093848546395518,1.0000253525626954,1.3111938436690416,0.7852264569331888,1,1,IDA,1,1,0,0.8721884263109887,1,5,1,0,0,0,0,1,routine,2,0,nominal,medium,critical,0.8524351957413316,0.5723439004923592,1,9,51,20,3,1,87.05989927350352,14.625056163064409,84.11744345678972,27.727772746766355,95.96252660491425,69.54967509006372,781,0,0,219,0,119,1,0
2021-12-20,2021-05-12 16:22,1598,2021,6,13,144,2,22,-87.69669521464705,-50.15929928505703,-56.1459289945693,14.24015975560552,5.460398428724405,6.426034324371938,1.852616181225391,18,0,3,activity_683,39.35550671519443,extended_mission,1.598,0.2907753475987136,30,2,1,1,0,0,0,0,1,0,0.6677175878795751,1.981018124705207,0.5411763977538057,0.5531051335460531,0.9477688632225602,0,1,CAMERA,0,1,0,0.9289247580766565,0,1,1,0,0,0,0,1,maintenance,1,0,safe,low,nominal,0.37354112968999875,0.713832039497244,1,18,93,29,10,2,74.01277102277271,24.20109887464774,10.354016192273752,17.56227664185561,85.46835719350085,70.5780291652024,1598,0,0,0,0,0,1,0
2021-08-10,2021-06-21 01:13,344,2021,5,7,203,2,11,-82.80258508425547,-22.3547556622445,-69.54065998134529,21.849542910621942,17.883203656453173,10.73403835334574,1.466283570029218,15,0,0,activity_684,214.8473945280436,surface_operations,0.344,0.12018366571275951,27,1,0,3,0,0,1,0,0,0,0.7844036686253373,0.6185115603321201,0.8736776701723821,0.43393668444759603,1.614066922883859,4,0,SEIS,0,0,1,0.37306170867702504,1,1,1,0,0,0,0,0,maintenance,3,0,safe,low,limited,0.6140146531814883,1.9953900818590689,3,8,35,31,4,1,38.009444553557884,16.64937835938418,98.1762069225106,92.4203253184804,80.45188242877641,94.37746756103707,344,0,343,656,0,556,4,0
2021-03-26,2021-11-26 14:49,1452,2021,6,4,132,5,12,-89.38356572306797,-21.258890434116026,-66.42169945215532,27.53259965612808,10.318900564525714,24.76013784139955,0.8785930458696127,7,0,6,activity_685,112.00463092505395,surface_operations,1.452,0.5259314943609428,43,7,0,1,0,0,0,0,1,0,0.8904503421308649,1.0427236692857493,0.7333603700806066,0.8003574921624743,2.617724532347343,2,0,CAMERA,0,0,0,0.24566932845424272,1,2,0,0,0,0,0,1,science,0,0,nominal,medium,critical,0.7309967753604815,0.8270189718992069,9,13,71,24,17,1,69.84610380239191,86.06541833177772,95.8796640839573,23.326488973275904,60.53611129876023,26.687398224589497,1452,0,0,0,0,0,3,1
2021-07-24,2021-05-09 21:43,1986,2021,10,16,189,1,5,-40.825112665038574,-23.058764696988028,-31.0372974701436,15.822937126000747,16.011265396817798,35.49260400693505,0.6991850846627412,16,0,8,activity_686,100.41254809089438,extended_mission,1.986,0.38874248675261425,10,9,0,3,1,0,0,0,0,0,0.6951798485187183,0.8359690174911467,0.6432789278968807,1.1284046450545087,2.0629479116881004,4,1,IDA,1,1,0,0.7781539637923898,1,5,0,0,0,0,0,0,maintenance,2,0,nominal,low,nominal,0.8673680490552809,1.4565557862167984,8,22,29,48,6,4,65.87027062096263,14.72684241652119,47.01676797705997,30.099764768366644,43.19706344999163,66.22468735307562,1986,0,0,0,0,0,0,1
2021-09-19,2021-08-15 09:54,82,2021,2,18,258,4,11,-57.772948403084094,-29.156528312520944,-45.63039499890624,14.938019325393673,19.83902193463863,6.453632544716562,2.7264013823584476,12,1,8,activity_687,95.6378510882181,surface_operations,0.082,0.5587074126296901,49,5,1,1,0,0,1,0,0,0,0.20812890416631616,0.8229597029471238,0.6860833316409385,1.3603741624241672,2.6800221337499694,3,0,SEIS,1,0,0,0.8789564074665988,0,6,0,0,0,0,0,0,routine,0,0,nominal,high,nominal,0.5565135388104169,0.8760649208621387,3,23,79,12,6,3,47.21951983405571,15.323151790598278,16.68798429286622,79.69684104789559,70.29931842231004,50.6527952539761,82,18,605,918,218,818,0,0
2021-05-08,2021-05-26 04:17,1371,2021,4,20,234,1,15,-50.41155927651725,-54.88246698719904,-57.269210149073515,15.230420740488915,13.289987567054382,14.74800775171621,4.272030221944108,16,1,7,activity_688,158.01807849422235,surface_operations,1.371,0.6266700536714184,37,5,0,4,0,0,1,0,0,1,0.8964046672766719,0.49609375925117366,0.8094770669195325,0.7235135728975985,2.843621401850387,0,0,WTS,1,1,0,0.010018257274248987,0,6,0,0,0,0,0,0,science,1,0,safe,low,critical,0.3449060131556644,1.8293470675737142,6,11,59,18,7,3,24.329207681628063,25.568262620738068,95.161940991218,72.9822918831074,13.369479258215344,9.284587812390676,1371,0,0,0,0,0,3,0
2021-05-12,2021-09-15 01:10,392,2021,7,24,115,0,17,-86.079582888187,-23.147913090074354,-71.65502039789193,28.82764719289186,9.828526694869275,22.96106043526524,4.046565824065068,17,0,7,activity_689,91.70505994950466,extended_mission,0.392,0.025466349044062864,12,5,0,4,0,0,0,0,0,1,0.4217877130833908,0.26936900011448767,1.3777219674406442,1.7157985096290944,2.0464090560926103,1,0,WTS,0,0,1,0.4617259154113508,0,2,0,0,0,0,0,1,routine,1,0,safe,high,nominal,0.5544042654739724,0.5582187574856625,2,1,46,2,15,4,34.69450738347065,63.30481223434574,85.21428585391418,28.654441037387958,7.862313213447392,20.4179891363218,392,0,295,608,0,508,1,1
2021-06-27,2021-04-23 13:37,425,2021,12,7,364,3,19,-62.64003747977194,-59.81641812027779,-39.295355514841745,22.27175330078397,6.517656091549931,21.238749887231318,2.524457737906771,3,0,9,activity_690,312.8252831009981,surface_operations,0.425,0.0970977015590625,39,7,1,5,0,1,0,1,1,1,0.6787567381608239,1.7263468034438654,0.5584087380905676,0.4792286896518426,1.292782308240835,2,1,CAMERA,1,0,0,0.22926542965380758,0,2,1,1,0,0,0,1,science,1,0,safe,high,nominal,0.5323642748782754,1.689078667751495,9,22,76,15,16,1,50.07656288003105,87.45867124007208,51.90712602536172,19.011112797749185,94.2833032104235,37.32906598769134,425,0,262,575,0,475,0,0
2021-12-18,2021-05-09 01:33,36,2021,8,16,284,5,18,-86.47478022315231,-47.449848570310266,-61.061689649395554,7.559531048584912,10.494331951331493,26.160246746953245,3.7796858523751817,13,0,0,activity_691,248.23728199369896,extended_mission,0.036,0.3552035022727461,15,3,0,5,0,0,1,0,0,0,0.3769046633115465,0.21548327317888763,0.822705189035198,0.8742962039588575,2.402583411808506,2,0,SEIS,0,0,1,0.5424166929335922,1,6,0,0,0,1,0,1,maintenance,4,1,nominal,medium,nominal,0.9258504562123906,0.9946962642459913,9,26,43,45,3,1,80.18665733261261,5.452148895148257,93.43665639919007,21.171744604038956,48.792614465705476,7.228096876630907,36,64,651,964,264,864,3,1
2021-02-13,2021-05-12 20:17,330,2021,8,14,175,1,4,-69.29226595590124,-26.481937069370225,-60.809367498123635,17.0565970828219,9.772771363073199,26.63034533820519,4.478080369055824,6,0,4,activity_692,218.4320452110857,extended_mission,0.33,0.2959200901005964,15,3,0,4,0,1,0,0,1,0,0.20989431336733938,1.5200200098489973,0.7634416046869135,1.3847688916383651,2.580634026788907,0,1,CAMERA,1,1,1,0.8687498165405088,0,1,0,0,0,1,0,0,maintenance,3,1,safe,high,critical,0.8631181728741968,1.1354872899294803,7,12,56,21,1,0,45.62565803457983,46.65935443740562,78.09362341997911,77.13309656055134,86.65639372196131,64.55326083408336,330,0,357,670,0,570,2,0
2021-08-04,2021-09-21 16:56,1020,2021,8,21,307,4,13,-44.02222270023855,-35.199730855386065,-58.52687601005428,22.823323200882307,19.19753973052549,37.13624322295416,4.91121414799694,19,1,1,activity_693,210.58865111748125,surface_operations,1.02,0.3838115677102276,6,7,1,3,0,0,1,0,0,0,0.7057708585081441,1.290782753584104,0.9468531007614127,0.8827830005187531,2.4661556132833926,4,1,SEIS,0,1,0,0.4714835242341192,0,4,0,0,0,0,0,0,routine,3,0,safe,low,critical,0.45419611745784744,0.598111318761366,4,16,92,28,15,0,50.817171254879526,19.871069980936053,78.19840857090786,68.19487502837444,9.720650143776322,61.63372062907094,1020,0,0,0,0,0,0,1
2021-04-06,2021-07-11 07:28,1671,2021,4,25,354,6,8,-83.29193903276095,-40.877123822085764,-47.60000015667693,22.28491711257442,10.929401318415291,18.288100556265935,1.08391381972086,12,0,3,activity_694,224.55314749336384,extended_mission,1.671,0.9241144834023005,28,1,0,2,0,1,0,0,0,0,0.7153106903212766,0.5670523937316413,0.81259984535366,1.4045839897057777,2.428133501665529,2,0,HP3,1,1,0,0.6882268329725428,1,6,1,0,0,1,0,0,routine,3,1,nominal,high,limited,0.5798359834801583,0.6403009443731805,2,22,45,3,18,0,23.30722930991146,24.10292587563595,39.73221444618136,11.146622601217537,17.77662848886439,50.06086837200991,1671,0,0,0,0,0,3,1
2021-06-10,2021-05-20 11:37,1579,2021,6,8,186,0,17,-88.03523722093931,-45.21178490033181,-71.06691535721325,23.40821065762623,7.3102628920319805,6.051739602329396,0.8414391189799137,6,1,1,activity_695,19.20518078979289,surface_operations,1.579,0.7991884050823521,34,5,1,1,0,0,0,0,1,0,0.3548177449244061,0.5218759954720747,1.210387998915398,1.753860581660202,1.1825625670208275,2,1,CAMERA,0,0,1,0.41333544684960566,1,4,0,0,0,0,0,0,science,2,0,safe,medium,critical,0.4381327594789828,0.8651971912404224,9,23,63,38,7,1,75.99391490123605,26.26595630220295,67.17596784044201,12.336284466155046,99.7921276719168,8.033517068771411,1579,0,0,0,0,0,2,0
2021-12-20,2021-08-06 02:59,95,2021,7,3,96,4,15,-54.325591778131255,-30.849200383468705,-41.80990814301555,29.791919501398848,7.131745432616105,6.5465226600607105,2.069879064705824,13,1,9,activity_696,40.09796344323401,extended_mission,0.095,0.06140514404753472,26,6,0,1,1,1,1,0,0,1,0.18866826234603384,0.24448692343683348,0.6365900578991606,0.7827359953507378,1.1035796479936886,1,0,HP3,1,0,0,0.06700865542853285,0,2,1,0,0,0,1,0,maintenance,1,0,nominal,high,nominal,0.9873387896786732,1.1247467177486588,4,13,58,48,12,3,73.43994041991076,97.44618166227372,93.3024643981102,83.13281279796215,5.020611951497322,60.7769881837106,95,5,592,905,205,805,4,0
2021-09-23,2021-01-08 16:15,1138,2021,9,8,78,3,14,-79.65073883568589,-52.80014609736524,-68.47876882255028,10.515241066037943,11.012720266947905,28.931077215074435,1.9132545245732069,10,0,1,activity_697,2.9443345173660695,surface_operations,1.138,0.6965099736739959,26,5,0,5,0,1,0,0,0,0,0.7863884634774084,1.893842238009236,0.9184264239002989,0.351305764035564,1.353835219352609,2,0,HP3,0,0,1,0.7297522521435712,0,3,0,0,0,0,0,1,maintenance,4,0,degraded,medium,limited,0.517130464063146,1.3489502357428222,5,27,50,38,5,2,32.37265270148642,60.921868960268554,61.21444710616968,43.24331642829713,96.0299720623313,65.31213835828915,1138,0,0,0,0,0,2,0
2021-12-09,2021-06-09 05:05,1848,2021,4,3,96,2,15,-62.32504308407801,-30.93531018903969,-66.59102492761997,25.547625586256352,9.369086861074065,22.42130563752689,1.7344537050222777,9,0,6,activity_698,276.6909617901374,surface_operations,1.848,0.9315159881080476,43,9,0,1,0,1,0,0,0,0,0.8148104970826737,1.639663226902543,0.6280494848236807,0.3258497741338094,1.9535242397461412,1,0,HP3,1,0,1,0.5380408959262306,1,3,0,0,0,0,0,1,science,0,0,degraded,medium,nominal,0.8339902976634024,1.3132669670964887,3,25,3,4,18,0,37.42109945302454,19.721520395966596,99.87635654445128,80.47132846936601,81.09366172445436,56.8863856595205,1848,0,0,0,0,0,0,0
2021-12-08,2021-04-10 19:41,1624,2021,8,14,100,4,19,-68.66727402334182,-44.511092543389424,-45.80467934285102,29.89289787038543,17.847185391245574,35.81321923085075,3.4056867911318767,18,1,5,activity_699,139.404692291331,surface_operations,1.624,0.9076121183934155,13,8,0,5,0,0,1,0,0,0,0.5617622374471583,1.7066129397650869,1.4130675010423663,1.7095136872646892,1.9241803336974455,2,0,SEIS,1,0,1,0.4303080431957297,0,4,1,0,0,0,0,0,maintenance,1,0,degraded,low,critical,0.5944089902535439,1.2737177833873243,7,20,87,23,12,0,51.1519883747264,43.10298830752776,5.607032326238015,74.81469647833356,18.166661210387936,93.41417253435942,1624,0,0,0,0,0,2,0
2021-04-08,2021-08-26 21:43,1199,2021,8,15,69,0,19,-79.72072300213591,-23.453704893025687,-74.51847344682815,8.336534622175527,15.160792702435389,39.29512944897326,3.5968338297608953,14,1,2,activity_700,267.16008910099765,extended_mission,1.199,0.3011565009767059,42,8,1,4,1,0,0,0,0,0,0.12324638767982746,1.9231349061485108,1.0702473654736782,1.611737687516504,2.3365754275108115,1,0,IDA,0,0,0,0.4297916269038856,1,5,1,0,0,0,1,0,maintenance,0,0,degraded,low,nominal,0.8106028668635252,0.7288517468914816,9,20,0,8,2,0,28.314740650603575,97.32551879806613,93.46813882119768,59.79404645209399,31.559907258672737,89.62692518557557,1199,0,0,0,0,0,1,0
2021-10-05,2021-04-25 21:11,1579,2021,4,17,144,0,9,-77.61348313118398,-26.927774140245006,-72.23363278320136,28.812703894240634,0.945144006658003,13.438964390546685,2.588831267303255,1,0,4,activity_701,65.16891909147871,extended_mission,1.579,0.6159272548355914,9,2,1,4,0,0,0,0,1,0,0.7218272584907377,0.26852002951912024,0.9415774008975135,1.4787910410900456,1.6855528625068272,1,0,CAMERA,0,1,0,0.4203543747216215,1,5,0,1,0,0,0,0,routine,2,0,nominal,medium,critical,0.49244851305990534,0.5596904342681259,0,15,97,8,12,1,69.82623720638178,70.69007898078813,45.31759332912553,81.13040106894476,90.82841669175588,96.15500060838208,1579,0,0,0,0,0,1,1
2021-07-03,2021-06-05 00:32,888,2021,2,23,67,0,18,-62.812979565004014,-41.17859225730451,-72.83329837384419,12.885507774769575,2.510411640562533,22.113883230176167,4.582925239907945,6,0,9,activity_702,275.5309460640601,extended_mission,0.888,0.98569712497481,29,6,1,2,1,0,0,0,1,0,0.48130711829465866,1.0518692151856834,0.7650916689925389,0.7332060543304528,2.952936058401211,3,0,IDA,0,0,1,0.27096319279557457,1,6,0,0,1,0,0,1,maintenance,0,0,safe,low,nominal,0.9274876240094589,1.8359039269536697,4,20,49,35,19,2,82.904318237918,14.436989053491068,70.03909340653567,35.28002185515472,19.566315891338892,33.84384700071623,888,0,0,112,0,12,0,0
2021-06-10,2021-08-04 00:45,550,2021,9,19,38,1,23,-65.23456445049398,-33.286344887471365,-43.37600467864859,9.298225721481035,15.034310070705148,30.38104675634418,4.9888952777695055,18,0,3,activity_703,355.72301936771953,extended_mission,0.55,0.7123637130966528,12,1,0,2,0,0,0,1,1,0,0.7906541909564447,0.400458482056804,1.3303221914806358,0.6797935176836858,1.9094607400480321,3,0,APSS,0,0,0,0.8554270806574897,0,4,0,0,0,0,0,0,science,3,0,degraded,low,critical,0.7533687940111353,1.586430566956482,7,8,50,18,0,0,30.469761357318493,10.890703532403212,19.13735452420561,42.62213418642181,64.97559498332474,51.68252200240195,550,0,137,450,0,350,1,0
2021-06-16,2021-12-21 19:57,1283,2021,6,20,184,0,16,-50.93470938503119,-47.899390880246585,-33.09036214640552,26.708819330539036,12.517259260158236,5.651998643909283,1.4411147776686095,10,1,8,activity_704,186.9804849398649,surface_operations,1.283,0.35220641201928005,35,4,0,5,0,1,0,0,0,1,0.19076569080600558,1.3366628937178249,1.17734792930926,1.136809139983705,2.8395959684390566,1,1,HP3,0,1,1,0.2919464388640133,0,1,0,0,0,1,0,0,routine,1,1,degraded,high,critical,0.5433362301117538,1.8080058698435608,4,20,55,37,15,4,50.04719947565762,9.812472976198794,82.09642908671218,64.2383338784121,10.852431502912419,24.56691507759704,1283,0,0,0,0,0,1,0
2021-10-08,2021-05-02 11:31,1569,2021,9,1,309,3,11,-77.46585175657762,-52.0189053480712,-65.38578371550135,10.7692556609822,6.013573915672228,9.395512401936553,1.7502574271823272,9,1,8,activity_705,152.3190308320835,extended_mission,1.569,0.17183842765268742,47,9,0,3,1,0,0,0,0,0,0.9165372899777696,0.5801069123380933,1.1218318685327593,1.0499583573373765,1.556725100919522,4,1,IDA,0,0,1,0.6708298304977527,0,3,0,0,0,0,0,0,maintenance,3,0,safe,high,limited,0.6300323930908729,1.320953663033231,7,21,46,47,17,2,46.823944412836724,62.68452185006631,65.99041200254902,18.97225847298841,11.258482846627938,2.067294640375028,1569,0,0,0,0,0,3,1
2021-07-06,2021-08-20 23:18,1069,2021,3,28,204,0,8,-41.20780684822771,-37.72155158774167,-34.99452664881429,19.252132738040494,3.7983170594332227,39.111788886067195,4.484007547020715,6,1,9,activity_706,158.87094881584966,surface_operations,1.069,0.22266961626485093,30,6,0,5,0,1,1,0,1,0,0.7481259597548948,0.29222993201328945,1.359025640077236,1.095599092231016,1.631821020506897,0,1,CAMERA,0,0,0,0.4127696504862779,0,6,0,0,0,0,0,0,routine,3,0,safe,low,nominal,0.46303579620954916,1.81538824909633,7,20,28,33,17,1,15.146980305299252,27.943827700821355,84.95921102128885,88.8051274528047,33.30843667864675,89.8951100891258,1069,0,0,0,0,0,2,1
2021-11-05,2021-09-24 00:33,405,2021,7,3,54,0,23,-61.425874317196275,-51.891091019548824,-57.292586148800126,22.154186793833194,8.236174785496083,36.731577850348515,3.2688523442319934,7,1,9,activity_707,163.136954892121,extended_mission,0.405,0.764778745595766,21,8,0,2,1,0,0,1,0,0,0.774984606870355,0.310904790697796,0.6125126492381554,1.2746230481566474,1.0960198962798466,2,0,APSS,1,0,0,0.8314022954077976,0,2,0,0,0,0,0,0,routine,1,0,safe,medium,limited,0.49516944650922057,1.6963456799446248,5,0,47,17,2,3,85.35269467890646,24.467400786895688,46.21357467763103,57.90417848156435,63.11574469133694,98.6990322568669,405,0,282,595,0,495,3,0
2021-11-08,2021-04-25 21:37,1106,2021,4,24,21,3,16,-66.2114775064217,-31.270682476765174,-44.50124266494053,19.15375211542571,19.91632437211735,12.606054737291029,2.3977799027556266,18,0,4,activity_708,255.2010639462285,surface_operations,1.106,0.7129640635767666,41,6,1,4,0,0,0,1,0,0,0.49681454834469707,0.7964499930444662,0.6262740485999162,1.682343879680813,2.2808058125881514,2,1,APSS,1,1,0,0.698042125885444,1,4,0,1,0,0,0,0,maintenance,2,0,safe,low,critical,0.45812227298674335,1.1832566200043886,4,5,99,43,4,2,65.63241524373352,92.64616695553327,59.1643314661078,32.808500236360985,20.71586204200283,25.17084859759684,1106,0,0,0,0,0,4,0
2021-04-16,2021-03-04 10:55,1733,2021,1,19,250,6,7,-48.71902268705381,-44.03419177768696,-56.320780357469104,16.725689071165057,15.03577661619973,21.800871233250014,0.9107723864155208,4,0,6,activity_709,1.938235540290818,surface_operations,1.733,0.8176486015855888,39,8,1,5,0,0,0,0,1,0,0.627184862411176,1.2070689666249845,0.9573341902672539,0.7496911414501619,1.3343944652177981,2,1,CAMERA,0,0,0,0.37389346163319925,1,2,0,0,0,0,0,0,maintenance,0,0,safe,high,nominal,0.5101721359213479,1.8352409113587174,3,0,33,49,17,0,96.81198015274306,73.24630317513596,84.94203438326298,8.261743080131867,38.39686179563915,33.08111148822148,1733,0,0,0,0,0,3,1
2021-12-16,2021-01-20 22:03,1903,2021,8,7,38,4,9,-69.16918914913364,-49.662706610696,-35.54980053316035,21.062601820147627,8.998169380701334,25.48580784809094,2.211663181889259,10,0,6,activity_710,268.1232031866698,extended_mission,1.903,0.11023775545985304,20,2,0,3,0,0,0,0,1,1,0.33016440496910116,1.9573038540798988,1.1531480473153082,1.5836440169026724,2.7444776147927716,0,1,WTS,1,1,1,0.5278800803820984,0,3,1,0,0,0,0,0,routine,2,0,degraded,low,limited,0.9635741126395032,1.1328842745173444,3,13,0,31,5,2,71.32120979828093,80.52067239051655,53.112221229757395,12.563388191293345,53.72446515706577,32.92062588265448,1903,0,0,0,0,0,4,1
2021-07-09,2021-07-28 21:02,438,2021,5,10,258,0,21,-62.344373041301175,-40.590535320941754,-44.92988731393348,29.448660306336468,19.727606924801194,22.820051408500827,0.9137734811557975,6,1,1,activity_711,228.3653920801073,extended_mission,0.438,0.2764163610366759,42,4,1,5,0,0,1,0,0,0,0.18695356168569566,1.5831082878062925,0.5287373016681044,0.7341850572587999,0.822966024860192,1,0,SEIS,1,0,1,0.7503665091381634,0,4,1,0,0,0,0,0,routine,4,0,safe,low,limited,0.7405228874598807,1.8552881771881413,6,8,33,17,15,4,61.69437077365727,99.57887674441166,27.617233864711956,27.68882692018,69.8942461028007,4.320756069980824,438,0,249,562,0,462,0,0
2021-05-21,2021-04-17 05:16,1232,2021,10,2,199,4,16,-47.66864460805637,-37.84022550715498,-47.6072585039758,25.60410099677914,0.3962139365523232,38.307552186806255,2.8904956063170415,1,1,9,activity_712,179.97987095031326,extended_mission,1.232,0.16525981463962736,39,7,1,4,1,0,0,1,0,0,0.1507785262364969,1.956136907271624,0.9251221342013496,1.5766125064825807,0.6848857306528804,1,1,IDA,1,0,0,0.6618066962550903,0,3,1,1,0,0,0,1,routine,0,0,degraded,low,critical,0.7789279145209018,1.7763911689021654,9,6,55,39,10,1,56.83445218969844,20.015079814680416,30.764780770682563,32.48419904590298,99.23205904731394,85.43483303733359,1232,0,0,0,0,0,1,0
2021-06-06,2021-07-09 22:54,295,2021,11,12,211,1,19,-73.86373784647199,-44.340912656417366,-53.04952615528451,9.633224593836344,8.848488698317052,17.653169424633674,4.079630894221731,11,1,1,activity_713,52.610976033498,extended_mission,0.295,0.6690096687446866,13,1,1,2,0,1,0,1,0,0,0.6587750677578943,1.7087454432718177,1.3738650845252174,1.3325539879006225,1.0023468003683587,0,0,APSS,1,1,0,0.17333281551354274,1,6,1,0,0,0,1,0,science,0,0,degraded,high,nominal,0.3638572633675389,1.950303823574837,0,27,69,26,3,1,26.461918859839205,51.07428616499084,30.493319410264807,89.68866406209595,96.83415957088596,41.00642826378831,295,0,392,705,5,605,2,0
2021-09-28,2021-09-03 00:01,1300,2021,11,8,23,0,2,-45.25017055027809,-40.50780029476728,-45.64922997493598,27.05083436297105,17.623246893789307,19.306044147762556,1.5696026826122036,4,1,0,activity_714,306.2313173330458,extended_mission,1.3,0.07223067331364996,47,7,1,1,1,0,0,1,0,0,0.44794234292865254,0.6976086409246899,0.6883738476158419,0.819720914742367,2.9286702231950197,1,0,IDA,0,1,0,0.299863449739617,1,3,1,0,0,0,0,0,routine,0,0,degraded,low,nominal,0.49926333902035996,0.7443584159178276,0,11,14,4,1,3,15.649960197523816,77.9413766196322,31.15294023350209,91.79486663760714,32.95524349955016,86.28788782275656,1300,0,0,0,0,0,4,0
2021-12-23,2021-06-11 15:51,1346,2021,12,18,90,4,4,-54.002616641249915,-56.040378532451896,-68.23886859348933,24.697712779508176,11.179791564932039,33.75701467049818,1.3313486070769263,14,1,1,activity_715,28.634119703045013,extended_mission,1.346,0.23874395730564557,44,6,0,3,0,1,0,0,0,0,0.6438500111613246,1.466281526046976,0.9940314373698502,0.5200315692103434,2.0875895743604893,1,1,HP3,0,1,0,0.46016546999294783,0,3,0,1,0,0,1,1,maintenance,1,0,safe,medium,nominal,0.65249079171369,0.6421450643669221,4,5,48,13,10,4,77.5580201527235,68.88392243178939,51.730809279423305,73.77098108371489,87.91139942489892,79.30114474963383,1346,0,0,0,0,0,3,0
2021-07-23,2021-06-18 20:14,1669,2021,11,10,6,0,9,-49.69102665737262,-28.725456856581793,-67.78046110730602,6.20355966749022,12.115179013612083,19.374207487109672,4.5908477439371325,15,0,0,activity_716,161.81147534797788,extended_mission,1.669,0.918829763444506,26,9,0,2,0,0,0,1,0,0,0.5730566351104169,1.589587752332024,0.5514207524842947,1.4988187225245204,1.809898574524856,0,1,APSS,0,0,0,0.13116365250413886,0,2,0,0,0,1,1,0,routine,2,1,safe,high,critical,0.7847563504397186,0.9973629580751484,3,8,63,46,1,4,49.4932271041429,42.734145779499414,82.26652469844858,2.9613967491181947,86.80301333230469,24.391525567862537,1669,0,0,0,0,0,2,1
2021-07-14,2021-01-21 20:43,1953,2021,3,18,363,3,6,-75.52049077881333,-37.07227613621403,-36.919956169823315,28.36571015421631,5.378580520156111,26.25951801117961,3.7575625995205937,1,1,0,activity_717,186.00901796306172,surface_operations,1.953,0.18747427371364067,43,3,1,1,0,0,0,0,1,1,0.7030799834434364,0.824874248313854,1.1610403768542543,1.596400090756228,2.0646395848394583,2,1,CAMERA,0,1,0,0.5365225216927769,0,6,1,1,0,0,0,1,routine,4,0,nominal,high,critical,0.326711281487828,1.4537545347801764,0,8,56,21,7,2,15.926706063463813,37.69881793005322,41.72351754193493,73.10205186608138,21.560920873670455,98.61018432275392,1953,0,0,0,0,0,1,0
2021-03-01,2021-03-16 20:39,1552,2021,7,16,188,4,12,-73.63552891371484,-43.79168554168495,-32.616088927508436,8.891391031735155,7.769146535896043,13.997864418157363,2.9712469206098846,2,0,2,activity_718,17.660681713463788,surface_operations,1.552,0.8549165915269425,26,6,1,3,1,0,0,0,0,0,0.24748424647237818,1.2756287982838856,1.3478522690371264,0.6718847468770605,0.5226947516130647,1,0,IDA,0,1,0,0.01898051509790366,0,4,0,1,0,0,0,1,maintenance,2,0,nominal,medium,critical,0.42603275532719087,1.0825950575057326,6,18,46,33,16,1,1.4778593127463435,69.48664925444432,29.898733955333256,65.62035938854207,70.64840359093535,27.77814268685489,1552,0,0,0,0,0,0,0
2021-10-16,2021-07-17 21:19,548,2021,6,14,208,6,2,-69.11416436273464,-55.46627363532572,-72.11389118034977,29.445274432677653,12.847370452453557,20.834905901263987,3.9279357738549847,3,0,9,activity_719,175.6780380438974,extended_mission,0.548,0.8031018708054342,13,2,1,5,0,0,1,0,0,0,0.12906639703379133,0.383220760707814,1.2231436344271418,0.5326232333591912,1.6087668082634459,4,0,SEIS,0,0,1,0.20753529485240974,1,3,0,0,0,0,0,0,science,3,0,safe,low,critical,0.5916099029649982,1.7997298152057377,2,19,33,49,4,4,38.1568693290035,98.67331847340876,16.102737780069464,83.09764858657987,65.1880071673072,1.5814130611859545,548,0,139,452,0,352,0,0
2021-02-02,2021-09-23 23:47,94,2021,1,10,22,0,20,-71.90487920573956,-22.34834734799138,-44.17426980064485,6.927456291610066,2.1703965761134936,36.1783692901992,4.143013306137217,10,1,4,activity_720,124.72109589399443,extended_mission,0.094,0.8527484378143086,47,8,1,3,0,1,0,0,0,0,0.1743157931961853,0.39715088198523946,1.390798835160478,0.9060539670562133,0.5813243932162357,2,1,HP3,0,0,1,0.2324794989887009,1,2,1,0,0,0,1,0,science,1,0,safe,medium,limited,0.9662163879140813,1.4107473905572845,6,7,83,7,2,0,76.55118970710588,37.10487657942833,74.93465141440143,57.901572900876765,86.9253067986885,54.69247909822715,94,6,593,906,206,806,1,1
2021-05-05,2021-08-24 20:21,1572,2021,6,22,57,5,16,-51.32779364918113,-33.46493058454207,-61.43430986731052,8.175888600014318,16.13890573118567,27.50805762903858,1.8535887884865812,12,0,7,activity_721,120.70676364612014,extended_mission,1.572,0.0021185216793616624,32,8,1,5,0,0,1,0,0,1,0.216532760180369,1.416733933129608,1.3442764899891797,1.1585094157108589,1.2422536180630603,1,1,WTS,0,0,1,0.4801294850444746,1,4,1,1,0,0,0,0,science,1,0,safe,high,critical,0.6358960276142587,1.944249289429059,1,21,51,14,7,3,25.36343204238226,98.67850788165526,33.53404780682916,70.6446743644689,95.9017709811361,81.959614676862,1572,0,0,0,0,0,1,1
2021-01-18,2021-07-01 15:08,183,2021,12,19,171,5,3,-70.71493706243656,-25.989552051916334,-30.787208530051366,21.69389938451393,14.897333708528649,14.196235237522902,2.8414971206996666,1,0,1,activity_722,201.39331716957295,surface_operations,0.183,0.5721443723206534,13,7,0,1,0,0,0,0,1,0,0.7693147366281462,1.8387907708659663,1.3862661990558598,1.0527286029238474,2.0175738737831717,3,0,CAMERA,1,0,1,0.748512127339095,0,2,0,0,0,0,1,1,science,4,0,safe,high,critical,0.6499676168256325,0.761607158817801,7,10,13,26,17,0,56.678429468965966,0.17679341907893553,25.364508219896166,25.913848721911272,73.79874356160046,49.56261385444596,183,0,504,817,117,717,1,0
2021-10-17,2021-09-04 21:09,1369,2021,12,8,86,0,11,-76.98177372489056,-27.157302447547572,-66.07844144710916,18.696618747376725,8.928143960120398,16.40391848190476,3.2825588605450884,17,1,7,activity_723,126.47965492749293,extended_mission,1.369,0.27996819103853987,20,3,0,3,0,1,1,0,0,0,0.6733226249241653,0.2963151126095118,0.670927246698232,1.6878923069804481,1.7220406312220258,1,1,HP3,0,0,1,0.5747869372639735,0,1,0,0,0,0,0,0,maintenance,1,0,degraded,high,critical,0.9268572801742336,1.0703930533530985,7,20,66,1,17,1,82.95508633912837,90.7919758640269,8.45472076590994,93.0552844110375,60.126490961878964,2.589741540221302,1369,0,0,0,0,0,2,1
2021-01-26,2021-04-27 03:45,1708,2021,2,5,227,2,11,-56.80343050756664,-39.25126163836353,-69.02419406290524,22.710371502012844,18.66655745422751,37.95938265452428,3.1702523277675487,5,1,8,activity_724,343.449647996648,surface_operations,1.708,0.10356898869976361,36,8,1,5,0,0,0,0,0,1,0.6348476034876601,1.206328863416423,0.8980984664038774,1.1778021940034664,2.429161037168976,1,0,WTS,0,0,0,0.8921395871620079,1,2,0,0,0,1,0,0,routine,1,1,safe,high,nominal,0.4748291105910988,1.9782863806735336,0,26,15,24,9,2,39.309610981494515,33.64042591055614,46.512445876255434,85.66211668412821,19.278539455910682,60.77393257196226,1708,0,0,0,0,0,4,1
2021-09-12,2021-09-05 20:50,61,2021,7,7,83,5,2,-53.57218090546718,-21.797124844614196,-62.51838397709851,19.69289094646389,14.64535874220671,29.883467796870686,0.5960574474276359,18,1,5,activity_725,307.79721935796243,surface_operations,0.061,0.27168116378461393,32,7,0,4,0,1,0,1,0,0,0.7277676675293387,0.6023308821183075,0.5338611453672908,0.7376127039221612,0.5953431820195951,4,0,APSS,0,1,0,0.009526539355642294,0,6,1,0,0,0,0,0,routine,0,0,safe,high,limited,0.5166633803801519,1.3524885849894346,9,5,43,1,15,4,11.55392564710892,83.83674319094496,7.139710460153337,47.17273732012006,26.107733615724637,93.63181563200847,61,39,626,939,239,839,3,0
2021-01-09,2021-01-27 01:08,1251,2021,11,19,1,2,8,-53.77938773399655,-33.19554927019914,-52.67088974813714,16.729461597832497,9.214305509737526,10.090661214962111,3.0177634476737984,1,0,4,activity_726,156.33300392048636,surface_operations,1.251,0.9936371776083867,42,2,0,5,0,0,0,1,1,0,0.6219506570395475,1.0297949394625032,1.4776126016471456,1.5753945167326697,2.241874960233673,2,1,CAMERA,0,1,1,0.2550944331986341,0,4,0,0,0,0,0,0,routine,1,0,safe,high,nominal,0.8357657965230563,0.5299909880125149,3,24,27,31,1,4,61.13178165067392,48.22619189796783,61.44431434087466,87.32230924888403,95.20015815873329,34.45079567646516,1251,0,0,0,0,0,4,0
2021-04-27,2021-07-23 19:56,1960,2021,6,24,279,3,11,-47.63335360265708,-36.65085173324567,-57.41694865897763,10.7569979171469,10.68911720677481,17.097081254321637,0.8273502393850465,17,1,0,activity_727,327.1253547037757,extended_mission,1.96,0.6113151439732911,21,6,0,4,0,1,0,0,0,0,0.9148313144038708,1.1202397705414007,1.4867520113463506,1.1099391478170844,2.90699749762766,2,0,HP3,1,0,0,0.8562372549386442,1,6,0,1,0,0,0,1,maintenance,0,0,degraded,low,limited,0.49238410264624644,0.7623239678660186,2,2,69,33,14,3,61.60344716189553,16.748201330053757,83.78394191050323,27.446706813679366,4.489348352419931,45.207315865391294,1960,0,0,0,0,0,4,1
2021-03-25,2021-01-16 21:00,222,2021,8,14,67,3,21,-84.86147198753466,-59.99625624566911,-71.7030133940027,28.102920094652703,15.31111442082522,34.240247636640845,2.8265620872468755,16,0,6,activity_728,44.12286176583046,extended_mission,0.222,0.9002328725887059,46,8,0,5,0,0,0,0,0,1,0.8951578410234401,0.3326729189448655,0.8552405867446063,0.6754748565108804,0.5921366302124754,0,1,WTS,1,0,0,0.9432786045140967,0,2,0,0,0,0,0,0,science,2,0,nominal,high,nominal,0.6400511857247826,1.9177805805167383,4,10,55,24,2,4,51.03710424092065,47.14555308511355,36.49759215130359,47.420552217306025,58.60114836597305,73.35693162007988,222,0,465,778,78,678,1,0
2021-02-07,2021-06-27 11:45,616,2021,3,16,51,1,10,-71.31454477467845,-56.236772884143626,-50.76473159109936,27.121351264080428,11.69039572096327,32.75806154568296,0.7468911466524877,6,0,1,activity_729,153.6252173936903,surface_operations,0.616,0.5563566806997877,9,2,0,2,0,0,0,0,1,0,0.9093136616687645,0.7311805847826491,1.4659737361275118,1.0100219680098235,0.7522708441147348,0,0,CAMERA,1,1,0,0.27193385991240526,0,5,1,0,0,0,0,0,science,3,0,nominal,medium,nominal,0.7081761840962748,1.4270371673542297,1,19,35,32,7,2,98.74499784439112,58.40832689146458,15.564517480596262,77.17524411548266,99.69113439068894,47.36359447417136,616,0,71,384,0,284,3,0
2021-04-23,2021-09-06 03:31,1711,2021,5,8,148,4,3,-86.61088296435229,-58.77635488614506,-74.90929916549008,22.09361229082137,9.118401744453363,8.598619298018528,4.352938351950025,4,1,2,activity_730,17.884104849024077,extended_mission,1.711,0.43672717308071474,45,1,1,2,0,0,1,0,0,0,0.570431533815429,1.2358143861405329,0.8825208400826825,0.7826343754464711,2.629857150546967,1,0,SEIS,0,0,1,0.06242292870544397,0,3,1,0,0,0,0,0,routine,2,0,degraded,medium,critical,0.3716457212279974,1.385514856894995,2,22,41,28,4,3,12.641844484898412,67.71617296665676,48.85197006554536,82.01470656344424,13.87068337048184,30.074704911640392,1711,0,0,0,0,0,3,0
2021-05-03,2021-02-06 03:46,1847,2021,10,28,164,5,17,-54.924972362312594,-44.85535646713054,-47.33773837489443,19.227169056310792,5.891930348347401,22.037236576534585,0.8105856934962078,6,1,5,activity_731,267.5208262944029,extended_mission,1.847,0.7481889315983149,48,1,1,2,0,1,0,0,0,1,0.806660897173608,1.1260194774603267,0.8316090141068949,1.5413531543652683,0.6690535367165524,1,1,WTS,0,1,1,0.21241530084715654,0,6,1,0,0,0,1,0,routine,2,0,safe,medium,critical,0.3120600814501048,0.5230341670629959,6,5,83,8,16,4,35.78565439721063,56.1677145425915,0.8978384256706939,32.14331389975237,76.86660560129889,50.10815525270401,1847,0,0,0,0,0,1,0
2021-07-22,2021-07-21 18:21,825,2021,10,25,246,0,17,-87.04806735293124,-50.52153096939129,-72.60279764640407,12.287741543127567,17.398603169589176,36.82663905511933,1.8924651262805088,8,1,0,activity_732,114.78170693999989,extended_mission,0.825,0.2753323005617132,44,6,0,4,1,0,0,0,0,1,0.7160866013788131,1.4967085329123322,0.5476322086783512,1.1525840504798177,2.8526422748043245,0,1,WTS,1,0,0,0.4401066867242871,0,1,0,0,0,0,0,0,science,0,0,degraded,medium,critical,0.6896511341791087,0.6475667821201436,7,11,21,17,1,4,22.03798143662371,9.578382552549613,84.79537823472516,64.9367437522107,15.785543639868138,55.77167851507525,825,0,0,175,0,75,2,1
2021-04-21,2021-10-21 11:36,1219,2021,10,26,82,2,16,-57.34966389326175,-22.002305610469342,-49.41544528644627,11.743201269546468,16.232253859774172,18.62820700861819,1.5768073772104025,19,0,2,activity_733,310.992574849681,surface_operations,1.219,0.23991430322198237,33,1,0,1,0,1,0,0,0,0,0.5436537599669321,0.7553847748901079,0.6458191798576018,0.8116473786319203,2.087235194816883,2,0,HP3,0,1,1,0.4940500868803226,0,2,0,0,1,0,0,1,maintenance,2,0,nominal,medium,critical,0.40422454093617594,1.355766248464125,7,13,70,17,8,2,46.245107549564764,89.2421458230369,71.8674344914115,17.112533774880532,20.69035169296971,81.42655210353152,1219,0,0,0,0,0,0,1
2021-04-17,2021-01-05 22:02,692,2021,7,5,155,6,16,-82.4093005716417,-24.6768815632931,-74.45832228737778,24.346257589852392,15.069222117431671,24.748319092564625,1.4380149456876679,11,0,7,activity_734,19.67510985055505,surface_operations,0.692,0.17320622904773542,7,3,1,5,0,0,0,1,0,0,0.5470189939091082,0.8478216014636899,1.157044274072701,1.7038767061326576,1.3703733691174087,2,0,APSS,0,0,1,0.4288394396207411,0,5,1,1,0,0,0,0,maintenance,0,0,safe,medium,critical,0.6530594635036939,1.1483110356662891,1,23,61,33,18,3,90.3430652336065,88.5340950847468,75.96164284505898,40.094657761228135,37.03419078921356,71.64653773959645,692,0,0,308,0,208,3,0
2021-05-01,2021-05-24 07:49,1464,2021,1,2,166,4,20,-81.27530710468184,-57.46446994163658,-34.81590873322483,8.158887950358995,12.586816860246476,26.901147259709948,1.3939034241479549,14,1,8,activity_735,55.26838955784806,extended_mission,1.464,0.09629601201627203,31,2,0,5,0,1,0,1,0,0,0.3284245047807847,0.4171796332584644,1.0698849771542218,0.8400586966455157,2.5775975295480613,1,0,HP3,0,1,1,0.007224464694527866,0,5,1,0,0,0,1,0,science,3,0,degraded,low,limited,0.4185757456519153,1.3944773511281463,9,0,33,20,9,4,31.291897897888465,39.978662791044094,5.58247222476751,71.79811032462091,53.95043989142319,91.39914413211014,1464,0,0,0,0,0,1,0
2021-11-16,2021-10-10 23:39,1585,2021,6,20,212,2,2,-65.2632296298915,-23.388207982623854,-70.41780835777404,21.714828324868954,17.71569704705378,15.25256664450271,1.1105941834187962,16,0,8,activity_736,77.89932239113804,surface_operations,1.585,0.41556094321591375,45,9,1,4,0,0,0,0,1,0,0.16981480939753862,0.7685458928695168,1.3215990243368774,1.2844049245905438,2.9889317468382877,0,1,CAMERA,0,1,0,0.8219247471818465,0,4,0,0,0,0,0,0,science,3,0,nominal,medium,critical,0.6193760703186555,1.7914195146541303,9,6,74,21,7,2,9.473896826262951,87.47049111015869,29.243304096335144,34.53656701908101,32.398903651934,20.029542295336988,1585,0,0,0,0,0,3,1
2021-02-01,2021-10-10 09:36,298,2021,4,25,73,0,18,-45.3044538803028,-22.85023297519149,-54.96207143296894,12.070532668781452,10.235710987761202,8.257316941059035,4.721722076862786,16,1,1,activity_737,187.47351911321167,extended_mission,0.298,0.7461616949731174,45,2,1,3,1,0,0,0,1,0,0.9102722834657182,0.3384240529427114,0.6314438680597401,0.691279403957317,2.2591861821310317,2,0,IDA,1,0,1,0.3685745642456141,0,5,1,0,1,0,0,0,maintenance,0,0,nominal,low,critical,0.6617879396463012,0.8061277844498381,0,29,58,49,12,1,57.6837805044646,4.575304459023222,66.05835423911273,73.08023317788475,48.60640415140017,78.12571142182469,298,0,389,702,2,602,2,1
2021-11-17,2021-02-12 15:39,3,2021,3,11,346,6,3,-74.71258710756626,-48.82735618283005,-36.312269430416954,22.06104811566613,17.611861093076687,9.113089031932407,2.642125675388315,8,0,2,activity_738,46.348448137431724,extended_mission,0.003,0.38201921391298865,8,2,0,1,1,0,0,0,1,1,0.10671671712967679,1.9371258039988692,0.5322524487596013,1.1941679603151947,1.384934745111846,1,1,IDA,0,0,1,0.10668403490895306,0,2,1,0,0,0,1,0,science,4,0,nominal,high,nominal,0.8230989783299432,1.492283826750863,5,15,36,13,0,2,21.600993369706025,91.26496129348101,44.72132421792108,16.10673309128048,79.97871914274613,35.63930176329742,3,97,684,997,297,897,4,0
2021-02-19,2021-04-14 01:17,1303,2021,8,19,164,2,20,-68.76053219659715,-31.00714320465964,-58.76614123411798,7.926232707165169,14.369042034972637,26.91200213116669,1.0083927052097474,19,0,1,activity_739,78.33877925012928,extended_mission,1.303,0.654730056247233,7,5,0,4,1,1,0,0,1,0,0.840935569985641,0.7951756656052549,1.0565952128107126,0.7401749554247055,0.7001542943014656,2,0,CAMERA,1,1,0,0.9107908934747353,1,3,1,1,0,0,0,0,maintenance,2,0,safe,low,critical,0.831006693426491,1.024848645263033,5,24,82,24,5,4,77.34935468788069,82.61399868210566,20.420037218566712,67.71791474377557,18.990750676750622,12.399826083488463,1303,0,0,0,0,0,4,0
2021-12-19,2021-02-21 01:26,1774,2021,9,10,27,0,12,-67.08082436426473,-57.600726159636764,-37.45423544869116,7.9491483309758895,4.388887577761991,27.86086087906088,3.8558085984186556,12,0,2,activity_740,306.202786763775,extended_mission,1.774,0.5018315215683176,7,6,0,2,0,0,0,0,0,1,0.8793670442380952,1.6891069896644937,1.0470979479765166,1.556911712298099,2.4760220836440556,1,0,WTS,0,1,0,0.2935528775355962,1,1,0,0,0,0,0,0,science,3,0,degraded,high,nominal,0.37818976582365615,0.7038703265720957,2,0,3,32,12,3,68.39707861478838,76.87984021056897,18.716757021918173,91.9823835415061,78.71598402865702,62.678080215427535,1774,0,0,0,0,0,1,0
2021-04-23,2021-07-20 17:40,1271,2021,10,14,307,0,7,-51.30713140841391,-28.64479128048473,-42.70782647437765,10.329594886818448,10.869386257423699,15.15593535468456,3.987939010049975,12,0,8,activity_741,249.00456334071998,surface_operations,1.271,0.9776204232754402,23,8,0,5,0,0,1,1,1,0,0.4123107196944239,1.651261783176947,1.3582975498735577,0.5850867067067689,1.3772377582998754,2,1,APSS,1,0,1,0.5099687460470319,0,2,0,0,0,0,0,0,maintenance,3,0,safe,medium,limited,0.9518712876018951,1.4257207715007838,6,22,7,19,10,2,47.47055356057127,68.07905741338767,90.82181721708777,3.1823364071406735,60.13589781919871,54.03557414806197,1271,0,0,0,0,0,1,0
2021-07-20,2021-06-13 06:39,1075,2021,11,21,37,3,5,-49.90103804622212,-53.31066605058631,-67.90782538336899,21.99180667602511,18.298304836177103,10.004534669150498,0.8316707802971764,18,1,5,activity_742,131.29366760030317,extended_mission,1.075,0.2503669197656827,43,2,1,3,1,0,0,0,0,0,0.10299642279054921,1.7215920494682142,1.3353125681895632,1.2927544635131978,2.747352312082003,4,0,IDA,0,0,0,0.15251428329954153,0,6,0,0,0,0,0,0,maintenance,0,0,nominal,high,critical,0.7677489650749998,1.784742662185295,6,2,72,46,14,3,85.10244440976912,87.84103861254161,44.543154203575384,2.599300934325288,2.9723469842756423,35.11492532075905,1075,0,0,0,0,0,2,1
2021-02-21,2021-02-24 15:19,1666,2021,11,20,202,6,0,-69.80407733224877,-58.021258608537806,-64.21897886844722,7.546454105076043,6.895278196258134,27.578998196305935,2.835085590250298,14,0,5,activity_743,169.23903707021594,surface_operations,1.666,0.1314807293797291,49,4,1,5,0,0,0,1,1,0,0.7108864442907303,1.9584944305330698,1.331353287196153,0.5400158105443857,1.8012460537581338,2,1,CAMERA,0,1,0,0.06922666823202406,0,6,1,0,0,0,0,0,science,4,0,degraded,high,limited,0.5473855858116603,0.9302330676827323,9,9,70,45,7,1,14.928185724655085,27.843656043651276,98.10703008362485,98.44261121235593,47.213794021408695,18.313873390605128,1666,0,0,0,0,0,3,0
2021-06-05,2021-08-02 05:33,1279,2021,12,22,134,2,12,-67.75893900989131,-40.47888780675931,-39.79552267479897,5.457629977304322,18.364228870068636,29.99661648675867,4.483803831578944,6,0,8,activity_744,215.1303948703072,surface_operations,1.279,0.2698517403456846,7,1,0,5,0,0,0,1,1,0,0.9225872007508389,1.9184315285276712,1.1851243117099635,0.6874164595792903,2.468016068631076,2,0,CAMERA,1,1,1,0.20117890216837753,0,6,1,0,0,0,0,0,maintenance,0,0,nominal,high,limited,0.4544729181045495,1.1248534927150626,1,15,80,11,4,3,41.13534172548571,14.15307988516642,10.789452149431611,60.56027248007154,82.81932549086297,90.0114482140243,1279,0,0,0,0,0,4,0
2021-10-21,2021-03-12 11:41,1054,2021,1,24,294,2,23,-43.495574602650144,-52.92683185768637,-69.63072448298227,9.81695522466956,15.427634535202266,36.13352322440083,4.149110554233909,12,1,1,activity_745,56.45351585758086,extended_mission,1.054,0.09987617930167669,37,3,0,1,0,0,0,1,0,0,0.7572488526261573,1.7444956166292054,1.0454825101409368,1.7209865422919999,2.2355941263461583,3,0,APSS,0,1,1,0.921294701326409,0,5,1,0,0,0,0,1,science,3,0,degraded,high,critical,0.7612454413844651,0.9953646570537937,9,29,16,43,4,2,45.579576352615156,2.940507718045271,26.62043704338831,72.88974931257638,51.23872350950229,43.553249448245005,1054,0,0,0,0,0,3,0
2021-05-08,2021-08-09 13:00,625,2021,12,4,164,4,15,-46.51743429212206,-34.40467049070369,-71.90525224542462,5.787918757585923,9.629708276154108,32.504122521188165,2.2290418653209327,11,1,3,activity_746,9.045858867682037,extended_mission,0.625,0.02628847347959895,6,6,0,1,0,0,1,1,0,0,0.7518223425698302,1.5263038272797702,0.875075023504231,1.6099934293648883,1.8599976543701109,1,1,APSS,0,1,0,0.8601854434355192,1,6,0,0,0,0,0,1,maintenance,4,0,degraded,low,critical,0.61610351750873,0.5375049645684753,7,16,60,13,17,4,28.48424296127061,29.149531281379183,77.529768762122,12.857978919010794,82.29645202930233,62.51750083098483,625,0,62,375,0,275,2,1
2021-06-08,2021-09-25 07:03,1628,2021,8,2,112,2,8,-79.80759347754788,-52.97478488979898,-35.9966164884247,11.549063603566404,4.959436694781996,36.84273016907187,2.237181282077205,3,1,3,activity_747,202.14939300370617,surface_operations,1.628,0.5702945643198808,26,9,1,5,0,0,0,0,0,1,0.8492443298862365,1.4258292693086225,0.8858902888524204,0.8382516658538752,0.872367658889799,4,0,WTS,0,1,0,0.5285525116065029,1,3,0,0,0,1,0,1,maintenance,0,1,degraded,high,critical,0.7672947983352649,1.987413525833827,6,14,72,39,5,4,67.48314094068168,20.6786191119147,87.16396084273671,42.7640980435254,93.07869905640572,27.126838843122037,1628,0,0,0,0,0,2,1
2021-10-26,2021-08-26 15:24,577,2021,6,6,180,4,23,-55.8700206198721,-22.755867626589612,-50.697829131025685,9.670492838257731,10.53777121450003,29.74293479208209,3.9640482459382906,1,0,5,activity_748,151.29550334007075,extended_mission,0.577,0.270688400617604,14,2,1,4,0,0,1,0,0,0,0.8767689646124298,1.7718233722708183,0.8984814028189791,0.31338420762234676,0.9664140534999797,1,0,SEIS,1,0,0,0.3041167072758786,0,1,0,0,0,0,1,0,routine,3,0,safe,high,limited,0.47768735711012555,1.0370928396426902,8,9,54,39,12,3,61.00544340036598,50.14943747938928,24.016023394623474,13.159923134454953,21.60121334677283,25.97449178029295,577,0,110,423,0,323,3,0
2021-10-09,2021-04-06 18:02,504,2021,10,10,184,4,23,-76.24880849595093,-54.61607472625991,-58.20357759206496,24.82462975926767,5.9466261516063,12.158721226123433,0.6007869907282475,19,1,3,activity_749,256.3242294624345,surface_operations,0.504,0.2587567885517459,38,4,0,3,0,0,0,0,0,1,0.647893557004769,0.6682751490526588,1.4866608678846105,1.3985854062570118,2.0066453632633934,1,1,WTS,0,1,1,0.17395113957753305,1,6,0,0,0,0,1,0,maintenance,3,0,safe,low,limited,0.9323295451332674,0.5527030055934167,4,9,95,0,6,0,41.39893930382051,1.567522847589753,68.92407219679578,82.94712128082533,8.523031098734812,44.161750424396864,504,0,183,496,0,396,0,1
2021-07-17,2021-02-11 16:13,817,2021,9,26,29,2,18,-40.04214459028632,-43.78620042761959,-47.08942014511985,27.62329020146893,0.41048364290176886,28.086258873908836,1.7976963829029655,8,1,0,activity_750,156.5283056613301,extended_mission,0.817,0.8227292162911598,47,8,0,2,1,0,0,0,0,0,0.4576068608812919,1.1978308770722808,0.5969481231084426,1.0811553422870033,2.3897821435114706,2,1,IDA,1,0,1,0.41792496198995077,0,3,0,0,0,0,0,0,routine,4,0,nominal,low,nominal,0.627229168822917,1.3576938676331365,0,23,90,0,15,3,32.129711859762125,57.26246721939897,72.1352841248531,48.166582341278655,30.439877969055996,61.31653579396116,817,0,0,183,0,83,2,1
2021-03-27,2021-05-03 23:45,750,2021,4,27,264,4,7,-69.11182079567358,-38.7907998011144,-60.75686272456143,21.45191044389838,6.364023318861323,12.810953424751723,0.8647129038321535,14,1,4,activity_751,7.971647459786366,surface_operations,0.75,0.13191466931715656,9,8,0,3,0,1,1,0,0,0,0.6752417462301886,1.8555003009595576,1.4112260340036342,0.3951160237285349,2.887523312320912,0,0,HP3,1,0,0,0.6896963308244167,0,3,1,0,1,0,0,0,science,2,0,degraded,low,limited,0.852446514126415,0.6924402387062076,5,6,66,42,7,3,77.2356086074543,94.1139618450621,26.46968828377999,94.71301602116982,96.0948045987792,81.36305144796802,750,0,0,250,0,150,3,0
2021-06-13,2021-10-05 03:39,1528,2021,3,2,20,2,6,-69.25238142186709,-43.441636261230244,-66.82200550688475,24.68415227040321,14.007587772092762,20.017627193755935,1.139908636590718,6,0,6,activity_752,188.36834633216742,extended_mission,1.528,0.01781784447029544,16,4,0,1,1,1,0,0,0,0,0.8443555662930633,0.27456296016331916,1.1889662486736459,1.5217230740240273,0.8268058853390974,1,1,IDA,1,1,0,0.2132907023759415,1,6,1,1,0,0,0,0,science,1,0,degraded,low,critical,0.9596784055965599,0.5861999445307557,2,10,29,13,13,1,1.5617440359646295,24.352643671879527,74.49005349657982,35.57365652582628,8.449473958466069,62.65953244148788,1528,0,0,0,0,0,4,0
2021-02-23,2021-07-14 23:57,672,2021,11,25,184,1,18,-83.66914517346153,-36.60900085333891,-57.27351410873977,15.895677833677334,18.250481707704523,23.852800759615633,0.9196792018084587,1,1,4,activity_753,338.15633020031873,surface_operations,0.672,0.43603341259748274,41,9,1,3,1,0,1,0,0,0,0.12384757583571776,0.5030804493502148,1.387824764334916,0.4926668132771153,2.346934176699892,3,1,SEIS,1,1,0,0.10539640579240184,0,6,0,0,0,0,1,0,routine,0,0,safe,low,limited,0.8479190536547332,0.5773399743780627,9,4,17,28,6,4,59.96418835390085,42.01812489402585,12.56245174188667,24.87131748310877,94.61188777719171,77.18080474840895,672,0,15,328,0,228,4,0
2021-05-20,2021-03-24 22:40,1953,2021,6,1,351,4,4,-47.44322258895034,-22.948910901075493,-64.48801245247981,17.479962131038825,11.755945915586492,33.085319256687555,2.3052456368056378,12,1,7,activity_754,150.09006544756255,extended_mission,1.953,0.7660853640498742,15,4,0,1,0,0,0,0,0,1,0.7257794858391229,1.190834747216522,1.066532965595433,0.584827173955202,2.5685980834476423,4,0,WTS,0,1,1,0.6958649791062275,1,6,1,0,0,0,1,0,science,3,0,nominal,medium,critical,0.7088140937897554,1.1024201572496974,1,24,39,32,18,2,58.6190354795926,92.24245406117588,51.84264078113431,25.14497798640344,38.10061065980776,37.55392004527829,1953,0,0,0,0,0,2,1
2021-02-16,2021-07-22 13:49,362,2021,1,5,43,1,15,-58.432454161340374,-31.057141288241507,-43.756705158810774,26.19405964090245,1.7504189767647094,18.196538235771094,2.761774684258111,12,1,2,activity_755,110.6547578064104,surface_operations,0.362,0.04246384025682892,24,4,1,1,0,0,0,1,0,0,0.38829728906644023,1.358516343369331,1.1464131276491918,0.5839409610966211,2.192514865273737,4,0,APSS,1,1,1,0.5777920612391232,0,5,0,0,0,0,1,0,maintenance,0,0,nominal,low,critical,0.34387198117688283,1.654057031724621,6,9,58,0,4,3,0.20520415206412013,32.33405688281997,22.24531687755682,57.35863620982109,89.42088768410802,48.11076724393146,362,0,325,638,0,538,2,0
2021-05-28,2021-01-01 06:25,376,2021,7,13,73,1,0,-85.40191276950539,-50.18815071575224,-46.19563247675167,17.375473722973133,7.534385142028864,37.54868142222677,1.3683477878062482,12,1,4,activity_756,330.00401795176623,surface_operations,0.376,0.32194203675825794,12,5,1,2,0,0,0,0,0,1,0.15486548025308944,0.47680861335993935,0.9620255288473278,1.681529783739654,1.828978641837026,1,0,WTS,0,1,0,0.20265581200778948,0,5,0,0,1,0,0,1,science,4,0,nominal,low,nominal,0.9376319088004164,0.7280480669304854,4,27,7,30,9,4,81.26178137471891,41.7144572604859,63.58460481306217,10.282924452668674,9.077267826835012,47.99164055212619,376,0,311,624,0,524,1,0
2021-12-05,2021-02-23 22:33,361,2021,10,22,67,5,4,-61.83930216814288,-46.90293977472272,-44.1997721950343,6.549921932898044,0.9441663299176684,17.400870447061603,1.3723098054447238,12,0,4,activity_757,338.7962486358208,extended_mission,0.361,0.6547843671275638,26,1,0,2,0,0,0,0,0,1,0.8353911881576435,1.3774166576084317,0.7277823846488345,1.5727128726408013,2.9109418105379556,1,0,WTS,0,1,1,0.009354785555290235,1,1,0,0,0,0,1,0,maintenance,0,0,degraded,medium,critical,0.8842738858269461,0.823144158086636,9,24,6,46,19,2,34.97011085694196,70.63497605932015,47.35785203358988,25.6624027752975,89.04169226102256,11.304784815305169,361,0,326,639,0,539,4,0
2021-08-10,2021-02-08 21:49,1597,2021,12,22,91,1,17,-89.06659122158483,-37.597840799400984,-38.06647147231794,9.49376374384931,2.2842084438823673,38.958230431808,4.295585016838998,7,1,8,activity_758,38.06511510102476,surface_operations,1.597,0.33403936310159754,15,8,1,4,0,0,0,0,1,0,0.6794056679037354,0.5653502798313049,1.0238033982071795,1.3042841303454684,2.6371960399376944,2,1,CAMERA,1,0,0,0.824816464620828,0,2,0,0,0,0,0,0,routine,4,0,nominal,low,critical,0.5153749960180221,1.0699756180861417,7,17,37,29,8,2,67.12210234300083,81.42209208321036,39.88660806611317,8.607107620767707,55.30622776945526,12.099738257750658,1597,0,0,0,0,0,3,0
2021-03-19,2021-06-13 16:29,1803,2021,5,25,345,5,13,-51.41255290234026,-41.243580592727454,-37.54092981291345,10.653928835624054,13.571360736648492,9.134259670314481,0.9038780786064637,15,1,7,activity_759,41.7061880921774,extended_mission,1.803,0.65561973543264,15,8,1,5,1,0,0,0,0,1,0.2214077186368923,1.0908545647433003,0.8555093550279944,1.3162343630891387,2.0851745499665713,1,1,IDA,1,0,0,0.365321388723987,0,5,0,0,1,0,0,0,maintenance,2,0,degraded,low,critical,0.5406990292679638,0.819505372814326,6,6,74,7,10,3,31.4953022933665,42.30008692984219,74.50292903083651,87.32573090743556,32.398611060608964,11.8747402099594,1803,0,0,0,0,0,3,1
2021-11-28,2021-10-04 09:26,335,2021,4,4,261,0,17,-68.91366021563424,-26.64699648280167,-69.83605364687762,7.293840053403661,18.042044399311237,31.079884685341312,0.7388143952791554,16,0,4,activity_760,95.1777722442385,extended_mission,0.335,0.39023516866693864,14,6,1,4,0,0,0,0,0,1,0.724974951034586,0.2839083767222148,0.8305017748773662,1.145409279204044,0.8546840955008934,3,1,WTS,0,0,1,0.8150948516495777,0,5,0,0,0,0,0,0,science,0,0,degraded,medium,nominal,0.933870649161006,0.7753720221013785,5,13,8,19,19,3,15.071469819921191,67.1430960758198,2.4932534665029538,23.562775628554977,20.80716981913151,93.7889071422054,335,0,352,665,0,565,1,1
2021-08-06,2021-08-25 05:29,1148,2021,6,2,24,4,2,-77.00652436850439,-47.48795905080996,-47.375534100178655,6.612127868445007,0.2406963064845491,9.571700334167527,1.259181401335239,14,1,4,activity_761,338.7842803246335,extended_mission,1.148,0.07452296070706943,26,8,1,1,0,0,1,0,0,0,0.18262622646682974,1.0588840709571046,1.3085549298754378,1.325015305754696,2.0791226560069154,3,1,SEIS,1,0,0,0.6525009014377374,1,1,1,0,0,0,1,0,science,4,0,degraded,low,critical,0.5718187503331034,1.3864560814643274,4,8,44,22,12,3,43.69701699432651,28.83722104145233,98.68686577301627,41.53957063131808,6.787010302978236,41.12120014628044,1148,0,0,0,0,0,4,1
2021-08-07,2021-04-20 04:07,1938,2021,4,25,227,0,17,-88.35775586255012,-20.00704999212551,-40.70668246325922,13.467746895203959,0.3854394327756916,27.37521049612699,4.94106802588263,9,1,7,activity_762,102.57380307232947,extended_mission,1.938,0.10918346272755808,8,2,0,2,0,1,1,1,0,0,0.760038876406604,0.35244264441639195,0.6284146957954395,1.3192314930760272,2.608699870905423,3,0,APSS,0,0,0,0.08235083368626483,0,5,1,0,0,0,1,0,science,3,0,nominal,medium,critical,0.919224677033599,1.802035581535976,1,14,98,36,4,0,77.46781034227442,89.87706627998243,90.07981743673962,26.14854366570286,72.17205113769877,65.1339937579549,1938,0,0,0,0,0,0,0
2021-11-08,2021-08-10 23:42,908,2021,1,20,362,6,21,-41.750658818853985,-37.36684412728812,-44.81926489931522,16.151470791736486,12.182570206752874,17.20621605840458,3.819601024342876,6,0,4,activity_763,359.61413735272345,extended_mission,0.908,0.7161208901865981,38,2,1,1,1,0,0,0,1,0,0.7538754691033271,1.6830817241927016,0.8616742644635794,0.46217048633911256,2.832730718125241,3,1,CAMERA,1,0,1,0.9523563824024377,1,5,0,0,1,0,0,0,routine,1,0,safe,high,limited,0.3266897251657013,0.9238325155454331,9,25,8,21,5,0,10.422247104014648,46.70092076313214,68.607353791799,19.51518675582121,18.289157981497073,26.147032558817386,908,0,0,92,0,0,4,1
2021-01-09,2021-02-14 02:01,1294,2021,6,22,100,1,14,-59.98227794065684,-47.80522654922762,-39.348829456045884,18.023999040092953,12.761042179114614,14.73502631424865,4.163611455555191,8,0,9,activity_764,167.0864044624556,surface_operations,1.294,0.5151105476965253,30,6,0,3,1,1,0,0,1,0,0.9923834678165074,1.3520523161459521,0.6559470039385606,0.3096462331381998,2.8222509165648213,4,0,CAMERA,1,1,0,0.22714860426811345,1,5,0,0,0,0,1,0,routine,2,0,degraded,medium,critical,0.5184268459323262,1.4667555551131315,0,22,3,11,16,4,46.33865494250503,14.154270759776411,27.45204912790744,56.138341154068726,40.25771375720974,36.639291031559196,1294,0,0,0,0,0,2,0
2021-08-10,2021-06-11 03:01,1268,2021,6,13,157,3,13,-45.83405631441617,-50.41174959014704,-50.28165166132673,7.877374747411893,11.065146784865686,6.364770851565254,3.9596301301507637,9,1,2,activity_765,248.7709212955498,extended_mission,1.268,0.35158021336790146,33,9,0,4,0,0,0,0,0,1,0.349168280353258,1.2382331804175197,0.8687854969818188,0.6472948608750444,2.031362304431176,0,1,WTS,0,0,1,0.470368132875998,0,6,0,0,0,0,0,0,science,3,0,degraded,medium,limited,0.5692500521998696,1.9350773596702049,2,20,19,20,7,3,95.04595765288798,49.61523106894107,28.833036248421084,77.95116392775024,84.45705061957617,68.62552354176131,1268,0,0,0,0,0,3,0
2021-05-10,2021-04-27 08:26,1735,2021,12,8,108,0,21,-42.83737476707277,-34.87491655306863,-63.408366777283156,20.90378519855866,17.594891456031093,24.845071000860592,2.7621447260436836,3,1,3,activity_766,51.47331243033341,extended_mission,1.735,0.7373393157520229,10,5,0,5,0,1,0,0,1,0,0.5038649363120952,1.943830723984261,0.8108205149559963,1.3239666321779666,0.6876367777735441,2,1,CAMERA,1,0,1,0.07710116753437513,1,4,0,0,0,1,0,0,science,4,1,nominal,high,limited,0.6500943351522837,0.6635897934653175,2,3,10,18,4,1,23.07715444640489,75.5817196664768,72.79160649993278,14.202981154941142,50.22510574113886,75.82910828506658,1735,0,0,0,0,0,0,1
2021-12-04,2021-05-17 22:18,1112,2021,10,14,270,0,7,-45.46103324046567,-37.849661188620516,-48.561768478598495,14.3390628796956,1.6526158469427732,19.998950325882884,4.660876881547239,11,0,1,activity_767,124.24307213533766,extended_mission,1.112,0.558536808497461,32,4,1,2,0,1,0,0,0,0,0.8998176951703135,1.4392475882524087,0.6277464201535957,0.8578570281175999,1.5907472330779087,2,0,HP3,1,0,0,0.7667165238127652,1,3,1,1,0,0,0,0,maintenance,0,0,nominal,low,nominal,0.8992550186912753,0.8117320058929073,0,24,9,45,16,2,18.154870231899046,28.85340472883128,92.01555843727952,12.912043673693741,95.30951580921013,99.48126059744725,1112,0,0,0,0,0,0,1
2021-10-27,2021-06-19 22:40,1355,2021,8,8,75,6,20,-74.65561138156743,-50.957156892852865,-49.895886929034916,24.128124528987627,14.534733378806292,13.181472281402261,1.9872605762132043,12,1,5,activity_768,217.55073427636032,surface_operations,1.355,0.268905076331891,27,2,0,1,0,0,1,0,0,0,0.690868700733818,0.24838984175400758,0.658965791913819,1.6366813438043686,1.6536798897368876,4,1,SEIS,0,0,1,0.6545885524249874,0,6,0,0,0,0,0,0,routine,1,0,nominal,low,nominal,0.8741454085824536,1.9967051326912681,4,9,2,14,13,4,1.155959021842845,47.7095579371546,86.19994869954367,52.44069472831187,87.61866529663763,13.056606645360935,1355,0,0,0,0,0,4,1
2021-04-12,2021-02-01 13:25,221,2021,4,8,336,4,1,-80.9919933489684,-32.633186088430726,-33.57092841696771,5.49012743514367,5.028881044158615,14.290336694494501,0.9456779237731741,6,1,9,activity_769,162.76793700236303,extended_mission,0.221,0.939835424848324,37,3,0,5,1,1,0,1,0,0,0.20851459905010528,0.250487230914662,0.609883164411105,1.6714434522789408,0.8937215963388765,4,1,APSS,1,1,1,0.08462134214257766,1,6,1,0,0,0,0,0,maintenance,3,0,degraded,medium,limited,0.9640568034988692,0.7534544238218316,9,22,93,44,9,4,41.98665539556833,96.75735446534695,44.430192104756614,98.1304937721164,91.81164571232269,40.714445252671574,221,0,466,779,79,679,1,1
2021-01-02,2021-05-08 09:02,1437,2021,11,27,271,5,21,-89.41780240474945,-43.543922815339826,-45.81515370535826,17.378457487710914,1.0435939515650938,13.136286796942569,2.859568819345535,19,0,0,activity_770,79.33535496752013,surface_operations,1.437,0.5193684776051208,16,1,0,1,0,0,0,0,1,0,0.15867886663655933,0.378510596396443,0.9578600840369645,1.214601964784259,0.5115854648471581,4,0,CAMERA,0,0,1,0.4594265764037935,1,5,0,0,0,0,0,1,maintenance,1,0,degraded,high,critical,0.9000124100874303,1.7226839120386717,5,11,64,41,2,4,26.224688388785044,47.996343722366255,2.465850356206334,85.22753194916919,4.834883151217994,22.436049983843176,1437,0,0,0,0,0,2,1
2021-08-01,2021-04-28 17:02,310,2021,11,6,132,0,20,-42.860941173482615,-22.21839824019834,-65.49229470204213,8.686641449273601,0.36279667786041747,13.093989971034047,2.0045814851955814,7,0,8,activity_771,150.12164378327327,surface_operations,0.31,0.9066545820311765,37,8,0,5,1,0,0,0,0,0,0.5646159989057622,0.6612860527253301,0.7621573968019385,1.6163207972335794,1.2787486713199578,0,0,IDA,0,0,1,0.822204150848802,1,5,0,1,0,0,0,0,science,2,0,nominal,high,limited,0.8562539140923295,1.4671714721377376,6,2,66,3,16,3,97.56427796199837,37.09937434158389,4.529529831429835,11.550108578028183,35.74836237098711,91.1064102056083,310,0,377,690,0,590,0,1
2021-09-17,2021-12-09 09:44,1796,2021,5,14,132,5,10,-41.4633547044808,-21.32721784176855,-39.474659955298335,17.183243893730726,3.2631791838240254,6.556467814016305,1.5415023576467484,4,0,8,activity_772,123.94079710311053,extended_mission,1.796,0.43806638958809496,22,9,1,5,0,0,0,1,0,0,0.7048564427901081,1.7885349831446922,0.5860165425370104,1.7835011811190657,2.1131083559168387,1,1,APSS,0,0,0,0.5962336043728979,1,5,1,0,0,1,0,0,maintenance,0,1,safe,medium,nominal,0.9218989840046918,1.6546699170629235,8,11,93,47,3,2,16.302327950120322,15.897624757087991,19.425527466252078,10.323081561321768,83.76290199641663,81.83182203974839,1796,0,0,0,0,0,3,0
2021-02-13,2021-08-07 22:50,1422,2021,10,12,270,1,16,-72.12079302044008,-29.597698580587387,-70.4755037466747,21.80252161808131,17.795265198278095,11.272950446176647,4.379919459287917,8,0,2,activity_773,339.453691326206,surface_operations,1.422,0.7910389203758728,32,7,1,2,0,0,0,1,0,0,0.25718307122263384,0.6776390826041172,1.0225328539390652,0.6832767442229954,2.4448638434475027,4,1,APSS,1,1,1,0.13889226333189075,1,4,0,0,0,1,0,0,science,4,1,nominal,low,critical,0.6612764630899131,1.0238308321589673,0,6,10,2,1,1,24.759656357298965,76.19505935074812,64.89059545019943,63.96977799283038,89.30353404422276,23.33502549522517,1422,0,0,0,0,0,1,1
2021-01-08,2021-04-07 22:19,1326,2021,8,28,69,3,3,-51.50971699508799,-49.28776204721359,-48.19204819054933,17.985527734046148,8.76945013309947,7.782050857931129,1.816829861057786,9,0,2,activity_774,273.5593474903161,extended_mission,1.326,0.9206561352104349,32,5,1,1,1,0,0,0,0,0,0.9928745031194669,0.23828239335852075,0.8032059058604243,0.5006757350264908,1.2874298310184649,3,0,IDA,0,0,0,0.21678744763573976,1,3,1,0,0,0,1,0,science,3,0,safe,high,critical,0.3113433664873979,0.8920936186738326,5,9,45,33,19,3,66.54232549104601,63.151860157439856,85.32574593424224,2.909384302369755,77.11643681819922,88.25490392158183,1326,0,0,0,0,0,0,0
2021-10-07,2021-04-02 18:18,575,2021,3,3,26,5,12,-75.51447700905011,-28.773488866370226,-52.946021048842596,28.768107675609652,16.33374354458102,12.391805079910347,4.036742579095474,2,1,0,activity_775,84.68170308720917,surface_operations,0.575,0.36333174281789005,5,6,0,4,0,1,0,1,0,0,0.27122759319377515,0.8821220075249903,0.6174999609322847,0.8767344368434438,0.7558043053725578,1,1,APSS,1,1,0,0.31649774744443315,0,3,1,1,0,0,1,1,routine,4,0,nominal,high,critical,0.5025574029762381,1.0166820326617687,2,15,33,32,6,1,11.434324193967683,84.07205305924315,45.91628890966612,0.9508440626230019,92.53520864850407,59.27373260187555,575,0,112,425,0,325,4,1
2021-07-10,2021-03-07 14:58,1627,2021,8,26,239,2,20,-59.58410935738346,-30.301017911382644,-65.9414646536411,29.04648876376087,1.8410696125223724,5.808502563791926,2.114561331653128,9,0,8,activity_776,87.35639457359102,surface_operations,1.627,0.6884874472932335,20,5,1,4,0,1,0,0,1,1,0.5304526450420995,1.4472230432910649,0.5102988821273255,0.8718921258241934,1.9197805008566964,4,0,CAMERA,1,0,0,0.9140307732021125,1,4,0,0,0,0,0,1,science,3,0,degraded,high,critical,0.7436305280604163,0.9688316258050318,9,20,14,34,2,2,64.64281151638993,19.199178212931244,28.498077978026302,51.49052945027505,32.94490692722432,0.4916421707198304,1627,0,0,0,0,0,1,0
2021-10-10,2021-05-04 18:29,208,2021,9,16,284,6,3,-72.03446954729382,-40.42349343232081,-54.22757902429724,11.426218284994864,12.439592509269994,16.839577074519042,2.1473734463578396,16,0,2,activity_777,283.77951916138863,extended_mission,0.208,0.7579502204615923,29,8,1,1,1,0,0,1,0,0,0.37918854662120505,1.1061826095584302,1.1124399954059248,0.7059005484044774,0.9578960285971003,0,0,APSS,1,0,1,0.43982646214547416,0,2,1,0,0,0,0,0,routine,3,0,safe,high,critical,0.5418954451746083,1.7846918827738616,7,23,60,44,11,4,5.899643853710246,42.308466156413616,0.9852499521737279,66.1879278164758,50.81614698846014,12.683153517969693,208,0,479,792,92,692,1,1
2021-07-08,2021-04-14 06:02,1820,2021,12,28,281,3,18,-59.589823785143274,-20.939929745836253,-59.803130603176164,16.800137306685933,16.42602871839482,28.85940875219612,1.4633017840383633,16,1,8,activity_778,255.74362746945195,extended_mission,1.82,0.19180339756920606,17,3,1,3,0,0,0,0,1,0,0.27900505128682385,1.0150209076458192,0.6807586340786215,0.3219942930513659,2.6885091153336083,1,1,CAMERA,0,0,1,0.8188289911033042,1,1,0,0,1,0,0,0,maintenance,2,0,degraded,medium,critical,0.3485159872087112,0.9987456324921876,8,20,20,47,16,1,34.074787125338226,80.17834861690197,27.398182531148972,4.751996614704101,56.42760870141527,3.3613626841684563,1820,0,0,0,0,0,3,0
2021-11-23,2021-02-27 02:43,1680,2021,7,13,149,3,19,-61.11349984309187,-54.86667731670205,-44.08006375198893,5.452484302238151,16.087916030678876,15.632919388213217,1.0274519773865582,18,1,0,activity_779,226.0256463843158,surface_operations,1.68,0.7738304178508307,45,5,0,4,0,0,0,0,1,0,0.7601744907112972,1.3821313283342245,1.3214767723855767,0.8725480810098087,1.5045886457769408,4,1,CAMERA,0,1,1,0.8692626560457649,1,3,1,0,0,0,0,0,science,3,0,degraded,medium,limited,0.48029498689184047,1.2846757972864629,7,28,31,48,0,4,53.80545108177617,46.1579374038348,27.43242869784057,18.510218972104454,94.69521979007351,29.748625110314652,1680,0,0,0,0,0,3,0
2021-01-10,2021-03-11 02:58,1618,2021,7,6,41,0,8,-58.18206499455659,-55.39177660132988,-44.196921785901694,7.597443946577199,17.234798050653325,22.698898203946936,2.8866060704103824,5,1,7,activity_780,74.07778941773638,surface_operations,1.618,0.6482116909890477,14,7,0,1,0,0,1,1,0,0,0.7731192497261485,0.9289493084024645,1.4802515720532958,0.6597127582686959,2.4446367811166203,3,0,APSS,1,0,0,0.4125731993150705,1,5,0,0,0,1,0,0,routine,3,1,safe,high,critical,0.9537586290681115,0.5175944334903182,5,14,55,29,4,4,43.0759541221993,11.985599882255716,12.014136760359884,64.03510122741294,88.07532991099083,41.47876453072497,1618,0,0,0,0,0,1,1
2021-02-08,2021-07-16 13:59,1956,2021,9,6,167,1,8,-44.26932754092789,-50.313577427198865,-42.886216795025945,19.945071585378983,18.485921936777064,22.865855616853064,1.7583862056311825,5,1,4,activity_781,130.50908457710764,surface_operations,1.956,0.2199729993881867,7,1,1,4,0,0,0,0,1,1,0.34452172263773534,1.9759362648083167,1.0580505753998182,1.475864651379139,1.0295252850078098,0,0,WTS,0,0,0,0.9921757952986017,0,2,0,0,0,0,0,1,maintenance,1,0,degraded,high,critical,0.6725668728721887,0.6490862371210421,1,15,2,48,2,2,45.94386404490852,2.3162826798628577,86.34531464494233,9.495443127660153,98.0627391425721,85.13186031435588,1956,0,0,0,0,0,2,1
2021-11-01,2021-03-17 05:00,1179,2021,2,9,123,0,3,-53.714796924173775,-43.578180654304866,-69.43531250192557,27.115282623060455,18.639062454246154,22.66626859430323,0.5823834386906468,9,0,3,activity_782,352.7311686926566,surface_operations,1.179,0.07502835754156856,11,6,0,1,0,1,0,0,0,0,0.7176509796877428,0.7389370871614607,0.6276905173114432,1.6764732393537654,2.8913276475395078,3,1,HP3,1,0,1,0.6872982021459031,0,2,0,0,0,0,1,0,maintenance,2,0,degraded,low,nominal,0.8892517748777591,1.5435693768935759,4,21,57,40,2,3,54.95602021462219,0.12833632293802744,23.986224997704475,49.59039089302956,32.97149265940655,42.68917759394214,1179,0,0,0,0,0,1,1
2021-02-11,2021-04-25 00:55,57,2021,5,2,110,0,17,-88.07422038466582,-44.14365986802305,-34.06036092854232,22.24463627575573,15.861914661513108,37.59602943268077,3.985482018572232,4,0,1,activity_783,131.10991934264567,surface_operations,0.057,0.013857788769549129,27,2,1,4,0,0,0,0,0,1,0.5824902003257972,0.23553694621621718,1.4342267484393596,1.0095425990895965,1.2523407543809892,0,1,WTS,0,0,0,0.311409789017833,0,1,0,0,0,0,0,1,maintenance,3,0,nominal,medium,nominal,0.6391844970370963,0.808606513527544,4,20,0,12,2,2,40.648445576967504,51.80751517114503,71.44034889436188,35.71011836255238,36.70529098305496,7.680267760329285,57,43,630,943,243,843,3,0
2021-08-28,2021-08-14 00:33,1350,2021,4,27,285,5,2,-56.43336121847077,-38.419780710257875,-33.43107904677029,27.73698726587982,0.9506938480412064,15.146285317249976,2.139164888310737,5,0,8,activity_784,16.601396042615384,surface_operations,1.35,0.16299430786124447,12,7,1,5,0,1,0,0,1,1,0.17310604438053237,0.9190397568246944,0.5509487116029581,1.4256152607707588,1.735368168705314,1,0,CAMERA,1,1,1,0.9694238985796158,0,1,1,0,0,0,0,0,science,4,0,safe,medium,critical,0.6762621742962884,0.8746993828137406,3,15,68,33,5,2,52.6284558577656,26.707107599928115,99.15907316789047,15.693668436226261,43.78457666947734,97.00263224197828,1350,0,0,0,0,0,2,0
2021-06-02,2021-11-08 13:11,1052,2021,4,24,28,6,17,-53.907477991263015,-43.664048666910205,-35.08880223253844,27.943130324608184,8.735378622338295,13.425334237906618,3.4145212299506964,1,0,0,activity_785,274.33300363081247,surface_operations,1.052,0.11256683241659404,11,1,1,3,1,1,1,0,0,0,0.7601807099932828,0.5107763861390258,0.5325244955979005,0.9819792777225742,0.7486328056894713,4,1,IDA,0,1,1,0.765343755695917,0,5,1,0,0,0,0,1,maintenance,2,0,degraded,low,critical,0.7784658475615651,0.6635011042610779,8,8,22,49,13,4,26.625352342058573,39.815054123256054,11.974965405371641,25.31276071443197,84.11518409547585,44.04106437417473,1052,0,0,0,0,0,1,1
2021-02-13,2021-05-22 16:27,289,2021,5,3,358,2,16,-53.72987085069687,-21.072605834253487,-51.09230120312026,23.29298221401707,7.011593085108878,25.985116006543244,1.0189756947430393,4,1,8,activity_786,88.18827044880203,extended_mission,0.289,0.8130554258120163,30,2,0,4,0,0,0,0,1,1,0.4268816652541203,1.8860918537857279,1.2963287278252187,1.6596183311629074,1.906374446108492,3,0,WTS,0,0,1,0.9239999711373635,0,5,1,0,0,0,1,1,maintenance,2,0,safe,low,critical,0.4463123163860538,1.8687799568494465,5,14,26,12,7,2,11.415896041898266,35.93771876641628,83.27541170164841,8.210830791485845,19.556135874150083,47.52593782527279,289,0,398,711,11,611,0,0
2021-10-23,2021-08-15 10:12,1703,2021,5,20,313,1,10,-52.36235446600142,-40.498054534769196,-46.91613021054661,16.777644805875063,16.376748328476427,22.389657170476582,4.9462458076547975,7,1,9,activity_787,202.3431783255329,surface_operations,1.703,0.957305639376168,34,1,0,1,0,1,0,0,0,1,0.6701503259245842,1.3353090735054538,0.6931202813241591,1.608729772887589,2.2554674892074433,4,0,WTS,0,0,1,0.3035224612715237,0,3,1,0,0,0,0,0,science,1,0,safe,medium,critical,0.5012947737464106,1.9640355499449456,9,29,61,30,3,3,15.738635553536561,6.79142590835673,26.52052885702336,84.97938528132036,10.614717788726768,71.51684006741772,1703,0,0,0,0,0,2,1
2021-04-05,2021-05-16 16:30,1141,2021,9,21,169,6,4,-42.32006403173373,-35.1124826122758,-67.43777698571144,19.30805356115598,9.025537353279878,33.689418617074736,2.048720133253604,15,1,0,activity_788,358.9969541288569,extended_mission,1.141,0.5156541560486496,37,5,1,5,0,0,1,0,0,0,0.9451272203403746,1.0467584302194908,1.1223982196243618,1.2751622849594697,0.727512688015738,0,1,SEIS,1,0,1,0.2839586635870015,0,2,0,1,0,0,0,0,routine,0,0,nominal,low,nominal,0.8178119846319689,1.8604685198664672,0,13,50,9,11,4,67.17057495677186,84.4811694957801,17.515099442465633,60.904167994480865,37.51727769282579,24.428906963916365,1141,0,0,0,0,0,1,0
2021-04-05,2021-11-22 10:39,529,2021,12,18,326,6,5,-62.09825981798335,-45.32768018177653,-56.9923894442747,28.327537182290307,4.46564803961075,9.251020258548873,4.2359491031177345,5,0,0,activity_789,158.17207894861065,extended_mission,0.529,0.43240022028969294,22,6,1,2,0,0,0,0,0,1,0.45491709471041397,1.417705603807577,1.3347669737641406,1.5656601839370436,1.1356130125910606,1,0,WTS,0,1,1,0.7904460866918956,1,6,0,0,0,0,0,0,routine,4,0,nominal,medium,critical,0.39053879299294086,1.7093920800353963,6,11,96,2,10,4,67.26715642758221,14.892778925480021,0.8992161408818644,54.36472973656951,24.148911084897772,86.72414890199175,529,0,158,471,0,371,3,1
2021-11-10,2021-06-05 17:47,992,2021,3,3,325,1,0,-73.35941979092541,-44.368498479015734,-61.64395148479821,28.361713991371115,14.426836580441694,38.45707419579227,4.435274311358441,10,0,1,activity_790,51.883420262331946,surface_operations,0.992,0.188719798981151,21,1,0,2,0,0,1,0,0,0,0.983705209385794,1.1179379847185653,0.5384549831510437,0.6962842661484652,2.793454401136914,3,1,SEIS,0,1,0,0.30040912347690296,0,5,1,0,0,0,0,0,routine,2,0,nominal,low,critical,0.7364790534950436,1.788687092377252,1,15,52,41,13,4,72.84863549412299,65.89673148771537,15.816354841965719,19.57789965311465,32.90724814297958,75.69306529485846,992,0,0,8,0,0,2,1
2021-08-10,2021-02-01 04:22,49,2021,2,4,253,5,8,-50.70112835480311,-43.80510992200149,-54.02094738256373,23.434533597176685,10.2880128283309,17.614568493712405,2.073022967737371,2,0,6,activity_791,306.3697318241306,extended_mission,0.049,0.015437488062397309,13,4,1,5,0,0,0,0,0,1,0.8494066154718986,0.8029142619814196,1.0083413280865554,1.4954838718264971,2.4016236809174663,0,0,WTS,1,1,1,0.7478132317487834,1,6,1,1,0,1,0,0,maintenance,0,1,nominal,medium,limited,0.7657314507051793,1.7496867335283333,0,15,89,40,11,0,73.860478857375,16.940247508143536,28.60739554349817,57.225238888837495,27.44451069643703,16.815385428317242,49,51,638,951,251,851,4,1
2021-04-15,2021-04-18 10:08,1836,2021,8,3,82,0,9,-68.426484116722,-45.844441731387235,-67.56465985597362,7.803242942044354,17.18830453408833,17.711342908317484,1.4836972015017884,3,0,1,activity_792,303.6980050701154,extended_mission,1.836,0.6002811823322504,48,3,0,1,1,0,0,0,0,1,0.652712648001282,1.656603544445563,0.7299047556094739,0.9951969579289204,2.904718345479469,4,0,WTS,0,1,1,0.610748596806432,1,1,0,0,0,0,0,1,maintenance,2,0,safe,medium,nominal,0.7060667069964892,1.237894615375016,5,25,30,22,17,2,86.55405825997458,59.40473199689221,26.78843051581541,2.813104403889244,0.1428804166974218,7.290738972253886,1836,0,0,0,0,0,1,0
2021-09-19,2021-04-03 22:03,1893,2021,12,14,198,5,8,-88.75390914388693,-34.26976258297593,-59.89147526977948,23.095345282203645,2.4050634467840792,16.55153798052016,0.5766660670351533,16,0,6,activity_793,296.04270549717086,surface_operations,1.893,0.41256405501176874,25,7,0,4,1,0,1,0,0,0,0.6762645252559775,1.9374018683250533,0.7138715366697757,1.2813714535668144,2.7664746026709706,1,1,SEIS,0,0,1,0.24096183502250756,0,3,1,1,0,0,0,0,maintenance,1,0,nominal,medium,limited,0.9562796012755059,1.5965683045435672,7,22,10,30,11,3,53.82043344635895,72.3644613845808,64.79041641989063,90.54359809634767,14.044019272691743,16.916184525974153,1893,0,0,0,0,0,3,1
2021-08-19,2021-04-03 14:39,70,2021,4,11,337,0,0,-69.21958430596882,-54.68715016267331,-50.73308100776116,23.702548944339057,3.0729490577532026,12.840723366392073,3.634455299297804,11,1,8,activity_794,295.71180416057877,surface_operations,0.07,0.8893920773052985,23,2,1,2,0,0,0,0,1,0,0.16830617655201946,0.8254535633517004,0.6018806968526931,1.4846615861299781,0.6170702717773564,3,0,CAMERA,1,1,0,0.9266428388329596,0,3,0,1,0,0,0,1,science,2,0,degraded,high,nominal,0.675685148829017,0.6255115432098052,2,17,44,40,19,1,33.11698487519779,11.450660376010758,46.10738249936476,23.524659870971476,95.02218357374423,36.13616578067773,70,30,617,930,230,830,0,1
2021-11-27,2021-08-08 00:59,323,2021,7,13,84,5,3,-53.50947511013861,-59.85904454359518,-54.096501836643675,29.995224336133102,17.022610666672072,25.552760008125873,3.6227036481709702,17,0,1,activity_795,274.3789744468073,extended_mission,0.323,0.7665923829724611,49,7,0,4,0,0,0,0,1,0,0.8408598220545859,1.331844921621525,1.214145221039661,0.5617478443957792,1.4316645179532972,2,1,CAMERA,0,1,1,0.7036057426975649,0,4,0,0,0,0,0,0,routine,1,0,nominal,low,limited,0.4506444951593289,0.6069759380813713,2,13,45,2,15,1,64.8838359594256,73.2657916911331,79.11418694214603,48.30287573418472,97.47928911324706,62.836497138444024,323,0,364,677,0,577,1,1
2021-09-10,2021-01-21 05:24,188,2021,3,17,44,2,10,-51.9805948740052,-22.663112251544455,-62.40487383071091,12.145421026620832,9.653029629103942,29.74148696104924,4.968668459015275,2,0,1,activity_796,133.97998051952916,surface_operations,0.188,0.06467922572660423,49,2,1,4,0,1,1,0,0,0,0.9086139249971905,1.1831682863631816,0.794032284031031,0.4642676178558912,2.169557135596574,1,0,HP3,1,0,0,0.6836191926813018,0,1,1,0,1,1,0,0,science,0,1,nominal,high,critical,0.6736175432923172,1.6329234836453048,8,18,21,44,1,2,90.30097072610772,1.8019190907296867,80.32676604225611,47.93463512674698,81.79935628896298,46.50698737126919,188,0,499,812,112,712,1,1
2021-08-02,2021-06-21 06:25,173,2021,5,14,255,6,2,-80.3320572467859,-45.4044997381151,-72.39268251227524,28.813677701575177,6.346153541964725,34.75147467533801,2.8847551733149923,15,0,2,activity_797,233.53331459280602,extended_mission,0.173,0.6949607448830142,45,5,0,4,1,0,0,0,1,0,0.2038790950270708,0.8967788217378747,0.8938105469452758,1.509379460537929,1.672223236207389,0,0,IDA,1,0,0,0.18946454427042392,1,6,0,0,0,1,0,0,maintenance,1,1,degraded,high,nominal,0.5994917083963383,1.5029801778347671,4,16,3,15,11,4,28.2870514033552,51.0301449796504,54.67449937083112,7.682275519002147,67.32928604403457,42.00013120093507,173,0,514,827,127,727,1,0
2021-07-13,2021-06-19 12:21,198,2021,9,11,131,2,6,-45.959911934838274,-27.56039157755123,-65.7540049916225,10.008110261131083,9.160266014394834,11.690450628248557,1.3436342126911,5,1,4,activity_798,230.555588856365,surface_operations,0.198,0.5713426643642829,36,9,1,2,1,0,0,0,0,0,0.22080151318418278,1.0205304818413963,1.1019583898640402,1.7599160000495921,1.1345596654561096,1,0,IDA,1,0,1,0.484263662859154,0,4,0,0,0,1,0,0,routine,0,1,safe,medium,limited,0.5890442343139821,0.9592826327301764,7,11,73,44,11,2,12.29114418780436,24.528485920957422,7.6772121653250425,75.1652684629813,31.281083417663822,72.98379919063373,198,0,489,802,102,702,0,1
2021-07-14,2021-04-28 14:51,1039,2021,8,19,124,5,11,-50.568590350422944,-45.6912879269964,-56.83981728481055,14.110306781391312,3.232650530356873,16.93137872790178,4.113208863967137,13,0,1,activity_799,120.89988341518423,extended_mission,1.039,0.17756983853052843,48,9,0,2,0,0,0,0,0,1,0.539212634265594,0.9366182393833369,0.7753775718115729,1.7850698105271225,1.4949904891362644,4,0,WTS,0,0,0,0.7418404263883185,0,2,1,0,0,0,0,0,science,2,0,safe,low,limited,0.43731945283334445,1.6048182176749717,1,0,72,34,5,0,5.453111736719718,6.1935588205833,93.04048883334615,78.95925722045105,77.4267166702143,74.26217293051913,1039,0,0,0,0,0,0,0
2021-11-01,2021-07-06 08:55,1185,2021,2,27,323,4,2,-75.30821806210365,-21.98540221805394,-41.93681482983441,23.889987979591403,2.6897276532207903,25.254006641136925,2.2497594190528156,9,1,7,activity_800,211.1506766089198,surface_operations,1.185,0.7105853326512335,13,1,0,1,0,1,0,0,1,0,0.2796722708172854,0.32081478389075624,0.8378899087712863,0.4226173852818038,1.8507978510080574,3,0,CAMERA,0,0,0,0.2796940528203088,0,2,1,0,0,1,0,1,science,0,1,nominal,medium,limited,0.9726865718297624,0.5368357365293814,5,27,47,47,7,2,36.86448562718995,97.33912199789842,70.91322131603891,37.0209434012662,44.20495172755089,68.71310582814712,1185,0,0,0,0,0,1,0
2021-07-13,2021-12-14 08:41,342,2021,11,5,117,4,20,-72.42484608800066,-36.01466678689705,-31.08469944705994,9.244086002688977,6.583019294976243,25.54858729750857,1.2713938489381873,2,0,9,activity_801,340.20443960745087,extended_mission,0.342,0.9495722956353171,32,5,0,1,0,0,0,1,1,0,0.8548791201909561,1.6408635752531033,0.7627643941286838,0.9254750282232886,1.6304441525762623,1,0,APSS,0,1,1,0.3765425310449618,1,6,1,0,0,1,0,0,maintenance,4,1,nominal,high,limited,0.8335071637805338,1.9541328036176504,9,16,11,26,3,2,48.14392204982513,9.337947106665744,1.4933934791668269,12.730704192268794,73.7979527795885,46.63097373816718,342,0,345,658,0,558,3,0
2021-04-12,2021-09-01 09:28,523,2021,7,19,123,2,10,-81.92671216882752,-30.328858527559955,-68.33334095010014,14.470732771461718,2.8703226694414385,14.47502837143204,4.930316498090681,9,0,9,activity_802,183.42814975714595,surface_operations,0.523,0.6769193408855229,28,3,1,1,0,0,1,1,0,0,0.6804877402297209,1.8368064523625716,1.3259894539686514,1.7745828590362376,1.9453447114984843,2,0,SEIS,1,0,1,0.9275817379060489,0,3,1,1,1,0,0,0,maintenance,2,0,degraded,high,limited,0.8109133757595082,1.110597173982896,2,11,61,20,11,0,86.16610218664937,50.91630037395029,1.7298259787638215,6.8398903244020985,86.03509071153726,28.36300265914605,523,0,164,477,0,377,4,1
2021-07-16,2021-08-03 11:57,57,2021,11,19,291,0,6,-45.94607337843912,-41.06882448448881,-35.01628029459325,16.26154096827525,12.83924247890717,10.688719142671278,0.7366215281984396,18,0,8,activity_803,38.77221159319753,extended_mission,0.057,0.13065469553603204,49,2,1,2,0,1,0,0,0,0,0.4295431337168183,1.9446135217936606,1.3821563430745782,1.2259899550420774,0.9820149516254008,0,0,HP3,1,1,1,0.050700611709019405,1,2,1,0,0,0,1,0,routine,2,0,safe,low,critical,0.9500921726811935,1.0379982083703725,6,26,92,12,19,3,44.99824119218444,50.132397514366076,49.10195485799501,96.11094554136182,28.17884528002379,28.45795798358698,57,43,630,943,243,843,3,1
2021-08-23,2021-07-24 06:12,306,2021,4,27,182,3,17,-68.9181218973493,-43.30701395060803,-41.43155805641604,21.13796678101657,15.561960661072042,36.05073035441234,1.6853263002855063,16,0,5,activity_804,12.374548213384697,extended_mission,0.306,0.5935073929629318,39,8,0,5,0,0,1,0,0,0,0.7410791112680557,1.1408241533501913,0.5984487209290215,0.8291051811524988,0.6190306846467143,3,1,SEIS,1,0,0,0.7143140463502409,1,3,1,0,0,0,0,1,routine,0,0,safe,low,nominal,0.7307232050005232,0.779448290952901,9,3,24,1,5,2,5.63490566047109,83.57327659896103,56.42366015593194,37.330767503005,74.0458359866635,11.436298373454933,306,0,381,694,0,594,0,0
2021-07-11,2021-09-04 10:39,1566,2021,2,3,228,0,16,-83.19469824076067,-49.18713842958477,-32.04622401034831,11.972052632431483,9.828526439670878,31.640765517821535,4.681335351722726,4,0,5,activity_805,118.58535758548915,extended_mission,1.566,0.10535774254927899,8,5,0,5,0,0,0,0,0,1,0.2459501904399687,0.824273147066948,0.5559713268618407,0.5994333841265477,2.0069808409704835,1,0,WTS,1,0,1,0.5955702048985262,0,3,0,0,0,0,0,0,routine,1,0,nominal,low,limited,0.5608233396872434,1.4725197422794576,3,9,49,20,0,3,16.406455019241818,0.7150506422759273,8.052543134143653,75.96256343931248,3.3486150767497724,39.9852638814125,1566,0,0,0,0,0,2,1
2021-06-19,2021-10-09 08:51,1058,2021,10,12,53,3,1,-81.58713656317431,-24.76579887090965,-50.317804260201754,26.31100239263209,19.704505820946988,24.257233829206655,1.0316831863582263,12,1,0,activity_806,188.75538381925907,extended_mission,1.058,0.8493009469362477,22,1,0,4,0,0,0,0,0,1,0.19551995731662203,0.2136041145094921,0.7561504422614047,1.1277782895563435,0.6877197805113867,3,1,WTS,1,0,0,0.8431440882350286,0,6,0,0,1,0,0,0,routine,1,0,safe,high,nominal,0.9313269725616866,0.9023048803624707,3,9,79,18,6,1,36.71715710807795,87.0403427186231,17.040446995100112,38.14757919656465,88.78697917288221,1.5304425878583383,1058,0,0,0,0,0,3,1
2021-11-28,2021-01-04 03:18,1308,2021,8,22,55,0,7,-63.33518582089606,-30.23403213559026,-32.93627070151765,27.816487587267716,7.979932524798676,29.642021280691267,3.6302909844465416,3,0,0,activity_807,273.50962042763445,surface_operations,1.308,0.38200891528419734,31,1,1,2,0,0,0,1,0,1,0.40725190558914226,1.5388665983550656,1.1863257920085215,1.1681998681261243,2.0935815138666163,3,1,WTS,1,1,1,0.6526789485677399,1,4,0,0,0,0,0,0,science,1,0,nominal,medium,limited,0.36322998886653785,1.1075015490719409,3,22,71,15,15,4,16.125482348351273,0.4644486504650658,26.52235659425074,92.2311359915408,8.762447360350533,13.707442124550562,1308,0,0,0,0,0,3,0
2021-03-18,2021-09-13 06:01,1576,2021,7,28,348,1,16,-83.25749566109172,-58.62073353099764,-30.553702219202073,21.509150627835524,15.544106133207249,7.275080475497886,0.5667683607714968,16,1,6,activity_808,122.57747462484765,extended_mission,1.576,0.394866266225365,9,3,0,1,0,0,1,1,0,1,0.7785221600806619,0.5873469182126996,0.8244104959762911,1.3068896063483753,0.5002617769953589,0,0,WTS,0,0,1,0.8331592276068315,1,2,0,1,0,0,0,0,science,1,0,degraded,high,critical,0.5425494361658559,1.992086319031142,4,9,7,10,19,2,16.881496459993894,95.70668750624417,33.99810446881328,71.37082264816779,75.40201262858824,50.403091930637565,1576,0,0,0,0,0,0,0
2021-03-02,2021-09-01 09:57,1140,2021,2,23,289,3,4,-44.999591525534996,-34.460110809758824,-39.5255212160201,17.00679379645113,11.791438809962084,11.305237541145601,2.6983312066711935,19,0,6,activity_809,281.83003644834116,extended_mission,1.14,0.06495168364719295,41,2,0,3,0,0,0,0,1,0,0.5487116973000568,1.568887967258631,1.0694739853805872,0.8772930068769269,2.162852192246755,2,1,CAMERA,0,0,0,0.2586508900164328,0,4,0,0,0,0,0,0,science,2,0,safe,low,nominal,0.4589708340288444,1.709739503990271,3,17,57,29,5,1,32.385455345757975,19.6648253766768,30.893539955052184,82.94804756134845,57.671330501086885,10.915374327237249,1140,0,0,0,0,0,2,0
2021-10-22,2021-02-04 21:49,1345,2021,4,23,240,0,9,-71.34159775658033,-25.281809976250365,-60.5235958636455,23.30955565844305,13.347398769746261,12.047113684053338,1.0602401239166226,16,1,3,activity_810,331.96594272442906,surface_operations,1.345,0.012943761012847443,30,2,0,2,0,0,1,0,1,1,0.606552688396332,1.9243489245242156,1.2280302512054606,1.1455257507603434,2.028976317131823,4,0,CAMERA,1,1,1,0.26629498377508165,1,2,0,0,0,0,0,0,maintenance,2,0,nominal,high,nominal,0.32125385315908794,0.7958752191195148,4,23,70,35,14,4,24.324789239264668,91.91270374492082,30.45734390100191,59.659475271669606,43.43672063727356,44.32145941470258,1345,0,0,0,0,0,1,0
2021-08-19,2021-09-10 20:22,1842,2021,11,25,71,1,2,-67.68092288468677,-28.12546074360245,-67.10231085852935,6.4666972956624225,9.969158232005697,15.164334857814293,3.037659413452917,4,0,1,activity_811,199.9088491993641,surface_operations,1.842,0.7320547123625688,39,3,0,1,0,0,1,1,0,0,0.4197228139513016,0.6997469272341588,0.6860317426816938,1.6093389301029641,2.583281219143361,2,1,SEIS,1,0,1,0.889131926636273,0,2,0,0,0,0,0,1,science,0,0,nominal,low,limited,0.8891835527855316,1.3488914896088966,5,3,15,20,11,4,74.96940159715571,82.84675198829021,45.658538692131415,45.96468618828774,53.4004035551073,24.36620467598505,1842,0,0,0,0,0,2,0
2021-08-05,2021-04-19 09:08,1953,2021,7,1,115,4,11,-84.22398729840624,-54.97377006189089,-63.47244062397556,5.021455595694006,5.515795339147324,26.64427183807115,3.2070675226791447,12,1,3,activity_812,269.6067515856652,extended_mission,1.953,0.5312449588715267,10,1,1,2,1,0,0,0,0,0,0.37155863651829113,1.7279740293421526,1.415976440812483,0.4845147893812403,2.2623374976750323,1,0,IDA,0,1,0,0.51539144571794,0,4,1,0,0,0,0,0,science,3,0,safe,medium,limited,0.9288471586722002,1.4788558231008562,7,1,40,46,13,3,39.42630990178242,88.6132410655394,0.7772402689799507,89.53034258738154,65.67277943789614,99.56336226022076,1953,0,0,0,0,0,4,0
2021-09-23,2021-09-18 09:09,542,2021,1,18,182,1,6,-65.00749400485037,-45.32825252675943,-62.199475914562996,12.044741017980524,1.4563977125787098,15.604749155742523,3.4016278038774597,17,1,5,activity_813,92.3533781151752,extended_mission,0.542,0.6681704276213951,15,2,1,5,0,0,0,0,1,0,0.5139538737929967,1.2243941203581117,0.6840726595138654,0.9503459528694467,2.415694641392884,4,1,CAMERA,1,0,0,0.6001176983402189,1,4,1,1,0,0,0,0,routine,3,0,safe,low,critical,0.49764967432941487,1.8918612404220352,5,16,4,7,17,2,86.9120809539836,7.143871475230579,65.60263195179041,11.302725015973936,81.98216278861045,79.26661850496389,542,0,145,458,0,358,2,0
2021-06-12,2021-10-11 17:01,279,2021,1,17,276,4,3,-79.36985079719511,-25.29337561196443,-71.07281411751643,16.215946514322233,4.783108510640894,23.81443979212716,1.8502231075015847,7,1,1,activity_814,176.18784518415754,extended_mission,0.279,0.16349530667118695,45,6,1,1,0,0,0,0,1,0,0.21768758974989272,1.090735418618026,1.2321362611298428,1.2858866131296098,1.6347237512117045,0,0,CAMERA,1,0,1,0.20237639729420487,1,2,0,0,0,0,0,0,maintenance,4,0,safe,low,limited,0.47687093019043303,0.5827284114649698,4,21,56,21,1,0,1.2814650588500953,42.772963481388615,33.976381438682544,69.64701507072829,97.66654321874083,20.678261961615398,279,0,408,721,21,621,3,1
2021-02-17,2021-08-28 19:38,1600,2021,10,15,136,2,11,-63.60674681843522,-46.194150837111124,-33.97804673069643,6.949964104227581,16.17563380676697,19.33511163535558,1.314947488124544,9,0,4,activity_815,279.8500392463862,extended_mission,1.6,0.45893057534604675,17,9,0,2,0,0,0,0,1,0,0.6937682989652093,1.29403484323661,1.4822864304311099,0.5514663589646297,2.585038592151068,0,1,CAMERA,1,0,0,0.4064696537727862,0,1,1,0,0,0,0,0,routine,4,0,nominal,medium,nominal,0.9805567643837549,1.0262626737255935,2,6,17,22,11,2,96.62866277853763,26.114762179500207,60.54668332738484,3.744667700544735,15.434924783016735,2.208020530177579,1600,0,0,0,0,0,2,0
2021-11-27,2021-05-15 04:21,1692,2021,12,10,264,2,0,-42.12203000949076,-29.916276091597283,-54.54719082101804,27.557320812912508,14.34932961200574,20.06848677955299,4.883619289515151,7,0,4,activity_816,101.58350482519614,surface_operations,1.692,0.7073718406913233,22,8,1,5,0,0,0,1,0,0,0.26023446894612434,0.7642934661976044,0.625539983284324,0.5180222191469175,2.441560755756991,2,1,APSS,1,0,1,0.5287110057487415,1,3,1,0,0,0,0,0,maintenance,2,0,safe,low,limited,0.40341551156530264,1.9069746625800075,5,13,54,3,18,2,42.52570730996339,75.88251924227424,91.68548006723783,65.27931395621657,37.57467006183754,61.952848376775094,1692,0,0,0,0,0,2,1
2021-04-14,2021-12-07 15:13,1300,2021,5,7,241,2,14,-88.24019027833874,-32.0279057943759,-30.263066597429898,13.636802981804081,11.374638055812142,33.370365349805425,1.3391671965824434,3,0,4,activity_817,47.98503930628544,surface_operations,1.3,0.7622816831789863,39,9,1,4,0,0,0,1,0,0,0.6463571530698379,1.2155611062201732,0.7067665552294335,1.2696494234470184,1.8870880848632274,4,0,APSS,0,0,0,0.9979329337681728,1,4,1,1,0,1,1,1,maintenance,4,1,nominal,low,critical,0.9646460626652145,0.6582071044528908,2,1,5,29,1,2,51.23751934895382,79.04016521107658,97.10083019348387,35.88248809574325,2.0413093225159273,61.66795229958033,1300,0,0,0,0,0,3,0
2021-02-28,2021-02-25 11:16,1913,2021,9,6,133,4,20,-54.414140731040035,-45.92358828463571,-39.42671350139829,22.396543945057317,11.485183717171557,17.384151266557904,4.644721293837257,2,1,3,activity_818,95.82532963344813,surface_operations,1.913,0.7808153088147861,48,4,0,3,0,0,1,0,0,0,0.6341964835589989,1.3651103776433477,1.3788227821462327,0.5406013847551294,0.7908335433259412,1,1,SEIS,0,0,0,0.904712757311361,1,1,0,1,0,0,0,1,routine,1,0,nominal,high,critical,0.7361509370338519,1.737673514984976,5,7,20,38,12,0,61.46477248863553,77.93093054519453,92.09311761005013,0.04973150531231152,62.776338269877755,0.6936925194663268,1913,0,0,0,0,0,2,1
2021-06-25,2021-12-09 21:11,680,2021,6,6,155,1,21,-64.49327171138897,-58.81435565053398,-48.6790333145901,14.761439778586317,10.425958974911818,20.42471336632666,2.735591873500963,14,0,2,activity_819,303.6107147998736,extended_mission,0.68,0.34018740266504544,34,2,1,1,1,0,0,0,0,0,0.9110424916229138,0.4222912507062222,1.2244675756150425,1.2163451914887866,2.5157529783409194,2,1,IDA,1,1,0,0.27582452514739,1,3,1,0,0,0,0,0,routine,3,0,safe,high,limited,0.5634597082277197,1.8347088697050837,5,27,69,42,12,3,36.08372350385709,70.3446130027975,48.85205223631605,61.206999861319034,37.01968411211154,8.116977044734075,680,0,7,320,0,220,1,1
2021-08-12,2021-03-15 05:56,1038,2021,10,10,355,0,22,-45.45662369983624,-34.62501788326095,-51.161789959941835,10.43596294503271,2.4276855081173787,26.222916783601093,4.198807655253017,16,1,5,activity_820,330.8965894278195,extended_mission,1.038,0.29001864025171,33,6,0,5,0,0,0,0,1,0,0.5729513088837782,0.41732147851331863,1.351837369851888,1.7873062841285554,1.5439689219801565,1,0,CAMERA,1,1,0,0.6672731665737256,0,6,0,0,0,0,0,0,routine,2,0,degraded,medium,limited,0.31824542480093526,1.5397749026843268,3,0,64,25,16,2,23.00794021163678,75.15488916625472,86.80884296380853,81.45509607698325,25.889891559435142,80.42164408350875,1038,0,0,0,0,0,4,1
2021-05-03,2021-07-06 11:14,612,2021,1,27,21,4,16,-74.95084194094517,-44.87487397861326,-62.673710918431226,11.287461536533065,7.095710254369314,18.27292777661137,2.692508255413976,16,1,1,activity_821,316.2187378548471,surface_operations,0.612,0.30673206037405787,20,6,1,3,0,0,0,0,0,1,0.12912237891421174,1.0765161742513405,0.7267681882860957,0.7611632509167356,2.210893505900958,1,0,WTS,0,0,0,0.6909573800902767,0,4,1,0,0,1,0,0,maintenance,3,1,nominal,medium,critical,0.7655647625584261,1.7605396408650171,1,2,20,17,7,1,21.71668500781707,28.646870242398514,40.481989284118455,7.602807736940331,72.51587659423254,71.14981587134916,612,0,75,388,0,288,1,0
2021-05-21,2021-05-06 00:30,1763,2021,9,28,102,3,22,-88.70579650762572,-46.89508458987531,-40.417333012637734,7.603586730877727,7.657072872562358,9.60138590553234,1.5061710624863367,3,0,3,activity_822,222.45372128358994,surface_operations,1.763,0.8779150351397468,43,7,0,1,1,0,0,0,0,0,0.9550418282422051,1.6719339094645937,0.6269850088553195,0.9298624368930812,1.8492279672944911,3,0,IDA,0,0,1,0.6766772798671725,1,6,1,0,0,0,0,0,routine,3,0,nominal,high,nominal,0.37893885563707036,1.0260643200058353,2,17,62,3,17,3,3.54367657772392,85.27289366767509,94.04458011570085,2.6229078546995854,78.9261818807285,38.58132609410273,1763,0,0,0,0,0,2,0
2021-07-10,2021-11-11 18:31,358,2021,8,19,160,1,21,-69.61244315050665,-38.9183298939262,-41.68668118703961,19.899015862794023,5.851257797185805,25.982757007464752,0.8741229938646096,2,0,5,activity_823,137.9955340499547,extended_mission,0.358,0.7571863610907356,35,8,1,5,0,0,1,0,0,0,0.24759598722826884,1.0101735164163157,0.6265949055495653,0.7421675658828257,0.678045881059074,0,0,SEIS,1,1,0,0.8304068631067697,0,3,0,0,0,0,0,1,science,1,0,degraded,medium,limited,0.6778673940502737,1.0270689543125187,9,18,81,22,7,1,56.68605333081277,91.84011939896082,40.13197104485023,50.479154521541425,75.01588035003506,80.32954738153629,358,0,329,642,0,542,0,0
2021-06-22,2021-09-28 04:34,1611,2021,6,24,252,6,6,-72.09004397282634,-22.573048187461893,-66.59444786031237,12.552894542907016,10.09709497764094,21.70742652666532,2.301371337557544,18,0,3,activity_824,80.77647840678691,surface_operations,1.611,0.6426001820621623,23,6,1,2,0,0,0,0,1,0,0.7343563346602151,1.3328857910724272,0.7739029173985645,1.1305648890489157,1.1112822638523654,1,1,CAMERA,1,1,1,0.17641293059278784,1,2,0,0,0,0,1,0,maintenance,4,0,degraded,medium,critical,0.47971120420147334,1.8770281712681873,7,17,93,34,3,4,80.62691712721349,18.26910161322791,83.80873086909315,45.53086412351639,20.93937816942035,99.08819660236281,1611,0,0,0,0,0,3,1
2021-12-02,2021-08-13 13:36,217,2021,7,3,334,6,22,-72.10937882445482,-31.125626737968645,-37.387125101010334,11.340444677736883,15.08262951589841,18.76598999940483,1.079272182349609,19,1,7,activity_825,63.752674983730095,extended_mission,0.217,0.18624407887843775,47,6,1,5,1,0,1,0,0,0,0.1966278658517877,0.43877570533435545,0.904107708300601,1.0806122573533785,2.5604847968040567,1,0,IDA,0,1,1,0.5962195159983843,0,2,1,0,0,0,0,1,maintenance,0,0,degraded,medium,critical,0.5585237059040262,1.778310012730742,7,1,78,22,18,0,39.65254012550907,98.60833114463207,34.84882302192525,70.79657083933803,25.0402009750465,30.342294376617552,217,0,470,783,83,683,3,0
2021-06-01,2021-06-13 00:52,150,2021,4,22,191,2,20,-62.49719001571954,-20.63422931221222,-48.001511170817906,21.66568300898044,4.274455398684037,8.740270857226577,3.2090450366663945,19,1,4,activity_826,129.39279455386932,extended_mission,0.15,0.4427832181846204,37,3,1,4,0,0,0,1,1,1,0.6277872568349119,0.6275377252607135,0.6629512724253424,0.6681021769481927,2.3977152449629777,0,1,CAMERA,1,1,0,0.748995084664565,1,3,0,1,0,0,1,0,maintenance,0,0,degraded,medium,limited,0.8156492506270647,1.1280172035249436,4,17,44,19,10,3,61.536150747858464,38.88600444647549,60.74987771192754,62.776013541447774,62.21382599169577,73.3408304476434,150,0,537,850,150,750,4,0
2021-01-24,2021-08-27 06:12,52,2021,11,19,138,3,10,-67.59058120388234,-32.75559144309005,-43.47008998181077,5.688910371645385,15.38605345679227,22.273162023462763,3.005144479960475,7,1,0,activity_827,180.46807671779558,extended_mission,0.052,0.5104015154891743,39,8,1,4,0,1,0,0,0,0,0.11208461398064457,1.1392153955820261,1.2646308139697777,1.2722936687080544,2.90683537865346,3,1,HP3,1,0,0,0.38148539447832075,0,6,0,0,0,0,1,0,maintenance,3,0,safe,medium,limited,0.4225173060284274,1.969810477777312,1,29,30,44,6,0,94.73285636286181,4.251438590459422,18.191429373910715,58.45955408466743,8.07371784000136,16.172775698936892,52,48,635,948,248,848,1,1
2021-03-21,2021-07-16 11:42,1379,2021,9,9,295,3,21,-78.5266762275075,-39.867730617336434,-34.26518233360111,9.597877326547165,9.068929261777697,28.237532090050706,1.3270737600775215,18,0,6,activity_828,227.431568203211,surface_operations,1.379,0.7004130163138019,15,4,0,2,0,0,1,0,0,0,0.45844641235938266,1.118805616642781,0.858084643609535,0.6413337345497845,2.4500247181074384,2,0,SEIS,1,0,1,0.4773714294565037,0,3,0,1,0,1,1,1,maintenance,3,1,nominal,high,critical,0.4683347880009318,0.7098189288310905,5,4,56,29,8,1,71.31919283610006,58.4098872964084,5.039452380760034,19.842566707170327,20.194342039256274,17.09679519433592,1379,0,0,0,0,0,1,0
2021-01-15,2021-04-22 17:38,1012,2021,10,1,218,2,14,-47.682439811317906,-24.727709820137044,-54.60427257788828,18.137248745326968,8.480252025129381,30.902345694296592,3.163672089218535,8,1,8,activity_829,39.875576678454784,extended_mission,1.012,0.19232444436981777,28,9,1,4,0,0,1,0,0,0,0.5867377683806475,1.7135029582278842,1.4475145233587436,0.9423482363495048,1.8335739384265508,1,1,SEIS,1,0,1,0.5584780674655774,0,3,1,0,0,1,0,0,science,3,1,degraded,low,critical,0.3471440949635216,1.5526103673871225,2,21,85,17,14,4,27.794506620541316,23.439488583354773,91.19585896786052,29.513954636117244,64.80787958111966,78.7094780383622,1012,0,0,0,0,0,1,1
2021-03-10,2021-08-22 11:49,497,2021,5,19,228,0,18,-80.39472214089747,-55.690559522155034,-36.46913409209128,9.453451420617618,17.422194121415902,38.63901447822092,1.4936298735905167,18,1,1,activity_830,237.99412774978646,surface_operations,0.497,0.06583317672755962,39,1,0,3,0,0,1,0,1,0,0.23561977591322117,1.8686451607700583,0.9177462830207013,0.4230002218643693,1.0712000369349859,4,0,SEIS,0,0,1,0.9089693290910626,1,3,0,0,0,0,0,0,maintenance,3,0,safe,high,nominal,0.40616384087181406,1.0957355057772113,7,15,79,45,16,4,63.87645706684082,68.56504505635021,15.285445516813944,93.9018829234704,79.60843504349157,25.41959961471495,497,0,190,503,0,403,0,1
2021-11-18,2021-10-07 16:03,477,2021,12,8,297,1,18,-53.810874806434576,-22.773906301632977,-61.26514482699844,29.502065728128734,4.485735861195144,9.712459855289508,0.8467265673349187,5,0,2,activity_831,25.345777554769544,extended_mission,0.477,0.7598878821135384,14,2,1,5,0,0,1,1,0,1,0.3051487325516997,0.28182198601607844,0.725119022085499,0.6455842716891707,2.220059381834157,4,0,APSS,0,0,1,0.6239459952991303,1,5,0,0,0,0,0,0,routine,2,0,nominal,medium,limited,0.7965853558382436,1.0223148645571507,9,14,11,49,5,0,27.361454987808287,74.0781000531443,30.752162020405336,72.07702617243945,19.596108277628964,22.99658434000832,477,0,210,523,0,423,2,0
2021-07-20,2021-10-14 21:40,1101,2021,4,26,76,0,7,-63.5815366977519,-23.10143225695648,-53.289739398948456,6.110095980992886,2.923897352782643,16.689512559119088,3.7645594598347434,15,1,8,activity_832,56.57865890847389,surface_operations,1.101,0.9823610469108989,48,6,0,3,0,0,0,1,0,1,0.13838222334650915,0.6391242875862629,0.5921146596009287,1.7408674233376236,0.9220716319508879,3,0,APSS,0,0,1,0.4267949518411236,0,2,0,1,0,0,1,0,science,0,0,degraded,high,limited,0.6600871144493865,1.108729530825134,9,17,1,41,11,2,82.87080143503852,61.20820147010399,96.94210773863169,32.562288904335176,16.152428755094984,75.05763761754345,1101,0,0,0,0,0,3,0
2021-06-13,2021-12-10 12:21,1496,2021,5,8,139,1,18,-74.31860352145777,-50.045456451967716,-52.250493587417395,10.948571152733638,14.475775427980594,27.570161159686425,2.3034812691631585,15,0,5,activity_833,34.30170453040627,surface_operations,1.496,0.7495284033840995,36,5,0,1,0,0,0,1,0,0,0.65632151055545,1.0894196428858867,0.9858625023169438,0.7827800996867467,0.5190347083506709,0,0,APSS,0,0,0,0.6119940065800433,0,4,0,0,0,0,0,1,science,4,0,degraded,high,nominal,0.6971298986596907,1.8224626011973801,8,0,55,11,12,3,36.105129341735754,95.78959061244137,45.67957825280524,71.94348949688374,96.70869699568236,15.100013590241101,1496,0,0,0,0,0,2,1
2021-08-22,2021-09-05 16:20,605,2021,10,23,219,5,22,-85.96487846744064,-55.040739162877564,-59.38510792492406,7.393212568023187,17.711843049134895,35.644069524317636,4.76920707240081,2,1,7,activity_834,221.0257660278262,surface_operations,0.605,0.44462797649986574,27,7,1,1,1,0,0,0,1,0,0.45347539111569124,0.27115953439276763,0.5051713041700766,1.2663092233591209,2.789414825254431,2,1,CAMERA,0,1,0,0.571613267794398,0,1,1,0,0,0,0,0,maintenance,1,0,degraded,medium,nominal,0.38779846601454904,1.13865149532207,2,19,80,45,6,2,72.20070448585214,31.420155739024878,2.328543641103109,82.59266899343135,16.269354342935582,21.40749097624003,605,0,82,395,0,295,1,0
2021-03-18,2021-03-15 05:09,1456,2021,3,10,144,3,0,-72.73985866934274,-32.68064132764266,-40.506172850402386,19.813247991732332,7.864018876630768,25.40975291107634,3.67244900480427,18,1,8,activity_835,344.9000768565708,extended_mission,1.456,0.7282886868004311,28,6,1,5,1,0,0,0,0,0,0.7403725235462009,1.80558853984884,1.2193931214190745,1.2423178013136265,1.5519575448162688,2,0,IDA,0,0,1,0.9990675607484808,1,4,1,1,1,0,1,1,maintenance,3,0,safe,low,limited,0.5204886778271935,1.7445407693823831,1,24,20,22,11,3,25.68498321092494,89.79825321496254,17.97091211359603,61.048747332295925,79.94541186871682,59.5398746826733,1456,0,0,0,0,0,2,0
2021-03-03,2021-01-11 03:57,1423,2021,12,11,32,1,18,-62.25387410912528,-24.099939455930482,-70.68844435594595,8.84388610938716,13.10010152738271,15.295240602397323,1.2636670618022443,12,1,7,activity_836,281.8472305365525,surface_operations,1.423,0.5298171889420855,39,4,1,3,0,0,0,1,0,0,0.7075362689388085,0.6848336160546499,1.0341364310047927,1.318970786708345,1.4197352019855696,0,1,APSS,0,0,1,0.9478373549972036,1,4,1,0,0,0,0,0,routine,3,0,degraded,high,nominal,0.327805550143659,0.8372680360383749,2,6,82,27,7,2,36.281559468392544,60.29159067500734,81.55364989269799,30.12413819771028,93.22566979621388,21.33134958852111,1423,0,0,0,0,0,2,0
2021-08-18,2021-10-18 16:40,448,2021,3,15,23,3,16,-85.82428597301194,-25.5337117415733,-30.778480232767457,27.67057548703732,19.28020993600034,5.816757601114261,0.5511642060316724,19,1,7,activity_837,217.90313468117228,surface_operations,0.448,0.6484909262248741,48,1,1,3,0,0,0,1,0,0,0.4963949699461331,1.957709747365017,1.0517351321810766,0.41193549249225736,2.6828291715202104,4,0,APSS,0,1,0,0.22091245485479527,0,3,0,0,0,0,0,0,science,3,0,degraded,low,limited,0.8288828667650849,0.576072823011867,6,0,82,29,17,1,35.07161256416654,64.00155437935253,73.91203096651589,79.1060035190332,69.39395457688292,32.994755767582326,448,0,239,552,0,452,1,0
2021-03-27,2021-04-03 22:24,1193,2021,4,25,2,1,14,-53.84874483646495,-27.85526047897465,-48.2834216745534,10.838096424922398,6.662187412389933,36.52473569846988,3.8017777564513615,2,1,8,activity_838,93.68500484856843,extended_mission,1.193,0.02322698478678764,17,7,1,1,1,0,0,0,1,0,0.3659048273408425,1.2264397242705352,1.305230739346872,1.1784746604034917,0.5997366393050905,4,1,CAMERA,0,0,1,0.8664538500194279,1,3,0,1,0,0,1,0,routine,4,0,safe,medium,critical,0.46891397927544576,0.5563116277192388,5,0,49,25,15,1,93.71640094786456,71.65567971709817,44.1979651840964,59.798483906119145,81.64963679095663,89.75545051093343,1193,0,0,0,0,0,3,1
2021-12-25,2021-09-23 08:18,1375,2021,12,7,142,4,14,-51.97001168961292,-38.987601686011274,-32.88773431477961,13.1847243239667,7.2538119007828445,38.94952806854064,3.8188629408490016,16,0,2,activity_839,41.908683663128514,extended_mission,1.375,0.5320443972891352,36,3,1,5,0,1,0,0,0,0,0.9889845618248954,0.58632076498584,0.7425198590875393,0.6646934825170423,2.479255654033225,0,0,HP3,0,0,1,0.47826072795309593,1,2,0,1,0,0,0,0,routine,1,0,nominal,high,limited,0.3856312643206318,0.7639759986559144,3,20,99,0,14,4,25.334684878851675,16.608092605322934,19.512818116391138,98.38803609639977,59.473025915461285,76.26931648531968,1375,0,0,0,0,0,4,1
2021-06-18,2021-01-28 06:35,1644,2021,4,18,354,4,5,-62.670755007816,-24.451365374068523,-34.68696492676228,17.180278957489392,0.4919893155676802,34.56176827163592,0.5028011175432738,5,0,5,activity_840,244.19993193006766,surface_operations,1.644,0.44104462591383364,28,6,1,2,0,0,0,1,0,0,0.3259170850864594,0.3187766996294182,1.353818814266004,1.183560531272108,1.1503919277001118,3,1,APSS,0,1,1,0.3958195578069642,1,6,0,0,0,1,0,1,maintenance,1,1,degraded,high,critical,0.7287914719691956,0.6044542452581574,0,4,12,17,17,2,89.30496252379636,84.13809807098805,11.655180931093245,60.87844266374145,59.64814111966464,30.374791767759945,1644,0,0,0,0,0,0,1
2021-09-08,2021-10-19 21:48,1991,2021,10,17,310,4,15,-55.77056145066897,-27.2498307383471,-56.35889460633189,13.026713610811578,16.510732856507857,29.043268879541884,2.0459750873851688,18,1,0,activity_841,300.3977027867145,extended_mission,1.991,0.3107231350367129,31,9,1,5,0,0,0,0,1,0,0.8635140687883233,1.354554612903044,1.439997388988902,0.4364012565284506,0.6300094899802362,3,1,CAMERA,0,0,0,0.7234701733125541,1,1,0,0,0,0,0,1,maintenance,3,0,degraded,medium,critical,0.5485698341465224,1.0695252051488098,6,8,50,18,1,0,99.33426973011193,28.723732163993322,38.271446646362186,22.426502674788296,64.34960356584803,6.04886295167052,1991,0,0,0,0,0,2,1
2021-10-24,2021-08-02 19:16,120,2021,1,14,55,4,23,-78.74064260252705,-48.80389831027032,-73.01103296485462,9.082741043494195,8.487212506661226,9.587117454756758,1.1002313773268635,15,1,2,activity_842,251.61962166946648,extended_mission,0.12,0.4037326996223689,40,4,1,2,1,0,1,0,0,0,0.6364584114922478,0.9527339395270871,0.8938085164550849,1.3506400254660824,2.8744417522152963,1,0,IDA,1,0,1,0.6913918108273119,0,3,1,0,0,0,0,0,routine,2,0,degraded,high,limited,0.7116179254964781,1.6139830719333792,3,24,10,25,19,4,76.35438540797426,0.8282324612618019,82.28125906967134,46.47972263015141,46.316396819290375,43.43067629502896,120,0,567,880,180,780,3,0
2021-04-27,2021-06-17 14:59,292,2021,1,8,247,6,22,-59.47258216553478,-36.90017814574529,-51.74335401453635,18.442611349466574,16.870447422879288,16.090447362408078,2.976142748000932,6,1,3,activity_843,278.20577281664134,extended_mission,0.292,0.7371225247739107,41,1,0,5,1,0,0,0,1,0,0.6913262702147603,0.660449016272907,1.2005690227196055,1.5870079968540833,1.986773499089271,2,1,CAMERA,1,1,0,0.78208194153034,1,5,1,0,0,0,0,0,science,1,0,degraded,low,nominal,0.8058788578693634,1.0445634800491588,3,7,34,18,5,2,20.994550037282444,29.67364864791967,72.53595434171068,73.04269525313968,69.79876131950004,81.84614650754317,292,0,395,708,8,608,3,1
2021-02-09,2021-11-22 05:14,435,2021,5,20,260,6,17,-78.0437631593314,-33.999167905947914,-48.35869669828435,13.947820522470169,18.35553492686905,31.663136335175288,1.6703031959161088,18,0,8,activity_844,59.258437631358355,extended_mission,0.435,0.1362199645830512,21,1,0,4,0,0,0,1,0,0,0.12122399591558636,1.1526460350727743,0.6775661073946508,0.3742634776274707,0.5555161385128942,2,0,APSS,1,0,1,0.6464934852762119,1,6,1,0,0,0,1,0,science,2,0,degraded,low,limited,0.5830434531512989,0.5336779300720897,3,2,65,42,19,1,50.22570280568252,65.27817957387195,6.098900317300582,35.30601759002623,64.83024617258152,81.60876743378809,435,0,252,565,0,465,4,0
2021-09-22,2021-01-16 19:35,1893,2021,7,17,173,1,8,-77.33589727773924,-45.750916183434114,-33.385006368413485,14.913451325864505,11.0457901749832,24.101371330672745,3.1241806594618633,18,0,8,activity_845,209.99257412724194,surface_operations,1.893,0.26568391070103103,28,7,0,1,1,0,0,0,0,0,0.5813185899458011,0.3437001509110638,1.2510390459351903,1.6155816351304801,2.8280704274737802,0,0,IDA,1,0,0,0.3096234799396299,0,1,0,0,0,1,0,1,maintenance,4,1,degraded,medium,nominal,0.6941502466365892,1.5500665569820435,8,15,95,3,5,2,24.49710870369849,85.74221085227094,88.28750172200762,35.60869731203896,19.48253562972395,49.881197476522665,1893,0,0,0,0,0,4,0
2021-03-24,2021-10-12 08:50,880,2021,1,13,217,6,21,-85.96936956664786,-49.03760622755291,-54.208505418836054,28.838898307944863,11.379021812446116,29.3625418108802,0.898339313002223,4,0,5,activity_846,123.36160245164439,surface_operations,0.88,0.9212284125406086,36,3,1,1,1,0,1,0,0,0,0.22830213656287943,0.6896899603196147,0.5672572944411803,0.9603995143676702,2.123353858653367,2,1,SEIS,1,0,0,0.1340308527158237,1,3,0,0,0,1,0,1,routine,4,1,degraded,medium,limited,0.930461055425233,1.9022792194845726,6,28,37,13,17,2,16.8452952312233,21.73838400256506,65.30299235485609,88.5894331065791,38.49560549354558,12.189948450183186,880,0,0,120,0,20,0,0
2021-07-21,2021-07-11 14:12,1070,2021,3,3,235,1,22,-79.52829047855053,-51.34247994276959,-63.331281412908695,25.261410807975903,3.7537857061695568,25.329427182471203,3.9988806967364527,8,0,8,activity_847,55.95749718723458,extended_mission,1.07,0.5621029983087693,26,9,0,4,0,1,0,0,0,0,0.10417059542652024,0.9065995020643949,1.4629915167166003,0.4480076474899613,1.083621286736481,1,1,HP3,0,0,1,0.468345448404777,0,2,0,0,0,0,0,1,maintenance,0,0,nominal,high,nominal,0.4666490529804626,1.89171651056538,1,16,70,14,8,3,57.77895641524029,18.835356438101027,32.3776742990146,17.86971969305411,84.50260860206993,65.71890599901376,1070,0,0,0,0,0,2,0
2021-05-13,2021-02-15 11:01,1264,2021,7,4,46,1,10,-41.6286825399423,-59.508259184608406,-58.44101149408441,6.695987911309027,6.3449319327926235,26.247201010450162,3.2393143751534543,19,0,1,activity_848,301.5147950911749,surface_operations,1.264,0.8463388235360241,43,3,1,4,0,0,1,0,0,0,0.10224555197351293,1.3671353615093456,1.177753982565504,1.3631238986431533,0.5981514027630653,0,1,SEIS,1,0,1,0.31043740155316313,0,2,0,1,0,0,0,1,routine,1,0,nominal,low,nominal,0.3725313775625002,1.9443078637923152,8,7,51,13,5,1,89.56936134442833,58.001725184011555,35.140999998412866,51.33396624570512,26.07269549074286,63.47588502816244,1264,0,0,0,0,0,2,1
2021-11-24,2021-03-23 15:00,849,2021,7,11,113,2,13,-82.58136669217944,-26.19424982150356,-33.37305591048677,21.735641120117894,2.0666919997167854,16.95708085678471,4.8402135155657255,15,1,4,activity_849,240.5862666100745,surface_operations,0.849,0.35292947599556257,30,6,0,1,0,0,0,1,0,0,0.7319645333422007,0.788130794439398,1.1575814339546229,0.4569779802217719,1.807658002325628,4,1,APSS,1,1,0,0.9083241429413269,1,2,0,0,0,0,0,0,science,2,0,safe,medium,limited,0.40344591024773047,0.8684915848680956,5,24,41,27,16,2,26.78686077841802,46.23772319053084,52.014214305346194,66.91845228655605,34.438350774949065,85.83369796999165,849,0,0,151,0,51,1,1
2021-09-16,2021-09-26 14:10,1167,2021,5,7,173,4,18,-56.848758813236145,-35.865282845353,-67.4906414403602,26.860408184131998,4.8113950694503345,31.057107343133804,1.2940550283130465,12,1,7,activity_850,77.30873475160267,surface_operations,1.167,0.31075424685834097,38,8,1,5,0,1,0,0,0,0,0.7378336027936623,0.39045918427107773,1.4374149065959396,1.3078983617442657,0.777608858845231,0,0,HP3,1,1,0,0.961033454723962,1,2,0,0,0,0,1,1,science,3,0,degraded,low,nominal,0.4587541609114234,1.8180292315721158,2,5,80,29,18,1,94.29454678407755,37.844986951295944,82.34213034758294,6.8611302350485515,55.3703314719739,83.17036764463892,1167,0,0,0,0,0,1,1
2021-07-04,2021-11-24 13:36,1132,2021,7,22,315,2,20,-46.26770498009558,-53.22554888818304,-32.36613929773137,10.104399814115299,19.82527571402873,29.54653397000023,3.3238919873359394,16,0,8,activity_851,140.10802220505198,surface_operations,1.132,0.1261730164493703,48,4,1,3,0,0,0,1,0,1,0.3119057992832306,0.7646637080243786,1.1280654033308086,0.9569809043342767,2.920962804052451,3,1,APSS,0,0,0,0.5417571952889821,1,1,0,1,0,0,0,1,routine,2,0,safe,high,nominal,0.9640562366154337,0.8231066127014485,6,21,52,36,2,0,94.94922661809156,70.84445346146215,52.41142892217019,5.790224916990616,48.73058538262095,42.1900605418212,1132,0,0,0,0,0,3,1
2021-12-25,2021-09-01 04:17,1327,2021,4,27,239,6,5,-80.66913399475389,-28.66483478767315,-49.692098674260656,10.055900458806988,17.324825964777062,32.44083239917204,4.780855982414988,12,1,8,activity_852,339.20959454807013,extended_mission,1.327,0.9998413004979217,46,3,1,5,0,0,0,0,0,1,0.6351423786937715,1.5548166451312986,1.3581535197241648,0.8837192887299667,1.9479773685497377,3,1,WTS,1,0,0,0.8545823952810524,1,5,0,1,0,0,0,0,routine,3,0,safe,medium,nominal,0.3711537231799296,0.9843484726314643,8,16,78,41,6,3,63.5697847928375,65.6226512110654,87.62452094193593,84.71913858709183,6.329668514484954,57.83489419914388,1327,0,0,0,0,0,3,1
2021-07-05,2021-05-27 23:00,603,2021,9,3,315,5,3,-52.76268683079023,-57.36916830879386,-58.36325521981662,7.718794151241019,1.106998743270331,25.607686417832355,4.109139443854545,5,1,7,activity_853,23.041119291026444,extended_mission,0.603,0.7363872808738148,47,7,1,1,1,0,0,0,0,1,0.24895693992309958,0.43124348944193114,0.9358777893996191,0.39781901187502133,2.516210806167589,1,0,WTS,1,1,0,0.519063064396569,1,6,1,0,0,1,1,0,maintenance,4,1,safe,high,nominal,0.41216959612335513,0.8653479480385478,9,0,67,25,8,0,18.155138607692866,89.92242589621797,68.86908048822134,23.69908306216405,71.38818150143203,60.02248370066202,603,0,84,397,0,297,2,1
2021-05-14,2021-06-11 15:17,1089,2021,4,3,33,5,16,-65.54356013442427,-42.629694784994044,-33.894606833638825,22.705152076846947,13.813173900553934,8.405804508863024,0.9141290851521202,5,1,2,activity_854,338.3715142881797,extended_mission,1.089,0.45325346837681046,48,8,1,5,0,0,0,0,1,0,0.7690157387895129,1.7930575571233314,0.6616833246921943,1.5811553825848408,2.4717398785298865,1,0,CAMERA,1,1,0,0.6070372426864613,1,4,1,0,0,0,0,0,science,0,0,safe,high,limited,0.4260487705667291,1.855666980301042,0,1,78,10,17,0,81.43058728922784,86.52834602265635,52.43829038342981,82.52983050152486,46.0527760149248,4.417292703587117,1089,0,0,0,0,0,4,0
2021-11-15,2021-06-20 15:48,645,2021,11,23,289,0,0,-89.3301702138028,-57.715090704982174,-30.01104928045511,29.123530875963425,2.5344942570513385,10.743496354400492,4.55073286729848,18,1,6,activity_855,164.64459659494676,surface_operations,0.645,0.12701894027906713,26,1,1,4,0,1,0,0,1,0,0.8425023503590712,0.8073615676906152,1.1123730235639977,0.8121635173100821,1.6599206971381226,2,1,HP3,0,1,1,0.960125249107352,1,3,1,1,0,0,0,0,routine,3,0,degraded,high,nominal,0.5435258094902633,1.66662487466374,4,13,94,0,8,4,95.77036319785567,68.89795191164917,40.78992510699185,79.64812628269694,60.93020760521301,87.76770450937744,645,0,42,355,0,255,3,0
2021-04-03,2021-01-08 15:42,790,2021,5,16,56,0,12,-67.60681481347038,-38.14111629143253,-64.76786743908278,28.089998878572402,6.036022056788601,12.623391628162654,2.864315863048229,1,1,7,activity_856,282.1505649450659,surface_operations,0.79,0.06724641835527334,15,9,1,4,0,1,0,1,1,0,0.8499435842721256,0.3031292365307712,0.6280889387623706,0.7543487741395012,1.8833329472595544,4,0,APSS,1,1,1,0.09939079065497824,1,6,1,0,0,0,0,1,routine,0,0,degraded,high,critical,0.32439274375366955,1.470820466116952,2,15,82,16,5,0,97.36633852130751,26.72998043099404,60.97690304235368,35.49785484951439,99.95006742096851,95.09968071297757,790,0,0,210,0,110,3,0
2021-10-26,2021-02-15 11:00,700,2021,1,17,167,2,11,-83.27381207182208,-50.19397613024552,-61.18696636118441,5.2169352422900115,7.41338514415024,10.62309432400139,3.7608176847108763,7,1,9,activity_857,188.09339123524288,surface_operations,0.7,0.13191774742160212,24,9,1,2,0,1,0,0,0,0,0.29849236651582933,1.2422618204229923,0.7563360149636545,0.814419842226048,0.6318349588477052,2,1,HP3,0,0,0,0.2859201683065239,0,3,1,0,0,1,0,0,science,0,1,degraded,low,nominal,0.5188901758453087,1.9679121928989034,1,17,91,16,15,3,83.90701738651546,13.33078774920593,10.508374419234778,43.900035052475786,43.66468793691344,98.14689866805686,700,0,0,300,0,200,1,1
2021-03-04,2021-01-19 03:46,1984,2021,7,20,49,0,21,-51.24393969498168,-31.333690026934057,-56.868345994087285,22.73189520418444,12.460508463940783,31.91475417139266,1.913642129723476,7,0,3,activity_858,178.28553609103903,surface_operations,1.984,0.28095277742128966,22,4,0,5,0,0,0,0,0,1,0.901622468998374,1.8070740048016143,0.9169174591929565,1.424408822670079,1.0831771493605054,3,0,WTS,0,0,0,0.6352242893829319,0,1,0,0,0,0,0,1,science,0,0,safe,low,limited,0.6731439057380562,1.0865768926896242,1,20,3,28,16,4,12.033599884460756,96.82946892126652,18.09792226418151,2.4502767897627953,53.080737494428455,71.19122628157743,1984,0,0,0,0,0,1,0
2021-06-28,2021-12-21 17:23,1716,2021,1,1,1,0,20,-83.7059139375432,-46.06598248340916,-62.57103113333466,29.408870849839484,13.165257455193895,19.36596283231929,4.453041795591272,6,0,8,activity_859,290.23693052298273,surface_operations,1.716,0.5490627218326598,25,6,0,3,1,0,0,0,0,0,0.9294912110407124,0.3729261110261139,1.388214964699039,0.9805674406624729,1.9331634871588923,3,0,IDA,0,0,1,0.3558073075696999,0,5,0,1,0,0,0,1,routine,2,0,nominal,low,critical,0.8869698608822199,0.712219159376792,0,24,46,27,10,3,5.670376718414549,94.7703904422807,65.9053667191499,24.965398258939096,53.35362034355497,63.53705088765585,1716,0,0,0,0,0,2,0
2021-10-11,2021-02-16 18:51,948,2021,5,7,3,0,9,-47.4001187503225,-21.818650827613133,-70.66992281649145,28.88212223467873,10.857656777431107,28.527527785732445,1.455075048577287,15,1,8,activity_860,128.47638898814267,extended_mission,0.948,0.9071957996608533,30,7,0,3,0,0,0,1,0,0,0.5726931696311588,0.6624974526511483,1.152816431060676,0.6908376801770528,1.3721163995752532,1,0,APSS,0,1,0,0.6938022718023258,1,4,0,0,0,0,0,0,routine,2,0,safe,medium,nominal,0.9530211753684741,1.804811970137683,3,12,53,8,19,1,86.88139208384,31.147511403889393,64.43040724201815,27.51381852546666,34.628493923663505,52.06445442552907,948,0,0,52,0,0,4,0
2021-07-17,2021-08-11 16:45,1358,2021,9,6,40,0,21,-73.93669487473072,-45.66262577327669,-42.6783833021943,5.287335537333567,9.280806753489557,17.00888402357792,4.343013355875145,14,0,3,activity_861,259.84218392143,surface_operations,1.358,0.9136000060675284,38,8,0,5,0,0,0,0,0,1,0.3874098160249261,1.1491065020716438,0.5455886645274681,1.0501356339256671,1.450661333100965,2,1,WTS,1,1,0,0.39397406408158,0,3,1,0,0,0,0,0,routine,4,0,safe,high,nominal,0.894454253363564,0.5133761465998058,8,26,56,46,17,1,42.74433253914055,24.43635676089815,84.56301828446482,31.937098203487444,82.67538702558181,89.16079768046458,1358,0,0,0,0,0,0,1
2021-05-25,2021-02-14 19:17,863,2021,11,16,36,0,2,-48.62206469982566,-36.51250546021875,-48.62665337981066,5.0143502916875535,9.443024277512222,14.29663138954326,2.0129405549737776,8,0,0,activity_862,33.491370621384085,extended_mission,0.863,0.17706988579200222,15,8,0,5,0,1,0,0,0,0,0.3881129428522394,1.7105576876405713,0.5817731483131491,1.1717715804871012,1.49956594714491,2,0,HP3,1,0,1,0.04135719223384782,1,1,1,0,0,0,0,0,maintenance,0,0,degraded,low,limited,0.49405665884814187,0.7407954905468277,6,2,80,8,14,3,17.9426105095042,17.41097024653937,73.37468748195516,18.325106139076198,12.239695354142855,33.5582827228481,863,0,0,137,0,37,1,0
2021-03-28,2021-05-10 17:24,1948,2021,3,1,279,2,4,-59.370291266731314,-24.212085782880685,-61.86637503735289,14.618948617857134,9.33932002865676,8.129173806551185,4.211119709483592,4,0,8,activity_863,335.9460306516362,surface_operations,1.948,0.39667316204183445,42,9,1,1,0,0,0,0,0,1,0.22496812392345705,0.4142682759475702,1.2560784500449196,0.8895551356973479,0.5003223799630736,4,1,WTS,1,0,0,0.4280528595572074,0,2,1,0,0,0,0,1,maintenance,2,0,nominal,medium,critical,0.6904598290849511,0.5449281610454964,1,3,45,16,0,2,4.397781120895649,50.720693411011354,85.11353755057024,0.44479780988292417,27.579390760180612,91.99202183460407,1948,0,0,0,0,0,1,1
2021-01-26,2021-10-12 21:47,1820,2021,5,25,313,4,12,-40.32496713226012,-37.31181867119169,-59.32794550373805,24.471883729545368,2.841981255656656,22.951820986546274,2.860288168795878,11,1,5,activity_864,164.4952755425261,surface_operations,1.82,0.23342063516185896,48,5,1,3,0,0,1,1,0,0,0.508149875885313,0.262167494874754,1.432891164253292,0.33808910166462464,1.3255235733207877,1,0,SEIS,0,1,0,0.6207481209847618,1,1,0,0,0,0,0,0,routine,4,0,nominal,low,nominal,0.7831604664945309,1.8942201386691977,7,8,16,48,12,1,10.51123641142705,75.4914374356487,10.563974037388002,34.768985508939274,30.799151149864056,35.92234633916066,1820,0,0,0,0,0,0,0
2021-10-09,2021-07-12 00:23,1616,2021,4,14,126,3,22,-86.00650125733767,-43.129004180175045,-45.53702553126351,13.201191916545167,16.89813923991663,12.864275584575267,2.1402261158086047,14,1,9,activity_865,296.8960908559196,extended_mission,1.616,0.7533161939498594,38,3,0,2,0,1,0,0,0,0,0.9081153733402636,0.6028882690537143,1.3955048338621379,1.349210312696911,1.5633770134409288,1,1,HP3,0,0,0,0.1820056618456638,0,3,0,1,0,0,0,1,science,3,0,nominal,medium,limited,0.9440304842348843,1.5578858092805292,6,7,7,23,0,2,17.45718710584597,18.0541177442624,48.78273078512135,96.00877547092547,59.19113063011133,85.3845096583972,1616,0,0,0,0,0,1,1
2021-08-26,2021-09-14 22:42,1385,2021,9,17,268,3,1,-85.27774406443972,-20.845881373171416,-42.33180448992809,12.008355283510472,18.349503144750035,38.18305187155733,4.1466867949251185,10,0,3,activity_866,318.4711646561312,surface_operations,1.385,0.434346507750773,32,8,1,5,0,1,0,0,1,0,0.6548146952898269,0.8072997787919123,0.8976557001017074,1.3438636557623036,2.235835226165287,4,1,HP3,0,0,0,0.1296320407123891,0,3,0,0,0,0,1,1,routine,2,0,degraded,medium,critical,0.6651313454092014,1.6453485310881315,1,27,73,15,1,1,39.36116097752939,76.62006327578452,89.51240226434471,28.682775848064857,48.890984557122884,73.19184189935189,1385,0,0,0,0,0,4,0
2021-01-04,2021-12-04 11:48,210,2021,7,21,229,3,6,-72.44137706355104,-49.33366249604894,-63.96159500030221,29.471655919343373,5.066489437258019,25.241516183979023,3.8542162598391747,5,1,0,activity_867,240.18026269044725,extended_mission,0.21,0.624309104592098,49,5,1,4,0,0,0,0,0,1,0.8667328218975201,0.6597813715666418,0.5274617789542525,1.671166319063888,2.771590071199548,3,1,WTS,0,0,0,0.2958219164908992,1,5,0,1,0,0,1,0,maintenance,1,0,safe,high,critical,0.39501762797190076,0.6342080405742312,9,28,1,25,17,2,41.24366013472118,70.85381074108912,25.845683303313326,42.447737491971296,83.12225817387493,84.8597415872661,210,0,477,790,90,690,3,1
2021-06-21,2021-12-03 08:11,1358,2021,8,19,165,4,4,-78.39987080996445,-46.34093779836075,-60.950786553339206,26.46283269437089,0.9514603527270893,17.179886320829233,2.276673515878107,15,0,3,activity_868,118.53522085525277,extended_mission,1.358,0.19238701630345245,45,4,0,3,1,0,0,0,0,1,0.9050347648656857,1.3608282051027194,0.893395380124134,1.208884103892754,0.9471049748652509,0,0,WTS,0,0,0,0.20985137839361645,0,5,0,0,0,1,0,0,routine,0,1,nominal,high,nominal,0.8882943209165839,1.4535804214722143,7,29,68,23,9,2,59.66310034224331,98.3330699384234,80.824560772924,99.20333063772364,37.97379857253602,7.763149721380702,1358,0,0,0,0,0,1,0
2021-05-21,2021-02-15 14:15,714,2021,3,13,340,0,13,-87.01754579656127,-27.787860493957844,-74.30675124376539,19.525423993057863,16.196668161733633,36.32020468960964,2.3425477469737688,12,1,5,activity_869,1.1623986548104215,extended_mission,0.714,0.9010923678237917,25,8,0,3,0,0,1,1,1,1,0.27719469999146096,1.8928118671822693,1.3442689253632358,0.934082678585543,0.9028141522498602,2,1,CAMERA,1,0,0,0.152694287793934,0,1,1,1,0,0,0,0,maintenance,4,0,safe,high,limited,0.37544831841752074,1.351285864418319,0,20,52,21,6,2,74.03561856698501,75.58502375319367,59.868273202897804,11.048717951551767,85.30918102366961,17.270398239088657,714,0,0,286,0,186,1,0
2021-02-09,2021-10-07 14:45,1300,2021,4,14,231,3,4,-76.00377713302487,-35.919347446090214,-73.43968791986548,7.650959028341737,7.2905941711609685,14.405787304017906,2.09031425468051,8,0,6,activity_870,219.58242519098357,extended_mission,1.3,0.46273082495305506,40,5,1,5,0,1,1,0,0,0,0.8598972259137422,0.6635851163455089,0.7807076043251486,0.41631960586374983,1.8462791998198556,0,0,SEIS,0,1,1,0.7921193826920343,0,3,1,1,0,0,0,0,maintenance,0,0,nominal,high,nominal,0.44867383814937467,0.8851028180583995,3,13,39,29,18,1,42.16202781978025,43.10390933817773,74.4577182814132,78.679087025201,87.05383222838033,24.298727402627062,1300,0,0,0,0,0,1,1
2021-11-16,2021-10-14 19:16,1854,2021,6,1,75,0,11,-73.72789514769829,-25.08902161420319,-56.87417677295882,14.36657670560566,12.827417028755377,37.2116080194709,2.7860806342431683,2,1,4,activity_871,169.16689058472554,surface_operations,1.854,0.12395232625838204,33,2,0,1,0,1,0,0,0,0,0.21799538143660402,1.7582570136939695,1.482897524668012,1.0438030901716129,1.6241848648753319,1,0,HP3,1,1,0,0.8526622753097275,1,4,0,0,0,1,0,0,maintenance,3,1,nominal,high,nominal,0.9589746446529124,1.669387341499501,4,5,24,46,14,1,88.65712705504752,24.993934912990223,23.864501152995654,43.26249082741454,5.1533873648016755,68.56859392769067,1854,0,0,0,0,0,2,0
2021-07-11,2021-02-06 08:48,1017,2021,3,12,70,6,1,-86.67597302567911,-40.793560989253834,-34.40555938168549,14.729404582856976,15.64899507861281,15.053622562726055,4.353195974165626,13,1,6,activity_872,99.45686502302601,surface_operations,1.017,0.5127572822557825,21,7,1,5,0,0,1,0,0,1,0.49430830027976147,1.2678412262895484,1.3865330157342424,1.7729422729772466,2.950940274338679,3,0,SEIS,1,1,1,0.4343317154355931,0,5,0,0,0,0,0,0,maintenance,0,0,nominal,high,critical,0.5377030858470115,1.585627221186761,3,12,32,19,1,2,9.770663110268229,41.950090535964556,0.9803576077060727,15.508334715777771,93.23719406921997,79.55618161704119,1017,0,0,0,0,0,0,0
2021-11-09,2021-06-14 05:33,1074,2021,1,20,282,2,22,-82.4264405514575,-45.011201728477815,-66.78509928523098,21.30340340401538,15.4628890262535,35.93180015186107,4.372918139607667,2,0,1,activity_873,11.189947526008893,extended_mission,1.074,0.9096718129420688,48,7,0,3,0,1,0,0,0,0,0.48704688259943785,1.1950394147896162,1.0966358498816229,0.6813248406514572,1.509354408693131,4,0,HP3,0,0,0,0.2829394522920373,1,2,1,0,0,0,0,1,routine,3,0,safe,medium,limited,0.6957471506348636,0.636521623025166,0,14,31,42,12,0,28.565001264171975,77.33834025921588,0.8606239776282387,38.227180552476725,2.1522315111855095,95.35300220047709,1074,0,0,0,0,0,3,0
2021-01-27,2021-11-16 21:23,1144,2021,2,24,148,6,12,-70.4769040834113,-37.83285071092911,-70.80551895618139,19.53125839760655,0.43692176579624764,14.008129491911234,2.7596210629075566,10,1,4,activity_874,233.11387603062064,surface_operations,1.144,0.035561316266380594,5,1,1,5,1,1,0,0,1,0,0.8456588979215414,1.0776472316787413,0.7069205417066362,1.0638915729737204,1.8690859376134386,1,1,CAMERA,0,1,0,0.04303515692194859,1,6,0,0,0,0,0,0,science,2,0,safe,high,nominal,0.38781783035501793,1.2878850851942716,4,13,94,7,6,3,24.991038070618544,72.24604313277683,55.118878226676074,2.343489828745504,40.97377531539961,75.21711045335918,1144,0,0,0,0,0,3,1
2021-06-22,2021-04-28 02:46,1494,2021,1,27,26,6,16,-85.43666152876139,-45.01229569595421,-47.009596940469855,29.8991257616409,5.081577706834334,9.758583602205631,2.3664319177442845,13,0,7,activity_875,209.6028200437477,extended_mission,1.494,0.33643129364289415,28,7,1,4,1,0,0,1,0,0,0.5420088938425363,0.8618897362491942,1.2030745427681897,1.042411500317877,0.5502954467182928,0,1,APSS,1,0,1,0.5950166493501421,1,2,0,1,0,0,0,0,routine,1,0,degraded,medium,critical,0.8506067324917708,0.6352103886739182,5,20,73,46,5,1,54.63232969358784,89.56998639882747,30.085851628904514,1.3094794562872325,69.56468001634339,18.101368223578262,1494,0,0,0,0,0,0,1
2021-12-14,2021-07-04 13:17,524,2021,10,14,341,2,5,-60.724712232562794,-55.62361342583408,-56.87894332180163,27.051609874223256,12.166950168208778,29.136596251827044,1.5168664868186736,13,0,9,activity_876,258.1420468525352,surface_operations,0.524,0.12016452115440546,16,3,1,3,1,0,0,0,0,0,0.4225408567028165,0.736818549581588,0.9165457233451677,0.914357370296031,1.096233189223942,2,0,IDA,0,0,1,0.3968350516397654,0,2,0,0,0,0,0,0,science,0,0,nominal,high,nominal,0.59189013727865,0.9899208601785672,0,13,2,47,15,4,58.83221703998907,44.739534372807846,52.87448609658861,82.70272991617061,41.3733021342699,23.007780601965845,524,0,163,476,0,376,1,0
2021-07-02,2021-06-06 15:24,1001,2021,10,27,244,0,1,-42.233674804569006,-26.892014716123093,-38.5284939657681,6.826898740182006,18.811669052829405,34.36247462573897,3.5806240599017527,14,0,4,activity_877,227.1262795467664,surface_operations,1.001,0.4375313765839257,40,9,1,1,0,0,1,0,0,0,0.5617034317326334,1.5940450883915915,0.646071355070832,1.640666350884093,1.8882099626306208,1,1,SEIS,0,1,1,0.540604440258069,0,5,0,0,0,0,0,0,routine,1,0,degraded,medium,limited,0.3859494382205282,1.3862660688598267,1,4,66,34,0,2,17.310028073263073,43.97059786899887,17.65375490093355,30.72310865189316,26.98657378199687,28.309393225719205,1001,0,0,0,0,0,4,1
2021-07-28,2021-02-10 19:01,225,2021,11,18,206,4,0,-43.991599251756114,-49.77017853352806,-57.879926581856566,23.595453889423403,4.968813253543914,23.978559736718182,3.469760763549821,18,0,3,activity_878,112.817908906584,extended_mission,0.225,0.4926482311047181,36,5,1,5,0,0,0,0,0,1,0.1854427534378599,0.5557479410420954,0.8462113273594943,0.9364077340067558,2.2671937718521002,3,1,WTS,1,1,0,0.6666742528438331,1,1,1,1,0,0,0,0,routine,4,0,nominal,medium,nominal,0.9275685151332786,1.6964718650657733,2,20,75,48,15,0,57.00166503254148,81.32446709927228,43.34435393803259,56.92487704487538,42.21811946404597,51.40378998720343,225,0,462,775,75,675,2,1
2021-04-11,2021-12-13 01:39,996,2021,4,9,354,6,4,-64.79051922531258,-56.072871195953184,-36.654556853179656,18.337204717816626,11.888694432884368,9.25042297701429,3.2082013935785065,7,1,4,activity_879,264.0267301726985,extended_mission,0.996,0.5350522040897415,15,2,1,3,1,1,0,0,0,0,0.42899513761638763,1.5430427970849963,1.0749831581460867,1.0770671722308365,1.310433770790541,4,0,HP3,0,1,1,0.6015987154373696,1,6,0,0,0,0,0,0,routine,2,0,nominal,low,nominal,0.4085679072571923,1.3427276971176183,1,12,27,46,16,1,59.914721948831264,98.76829110691308,76.55594618145449,10.212395640847138,72.82150594106311,25.744704551645025,996,0,0,4,0,0,3,1
2021-08-21,2021-01-13 02:23,1471,2021,12,7,296,0,17,-61.816869489689374,-56.01321111413711,-67.04171390777853,6.561136357237583,18.03366057565601,6.6871560568742785,2.8238740157308415,14,1,6,activity_880,100.89219150217237,surface_operations,1.471,0.5208752635870884,10,6,1,5,0,0,1,1,0,0,0.370244992676229,0.244172894880906,1.3939454357398327,1.7681760985490913,1.5833779359321614,3,1,APSS,1,1,1,0.2439021691261236,0,5,0,0,0,0,1,0,science,4,0,safe,high,critical,0.828760234543862,0.5058793802903913,7,10,12,34,10,4,44.60036041521494,40.67483291999553,65.92202642760788,72.76008252588278,93.19692802857061,25.688548887519445,1471,0,0,0,0,0,2,1
2021-08-26,2021-01-27 12:52,781,2021,11,22,36,3,3,-70.43507186462932,-27.553990750177128,-56.41005238689593,23.894330295902353,5.904114027671317,30.368412950824197,2.598788493974454,2,1,7,activity_881,235.72107473620468,extended_mission,0.781,0.7900445943037838,12,1,0,3,0,0,0,1,0,0,0.9182881320354824,0.3355520732937033,1.0798067737663923,1.707231508912281,2.1093396611752375,0,1,APSS,1,0,0,0.10129591380279124,1,2,1,0,0,0,0,1,maintenance,2,0,degraded,medium,limited,0.6663992050661061,1.5593609609247596,3,23,41,37,2,4,12.337040084558836,36.320371487334825,42.90832191221175,5.25417790035021,56.4639840227406,0.201066678367956,781,0,0,219,0,119,4,0
2021-08-09,2021-02-03 23:16,1257,2021,1,7,362,6,22,-70.04170578899142,-20.00924140510557,-63.25268075249662,11.631413211254578,3.397728293188045,14.507308394542049,3.0863898653653092,6,0,6,activity_882,13.559878859021218,surface_operations,1.257,0.024225884611387638,25,3,0,5,0,0,0,1,0,0,0.12988847172984685,0.7148486806226548,0.8566818838761985,1.4749333349758216,1.5859667579985013,1,1,APSS,0,1,0,0.3397079256824307,0,1,1,0,0,0,0,0,science,1,0,safe,medium,nominal,0.5807614485950965,1.7974868272299473,0,9,71,25,10,3,82.38349065474367,87.38339362418255,30.550529053753372,28.914360675635066,30.792805186686888,47.54486985217128,1257,0,0,0,0,0,0,1
2021-07-21,2021-04-18 15:00,1544,2021,1,5,247,1,5,-63.81032036590856,-20.52516761794171,-39.14349920372609,23.21478870626481,11.773733143280744,19.433885265259192,0.7379255014059782,1,0,9,activity_883,12.164838704254159,surface_operations,1.544,0.5943146043113707,26,1,0,4,1,0,0,0,0,0,0.6800732067310858,1.7551085977753855,0.5599810169195953,0.45058687613499315,1.8976655614842937,3,0,IDA,1,0,1,0.009960531484080826,0,1,1,0,0,1,0,1,maintenance,2,1,degraded,low,critical,0.6249230357594382,0.5882769275026053,0,10,54,26,11,1,42.71869967268872,32.48608112603657,64.07723800515578,68.3369191066622,98.37688663138047,54.60577722930371,1544,0,0,0,0,0,3,0
2021-11-24,2021-08-17 10:21,264,2021,8,10,288,4,9,-52.47953684088664,-53.28441026295759,-67.46404510441934,12.949344212407508,1.3533202742275652,23.988929728020416,4.368840576699164,12,1,6,activity_884,224.6525251471814,surface_operations,0.264,0.4685019343624587,29,4,1,2,0,0,0,0,0,1,0.8014775447875134,1.3818624063158949,1.2838083054770728,0.9379702848825138,2.339083796306209,0,1,WTS,0,0,0,0.6922182257572597,1,1,1,0,0,1,0,0,routine,0,1,degraded,low,critical,0.9686569402088137,0.5248220980832609,3,8,60,14,19,1,92.4025481792918,69.11525938152693,64.81589058639436,65.69983151556464,31.764297884909688,53.05335910125811,264,0,423,736,36,636,2,1
2021-05-08,2021-09-16 12:53,1053,2021,4,25,44,3,21,-88.83178490833768,-43.93607561168534,-72.62044683441906,7.083901386007467,1.1200489428675842,38.633128840453004,4.298904458603451,11,1,6,activity_885,23.023660377936643,surface_operations,1.053,0.0724508295230436,46,4,0,2,0,0,1,0,1,0,0.4763825787312017,0.8307327014084414,1.432813749616746,1.77903768048025,1.2198439589711896,1,1,CAMERA,0,0,1,0.6971152103439754,0,1,1,0,0,0,0,0,science,2,0,degraded,high,critical,0.4027832963159283,1.8598250121403073,9,25,69,32,13,0,28.06195311644022,36.55746066129586,1.6841015195934617,25.51590618280457,18.795610865656364,13.555664207119445,1053,0,0,0,0,0,4,0
2021-04-06,2021-06-28 05:14,594,2021,8,24,269,6,12,-75.96521453956666,-25.69732334708703,-34.84932924060259,13.626760051762586,7.167395235243603,8.031920699187465,1.6515012527824426,5,0,6,activity_886,249.9966508567934,surface_operations,0.594,0.389743763039509,46,6,0,1,1,0,1,0,0,0,0.9769321635769257,0.22792293386206816,1.2213243931455098,1.7233262644676863,0.6596489558824818,1,1,IDA,0,0,0,0.3082745928904228,0,6,0,0,0,1,0,1,routine,4,1,safe,medium,limited,0.6056102487494233,0.8880044481625604,2,4,13,7,10,0,40.34482303507956,79.38477386910547,28.96679068010718,68.90352690388326,10.580522072649512,11.323826624859102,594,0,93,406,0,306,1,1
2021-05-01,2021-01-01 14:36,1528,2021,9,18,358,4,11,-78.30166532932678,-41.898591683188684,-72.55169368801779,27.03599518521537,8.87649588582644,34.98076720384638,3.5475659309585454,16,1,7,activity_887,79.2620088978194,surface_operations,1.528,0.4688499181140413,39,9,0,1,0,1,0,0,0,0,0.7969025107635733,1.439502288472763,0.9628602310794088,0.6889626399443521,2.5259896350653888,0,1,HP3,0,0,1,0.02597730413286481,0,2,0,0,0,0,0,0,science,2,0,nominal,low,critical,0.8567087455332307,1.9434200882911667,1,16,3,25,11,2,47.310185392545826,91.31257689124665,20.55149873933115,89.48974006488409,57.112679764035825,53.68425491237466,1528,0,0,0,0,0,3,0
2021-07-11,2021-06-06 04:24,1500,2021,1,20,64,6,15,-49.470341610948545,-49.04482371375937,-49.79708937506537,13.723071363351565,3.813714708747331,33.20999845285469,4.961665482379403,19,1,9,activity_888,253.61898663545168,extended_mission,1.5,0.3411325779983676,35,8,1,5,0,0,0,0,0,1,0.1751968860484832,1.8722268924888807,0.8004040532518152,0.4801790747296508,1.3702850750107092,0,1,WTS,0,0,0,0.18652330557831198,0,2,1,1,0,0,0,0,science,1,0,degraded,low,critical,0.6036792873103269,1.8599449529194139,8,23,72,44,12,4,69.75107633586893,15.785203949673942,32.912559813530926,5.221938666155113,65.30790386295689,33.98491354599293,1500,0,0,0,0,0,3,0
2021-09-13,2021-11-19 12:50,1719,2021,3,21,266,5,2,-46.57196078154981,-36.20081510476502,-64.18963207865028,13.687076360887511,4.013321738624633,19.854201524605912,1.9850271407623548,12,1,2,activity_889,340.14081656011837,surface_operations,1.719,0.3631864506859901,7,6,1,1,0,0,0,1,0,0,0.5510123915827275,1.3159322883355649,0.6506125542763938,1.42441322375485,2.933954529837401,0,1,APSS,0,0,0,0.24042213734777795,1,6,1,0,0,0,0,1,science,1,0,nominal,low,critical,0.4136443144965649,1.2126525287556635,6,28,33,18,11,3,1.2153405759719016,85.55587712726968,26.47683263235747,57.81685968662493,0.962930313985888,73.14926910743974,1719,0,0,0,0,0,4,1
2021-04-26,2021-10-03 11:14,581,2021,12,24,200,5,22,-64.30599830654414,-53.68910318217613,-53.692129589764555,29.08221223512776,6.109070768421068,19.6744822499376,3.944456566266707,16,0,1,activity_890,73.18097243285767,extended_mission,0.581,0.6958150012971706,45,9,1,2,1,0,1,0,1,0,0.46417081674117633,1.8983961399366112,1.4422627474441785,0.6113536156246459,1.5794665020632328,0,0,SEIS,1,1,1,0.5601612883201119,0,2,1,0,0,0,0,1,science,3,0,safe,low,critical,0.42288729993567215,0.7499447910307446,4,2,60,35,15,4,44.622933149615484,79.23934802564897,52.52184601576582,58.97777292216391,51.797356387375814,78.9723376084068,581,0,106,419,0,319,0,1
2021-09-14,2021-06-19 21:46,1645,2021,4,20,155,6,21,-87.73409937001892,-43.178288789707274,-55.22164820989841,18.456961896090732,9.6268094953572,38.87865323090342,0.8534280688163493,6,0,7,activity_891,16.439215585810224,extended_mission,1.645,0.445302546209029,48,7,1,3,0,0,1,0,0,0,0.9151203701179799,1.1858758385476966,1.4522667584093099,0.5222208924973555,1.3616140717913279,4,0,SEIS,1,0,1,0.08368586346794527,1,4,1,0,0,0,0,0,routine,4,0,safe,low,limited,0.54400409888195,0.8101432990680328,5,5,19,24,19,2,26.940705059392855,92.43492894550641,3.100682386774889,87.69617730890677,75.96092576729596,92.09161219951098,1645,0,0,0,0,0,0,0
2021-11-01,2021-08-16 14:35,1025,2021,9,12,41,4,10,-44.8339276590631,-49.23471224457311,-62.52799122903818,21.029009717609707,17.642755593830955,26.60809519272486,4.896719403392806,14,0,8,activity_892,240.45522913511832,extended_mission,1.025,0.12526507248731245,19,9,1,2,0,1,0,1,0,1,0.7154477373698894,1.2084159219195139,1.1782636383275062,1.7450369834397625,2.9240249778511638,1,0,WTS,0,1,1,0.5245088434188985,0,1,0,0,0,0,0,1,maintenance,4,0,safe,high,critical,0.30529439024842514,1.4953076687003453,5,6,35,35,0,2,62.602986487254995,32.85520654574863,40.241837547651116,27.31165408632873,34.48892062789355,67.94106124311277,1025,0,0,0,0,0,0,1
2021-02-13,2021-07-28 21:07,357,2021,10,21,291,3,20,-62.849689952456984,-52.758221463528336,-62.893396748795745,19.194846546940056,13.85639119858399,22.78421495839027,3.290947395535378,18,1,2,activity_893,301.20621155207425,surface_operations,0.357,0.2329846540070194,19,5,1,2,1,0,0,1,0,0,0.23720842533049052,1.9224974548160274,0.6904190999473233,1.6296533667180861,2.5757173313734882,1,1,APSS,0,0,1,0.973152926405532,1,6,0,0,0,0,0,0,maintenance,4,0,safe,medium,limited,0.5894174184047449,1.589333960085252,7,2,85,32,16,3,30.687187277882224,9.629578021149,91.15910283511077,62.82603665388541,66.8510616874164,85.11284242910621,357,0,330,643,0,543,3,0
2021-03-03,2021-02-10 14:49,10,2021,8,15,243,3,4,-51.524570686416546,-37.29460239385158,-41.4378097867735,27.90919916502053,19.26248388841178,32.51066095489105,4.320796857499518,16,0,2,activity_894,123.28195522256233,extended_mission,0.01,0.2812633421989168,44,5,1,4,0,0,1,0,0,0,0.7217318068229795,1.3657668208549651,1.2985198403535334,0.3368285773597682,2.565631114164381,4,1,SEIS,1,1,0,0.49115346182903297,0,4,0,1,0,0,1,1,science,0,0,degraded,high,critical,0.8919571982212577,1.1559097488341403,8,6,25,5,15,2,8.496187362931328,72.69543159498416,97.80665105831552,85.84076403369903,84.13882185455523,63.230657120570925,10,90,677,990,290,890,1,1
2021-10-09,2021-07-27 17:45,1040,2021,8,2,146,3,23,-47.391516896636006,-47.89366680253456,-41.8629851910388,11.714383844865143,1.414595640301357,36.613281297039265,2.347977043452195,10,1,6,activity_895,323.32221883142205,extended_mission,1.04,0.6309323476726025,29,4,0,2,0,0,0,1,1,0,0.20780791495516188,0.4543480375375503,0.8639006328461685,0.752504883784082,2.4930861340276653,2,0,CAMERA,1,1,1,0.11256722639585381,1,1,1,1,0,0,0,0,science,3,0,safe,medium,limited,0.6956028844838936,0.8320650174815414,1,12,16,27,19,1,73.29810820400455,83.21670030168002,21.06534033381878,67.94426015510034,72.2695969273682,55.261739937811996,1040,0,0,0,0,0,2,1
2021-03-12,2021-02-28 01:30,629,2021,10,7,94,5,17,-60.452934914246,-24.65337941334272,-56.81959421774961,17.04525384813146,2.2435272202614254,39.69946025718435,4.880187153487125,15,1,4,activity_896,326.2037331774362,extended_mission,0.629,0.3739740933968698,15,7,0,5,1,1,0,0,0,0,0.9230185095902519,1.1929173881508806,0.5790203175855438,0.4099347173805038,1.506889236840189,1,1,IDA,1,1,1,0.0983201551684667,0,1,1,0,0,0,0,1,science,0,0,safe,medium,nominal,0.8741011938810346,0.5415180914195703,9,18,93,24,3,0,60.65437832650805,37.74600526724969,72.13146856907872,50.686097331121935,79.44808275173801,51.37742961541396,629,0,58,371,0,271,1,1
2021-09-12,2021-05-27 21:51,479,2021,2,3,30,2,15,-48.38248598777385,-34.91566016361689,-49.324381016105214,21.55120636385408,13.071966500031326,24.79249792994932,4.290845205509009,5,1,8,activity_897,12.404706170006797,surface_operations,0.479,0.9263191312514605,5,4,0,1,0,0,1,0,0,0,0.31296366230208505,1.392717843971952,0.9762870076831754,0.5547200835565993,2.3644564274381814,1,1,SEIS,0,1,1,0.8130107739176442,1,3,0,0,0,0,1,0,maintenance,2,0,nominal,high,limited,0.8830629441607469,1.4322555194108677,9,2,8,14,4,1,98.00390179297965,0.9017644483137022,92.45206170493523,41.34472541837343,40.79491643392069,0.06594639430883564,479,0,208,521,0,421,2,0
2021-03-07,2021-07-23 15:04,162,2021,10,24,59,1,15,-88.77280082080698,-45.97042356990913,-65.39654102054851,27.303658746946493,17.163151895911014,15.514659397680044,2.6396830153296227,3,0,6,activity_898,282.64726308145094,extended_mission,0.162,0.8263747768130218,49,5,1,5,0,1,0,0,0,0,0.9615704833981271,1.929043147179004,0.5003980437686888,1.2477952379560437,0.5683224992586912,3,0,HP3,0,1,1,0.43046537729981105,0,1,0,0,0,0,0,0,science,3,0,safe,medium,limited,0.6996994856531242,1.444214077135443,5,24,87,30,16,1,55.97760636781146,0.17948354600553218,93.98431059218521,94.82965242100741,71.04166851470644,42.32398318565818,162,0,525,838,138,738,1,0
2021-05-03,2021-07-07 16:05,1063,2021,3,15,167,4,14,-66.90733334036585,-37.12271675233054,-58.940985032971426,9.80190235241553,1.332622268197703,26.34932675565177,2.2061046266689743,14,0,9,activity_899,163.70923289583797,surface_operations,1.063,0.7273273912854957,43,8,0,2,0,0,1,0,0,0,0.8748048914276445,1.5380751611635155,1.0731429339159297,1.6336495363581442,0.7349038110190349,0,1,SEIS,0,0,0,0.07657305264861225,0,5,1,0,0,0,1,0,routine,4,0,degraded,high,nominal,0.30690468476592214,1.9647639712808391,4,13,79,48,3,0,81.14300882013555,19.569453296855187,62.40633266153262,22.327760541434692,94.2820642634877,49.294962201626944,1063,0,0,0,0,0,4,0
2021-04-04,2021-07-07 03:38,1478,2021,8,9,132,1,17,-54.255397199905126,-23.785705275487558,-30.262608228478705,6.001741095021957,5.143258689238714,37.71016272085032,1.9811719174695992,11,0,4,activity_900,170.92338234367153,surface_operations,1.478,0.8054645015753154,8,3,0,3,1,0,0,0,0,0,0.8973449578157796,1.752061828743931,1.0672532674977588,1.4698880208267402,1.3397136310767825,0,1,IDA,0,1,0,0.7859456564753263,0,3,1,1,1,0,0,0,science,1,0,safe,medium,critical,0.6728497170409417,0.9677436802954982,9,18,19,44,19,3,48.06360667752063,69.54971110706948,46.13184212771969,47.37306891537416,82.2147874881178,77.11567302403482,1478,0,0,0,0,0,1,0
2021-07-20,2021-09-02 04:17,1124,2021,8,25,163,4,8,-80.83849919643059,-49.290372164491245,-35.097254040478035,17.02008471681551,18.27006436210613,6.660746518951594,0.529537431722529,17,0,8,activity_901,199.55124150264834,surface_operations,1.124,0.9604709589168847,6,8,1,3,0,0,1,0,0,1,0.2424622097098954,0.5394322081168607,1.3184176587855336,0.8333248697988713,1.9831786180823392,4,1,WTS,1,0,0,0.5553479451363821,1,1,1,1,0,0,0,0,maintenance,0,0,degraded,high,nominal,0.9565505428231722,0.5567589435635342,2,10,96,49,14,4,98.02787390513322,15.17296376670445,76.97460239843019,73.41536040820043,28.77358376885174,39.258755580344854,1124,0,0,0,0,0,0,0
2021-10-13,2021-12-04 18:43,1456,2021,9,1,170,4,1,-83.58260792317314,-52.78098341304012,-37.537005253994494,16.494198561744938,7.103041476928871,20.185852996358772,1.2866834876539819,15,1,3,activity_902,103.21370260052586,extended_mission,1.456,0.35892649630146445,6,1,1,3,0,0,0,0,0,1,0.44554871766936655,0.8819437388517142,1.3833323435247868,0.35017707110822605,2.9821386041313582,0,1,WTS,1,0,1,0.22861804255242568,1,1,0,0,0,0,0,0,maintenance,4,0,safe,low,critical,0.43636872546446903,1.5480258083308494,0,12,25,15,16,1,48.45726224392804,40.452555714868396,96.4782319791506,14.666989029557554,86.47189528351498,32.210028442466744,1456,0,0,0,0,0,4,0
2021-08-25,2021-05-23 10:09,1897,2021,2,17,124,4,21,-81.85956728957217,-37.84076249011157,-37.579878558486435,16.538644080832135,15.767317427742682,27.33326517072517,3.7432869282653054,14,0,6,activity_903,350.1584683822913,extended_mission,1.897,0.7709748942075884,8,4,0,3,0,0,1,0,0,0,0.8932192004639244,0.5685310988098122,0.8185071055548379,1.7617230098583399,1.1934144752646252,1,1,SEIS,0,1,0,0.963875453161763,1,3,1,0,0,1,1,0,science,3,1,safe,high,limited,0.9928833277831581,1.7178930515878255,7,22,75,4,2,4,29.19947491645951,22.180582488478873,96.44468428539179,80.20755633420936,69.33842421385421,94.83801836675761,1897,0,0,0,0,0,2,1
2021-11-23,2021-11-06 15:54,1136,2021,9,3,273,1,21,-89.08911195391313,-25.356852081116003,-55.54529520523893,12.072158520948404,16.383716837952388,35.75958839094042,3.7896747914359112,17,1,3,activity_904,10.540737604851941,extended_mission,1.136,0.05745938196806921,5,2,0,4,1,0,0,0,0,0,0.4012084194698834,1.1924259787036988,0.6652746556182358,1.7341803591369571,2.2716933593716595,1,1,IDA,0,1,1,0.7780707537123527,0,5,0,0,0,0,0,0,science,2,0,degraded,high,critical,0.7053143780032991,1.4320201046003196,7,9,35,30,11,4,14.452906406482423,19.852875637934485,7.032806851502016,12.476198929931304,23.965138898562255,34.5620607387769,1136,0,0,0,0,0,4,0
2021-07-12,2021-03-25 11:58,820,2021,8,22,322,5,12,-55.718731615515615,-46.16495773231904,-43.88510086328735,14.741351009296014,9.38926804743549,9.700251520029331,3.4307355472781196,7,0,6,activity_905,282.2541300211645,surface_operations,0.82,0.5602567496152047,40,1,1,1,0,0,1,0,0,0,0.44398450940129885,1.9393833351794187,1.2927140468480505,1.436251296943581,1.010303390336724,1,0,SEIS,0,1,0,0.527574102363254,1,6,1,1,0,1,0,1,routine,0,1,safe,medium,critical,0.4011050501763065,1.2576115291018746,5,0,23,19,7,1,23.962962563069436,61.64496227685764,99.44680029457548,37.60628080576477,0.14546845088795335,6.405220548203894,820,0,0,180,0,80,1,1
2021-06-01,2021-05-19 17:02,1929,2021,2,26,2,0,2,-41.17736550588276,-35.288323934577456,-68.71424941934407,18.752436079907962,4.818750774828226,39.076573212388155,2.2496537877836693,13,1,1,activity_906,120.50781861405493,extended_mission,1.929,0.5180699314632368,24,2,1,5,0,1,0,0,0,0,0.1974934818121616,1.363414590896352,0.6121198654878685,0.7904470996197605,2.602957144963327,2,0,HP3,1,0,1,0.48909863189640157,0,5,0,0,0,0,1,0,routine,3,0,safe,medium,critical,0.9775627497815222,0.5511949099760723,2,6,53,32,9,0,23.131306458399635,17.023177258375988,83.03054217548717,84.12970564766903,98.76105714573082,33.97606799875964,1929,0,0,0,0,0,3,1
2021-09-03,2021-10-09 12:41,1361,2021,9,3,286,4,19,-53.07970473154856,-26.91607619012543,-37.367609184848284,15.28858922239266,12.519660135150627,24.304785620517375,3.188686706458148,5,0,8,activity_907,234.04216920665226,extended_mission,1.361,0.22393558320364637,26,8,1,5,0,1,1,0,0,0,0.6998527542244348,1.0571524950157476,1.1525313097399958,0.6942924078259,1.0808697060188528,0,1,HP3,0,0,1,0.9298333617284478,0,6,1,0,0,0,0,1,science,2,0,degraded,medium,critical,0.4427816402947703,1.1959628797997357,2,27,58,22,0,0,48.17271357384973,49.89652877047522,47.20896464359286,28.79295690678889,25.33647288940776,73.315476899806,1361,0,0,0,0,0,4,0
2021-04-15,2021-07-10 18:49,490,2021,10,12,354,6,10,-49.88017328733859,-36.8769035129038,-33.797476528027175,26.23606647627169,11.054257813760893,30.79536381833582,1.9815882601392416,5,1,3,activity_908,152.56511490078364,surface_operations,0.49,0.3745366923016221,6,3,1,4,0,0,0,1,0,0,0.9787593468687792,0.7718718135356906,0.7753363872405125,1.2601005221400625,0.7753049897528512,3,1,APSS,1,1,0,0.7373005963263676,1,2,0,1,0,0,0,0,routine,1,0,degraded,high,nominal,0.5881975809396459,1.991662538256502,6,22,55,28,0,3,94.98511993337185,12.222179485104324,50.23144553803639,68.70681172647906,49.586168070014224,91.17759243802698,490,0,197,510,0,410,4,0
2021-12-04,2021-12-22 22:12,62,2021,8,7,123,2,17,-54.28163093414968,-32.801901538416544,-52.37359939863203,15.874653565291084,15.919291189476251,33.93126643933117,0.7749554485421946,6,0,6,activity_909,264.35054179804024,extended_mission,0.062,0.4763244117007027,44,2,0,1,0,1,0,0,0,0,0.22491716337523954,1.1885517835620234,1.4693574284902717,1.4031927261098547,2.9324457177397547,4,0,HP3,1,0,0,0.12250149033526614,0,5,0,1,0,0,0,0,science,3,0,nominal,medium,nominal,0.8806307804934923,1.354522553820873,6,24,3,21,16,0,42.40335362783739,9.929279378025878,64.4863330672783,77.45894077287548,69.14342059309368,72.49814514753264,62,38,625,938,238,838,1,0
2021-06-28,2021-07-24 09:09,1499,2021,1,9,195,0,9,-50.77069606553368,-28.384036708653724,-53.198873564641346,8.510601582135154,1.2962793274012085,6.950553511165092,1.6226492638896974,16,0,2,activity_910,77.16272617247694,surface_operations,1.499,0.9671153737567904,11,2,1,3,0,0,0,1,0,0,0.7973006892220518,0.48629770852539145,0.5233657387660756,0.4338294105056005,2.9153696561834432,4,0,APSS,1,1,1,0.736169016182467,1,4,1,0,0,0,0,0,science,3,0,safe,low,limited,0.7132808584795951,1.8121870063883163,8,13,96,32,3,4,86.56468518321306,46.55652865039052,2.978772972042676,59.32248750224692,9.033652832020135,32.45240067553941,1499,0,0,0,0,0,0,1
2021-01-19,2021-10-10 14:05,359,2021,3,8,71,4,17,-49.47674393649252,-48.317671831341436,-50.993104730846696,10.734025159268995,10.37775894798764,29.922882673532992,0.7959687284708361,5,1,9,activity_911,116.2379216666156,surface_operations,0.359,0.7673152780683715,7,7,0,4,1,0,1,0,0,0,0.27471106261451905,1.0251686909349476,1.4863681712390053,0.3459270789330193,2.2416436116884015,2,1,IDA,1,1,0,0.8407813488484377,0,6,1,0,0,0,0,0,maintenance,4,0,safe,low,limited,0.5059069572904888,0.9872000867805424,6,12,80,8,12,4,54.80633765543927,35.734913916878696,42.6935998383708,47.28543380742576,50.271276019926404,65.64122744889872,359,0,328,641,0,541,3,0
2021-02-25,2021-06-08 02:52,1375,2021,3,9,161,5,22,-65.44385004446396,-23.77457683631779,-34.80134295821043,10.960302635093253,10.768501840251407,39.48900477623937,1.9933126219528408,19,1,3,activity_912,319.6345758768882,extended_mission,1.375,0.5031938150882053,36,6,0,2,0,0,0,0,1,1,0.9645915949595137,0.3468304834119252,0.7978469922948356,0.31130222356735615,1.5446508712617077,3,0,WTS,1,1,1,0.4320257171687203,0,4,0,0,0,1,0,0,routine,4,1,degraded,high,critical,0.7227402231940778,1.1464048825047646,8,25,82,13,3,1,44.70590220965241,33.77113250419526,11.703679237662168,1.3519053196104358,0.13962086005842034,22.59049394997793,1375,0,0,0,0,0,0,0
2021-04-16,2021-09-23 11:37,697,2021,3,11,204,3,12,-64.56132295654541,-43.29994366784659,-64.06825304056548,13.586594479741061,10.812331858423786,6.691974631893105,2.108830726277614,15,0,7,activity_913,44.02493193726024,extended_mission,0.697,0.08334355811649297,36,3,0,1,0,1,1,0,0,0,0.9838246708505649,1.6244374794545222,1.0785130611603786,1.3531606393435323,0.8875586411177134,3,1,HP3,0,0,1,0.04893962791794981,0,2,1,0,0,0,0,0,routine,2,0,degraded,high,nominal,0.40036359800330046,1.8098155272772303,5,25,86,17,12,0,65.25993909814602,24.581111338802064,38.435028102224244,21.74447012056062,52.76175919512334,31.867934433923196,697,0,0,303,0,203,0,1
2021-10-09,2021-05-14 16:42,1844,2021,6,12,28,0,4,-42.10640892708386,-23.731435641902166,-39.65251658505186,7.25760643150254,4.414621426184489,36.95973238876432,1.5324093375205752,7,0,6,activity_914,248.6871723567236,extended_mission,1.844,0.6280930046150305,17,3,1,4,1,0,1,0,0,0,0.5742815460890798,0.9224430258851817,0.9180309111808176,1.0135741919404708,0.748835655852008,0,1,IDA,0,1,0,0.6653834083547242,0,4,0,0,0,0,0,0,maintenance,2,0,nominal,medium,limited,0.6605139121092006,1.6936340279352522,2,11,68,4,4,2,49.58060459107379,5.537235182452194,70.10958499017264,58.03845818753028,15.14377700085614,21.29669958000585,1844,0,0,0,0,0,2,0
2021-03-19,2021-04-20 04:44,805,2021,4,28,98,2,11,-58.50727093111249,-43.81834384326393,-40.30085667898996,13.081016502439983,7.457667227986233,23.04728899526352,2.0564695246694153,15,0,5,activity_915,334.3407059864856,surface_operations,0.805,0.9079509930496406,13,8,0,4,0,1,0,1,0,0,0.3458834424984657,0.671555475450548,0.8276082062077956,1.1943160497842666,1.1962726640158627,2,0,APSS,1,1,1,0.9702996960522451,1,6,1,0,0,0,0,0,routine,2,0,nominal,high,limited,0.5228850961712671,1.2329384997550776,9,11,98,43,13,0,26.384953761497233,74.10715497781723,60.49798129916096,22.292090524629028,95.01869716023997,51.28596094148573,805,0,0,195,0,95,2,0
2021-07-21,2021-01-14 14:12,1117,2021,8,1,340,2,18,-46.27292715241214,-52.970728102235036,-74.52928509428088,15.74267681375654,1.7933169908241853,38.45920531211396,1.7771546994778555,7,0,7,activity_916,195.7346214210482,extended_mission,1.117,0.0625733993297174,20,6,0,3,0,1,1,0,1,0,0.4988940595906768,0.9146438190300479,1.2703039569468721,0.5862380346111229,1.5851887450193152,0,1,CAMERA,0,0,0,0.4349551324058273,0,5,1,1,0,0,1,1,science,3,0,safe,medium,critical,0.571159603605021,1.117906560082664,3,7,8,17,1,1,19.238702258563844,94.86701511977942,52.94969326482134,70.82137648284782,64.65453904770071,30.36385239698891,1117,0,0,0,0,0,1,1
2021-02-06,2021-02-14 07:15,1637,2021,3,18,29,4,5,-63.903803098580525,-50.17647438032951,-58.55631893047542,6.391933417125577,2.2018318472607246,35.88405055308543,0.9765861728103111,5,0,0,activity_917,67.99963692445648,extended_mission,1.637,0.6430118039692142,27,6,1,5,0,1,0,0,1,0,0.8791563685619712,0.9011686360933961,0.6101071984234752,0.6003820354778007,0.7572733497478885,2,1,HP3,1,1,1,0.9774851845197069,0,1,0,0,0,0,0,0,maintenance,2,0,safe,medium,nominal,0.3442878464722886,0.7851400226309757,9,20,93,7,6,0,30.114809006758346,44.60685502435536,80.30490253412104,24.770487109443863,84.53950276983385,72.39605806816301,1637,0,0,0,0,0,4,0
2021-02-03,2021-12-15 06:12,451,2021,10,19,201,0,11,-57.19489051200934,-43.76448934598206,-45.18171773175914,8.46243313933265,2.347658184155217,13.659841435345673,2.351800932004631,12,1,5,activity_918,9.967034877234529,surface_operations,0.451,0.3250280983066608,13,5,0,5,1,0,1,0,0,1,0.9669920995175925,0.9846589897829876,0.8328023551379785,1.3405192915391007,1.5298969736574985,3,0,SEIS,1,1,0,0.49817500589132946,0,1,1,0,1,0,0,0,maintenance,1,0,nominal,high,limited,0.7469867685563452,1.4881594402515905,6,21,1,2,3,2,86.71589661496279,84.25061403190406,26.241293971024625,82.1694834250939,33.02431234199923,62.89771702552288,451,0,236,549,0,449,0,1
2021-09-24,2021-11-18 03:02,626,2021,3,6,87,6,14,-51.71485336096832,-23.338157874835183,-49.738809357818894,7.661041890956484,16.55530410328013,15.986294243297658,4.548170415873978,3,0,9,activity_919,358.5277025522377,surface_operations,0.626,0.08295965503189251,41,5,1,3,1,0,0,0,0,0,0.24754901481769517,1.0366528153397232,1.1466404474267973,0.495454600605064,1.1424503433443447,4,1,IDA,1,0,0,0.855969207101299,1,5,0,0,0,0,0,0,maintenance,4,0,degraded,high,nominal,0.6989815950160971,0.6705327971630919,5,18,59,46,3,0,64.72011120998282,80.43881655310055,87.26381560127496,30.6319015472593,19.328038290721615,22.60945733193054,626,0,61,374,0,274,0,1
2021-02-27,2021-04-20 12:47,923,2021,12,27,37,5,20,-67.48156618906415,-40.54021139278737,-45.5919555479402,21.962203314586585,3.8105243070308004,6.1794638805731585,4.073328267883974,3,1,7,activity_920,288.43962183727,extended_mission,0.923,0.5007996680673624,13,4,1,4,0,0,0,1,0,0,0.5897316990421597,0.6997968511259274,1.1775908331783036,1.0157974136467975,2.462500997160534,3,0,APSS,0,1,0,0.5213299251693498,1,6,1,1,0,0,0,0,science,4,0,safe,high,nominal,0.4766416451766874,1.7622343098434465,3,3,87,41,18,4,61.53844265877504,50.4009717136523,27.47374871337327,30.486044612174446,8.807907285943061,24.37237061827452,923,0,0,77,0,0,2,0
2021-01-22,2021-04-03 10:32,1949,2021,5,4,58,3,7,-79.22048270212726,-41.49221014046138,-54.54818141307685,9.446749721743206,17.0669447677766,23.287249133576193,3.0480741077808267,18,1,9,activity_921,137.33714588220232,surface_operations,1.949,0.7925398947831642,38,7,1,2,0,0,0,1,0,0,0.6256361532410806,1.3444950597186027,0.7020640496973133,0.672456979152127,0.8826721775884436,0,1,APSS,0,0,1,0.3491299289476336,1,3,0,1,0,1,0,0,science,2,1,degraded,high,limited,0.6671873740720613,1.4948864372842865,3,23,55,18,6,2,73.4321049514089,47.66755339098696,42.7033791072572,45.544012507759426,37.20260134313603,59.106751258099266,1949,0,0,0,0,0,3,0
2021-03-24,2021-03-07 01:53,1414,2021,8,19,13,0,10,-56.520049362528596,-33.87294532657949,-64.97842664599976,17.203110244437305,4.32822597100651,22.831258557266825,0.6385154846387278,4,0,6,activity_922,69.87895071930151,extended_mission,1.414,0.29163062185182476,16,3,1,1,0,0,0,1,0,1,0.4784093778592289,1.6651517217702383,1.3357272379215588,0.6203960848526845,1.5533252844970598,3,0,APSS,1,1,1,0.16966731527126577,0,4,0,0,0,0,1,0,maintenance,1,0,degraded,low,nominal,0.35695532604903657,1.8332930906923612,3,1,82,7,10,3,76.83965276470849,14.306612542274888,18.96717128484269,91.69401972550658,0.9729155506654652,19.71440412335387,1414,0,0,0,0,0,4,0
2021-12-13,2021-11-24 08:39,1202,2021,4,25,216,0,13,-67.38043198416734,-55.365192468565795,-73.26536374195243,13.333381807252419,2.967256220416923,31.07644124615783,1.754405663090429,2,0,5,activity_923,69.97399248067957,extended_mission,1.202,0.3936637598143454,25,8,1,4,0,0,1,0,0,0,0.2271914911340007,1.9355196708621192,1.0631614455496843,0.31099218188220695,1.2757855157389395,3,1,SEIS,1,0,1,0.15219714256388017,1,6,1,0,0,0,1,0,maintenance,1,0,safe,medium,nominal,0.36356056029715184,1.32788621284009,0,1,29,24,6,3,27.14929452924003,22.306346109447052,5.663439796110758,8.046827793797384,6.922476258583399,44.64122093471797,1202,0,0,0,0,0,1,1
2021-12-09,2021-12-11 18:59,654,2021,8,27,199,4,13,-48.94832649949194,-33.33506218980414,-50.14981952672902,28.650012798093282,2.6053043402115628,39.753868515857796,1.1949479467822686,10,0,5,activity_924,348.51884112871033,extended_mission,0.654,0.6317432674371461,18,1,1,4,0,0,0,1,0,1,0.8772073569290975,1.5767051359292028,1.1717219309875557,0.5195376759040449,2.424041797765004,2,1,APSS,1,1,0,0.8543477344206949,0,6,0,0,0,0,0,1,maintenance,2,0,nominal,medium,limited,0.7182386803261487,0.5767978859719411,8,28,63,41,10,2,48.88073096074695,68.64225508144288,83.21774900886392,16.3155646320414,56.6785067547702,16.292178062397923,654,0,33,346,0,246,3,1
2021-10-19,2021-12-11 15:53,481,2021,4,21,55,4,13,-79.26555750981481,-51.377213701393764,-32.28415284016262,28.101369200238036,6.011865739843083,5.096848503835584,2.826489339106687,19,1,6,activity_925,341.4785979490547,surface_operations,0.481,0.43904402604948356,30,5,1,3,0,0,0,1,0,0,0.7829677025802013,0.9709062943528779,0.947270843763066,1.4843274698872209,2.4074318557811356,0,1,APSS,1,1,1,0.029686604900385993,1,4,1,0,0,0,0,0,science,4,0,degraded,low,critical,0.5474269198722418,1.8434611411866888,0,9,29,35,3,1,76.96456693716353,78.3100484332556,35.13859717826876,8.478515349223493,98.63542283433665,64.262070052239,481,0,206,519,0,419,2,0
2021-09-21,2021-04-23 18:55,1112,2021,8,11,53,1,7,-53.0903517897568,-22.609944129141873,-55.96908409084041,19.61581904289394,4.140688084356887,35.011341639552114,3.7108703050960856,16,1,2,activity_926,120.67802455416975,surface_operations,1.112,0.9708470234708538,28,1,1,3,0,0,0,1,0,0,0.9483495430960306,0.8661646678437507,1.0773158844375452,1.6333304552128995,1.7366099763142302,4,0,APSS,1,0,0,0.6641453534807579,0,6,0,1,0,0,0,0,maintenance,4,0,safe,medium,critical,0.5898753248458704,1.678958827810296,8,14,77,46,6,4,45.28782784562437,83.036175927804,91.27528081609347,20.52954290496872,45.62148098260016,43.35055581536278,1112,0,0,0,0,0,3,1
2021-02-25,2021-06-04 05:06,337,2021,10,8,4,0,5,-51.76582606077421,-36.939140682561955,-74.12438288606755,10.145355171450678,4.779266670006979,34.71712001781053,3.121418780067094,7,1,6,activity_927,1.4360400018196318,extended_mission,0.337,0.07493852195061035,22,5,0,2,1,0,0,0,0,0,0.7174887303835787,1.919142634061014,1.129978419766617,0.9169266914895742,2.4928285666323178,3,1,IDA,0,0,0,0.1540100090222426,0,6,1,1,0,0,0,1,routine,4,0,nominal,medium,limited,0.7743583169613468,0.8633610239911764,0,27,1,7,12,2,26.831614276466055,26.230743444848358,50.080334631514575,93.14933890689207,74.23242191022801,66.21187626294804,337,0,350,663,0,563,0,0
2021-04-17,2021-10-18 05:16,300,2021,9,22,296,6,7,-56.91176481907001,-33.05647395680781,-38.80249108685535,20.739118859997014,16.961383119013647,14.313392478013727,0.6587734509475123,4,0,3,activity_928,279.98011772391885,extended_mission,0.3,0.9935876507434108,38,2,1,3,1,1,0,0,0,0,0.3689005827456783,1.0769538828193133,0.9972498415649595,0.3371000448349087,2.858390675042436,4,1,HP3,1,1,1,0.32868050091975554,0,5,1,1,0,0,0,0,maintenance,4,0,degraded,high,limited,0.48917084933094007,0.7416018220618658,7,8,63,34,0,0,10.971085957576355,82.02347666256313,61.903816530864006,56.26344822636238,54.527560660116606,28.99588107159993,300,0,387,700,0,600,0,1
2021-10-11,2021-11-22 07:45,53,2021,2,4,146,2,18,-46.80341134597075,-31.981496522868696,-34.881993546093504,7.175774689672255,15.970186690044043,35.828165375992,0.7005641400862324,14,1,4,activity_929,99.0689720333794,surface_operations,0.053,0.4149052232572311,19,1,0,1,1,0,0,0,0,0,0.3216409859764006,0.4079069876850181,1.4958795293501899,1.0074992833682088,0.6205293967788362,1,1,IDA,1,0,1,0.9192955325575564,0,4,1,0,0,0,0,1,routine,0,0,degraded,medium,critical,0.48558118441085035,1.1082884392536299,1,8,29,12,7,2,94.59921947408432,50.374721636628806,35.50053454922537,25.87034130508934,63.46572115041288,94.2917111525436,53,47,634,947,247,847,1,1
2021-09-22,2021-10-13 09:47,189,2021,6,21,256,5,7,-65.78230937597023,-29.051409121816754,-32.46129019182138,9.823894851621915,8.450718003057055,34.66112740778502,0.6928082229563575,16,1,9,activity_930,262.5678842871247,surface_operations,0.189,0.6763694173796942,41,1,0,4,0,0,0,0,1,1,0.2772667035173084,0.8928183722410317,0.9707898746539029,0.3550072239177947,2.7064141712139187,1,0,WTS,1,0,1,0.02079529334295871,0,1,1,1,0,0,0,0,routine,0,0,safe,high,limited,0.9699932395858981,1.6928659675852833,8,12,22,40,3,0,32.308776998909494,55.50178115103815,49.57175923142869,69.33347526673343,81.00283503160043,82.93854414699548,189,0,498,811,111,711,4,0
2021-02-26,2021-10-23 16:04,1387,2021,11,16,103,5,20,-55.999260208782445,-54.905639432701165,-53.010229490226976,27.22878404119992,2.968210768834292,38.84060823742505,0.5870532667187622,12,1,9,activity_931,37.46498436888016,surface_operations,1.387,0.9565826751228611,23,1,0,1,0,0,1,0,1,1,0.40724311262438084,1.7266088193627924,0.5728072625583261,1.517918000141028,2.7538978267418583,2,0,SEIS,1,1,0,0.736565434119525,0,2,1,0,0,0,0,0,science,4,0,safe,medium,limited,0.9022984046142783,1.8721948782003706,7,23,52,49,9,4,27.472137842529865,30.98897731051621,77.7005460495953,25.28843078366999,97.33894253703137,79.64635212568994,1387,0,0,0,0,0,0,0
2021-05-18,2021-09-05 07:23,497,2021,4,20,302,0,20,-57.541504242848795,-35.47218554557839,-35.12437699007847,21.236355556687897,12.8315483639658,12.241595320558254,3.597026168060687,16,0,4,activity_932,309.8170727561243,surface_operations,0.497,0.9033728674632553,35,7,0,4,0,0,0,0,1,1,0.10356123719444593,0.47867067813762876,0.6905919980755725,1.1007529745774662,2.8748242441925766,1,0,WTS,0,1,0,0.7584350264951598,1,2,0,0,1,0,0,0,maintenance,3,0,safe,high,nominal,0.5802837151659184,0.9454083155340798,9,3,89,11,2,3,78.0111016230974,99.8854585896704,50.403149657891056,7.129125656089563,79.02917269389233,87.07660276114115,497,0,190,503,0,403,0,0
2021-07-01,2021-01-10 15:34,1725,2021,3,11,185,5,14,-63.348328044752414,-58.80390426395837,-59.9769629162314,23.367662329428907,15.921731578688746,33.51823997060279,0.6682696762800169,18,1,1,activity_933,11.405447357668766,extended_mission,1.725,0.15544628086487167,7,5,1,2,0,0,0,1,1,0,0.7751207136555386,1.8679717492371717,0.6283836229195319,1.7206215720286504,2.4400817531174765,2,1,APSS,1,0,1,0.8330803769218106,1,5,1,1,0,0,1,0,maintenance,1,0,nominal,high,limited,0.8619958086775208,1.132838401581773,1,6,35,32,1,2,3.156701227248415,86.84272331675332,88.7243109405655,44.62996774625256,7.666644781876153,94.67432046023148,1725,0,0,0,0,0,2,0
2021-11-11,2021-06-10 18:02,1879,2021,4,3,166,0,7,-53.431499437966174,-47.32518447039912,-64.06349008483258,22.392617751153026,9.597749300802647,25.774397859229094,3.419138566742249,10,0,8,activity_934,306.2146474084415,extended_mission,1.879,0.8681989274774778,14,1,0,1,0,0,0,0,1,0,0.7962747094633629,0.7852568739622112,0.7181868089355831,0.39979393437613897,0.8694728073232014,1,0,CAMERA,1,1,0,0.5873763406486373,0,5,0,0,0,0,0,0,routine,3,0,safe,low,critical,0.3058118822223107,1.892897044670438,9,26,14,2,14,0,46.026072809252994,59.382939382072976,75.1761004179012,95.20890283870847,65.70372703323602,46.222952287322435,1879,0,0,0,0,0,4,1
2021-02-26,2021-07-09 05:19,1616,2021,6,1,230,3,2,-53.8059853806868,-56.92625363160717,-65.949406735483,23.834164058546037,17.51057301865771,30.50898177788058,2.8721222830888387,11,1,2,activity_935,136.40675927106145,surface_operations,1.616,0.3837055145582441,14,8,0,1,1,0,0,0,0,0,0.5821790638361078,1.4861657524049563,0.9536413950181929,1.6984640573363776,1.0991458294990912,1,0,IDA,0,1,1,0.9727143519595097,1,4,0,0,0,0,0,0,routine,0,0,nominal,medium,critical,0.5081899413017327,1.2544109542197852,5,18,18,45,14,4,51.522602357654954,43.43540674722141,25.48131775291521,46.596684061853054,2.050236567805064,9.711098954028497,1616,0,0,0,0,0,4,1
2021-02-21,2021-11-25 16:36,1917,2021,6,14,270,2,4,-61.45248805147574,-50.68731560839994,-41.783160459166105,6.494616325687534,8.344925417175036,34.097654130140405,4.909368172880631,19,1,0,activity_936,234.07658780344184,extended_mission,1.917,0.21134639948988643,38,5,0,4,0,1,0,0,1,1,0.38664241391502563,0.33865482655292556,1.009972392334967,1.3038257424437107,2.341316843306128,0,1,HP3,1,0,0,0.04109680417270789,1,2,0,0,0,0,0,0,routine,1,0,degraded,high,nominal,0.6170127004360628,0.9444043001245106,4,19,95,11,3,0,96.0118372886491,94.35394317360264,64.3917265079218,90.37013103981523,75.12747777674929,34.58914891267758,1917,0,0,0,0,0,2,0
2021-01-20,2021-06-28 09:49,1769,2021,11,19,78,3,15,-44.35103608855677,-36.96391876069214,-37.21535147583809,28.59779750371425,17.798064713592755,25.55116533435089,3.8593895899753146,5,0,2,activity_937,124.94776980651633,surface_operations,1.769,0.22884974235808375,30,3,0,3,0,0,1,1,0,0,0.2126101800437972,1.159017023121128,0.814408984103952,1.5573603564314278,0.7506350487717895,4,0,SEIS,1,1,0,0.3224614034267267,1,5,1,0,0,0,0,0,maintenance,3,0,nominal,high,limited,0.36848069341032175,1.5466740590144181,2,17,86,39,12,4,70.98153350703653,38.57686637991171,81.87103168568544,53.98964662361845,40.89366015639,71.92566957365676,1769,0,0,0,0,0,2,1
2021-02-23,2021-03-02 15:15,1787,2021,12,22,206,3,0,-49.82042562751309,-44.758230192751434,-43.845421147451525,12.498549783023043,15.919785202532763,8.6835193966517,3.3125638970079083,7,0,2,activity_938,357.13934835219914,extended_mission,1.787,0.525988955417744,30,6,0,4,1,1,0,0,0,0,0.6097049180398574,0.4888207085561644,0.7711088772250783,0.602683171543382,0.6803135812949364,4,0,IDA,0,1,1,0.11515931571345961,1,1,0,0,0,0,0,0,routine,3,0,safe,high,limited,0.44404094506560754,1.8678924976641713,7,24,53,9,18,0,74.02833306143589,41.071779776007844,11.74695863791434,73.90195035537647,19.45840328338102,58.904330965121446,1787,0,0,0,0,0,2,1
2021-03-25,2021-08-21 23:05,1756,2021,5,13,265,0,10,-52.56164363731847,-28.675181436773762,-69.40279886425373,5.534783836065703,3.375329637227482,18.442364123241582,0.829923988731803,12,1,4,activity_939,54.80633315402562,extended_mission,1.756,0.3638349758087587,29,1,1,2,0,0,1,0,0,0,0.2535018741205981,1.228000399467988,1.3065175377799603,1.1419326344372989,1.5096518150531115,4,1,SEIS,0,0,1,0.8250508979996075,0,2,1,1,0,0,0,0,science,4,0,nominal,medium,nominal,0.4884751780682974,1.7250464533852963,5,6,41,49,8,1,28.054569145118524,35.34337548658799,45.46456927792277,19.053182235260557,15.723299978030102,98.99600825164082,1756,0,0,0,0,0,3,1
2021-03-14,2021-12-02 19:00,732,2021,3,11,145,4,16,-41.988497051464236,-28.237297150735227,-66.5787053682451,5.300024397673954,13.382388297723327,25.26530533439496,0.8734189141645797,14,1,9,activity_940,291.7554668078603,extended_mission,0.732,0.6515209809402319,11,7,1,1,0,1,0,0,0,0,0.61856949435416,1.94124000318953,0.6314864995345454,1.4383696080536206,1.9378780213468736,2,1,HP3,1,0,0,0.7536831889782448,0,4,1,0,0,0,0,1,routine,1,0,nominal,high,limited,0.919355404650052,1.8893186540402753,5,12,73,3,6,1,50.320262306678686,45.583201251951024,37.19154906867407,11.333409917213622,23.076315882424613,20.36756158238714,732,0,0,268,0,168,2,0
2021-04-13,2021-01-22 05:38,669,2021,10,4,125,1,15,-50.74573913750887,-34.995123120334924,-47.24188584019565,24.718963105335106,1.3088004558620314,18.733645770310922,4.863056428341196,7,1,6,activity_941,21.454538383782538,extended_mission,0.669,0.6721069430435529,13,1,1,5,1,0,0,1,1,0,0.7420333773643385,1.5633566837390513,1.0611895931231308,1.0509454636548463,2.2847218239121236,3,1,CAMERA,0,0,0,0.4237159839477618,0,5,0,0,0,0,0,0,routine,3,0,safe,low,critical,0.5756127508993356,0.6911603802621678,3,26,80,11,9,3,75.23075602314154,0.12338994271479109,48.52717757845948,83.41006370574236,53.387538121854014,54.99607754446798,669,0,18,331,0,231,4,1
2021-10-28,2021-02-13 10:09,740,2021,4,20,182,0,12,-68.83152848673552,-25.031130599522584,-35.33366432728914,19.76469341342268,13.1628579572691,36.42168202651845,3.308985299586638,15,0,7,activity_942,337.18396895568355,surface_operations,0.74,0.6353446232148273,39,6,0,3,0,0,0,0,1,0,0.7915558288303656,1.2200146974176305,1.2623850715249585,1.678049327054453,1.337740433417461,3,0,CAMERA,0,0,1,0.46701430985760894,1,6,0,0,0,0,0,0,science,1,0,nominal,medium,critical,0.9596324133850962,0.8445639573268839,8,11,68,22,18,1,52.28964797618699,83.13317063490486,39.854722322964186,14.318286102839384,70.67956840599598,60.66319990179164,740,0,0,260,0,160,4,0
2021-03-22,2021-05-10 07:28,11,2021,11,1,362,1,6,-60.43064781850465,-20.570989871477792,-70.96763409635673,7.84901180417415,19.760983204330017,19.1968804062016,3.846714382391652,14,0,7,activity_943,237.5337815237496,extended_mission,0.011,0.21430020694120056,32,4,0,2,0,1,0,0,0,1,0.49710481273799634,0.6726142221653398,0.9252490424941272,1.6717899294438687,2.6579888543924843,3,0,HP3,0,0,1,0.8602870361996744,1,1,0,0,0,0,0,1,science,3,0,nominal,low,limited,0.6805260658859904,1.4580375993320693,0,14,85,29,0,4,67.80567356940999,56.46440159124986,24.71422876944539,40.89781867788953,78.02167412814825,23.9408342668595,11,89,676,989,289,889,2,1
2021-02-10,2021-11-06 07:37,638,2021,4,19,176,3,15,-58.140734543593055,-34.106016844169474,-74.27238782590132,23.29278180876072,4.590209714796485,33.04815592147902,4.247665592554937,16,1,5,activity_944,174.0768035249075,extended_mission,0.638,0.8999678524965128,24,9,1,3,0,1,0,0,0,0,0.6131651702409443,0.29790354600039803,1.2090787073462979,1.485007095305645,2.9561810769905157,2,0,HP3,0,1,0,0.18914263272653753,1,4,0,0,0,0,0,0,science,0,0,nominal,high,nominal,0.6147670081351864,0.8608630620568911,3,20,41,45,19,4,85.34000689100645,93.18258073008623,73.8832670025861,98.92367013242732,4.52788406189939,33.15094176684801,638,0,49,362,0,262,2,0
2021-11-22,2021-04-07 14:23,1356,2021,3,10,355,1,18,-43.35702566379641,-42.381019228229064,-72.05668151923729,23.51607773296632,17.341439324160383,16.327858015512266,1.4990687281027129,2,0,1,activity_945,349.89255310488716,extended_mission,1.356,0.4179611283335434,12,1,1,3,0,0,0,0,0,1,0.6759727307053155,0.5259582140499623,0.8814985239551395,1.493080236203272,0.8118975378201314,0,0,WTS,1,1,1,0.759492582909414,0,5,0,0,0,0,1,0,routine,4,0,safe,high,nominal,0.39025775468154,0.5976209156016672,2,11,64,46,0,0,25.070591309051814,63.483994287311816,66.38446236499556,9.051247207382984,42.713424546611954,31.124993718529804,1356,0,0,0,0,0,3,0
2021-05-15,2021-11-27 13:40,753,2021,9,15,238,6,13,-57.86371645078497,-26.4297052186295,-49.94293459640235,24.31764524815876,14.105030475983407,31.224171331181644,1.5546949451080345,10,1,8,activity_946,296.25275691110477,surface_operations,0.753,0.14650433116089245,5,6,1,5,1,0,0,1,0,0,0.12069014509245002,1.2377609332732726,0.8126199787535783,0.7120141437723428,2.755411688490572,2,1,APSS,0,0,0,0.9251921752060341,0,5,0,0,0,0,1,0,maintenance,4,0,safe,low,critical,0.33137330735555565,1.947103010292224,8,11,23,47,12,2,26.585287427580862,65.6192052648297,91.21575163764741,77.86330347376347,58.01384236340888,23.24846124485902,753,0,0,247,0,147,1,1
2021-10-15,2021-04-15 07:18,1977,2021,11,21,240,3,2,-60.430461925732125,-51.41740396414308,-68.15800349334006,20.181830619242792,4.458980787090663,29.731178227245618,1.015146913376633,13,1,1,activity_947,123.9959683749388,extended_mission,1.977,0.7465158354136405,22,7,0,2,0,1,1,0,0,0,0.9749771505629754,0.8397304189502415,0.5147606959060484,1.7053236779875995,2.3830703798860133,0,0,SEIS,0,1,1,0.69787578293396,1,3,0,1,0,0,0,0,maintenance,2,0,safe,high,nominal,0.9776092571465687,0.6135294860378107,7,0,4,41,13,0,56.72200920222904,79.00627572524192,25.955851691514653,21.00343385108826,47.397469933911,13.42046900116658,1977,0,0,0,0,0,4,0
2021-12-04,2021-09-01 05:31,1418,2021,1,28,152,4,7,-49.0883937397233,-39.53531719514544,-34.63333217744336,19.237405691761865,10.157459374601421,22.82855584632648,4.6043699786807775,7,0,9,activity_948,301.13962867518484,extended_mission,1.418,0.0921749785477739,35,7,0,5,0,0,0,0,1,0,0.27245897488372656,1.2632717602460268,1.034807129004614,0.7378111229513036,1.25133359931068,2,0,CAMERA,0,1,1,0.23215621398211705,0,6,1,0,0,0,0,0,science,0,0,degraded,medium,limited,0.4960188100921282,1.2006587129764936,8,6,0,29,4,1,51.980236614562905,56.8009534729504,92.68083796759691,76.97927793029494,16.794767840868996,79.24889150217413,1418,0,0,0,0,0,0,1
2021-11-25,2021-08-16 05:39,162,2021,7,24,93,6,22,-69.76300217847535,-55.53369835884044,-41.17063631905787,12.924309313312978,12.126118285679537,24.93660312191764,3.648303847554787,3,1,0,activity_949,173.301266593636,surface_operations,0.162,0.08154241874585211,8,9,1,5,0,0,0,1,1,0,0.32179700330854255,0.47114261415883096,0.549310212898458,0.5858294662638306,2.3309380504322323,2,1,CAMERA,0,1,0,0.7866001922404258,0,4,1,0,0,0,0,0,maintenance,1,0,safe,high,critical,0.4360207661546875,1.975826696298029,3,21,58,24,12,3,89.02819394830388,55.62099927554919,57.71478279173557,10.659877937714658,16.47065270774448,98.26086385736889,162,0,525,838,138,738,1,0
2021-02-22,2021-05-12 14:05,983,2021,10,1,75,4,11,-41.48072301546215,-41.74744294043796,-34.06348999125966,14.628121392967826,15.763529354806439,19.628105012093776,2.1321797657242527,13,0,3,activity_950,9.243366810456731,extended_mission,0.983,0.9183487451581935,45,9,1,3,0,0,0,0,0,1,0.7901836877068861,0.2336788408955672,1.329068922059811,0.7977990782972345,1.9957118597793764,2,1,WTS,1,1,1,0.8100707895507345,1,3,1,0,0,0,0,0,routine,4,0,degraded,medium,critical,0.40502545957711467,1.4503783191522732,7,22,64,24,1,1,32.61197320466548,13.290222864842939,67.79438868448594,44.057680504877915,93.39424706788762,85.38619071717704,983,0,0,17,0,0,3,0
2021-03-15,2021-11-21 15:20,1787,2021,3,24,236,4,4,-52.99294169139747,-27.25714837106934,-53.01495672156577,5.161891928001332,10.486730122786385,10.372917508958292,3.031567347607592,3,0,3,activity_951,114.70967308485854,extended_mission,1.787,0.10394554033009262,8,9,0,1,0,0,0,0,1,1,0.2897021892959395,0.9060733305361925,0.9278794428299261,1.2940518761615123,1.8666559061131045,0,1,CAMERA,1,0,0,0.5744199705256957,1,3,0,1,0,0,0,0,routine,1,0,nominal,high,critical,0.45337346361329023,1.7779398741868384,3,6,81,42,9,2,71.20473078375743,18.82353997158348,60.57988288361342,53.91943437201828,60.24907599194488,72.7747486279909,1787,0,0,0,0,0,3,1
2021-02-10,2021-12-18 13:18,1977,2021,6,1,184,5,4,-73.55446378952851,-34.337250300811995,-73.29440877875359,13.514343945647878,2.8914374082817362,13.043213115749435,2.22140468626006,2,0,8,activity_952,106.17304543256695,surface_operations,1.977,0.6740448577943341,29,6,0,5,1,0,0,0,0,0,0.311425371958184,1.496101246549568,0.5517588530310129,1.0631146760558816,1.400803101294643,4,0,IDA,0,1,1,0.13278723978427243,0,6,0,1,0,0,0,0,routine,2,0,degraded,medium,critical,0.49536121428093294,1.3397369772332977,0,19,96,40,8,4,38.57821220122864,14.17468468905615,79.4579211180679,0.24143885937676357,20.511484681516645,63.51331343303435,1977,0,0,0,0,0,1,0
2021-08-03,2021-08-14 00:09,4,2021,10,23,76,0,1,-42.826476465169534,-37.09621817824235,-62.03761756037208,26.73358662131041,1.0084976999403694,16.16290646439304,3.8864147637150785,7,0,5,activity_953,202.46027614653946,extended_mission,0.004,0.9417693977173913,23,7,1,1,1,0,0,0,1,0,0.32168631917184576,0.21196081373853617,1.376782550692298,0.7757101045764053,1.3673818403163684,4,1,IDA,1,0,1,0.09726937541263037,0,1,1,0,0,0,1,0,science,4,0,safe,high,nominal,0.698732191868704,1.5861078612219348,5,0,12,49,0,4,37.92365552235778,31.57936651876112,50.316883344491345,58.44675114130362,22.048212507991284,68.2281513441763,4,96,683,996,296,896,3,0
2021-12-15,2021-02-23 00:37,893,2021,9,24,262,4,5,-76.90759793527285,-50.1552437177134,-48.64728007359304,29.441133889094445,19.48344176526502,39.35882683833028,2.239894257304012,17,1,5,activity_954,223.94290715164817,surface_operations,0.893,0.16508756220266207,37,1,0,3,0,1,0,0,0,0,0.9067208210925224,0.5635882361769975,0.8026376372911451,1.5447134840675945,1.010420246371266,4,0,HP3,1,0,1,0.34834746190716215,0,6,1,0,0,0,0,0,science,0,0,safe,high,critical,0.7263984033497352,1.9133174921624032,7,7,22,31,11,2,89.23287636881861,11.846207194761572,8.26778582483585,32.03546550046542,54.6301150413659,9.988735038591845,893,0,0,107,0,7,3,1
2021-01-23,2021-08-12 16:24,224,2021,7,23,147,0,22,-49.40095222620382,-32.57084941644166,-53.91649034738472,18.073633178650862,3.553190965428037,9.05593820153153,3.726242556468766,11,1,3,activity_955,177.81547848381197,extended_mission,0.224,0.9128647058937184,11,8,1,3,0,0,0,0,0,1,0.758224960633669,1.5566178862643913,0.6539765751335094,1.6643749079517114,0.5219630869636769,4,1,WTS,0,0,0,0.9958519295763683,1,5,0,0,0,0,0,1,science,0,0,degraded,medium,critical,0.5172454600879118,1.6547226468187406,7,24,36,4,10,2,99.94736310527563,12.136698400173518,81.50263738998899,79.92080416134974,44.50409821458702,98.82651898537566,224,0,463,776,76,676,2,1
2021-09-10,2021-05-08 17:23,637,2021,8,18,103,6,21,-80.60603828635323,-39.53637257402056,-35.92625820398461,13.848827748093626,16.74935748519729,19.89084052673517,4.3384641576445375,6,0,9,activity_956,127.30854929572112,extended_mission,0.637,0.9605859087051714,40,8,1,5,0,0,1,0,0,1,0.8084322607041244,1.5457494025875922,0.8585534031696779,1.7884109417831207,2.9345945372010034,0,1,SEIS,0,0,0,0.005487494282663374,0,6,0,0,0,0,0,1,science,0,0,degraded,medium,limited,0.8443093701928939,1.6622844453384658,2,2,13,41,9,1,74.54843969792118,59.76164927821891,36.6522574042778,83.65746407372731,78.80396834249125,17.349145726359815,637,0,50,363,0,263,2,0
2021-05-24,2021-10-20 19:12,572,2021,6,26,171,5,13,-65.82857928552278,-43.46866691905248,-32.37610337643275,11.024764527239343,4.810820662698372,36.67906395712329,3.4111903081953314,8,0,6,activity_957,195.96474737839523,extended_mission,0.572,0.8200315412565069,46,7,0,2,1,0,0,0,1,0,0.5789544572682056,0.7888318583037761,0.7924941485266076,1.1692668677609934,1.7534865673343574,0,0,IDA,1,1,0,0.6139384335856654,1,3,0,0,0,0,0,1,science,2,0,safe,high,critical,0.7702970964794587,1.4078303785149793,0,17,21,36,9,3,54.755969987442995,27.225394855862838,95.14028189491354,79.67479166160727,17.980836637157495,29.834067191911817,572,0,115,428,0,328,3,1
2021-02-15,2021-05-20 07:15,1294,2021,12,14,21,4,8,-41.72704056423461,-55.46589122937447,-43.27077910575176,10.7056983993455,14.348642751268644,31.848732679494155,0.7167511000125382,16,1,2,activity_958,230.43515637104687,extended_mission,1.294,0.11556766570864485,46,9,1,3,0,0,0,0,0,1,0.5059773077728541,0.9443891328751051,1.2139700611596695,0.41614197307164136,0.6426083482238644,0,1,WTS,0,1,0,0.8282573867905232,0,5,1,1,0,0,0,0,science,3,0,nominal,low,limited,0.4421725687576651,1.3523132524510246,1,1,26,49,9,2,88.9773247831306,86.09655210028278,55.444682072567154,8.807111701729553,69.66030818587089,60.88287001535817,1294,0,0,0,0,0,1,0
2021-08-12,2021-02-26 13:09,1637,2021,3,23,214,1,4,-61.48630543194478,-49.054794970937415,-33.82575331808675,26.104869389690453,1.6922252300777196,37.77311456237818,2.147989267423393,14,0,4,activity_959,149.88143666466843,surface_operations,1.637,0.15392013278622307,34,7,0,1,0,1,0,0,0,0,0.763582415162979,0.20544956890026164,1.446886461554297,1.3716504842042945,2.268131321458544,3,1,HP3,0,0,0,0.4218164688086614,1,5,0,0,0,0,0,0,maintenance,1,0,nominal,medium,nominal,0.6689803209075145,1.3933419565800635,2,27,10,2,3,2,78.88475106856859,82.87382149058435,99.84673085270516,64.02253480404188,22.346407103144685,27.6102328580645,1637,0,0,0,0,0,2,1
2021-03-26,2021-10-16 22:24,1543,2021,11,10,38,3,4,-67.65290827788797,-52.42472652184122,-73.8351197048692,5.205735802563156,8.33475970835567,15.370825656511435,1.0178686861785862,7,0,9,activity_960,206.26468303825703,surface_operations,1.543,0.3844344810365732,16,2,1,2,0,1,0,0,0,0,0.9175626880463696,0.3279462547151115,0.6988727838943852,0.7769132689813105,1.0752976694107506,3,0,HP3,1,0,0,0.873171116055797,0,6,0,0,0,0,0,0,routine,1,0,degraded,high,limited,0.6459434122691893,1.5842056282607242,3,3,35,6,0,1,25.92486093036883,41.34541575577879,88.15167976046997,54.70072525407679,33.511019282833324,67.15229841762343,1543,0,0,0,0,0,2,0
2021-12-23,2021-12-07 01:32,333,2021,4,23,102,1,1,-46.83260303477578,-33.66663121451847,-39.85077965602689,9.546935660285406,6.4431536644018035,20.53269561242395,3.461154551481136,17,0,6,activity_961,80.89756822038302,extended_mission,0.333,0.15694284877953102,5,9,1,2,1,0,1,0,0,0,0.27976762809900696,0.9441149415806274,1.254808634918326,0.5024886293377033,1.9511584626409813,3,1,IDA,0,0,1,0.5047160285197496,1,2,0,0,0,0,0,0,science,3,0,safe,high,critical,0.6756018869463544,1.7146771408787145,7,20,7,41,16,3,6.690563805938776,88.24194995725611,37.451946961007266,92.22066125890092,90.01725242116244,79.08996920484691,333,0,354,667,0,567,0,0
2021-11-19,2021-07-16 13:45,737,2021,4,8,7,2,22,-73.2761375541345,-37.66644215496545,-35.66657428187795,16.313573270629632,10.811349163680893,17.91837988697398,0.5816095979034894,8,0,5,activity_962,309.5012151442248,extended_mission,0.737,0.5349477750524291,9,4,1,2,0,1,0,0,0,0,0.6399501713184571,0.2872694504667619,0.9528982371410113,1.212594803090002,2.2867928233499097,3,0,HP3,0,0,1,0.8494393353277334,0,6,1,0,0,0,0,1,routine,3,0,nominal,low,critical,0.37614002887986,1.7258592188181736,1,14,96,6,9,3,6.7748646099481284,55.220540967920414,59.223671095773526,88.84227995167069,6.751751703030684,69.21047728110985,737,0,0,263,0,163,4,0
2021-12-28,2021-02-08 00:20,1559,2021,7,8,360,5,6,-73.48747470117456,-24.710748918688715,-61.45119360833676,17.91198686639411,3.734300779709643,5.39061069184703,2.417125341636171,1,0,9,activity_963,68.43458356149581,surface_operations,1.559,0.4912242165113402,37,6,0,5,1,0,0,0,0,0,0.3100822513960255,1.8386263755035686,1.0366907931453944,0.6007159065022565,2.1772783356850236,2,1,IDA,1,0,1,0.17951650751623272,0,4,1,0,0,0,0,0,maintenance,1,0,safe,high,critical,0.9517952719313718,1.9029270427890048,8,21,17,37,9,3,42.973723803634535,90.56590745985504,75.0857150524206,90.51106920317807,64.51474773137242,15.700980968949828,1559,0,0,0,0,0,2,0
2021-04-11,2021-03-19 12:03,1763,2021,6,18,264,0,19,-69.87613434553575,-46.996330913292425,-45.502740753952466,26.660087919831515,13.571821985519556,21.22041542123717,3.4648872398537436,13,1,6,activity_964,327.81642426920047,surface_operations,1.763,0.3070483836895379,45,9,1,2,1,0,1,0,0,0,0.20897629749924354,1.031626319806822,0.73070163306177,0.7981065647812505,1.6765615190640681,4,1,SEIS,1,0,0,0.1910094460803824,1,4,1,1,1,0,1,1,maintenance,0,0,nominal,medium,nominal,0.8654773245346499,0.737200821486555,4,11,25,44,2,2,8.79292618977856,65.8707744091246,81.10242560911301,74.87346928677219,80.92503175572136,73.97200205006823,1763,0,0,0,0,0,2,0
2021-07-27,2021-08-08 00:19,124,2021,9,2,321,5,12,-61.10535806084162,-47.34586300211543,-39.82949584378982,14.330419028517264,2.277929593844066,32.389052356164534,3.6415858247280593,4,1,8,activity_965,125.50122525511384,surface_operations,0.124,0.6804606735046052,47,4,1,1,0,1,0,0,0,0,0.8911196116035903,1.4670431560081032,0.6675627739557631,1.2967682730921541,2.6864390443621144,1,0,HP3,0,1,0,0.19062411052574357,0,4,0,0,0,0,1,1,routine,1,0,nominal,low,limited,0.5117518250829604,0.7861593668459324,6,24,93,12,1,1,17.626195808281043,85.16170954008324,59.64718197914139,86.4886557852245,42.746183225950254,59.577699500173594,124,0,563,876,176,776,3,0
2021-08-23,2021-05-22 10:42,249,2021,10,8,279,4,7,-45.965314064231414,-42.3073990126626,-52.10274669281181,5.068057758117465,1.6421516217299015,30.920875578765422,2.000583986846503,1,1,5,activity_966,95.92153708149641,surface_operations,0.249,0.045097692912103526,17,8,0,4,0,0,0,0,1,0,0.14938720269853947,0.9554617593131254,1.0870743992048624,1.4458464906812194,0.6774029311591232,1,1,CAMERA,0,1,0,0.9316882891165166,1,6,1,0,0,0,0,1,maintenance,3,0,degraded,high,nominal,0.5028064360281953,1.2061387083650386,0,24,13,34,3,3,71.70043606743312,0.12564070943131833,0.10214990505441612,13.29193547103359,47.99305041936497,4.8004034914833955,249,0,438,751,51,651,3,1
2021-11-27,2021-05-26 12:31,363,2021,12,12,20,0,14,-87.44110471248736,-46.51208996588995,-73.86969778760447,6.240664649243753,0.7566490247412117,21.726728942062884,2.528051214045317,10,1,7,activity_967,178.74013978593393,extended_mission,0.363,0.29661513409240625,43,3,0,4,0,0,0,1,0,0,0.4051642868650931,1.6188151480232422,0.9178601760069282,1.0836040362677304,0.8638740010487371,3,0,APSS,0,0,0,0.7046535556298819,1,1,1,0,0,0,0,0,science,0,0,degraded,high,nominal,0.36147749266836793,0.5165828441218641,2,6,5,14,1,3,84.4014368252299,87.12908078188222,2.945305261761133,62.459780096618935,98.95383341835814,58.69156565528893,363,0,324,637,0,537,1,1
2021-04-26,2021-05-17 06:00,1173,2021,11,10,218,5,18,-50.71038525126496,-57.341179325869696,-67.10162864822144,26.065414800614803,11.35894968004989,28.491963539270216,1.9470156658914153,18,0,0,activity_968,114.69301025275638,extended_mission,1.173,0.8760433837817801,47,1,0,1,0,1,1,0,0,0,0.40902113722162936,1.5480012976186186,0.9179532322251523,0.9545563477553791,2.485784136889391,2,0,SEIS,1,1,1,0.3645439239443362,0,1,0,0,0,0,0,0,maintenance,1,0,nominal,medium,limited,0.8605298602071911,0.5951408132303971,4,20,64,30,17,4,83.3256261242927,10.10693973293072,41.87551554657778,90.79348429995895,9.087939413256008,30.524572467030076,1173,0,0,0,0,0,3,1
2021-08-19,2021-07-05 06:21,793,2021,5,3,98,2,1,-66.49378226532505,-22.804713744622916,-70.68623908869871,10.574186413334168,14.311185330192709,15.293523994122015,3.943584136207522,11,1,3,activity_969,144.11650422406535,extended_mission,0.793,0.08246863331867937,27,7,0,1,1,0,0,1,0,0,0.7996607276549391,0.8698695660460449,1.1917432593007922,0.3978515806497991,0.5918086440790489,3,0,APSS,1,1,1,0.708421561187668,0,5,0,1,1,0,0,0,routine,1,0,nominal,low,nominal,0.9900800297474877,1.2835879558172552,7,29,39,16,0,2,50.3636268577019,42.41379006044346,99.69058165794694,90.33610535681225,4.11014470151475,77.90186701950394,793,0,0,207,0,107,4,1
2021-03-22,2021-08-06 06:43,1993,2021,12,23,127,6,8,-68.03335332988094,-46.451145353129775,-68.35771185770194,7.341838122464695,8.471891579221467,34.50844723635906,2.893327419424032,19,0,3,activity_970,136.4440233497582,extended_mission,1.993,0.025732593018978345,33,2,0,2,0,0,1,0,0,0,0.9934653751244321,1.314505359220829,0.7951557831561132,1.5719297148024476,0.8754103794186336,0,0,SEIS,1,1,0,0.38305759248712623,0,2,1,0,0,1,0,1,maintenance,4,1,degraded,high,limited,0.4839721226431756,1.1305449560993144,7,25,84,44,15,3,5.554192118291546,17.566789758003974,79.08339748994261,25.253368784895393,72.47221648717009,74.91872382752231,1993,0,0,0,0,0,0,1
2021-04-14,2021-06-19 03:23,1495,2021,10,10,147,2,9,-61.38727241289736,-35.07610883792518,-51.16017240675088,23.049840553660122,10.500077286280053,37.27944191243535,4.745791998337925,4,1,6,activity_971,232.3820565037065,surface_operations,1.495,0.9231548219611131,11,9,1,1,1,1,0,1,0,0,0.3406931460141144,0.2333705745994868,1.4622249633753044,0.6355770632103281,1.9603021581561664,2,1,HP3,0,1,0,0.5428321630420087,1,5,1,0,0,0,1,0,routine,1,0,nominal,high,nominal,0.7574581679629245,1.7322472413732213,2,23,96,12,5,1,90.95107626879981,1.4827475584839878,32.5016391588653,39.203552718023936,98.23854853046326,94.41678195850017,1495,0,0,0,0,0,4,0
2021-03-10,2021-06-08 19:00,1396,2021,4,28,287,4,23,-49.78480311806338,-59.13804646915835,-35.05408147874109,27.791599163068387,13.273401212474988,15.461986437885885,2.704673171046408,1,0,2,activity_972,110.06727292078246,surface_operations,1.396,0.34334398548123224,41,3,0,1,0,0,0,1,0,1,0.1710783948144129,0.8689953577255372,1.0406112496343236,1.2709410335768012,1.918819074997484,1,1,WTS,0,0,0,0.7747839952128177,1,4,0,0,0,0,0,1,science,4,0,degraded,high,nominal,0.8476720732619669,1.2820169873521734,6,5,40,17,7,4,52.852499161938894,96.54708675166475,84.95909496508409,17.812137573397546,50.813059375291246,48.6078651589115,1396,0,0,0,0,0,2,1
2021-11-14,2021-01-12 19:27,1825,2021,6,7,75,0,2,-68.14210767278144,-54.373111077634306,-74.71398869953843,10.915316527909294,18.776217873429704,38.424738746636,2.880506101767224,11,1,9,activity_973,8.878887831689335,extended_mission,1.825,0.05588762521170754,35,7,1,4,0,1,0,0,0,0,0.7541466050226993,0.830110638455622,1.40998231838622,1.2969291723764387,2.5755882152563245,4,1,HP3,1,0,0,0.15076274370534282,1,2,0,0,0,0,0,1,routine,0,0,safe,high,critical,0.8318766354067091,0.7422570742751563,0,4,29,46,19,2,65.5340401058027,76.71679117843895,49.97376893571992,16.658544284812493,86.86247029324298,18.620201133382498,1825,0,0,0,0,0,0,0
2021-04-21,2021-12-10 11:11,1925,2021,11,27,44,6,5,-71.16723117607368,-45.319842165123376,-74.10204858946663,23.2649036541921,12.217675181998331,14.403713274652606,3.3351051796723357,8,1,6,activity_974,190.59135910862568,extended_mission,1.925,0.5332788126595961,46,6,1,3,1,0,0,0,0,0,0.16462341221429022,1.2887940948118768,0.7559762490895352,1.4662190196702658,1.3952688878367714,2,1,IDA,1,0,0,0.8323054217152455,1,2,1,0,0,0,0,0,routine,3,0,nominal,high,nominal,0.6755187882995634,0.7187116957971631,6,22,81,25,7,4,17.315591389630747,1.9737169503681984,42.24631343920082,74.84151607439163,97.51006430518136,5.1279067563822505,1925,0,0,0,0,0,2,1
2021-07-09,2021-07-25 03:04,671,2021,7,16,95,6,18,-83.73987760846607,-48.00594583521915,-33.2097619231749,17.255038088793967,4.086853661785845,28.23138110566909,2.3245156208982625,11,0,5,activity_975,329.7117212878165,surface_operations,0.671,0.7133413985461899,49,4,0,4,0,0,0,1,0,0,0.4971511816169235,1.14186285376154,0.7521628648906201,0.8718560320185447,2.217606760379162,3,0,APSS,0,0,0,0.15442865761179636,0,1,0,0,0,1,0,1,routine,2,1,nominal,high,nominal,0.4373090651896171,1.8665700524922872,8,27,36,41,10,1,58.75598144582326,8.400823487670351,93.10405411649076,19.464177810616047,21.349878514727962,70.40309501185348,671,0,16,329,0,229,3,1
2021-07-12,2021-03-10 01:40,1240,2021,1,10,289,1,1,-49.1488758477743,-53.08192596284824,-69.24170674190759,11.494444475617993,5.593422907369892,38.77446142662237,4.01214798757109,1,1,7,activity_976,18.967667134791604,surface_operations,1.24,0.1696395183465894,48,5,1,3,1,0,0,0,0,1,0.7787813757471108,0.6797970125946763,1.3007240969362082,0.4365254793146932,1.9879247783294811,1,0,WTS,1,1,0,0.6840754561991748,1,6,0,0,0,1,1,0,routine,1,1,safe,high,critical,0.5165645750173236,1.0083785533888245,3,24,60,47,16,4,95.66090274517296,9.782695024370458,52.92019492445855,1.116433503573,82.5178030801832,28.68907013672135,1240,0,0,0,0,0,3,0
2021-10-17,2021-03-01 20:25,380,2021,11,25,167,2,22,-67.37346722167545,-56.462175963196145,-46.80482509555567,7.493345309516054,12.426059822690265,23.470859537289545,3.704976969370001,5,0,8,activity_977,180.8114754279148,extended_mission,0.38,0.23621049564735686,38,2,1,2,0,0,1,0,0,0,0.5816296502254797,0.926438812211632,0.5262754932005337,0.3328401213013318,1.8075389846908227,4,0,SEIS,0,0,1,0.43085137103399684,0,4,1,1,0,0,1,1,science,0,0,degraded,high,critical,0.4486556414516554,1.1962186589231532,9,12,85,23,11,1,21.61136904524715,85.903338647958,59.61621107717336,23.2346969782362,56.184356195628915,67.52992616735158,380,0,307,620,0,520,0,0
2021-05-24,2021-12-14 12:01,1457,2021,12,14,38,4,22,-77.32721607871461,-40.61497463653133,-45.277496545361025,16.016615193963737,7.03633063157519,23.90304422104209,4.812342431198458,5,0,6,activity_978,170.40238548075686,extended_mission,1.457,0.48001527579063397,46,9,1,3,0,1,0,0,1,0,0.6065806998724348,0.7011811448175675,1.166480647033524,0.9476002262705061,0.7103639804534694,3,1,HP3,0,1,0,0.760550234784524,1,5,1,0,0,0,0,1,routine,3,0,degraded,high,limited,0.47294096214249254,0.8571863059360265,3,19,4,18,16,4,77.66556075902884,90.44845361527675,12.1506607463148,6.708882808030692,84.9849951313571,50.09534389530973,1457,0,0,0,0,0,4,0
2021-09-19,2021-10-20 04:41,757,2021,9,5,23,2,16,-60.450591106568154,-38.649405460827765,-72.3940444705888,29.89813547737386,19.625540822970468,23.352318128699338,1.4375700372144067,8,1,8,activity_979,264.28641911531224,extended_mission,0.757,0.2201797546171529,38,9,1,5,0,1,0,1,0,0,0.7357558659440304,0.7675503005223752,1.434256888707644,1.06149291626765,1.144338532315838,4,1,HP3,0,1,1,0.07327382332903354,1,4,1,0,0,0,0,0,maintenance,1,0,degraded,high,nominal,0.7389034542166172,1.1185530887239046,3,3,82,28,8,4,62.17719139604743,49.27873723156316,3.530270416096626,68.15725543746704,99.75260272829986,80.84305533062727,757,0,0,243,0,143,0,0
2021-09-07,2021-06-05 23:43,694,2021,2,28,51,3,5,-43.79675921653933,-51.34803742705216,-69.814320997357,6.84886514366322,6.8681488067411305,17.20007112668319,2.867673380813189,1,1,3,activity_980,289.00866876587105,surface_operations,0.694,0.3301475212747018,37,5,1,4,1,0,0,1,0,0,0.38275953523173833,0.5088844498082123,1.2924456381095277,0.6393313775614189,2.372291804959925,0,0,APSS,1,1,0,0.7899479332673502,1,5,1,0,0,0,0,0,routine,4,0,safe,high,limited,0.5562742735142145,1.7080748020429752,3,22,25,9,5,3,78.5007745989491,27.549213442179486,72.3033272823648,5.920968579000807,76.669203516403,54.27663581917267,694,0,0,306,0,206,3,0
2021-12-27,2021-06-17 13:02,1041,2021,1,23,301,1,9,-45.02983580850511,-59.02495477465978,-46.89366016302324,27.19207262558208,8.339201792289279,27.781976320956744,3.135715608674504,9,1,3,activity_981,335.3016359127266,extended_mission,1.041,0.05744513409935392,13,9,1,2,0,0,0,1,0,0,0.36186260626596956,1.167819303634836,0.8366157584578124,1.6402138477712938,0.8877958568522841,2,1,APSS,0,1,1,0.5153886538855176,0,1,0,0,0,0,0,0,maintenance,1,0,degraded,low,limited,0.8214009303943357,0.7097477480049454,3,4,19,2,2,3,54.91643727984491,71.07420515856307,46.51012111614023,33.33509206915637,82.47032224754572,98.88168812075658,1041,0,0,0,0,0,2,0
2021-05-11,2021-04-08 11:34,1998,2021,9,17,87,5,3,-50.29480269824,-32.02948480813053,-69.2080316508591,29.464799506063894,3.7703360897406157,17.265738397335497,3.680947680412427,11,1,6,activity_982,219.72139595538792,surface_operations,1.998,0.8765751441013152,35,2,0,2,0,0,0,0,1,0,0.9758806560926413,0.578514243531467,0.6229281125659946,1.4111054187342773,0.9705045636247653,1,0,CAMERA,0,0,1,0.21230827756071713,0,4,0,1,0,0,1,0,science,0,0,safe,high,limited,0.46284674870307607,0.731674049277822,5,10,13,20,19,4,24.279362964236583,71.6124820807713,29.730546169417103,75.36493514943048,85.49323644102398,33.43294537838503,1998,0,0,0,0,0,4,1
2021-10-08,2021-09-11 17:44,1273,2021,4,16,91,6,13,-88.81178791271962,-51.7062066417604,-43.408524341180936,19.630594650717896,13.893204998426834,25.141790359219428,3.1145954606756563,18,0,8,activity_983,85.98541585022038,surface_operations,1.273,0.30472660372904337,19,2,1,4,1,0,1,0,0,0,0.5464994857092834,0.9998268153984358,0.8780969386712557,0.3203471573071005,2.799317385920371,3,0,IDA,0,1,0,0.8704136037322231,1,6,0,0,0,0,1,0,routine,0,0,nominal,medium,nominal,0.5424077114177791,0.907357949475655,8,21,13,37,4,3,83.94729749485758,41.63744865674309,17.649714684771123,51.066278606870696,44.49094097086692,9.173970083420047,1273,0,0,0,0,0,4,0
2021-04-24,2021-02-05 14:18,1116,2021,7,9,289,6,23,-71.36692520799934,-31.024922425300513,-40.15013662543899,27.582266234884443,8.548765444722573,8.35444322335551,0.5977484777193918,4,1,2,activity_984,41.9994488825899,extended_mission,1.116,0.7477996105527037,31,2,0,5,0,0,0,0,1,0,0.9078438528433546,0.564009179730903,0.707886748911688,1.651504427585922,1.4947828772521174,2,0,CAMERA,1,1,0,0.02627383280160267,1,6,1,0,0,0,1,0,routine,2,0,degraded,low,nominal,0.923357219878814,1.2016751671852048,6,29,99,24,15,1,57.4355842860098,91.04785519213875,30.94164514744948,63.66264091370968,28.674277238474556,11.112179743207552,1116,0,0,0,0,0,3,1
2021-06-09,2021-12-11 02:49,494,2021,8,13,318,4,14,-76.09314732930929,-27.70472004925778,-66.15351398881104,20.553114196454366,11.342680967210503,13.711324567043256,4.923712267819711,7,1,3,activity_985,174.29486924623723,extended_mission,0.494,0.3589719278486707,39,1,1,3,0,0,1,0,0,0,0.9568312688177201,1.0355113837047834,0.6139364068663241,0.3369357186673976,2.033775439277332,2,0,SEIS,0,1,0,0.8746431286799682,1,1,0,1,0,0,0,1,maintenance,1,0,nominal,medium,nominal,0.30266686174555235,1.6207901654583472,6,19,81,30,5,4,29.45221651866795,94.7605400054685,28.256168831001006,81.53944654868815,27.583813594256668,7.298365279398588,494,0,193,506,0,406,3,0
2021-12-28,2021-05-11 06:09,1224,2021,9,20,29,3,10,-56.190931739175,-48.09381064895801,-52.082554234234195,11.371981778455282,1.4336301668065676,18.588601938591566,3.7943477137760304,7,1,5,activity_986,9.42508148538999,extended_mission,1.224,0.3299636689681982,18,4,0,1,0,0,1,0,0,0,0.7196981042772671,1.1430061407386387,1.4461129152789594,1.6668256502143504,2.424282940887975,1,0,SEIS,1,0,1,0.25311395402360226,1,3,0,0,0,0,0,0,routine,0,0,nominal,medium,limited,0.8125755470504175,1.9014286171225205,4,16,2,6,12,0,69.25699080347701,56.73667288584504,73.58861428093019,22.94646485170381,49.03490950963851,95.13903055787733,1224,0,0,0,0,0,3,0
2021-01-24,2021-09-19 07:40,1725,2021,12,13,78,1,17,-53.73348753075314,-23.963392218818015,-54.08428880583666,23.658210887318464,2.543978604970616,16.50741194379436,1.0313565130521798,7,0,8,activity_987,264.45389128778857,extended_mission,1.725,0.7741170692013162,31,6,1,1,0,0,0,1,0,0,0.4962989650147801,1.7765052960418477,1.4894086573066563,1.6178361285315856,0.6165579188489121,0,1,APSS,1,0,1,0.4443316779831805,1,4,1,0,0,0,1,0,maintenance,0,0,nominal,medium,nominal,0.7939760543405705,1.6208936120521202,3,1,73,40,11,0,84.85030026555624,22.724662278073048,51.88633428060816,50.768430448544656,33.421083739598245,75.9635910775796,1725,0,0,0,0,0,1,1
2021-06-16,2021-10-25 23:01,1624,2021,3,6,53,1,1,-77.68868665225637,-27.491136659440322,-63.04766131098812,6.610987619161408,10.961856376169035,14.766833933004571,0.5219758869203937,6,1,6,activity_988,101.6461425401572,surface_operations,1.624,0.6441340289003229,28,9,0,1,0,0,0,0,1,0,0.8452135966063948,0.9353589185395881,1.384647134365796,0.6521601065776594,0.5983603375181261,2,1,CAMERA,1,0,0,0.7576494130883938,1,1,1,0,0,0,1,0,science,3,0,degraded,low,limited,0.7353319727774605,0.7887464019804579,4,4,81,41,15,3,48.232285180379705,51.13574106571279,15.870593307430436,17.431330537598143,2.9347076364046876,3.0350621896550467,1624,0,0,0,0,0,1,1
2021-03-22,2021-02-24 06:42,510,2021,2,17,87,4,22,-71.67098553627739,-57.22773413684727,-60.39042445351831,12.172810322041904,15.320024014474853,9.431399766005141,3.0009889487192973,9,0,0,activity_989,146.59379579710378,extended_mission,0.51,0.9359051188664022,37,4,0,3,0,0,0,0,0,1,0.14806460678578615,0.24034002833476883,1.1449914828316787,1.0478871780866648,2.736489062466942,4,1,WTS,0,0,0,0.9211652704928796,0,1,0,0,0,0,1,0,maintenance,3,0,nominal,low,critical,0.3593785599569293,0.5767642919157958,7,15,32,4,7,1,7.667608205991538,90.77436873320654,54.16013395159488,32.30840833343829,77.17452927747756,92.16542798523516,510,0,177,490,0,390,2,1
2021-08-02,2021-04-27 12:54,305,2021,8,9,229,0,2,-40.81845472536921,-26.254348535230527,-44.21318020423027,27.88564852140196,5.704713374551442,5.3378269752848775,1.9443563281429346,5,0,0,activity_990,53.89057281797458,surface_operations,0.305,0.050356256097220276,15,5,0,4,0,0,0,1,0,0,0.8101282756715794,0.8707080331776762,1.411945089970623,0.3816787320158527,2.334991183471322,4,1,APSS,1,0,1,0.6735523230246208,0,5,0,0,0,0,0,0,routine,4,0,degraded,medium,nominal,0.35399672879836735,1.3931226076614476,6,1,3,21,3,0,4.1647370842758935,69.74174732875443,79.69765709215577,39.68227983874504,54.28407642274949,26.511557624186043,305,0,382,695,0,595,3,0
2021-10-18,2021-02-05 01:51,922,2021,3,24,265,2,15,-62.085483587069035,-23.50685289056741,-61.6798819703354,7.03493333947613,11.051839399700036,11.031570061342187,3.777551142157653,14,0,1,activity_991,227.96486460861158,extended_mission,0.922,0.705653211661208,23,9,0,3,0,0,1,0,0,0,0.4121992294828115,1.573342606928081,0.7585193437447175,1.3722380185354164,0.5788235393746686,1,0,SEIS,0,0,1,0.34790744154906394,1,6,1,0,0,0,0,1,routine,0,0,degraded,medium,critical,0.8459559995116792,1.5332481745638387,4,20,49,19,10,1,63.879086246439485,58.7136522894132,84.72167127990559,42.09560488694293,9.625249580269168,24.01025740092009,922,0,0,78,0,0,0,1
2021-11-04,2021-05-12 07:34,1991,2021,11,13,169,6,11,-55.44779487036324,-32.67065444027427,-70.29736539384233,17.6710231362675,13.463868686881913,33.25521087617906,2.359571435242833,7,0,9,activity_992,175.13788715181258,extended_mission,1.991,0.751008957428552,43,2,0,3,0,0,0,0,1,0,0.4441654473178389,0.9310396741777591,0.6536376233443771,0.5409812832895211,0.8709868087184112,3,1,CAMERA,0,1,1,0.1710697261822759,1,5,1,0,0,0,0,0,routine,0,0,degraded,high,critical,0.45304295144399637,1.9149212390086356,9,12,98,27,8,4,97.92195102272193,30.39734399047743,97.78059237596051,33.02149866120872,23.141846558856194,18.33641829018473,1991,0,0,0,0,0,2,0
2021-03-28,2021-04-03 19:43,1948,2021,12,26,95,5,5,-84.93209404325059,-39.1333102975378,-36.071347361003816,13.39111864501176,4.736031428402773,14.97633761916762,4.378492315869066,5,0,3,activity_993,216.13471001689462,surface_operations,1.948,0.3846375208673546,13,2,1,2,1,0,0,1,0,0,0.9944672170616516,1.0213511204139853,0.758302954763655,1.6387408835243924,0.6912600438856693,4,1,APSS,0,0,1,0.68069911299624,0,1,0,0,0,0,1,1,science,4,0,safe,medium,critical,0.9503849712240509,1.7197086770212149,2,0,43,26,18,0,59.191497788297866,43.65470695048727,14.698168449743987,67.76590257666774,44.40658380679856,57.863343116693876,1948,0,0,0,0,0,2,0
2021-10-13,2021-10-06 17:47,1640,2021,12,28,114,3,23,-62.585815192509585,-40.684992839797665,-60.49870322533746,17.921723141121745,17.65108287827292,34.96345217315158,3.1959097120624587,19,1,9,activity_994,281.07969587111563,surface_operations,1.64,0.6929281356768515,18,2,1,4,1,0,0,0,0,0,0.9567589893642019,1.3229353542980222,0.8888370923527215,1.4547829103209533,1.7630599585730522,0,1,IDA,0,0,0,0.5004257905170166,0,6,0,0,0,0,0,0,routine,3,0,safe,high,critical,0.4917560809655044,0.5976998218878998,4,2,5,28,3,0,20.867827218001267,82.3929618150171,64.4126430229102,89.3529655869378,0.6243653519515502,40.11564532405959,1640,0,0,0,0,0,4,1
2021-05-10,2021-03-27 17:50,1348,2021,5,5,80,3,17,-47.416163035738215,-36.13502906893898,-58.88380788586325,13.0634836782534,6.412283164903608,6.972020615444545,0.9560046904687431,9,1,3,activity_995,113.2938511871454,extended_mission,1.348,0.47397668778422075,40,3,0,5,0,0,1,0,0,0,0.9507804949776029,0.33398126296465847,1.3946662012475588,0.6910623346512925,2.966866904751039,2,0,SEIS,1,0,0,0.01632519766810081,1,2,0,1,0,0,0,0,maintenance,4,0,nominal,high,limited,0.5787736248525812,0.7958885151260459,7,29,78,36,8,3,22.37836439000277,92.49080678894444,63.70562721639433,80.74167449922086,22.55174333739237,58.87360399413182,1348,0,0,0,0,0,4,0
2021-10-25,2021-03-05 15:10,1994,2021,1,9,261,3,23,-79.81175963753371,-44.19730418472038,-62.69222688123954,6.195439707557897,11.23438250528012,27.006495596990707,4.060162516513958,11,1,4,activity_996,258.11416465409326,extended_mission,1.994,0.600468947664389,37,7,1,4,0,0,0,0,0,1,0.6852668172382446,1.142862250890378,1.2123685108881714,0.34700647748700925,2.526144436986067,1,0,WTS,0,0,1,0.2614377121620939,0,5,0,0,0,0,1,1,maintenance,4,0,safe,medium,nominal,0.9048227821708947,1.056304038375171,7,25,94,43,18,1,45.21708185442338,60.06616768491085,15.60615297786937,43.28543980552912,56.63004668819045,51.02504584736023,1994,0,0,0,0,0,4,1
2021-02-14,2021-06-12 19:20,1754,2021,11,8,357,0,19,-44.64087731489895,-59.43945097492944,-73.50953607887297,10.140882698299542,14.867969730154746,28.762214523639486,3.412296840158242,9,1,5,activity_997,344.6258658291207,extended_mission,1.754,0.5327805241800846,47,7,1,5,0,1,1,0,0,1,0.19188425806261822,0.3951565396491161,1.370783415885449,1.2607772884590531,2.1130857466201194,3,0,WTS,0,1,1,0.43435853329207996,0,5,1,1,0,0,0,0,routine,2,0,nominal,medium,critical,0.5693462114178635,1.72922977023508,0,3,13,35,2,3,18.243962397781065,87.29942755077809,11.861644894055257,64.23302895090008,33.14639827446874,18.79179948337025,1754,0,0,0,0,0,1,1
2021-06-10,2021-06-13 04:59,1360,2021,11,4,131,5,22,-41.327073180566174,-27.610494127723953,-62.04791810118712,5.519638774669312,3.290175750516273,19.647715798512372,0.5134345357507606,6,0,7,activity_998,163.22012687627787,surface_operations,1.36,0.5764875676249399,33,5,0,1,0,0,1,0,1,1,0.23570580641865171,1.9336607202947946,1.2032851897673638,1.4344828311336715,2.19817110616852,4,1,WTS,0,0,0,0.8882684948247364,0,3,0,1,0,0,0,0,science,4,0,safe,low,critical,0.4397223101860304,1.8247399669023336,5,10,1,32,7,3,8.149636534648753,89.81177610964953,46.44439291120225,51.55987170843353,84.01080123747084,58.96581125659273,1360,0,0,0,0,0,4,1
2021-01-27,2021-07-10 05:10,29,2021,7,10,236,4,21,-56.969796236321635,-24.41060825248831,-44.85491002171638,11.64703286883923,10.155454979754353,27.66517465608911,1.1090270790366108,2,0,9,activity_999,83.02497688217701,surface_operations,0.029,0.9714699060403114,9,4,1,4,0,0,0,0,1,0,0.24175232287359305,1.1870522099764245,0.536085949174875,0.5248163616852992,0.9281170087377012,0,0,CAMERA,1,1,1,0.22111679959594777,0,4,1,0,0,1,0,1,science,1,1,degraded,low,critical,0.8397069471793885,1.5100870410306875,1,8,38,30,0,4,0.26370847033859723,31.76008591114934,8.728818124243176,68.13942324114902,21.210866980743493,26.465931522932173,29,71,658,971,271,871,1,1
