date,datetime,sol,year,month,day,day_of_year,weekday,hour,temp_min,temp_max,temp_avg,temp_range,wind_speed_avg,wind_speed_max,wind_speed_std,weather_readings_count,end,look_ahead,activity,solar_longitude_deg,mission_phase,mission_age_factor,phase_progression,activity_word_count,instruction_count,is_multi_part,systems_involved,uses_ida,uses_hp3,uses_seis,uses_apss,uses_camera,uses_wts,complexity_score,seasonal_intensity,orbital_thermal_factor,diurnal_thermal_load,thermal_stress_combined,sol_diff,is_consecutive_sol,primary_instrument,requires_movement,power_intensive,redundancy_active,data_intensity,has_look_ahead,planning_horizon,is_science,is_maintenance,is_deployment,is_recovery,is_thermal,is_communication,primary_activity_type,activity_chain_position,is_recovery_activity,operational_status,criticality,power_status,success_indicator,operational_tempo,sols_since_last_science,sols_since_last_maintenance,sols_since_last_deployment,sols_since_last_recovery,sols_since_last_thermal,sols_since_last_communication,cumulative_ida_usage,cumulative_hp3_usage,cumulative_seis_usage,cumulative_apss_usage,cumulative_camera_usage,cumulative_wts_usage,sols_to_landing,sols_to_deployment_complete,sols_to_primary_mission_end,sols_to_first_extension_end,sols_to_conjunction_1,sols_to_conjunction_2,events_count,has_events
2018-12-13,2018-12-11,16,2018,12,11,347,3,4,178.7337488888889,262.0465977777778,211.93274063313592,83.31284888888888,7.694460807523436,11.18330855855856,2.221089695750592,88,,,"High Resolution Imaging of SEIS and HP3 Deployment Locations, SEIS SP Data Collection, SEIS Tilt Measurement, HP3 Open Cover Radiometer Calibrations, and Start HP3 SSA Monitoring",305.44,Early_Deployment,0.1484200051182733,0.15151515151515152,26,7,0,3,0,1,1,0,1,0,0.5269105691056911,35.44,0.692,0.9330127018922193,0.6456447897094157,1.0,1,HP3,1,0,0,5,0,0,1,1,1,0,0,1,SCIENCE,0,0,1,1,1,0,0.2099651567944251,0,0,0,7,4,0,3,3,2,3,7,1,15,84,671,1358,234,984,1,True
2018-12-14,2018-12-12,17,2018,12,12,348,4,5,179.2383822222222,266.7914,215.43566406366588,87.5530177777778,5.13665195702331,7.775539999999999,1.3856410600599032,97,,,Runout,306.04,Early_Deployment,0.15700374880966478,0.16161616161616163,1,1,0,0,0,0,0,0,0,0,0.03398373983739837,36.04000000000002,0.6886666666666665,0.9829629131445341,0.6769337928522023,1.0,1,UNKNOWN,0,0,0,0,0,0,0,0,0,0,0,0,OTHER,0,0,1,1,1,0,0.18178861788617887,1,1,1,6,3,1,3,3,2,3,7,1,16,83,670,1357,233,983,1,True
2018-12-15,2018-12-13,18,2018,12,13,349,5,6,179.94050666666666,263.7712577777778,215.4535882264861,83.83075111111114,6.805472826061816,10.395,1.5718400649144857,97,,,Below Deck Imaging of All Footpads and Grapple Unstow,306.65,Early_Deployment,0.16551443847757338,0.1717171717171717,9,2,0,2,1,0,0,0,1,0,0.2191869918699187,36.64999999999998,0.6852777777777779,1.0,0.6852777777777779,1.0,1,IDA,1,0,0,1,0,0,1,0,1,0,0,0,SCIENCE,0,0,1,1,1,0,0.20824622531939604,0,2,0,5,2,2,4,3,2,3,8,1,17,82,669,1356,232,982,1,True
2018-12-16,2018-12-14,19,2018,12,14,350,6,6,180.11681333333334,266.02855654101995,215.78600304255602,85.91174320768661,6.085785891302919,8.49018,1.1168658584348925,97,,,Runout,307.25,Early_Deployment,0.17395330712343804,0.18181818181818182,1,1,0,0,0,0,0,0,0,0,0.03398373983739837,37.25,0.6819444444444445,1.0,0.6819444444444445,1.0,1,UNKNOWN,0,0,0,0,0,0,0,0,0,0,0,0,OTHER,0,0,1,1,1,0,0.20005807200929152,1,3,1,4,1,1,4,3,2,3,8,1,18,81,668,1355,231,981,1,True
2018-12-17,2018-12-15,20,2018,12,15,351,0,7,181.29684666666668,265.4472977777777,216.07659284958558,84.15045111111101,6.758548167241122,9.53324888888889,1.5544434017751017,97,,,"SEIS Capture with Grapple, Acquire SEIS Data, Update TWINS Heater Setpoints, and Imaging",307.86,Early_Deployment,0.18232155679395465,0.1919191919191919,13,5,0,3,1,0,1,0,1,0,0.3784552845528455,37.860000000000014,0.6785555555555555,0.9829629131445341,0.6669949456192965,1.0,1,SEIS,1,0,0,2,0,0,1,0,1,0,1,1,SCIENCE,0,0,1,1,0,0,0.2492682926829268,0,4,0,3,0,0,5,3,3,3,9,1,19,80,667,1354,230,980,1,True
2018-12-18,2018-12-16,21,2018,12,16,352,1,8,180.20264666666668,262.16177555555555,214.25361365316166,81.95912888888887,7.778230356244393,12.03523777777778,2.063144809696512,97,,,Runout,308.46,Early_Deployment,0.19062035960864973,0.20202020202020202,1,1,0,0,0,0,0,0,0,0,0.03398373983739837,38.45999999999998,0.6752222222222224,0.9330127018922194,0.6299909099332243,1.0,1,UNKNOWN,0,0,0,0,0,0,0,0,0,0,0,0,OTHER,0,0,1,1,1,0,0.18006968641114982,1,3,1,2,1,1,5,3,3,3,9,1,20,79,666,1353,229,979,1,True
2018-12-19,2018-12-17,22,2018,12,17,353,2,8,180.04731555555557,266.78619555555554,216.50714239584013,86.73887999999997,5.771697621810018,8.245226666666666,1.5733928882144226,97,,,SEIS Deployment,309.06,Early_Deployment,0.1988508587451652,0.21212121212121213,2,1,0,1,0,0,1,0,0,0,0.09130081300813009,39.06,0.6718888888888889,0.9330127018922194,0.6268808675935834,1.0,1,SEIS,1,0,0,0,0,0,0,0,1,0,0,0,DEPLOYMENT,0,0,1,1,1,0,0.18825783972125434,1,2,0,1,2,2,5,3,4,3,9,1,21,78,665,1352,228,978,1,True
2018-12-20,2018-12-18,23,2018,12,18,354,3,9,180.04669623059866,261.2157577777777,215.2927282911743,81.16906154717904,7.819241410893413,12.377577777777775,1.975036512783391,97,,,IDC and ICC Imaging of SEIS; Unsafe HP3,309.66,Early_Deployment,0.20701416938432615,0.2222222222222222,8,3,0,3,0,1,1,0,1,0,0.2885365853658537,39.660000000000025,0.6685555555555553,0.8535533905932737,0.570647861244414,1.0,1,CAMERA,0,0,0,1,0,0,1,0,0,1,0,0,SCIENCE,0,0,0,1,1,0,0.15420441347270616,0,1,1,0,3,2,5,4,5,3,10,1,22,77,664,1351,227,977,1,True
2018-12-21,2018-12-19,24,2018,12,19,355,4,10,180.08534666666668,266.8535933333333,211.2928518325742,86.76824666666664,5.923629921642491,8.576125313283207,1.0845733092604164,80,,,Grapple Adjustment; HP3 Checkouts and Calibrations,310.26,Early_Deployment,0.2151113796169455,0.23232323232323232,6,3,0,2,1,1,0,0,0,0,0.22390243902439025,40.25999999999999,0.6652222222222223,0.75,0.4989166666666667,1.0,1,IDA,1,0,0,0,0,0,0,1,1,0,0,0,MAINTENANCE,0,0,1,1,1,0,0.181335656213705,1,0,0,1,4,1,6,5,5,3,10,1,23,76,663,1350,226,976,1,True
2018-12-22,2018-12-20,25,2018,12,20,356,5,10,179.9431622222222,262.1903311111111,216.09539325397077,82.2471688888889,,,,97,,,"Release SEIS Grapple, HP3 Tilt Measurements, SEIS Collect SP Data and Tilt Measurements, and IDC and ICC Imaging",310.86,Early_Deployment,0.22314355131420976,0.24242424242424243,18,7,0,4,1,1,1,0,1,0,0.5183739837398373,40.860000000000014,0.6618888888888887,0.75,0.49641666666666656,1.0,1,SEIS,1,0,0,4,0,0,1,0,1,0,0,1,SCIENCE,0,0,1,1,1,0,0.2240766550522648,0,1,0,2,5,0,7,6,6,3,11,1,24,75,662,1349,225,975,1,True
2018-12-23,2018-12-21,26,2018,12,21,357,6,11,179.50876888888888,261.3762222222222,214.75659659472103,81.86745333333334,7.50461751922855,11.724083333333333,2.070241257783419,97,,,SEIS and Tether Imaging; Tau Imaging,311.46,Early_Deployment,0.23111172096338664,0.25252525252525254,6,3,0,2,0,0,1,0,1,0,0.22390243902439025,41.45999999999998,0.6585555555555557,0.6294095225512605,0.4145011377957024,1.0,1,CAMERA,0,0,0,2,0,0,1,0,0,0,0,0,SCIENCE,0,0,1,1,1,0,0.25120789779326363,0,2,1,3,6,1,7,6,7,3,12,1,25,74,661,1348,224,974,1,True
2018-12-24,2018-12-22,27,2018,12,22,358,0,12,179.6561111111111,267.4449577777778,217.1540983636188,87.7888466666667,4.81370618382026,7.448191536748329,1.4209049185191815,97,,,Runout,312.05,Early_Deployment,0.23901690047049992,0.26262626262626265,1,1,0,0,0,0,0,0,0,0,0.03398373983739837,42.05000000000001,0.6552777777777777,0.5000000000000001,0.3276388888888889,1.0,1,UNKNOWN,0,0,0,0,0,0,0,0,0,0,0,0,OTHER,0,0,1,1,1,0,0.20199767711962835,1,3,2,4,7,2,7,6,7,3,12,1,26,73,660,1347,223,973,1,True
2018-12-25,2018-12-23,28,2018,12,23,359,1,12,179.59352666666666,260.5663044444444,214.8911845225647,80.97277777777776,7.650315447284154,12.021659242761691,1.7725359513824077,97,,,Runout,312.65,Early_Deployment,0.2468600779315258,0.2727272727272727,1,1,0,0,0,0,0,0,0,0,0.03398373983739837,42.64999999999998,0.6519444444444445,0.5000000000000001,0.32597222222222233,1.0,1,UNKNOWN,0,0,0,0,0,0,0,0,0,0,0,0,OTHER,0,0,1,1,1,0,0.20199767711962835,2,4,3,4,8,2,7,6,7,3,12,1,27,72,659,1346,222,972,1,True
2018-12-26,2018-12-24,29,2018,12,24,360,2,13,178.78048222222222,266.67794000000004,216.20234452137993,87.89745777777782,5.638322969738301,8.609227171492206,1.344236017225292,97,,,Runout,313.25,Early_Deployment,0.2546422183735807,0.2828282828282828,1,1,0,0,0,0,0,0,0,0,0.03398373983739837,43.25,0.6486111111111111,0.37059047744873963,0.24036910134522418,1.0,1,UNKNOWN,0,0,0,0,0,0,0,0,0,0,0,0,OTHER,0,0,1,1,1,0,0.19380952380952382,1,5,4,3,9,1,7,6,7,3,12,1,28,71,658,1345,221,971,1,True
2018-12-27,2018-12-25,30,2018,12,25,361,3,14,179.95515333333333,261.8468422222222,215.52210994961476,81.8916888888889,7.068489122749668,11.262562222222222,2.1264326199959154,96,,,"SEIS Leveling, Acquire SEIS Data, and Imaging",313.84,Early_Deployment,0.262364264467491,0.29292929292929293,7,4,0,2,0,0,1,0,1,0,0.2578861788617886,43.839999999999975,0.6453333333333335,0.2500000000000001,0.16133333333333347,1.0,1,SEIS,0,0,0,2,0,0,1,0,0,0,0,1,SCIENCE,0,0,1,1,1,0,0.18943089430894305,0,6,5,2,9,0,7,6,8,3,13,1,29,70,657,1344,220,970,1,True
2018-12-28,2018-12-26,31,2018,12,26,362,4,14,179.73154888888888,264.8684688888889,215.23770381703375,85.13692000000003,7.292168649455048,13.80816888888889,2.168928247214506,97,,,Runout,314.43,Early_Deployment,0.27002713721306015,0.30303030303030304,1,1,0,0,0,0,0,0,0,0,0.03398373983739837,44.43000000000001,0.6420555555555555,0.2500000000000001,0.16051388888888896,1.0,1,UNKNOWN,0,0,0,0,0,0,0,0,0,0,0,0,OTHER,0,0,1,1,1,0,0.16229965156794424,1,7,6,1,8,1,7,6,8,3,13,1,30,69,656,1343,219,969,1,True
2018-12-29,2018-12-27,32,2018,12,27,363,5,15,183.017670886076,201.0490111111111,192.35588808749017,18.03134022503511,6.264836706387111,6.92002,0.37169557256502006,26,,,"Unsafe IDA and PAE, SEIS Collect SP Data and Tilt Measurements, and SEIS Stereo Imaging",315.02,Early_Deployment,0.2776317365982795,0.31313131313131315,15,6,0,3,1,0,1,0,1,0,0.41975609756097565,44.98000000000002,0.6387777777777779,0.14644660940672644,0.09354683971991894,1.0,1,SEIS,0,0,0,3,0,0,1,0,0,1,0,1,SCIENCE,0,0,0,1,1,0,0.14821138211382115,0,8,7,0,7,0,8,6,9,3,14,1,31,68,655,1342,218,968,1,True
2018-12-31,2018-12-29,34,2018,12,29,365,0,16,197.823125,267.11830000000003,237.6632603249476,69.29517500000003,4.7843202264362255,8.65538888888889,1.4897217325941627,53,,,Runout,316.21,Early_Deployment,0.29266961396282,0.3333333333333333,1,1,0,0,0,0,0,0,0,0,0.03398373983739837,43.79000000000002,0.6321666666666668,0.06698729810778076,0.04234713695380207,1.0,1,UNKNOWN,0,0,0,0,0,0,0,0,0,0,0,0,OTHER,0,0,1,1,1,0,0.12108013937282229,1,10,6,2,5,1,8,6,9,3,14,1,33,66,653,1340,216,966,1,True
2019-01-01,2018-12-30,35,2018,12,30,1,1,17,180.0672111111111,259.8118,214.5648351360381,79.7445888888889,7.908646435715149,12.54588888888889,1.9551023494859425,97,,,"SEIS VBB Recentering and Data Collection, IDS Stereo Imaging of SEIS After Leveling, Sundial Imaging, and Grapple Localization",316.79,Early_Deployment,0.3001045924503381,0.3434343434343434,18,6,0,3,1,0,1,0,1,0,0.4417073170731708,43.20999999999998,0.6289444444444443,0.017037086855465844,0.01071538112726271,1.0,1,SEIS,0,0,0,4,0,0,1,0,0,0,0,1,SCIENCE,0,0,1,1,1,0,0.17932636469221835,0,11,5,3,4,0,9,6,10,3,15,1,34,65,652,1339,215,965,1,True
2019-01-02,2018-12-31,36,2018,12,31,2,2,18,179.94882222222222,265.4601222222222,215.30449391624813,85.51129999999998,7.220948185876755,10.485422222222224,1.6866355605890693,97,,,Runout,317.38,Early_Deployment,0.3074846997479606,0.35353535353535354,1,1,0,0,0,0,0,0,0,0,0.03398373983739837,42.620000000000005,0.6256666666666667,0.0,0.0,1.0,1,UNKNOWN,0,0,0,0,0,0,0,0,0,0,0,0,OTHER,0,0,1,1,1,0,0.17932636469221835,1,12,4,4,3,1,9,6,10,3,15,1,35,64,651,1338,214,964,1,True
2019-01-03,2019-01-01,37,2019,1,1,3,3,18,180.48404444444444,264.7694,216.67329649815142,84.28535555555558,5.723012850200816,8.466633333333332,1.5622762606968974,97,,,Open SEIS Tether Storage Box,317.97,Early_Deployment,0.31481073984003355,0.36363636363636365,5,1,0,1,0,0,1,0,0,0,0.1132520325203252,42.02999999999997,0.6223888888888887,0.0,0.0,1.0,1,SEIS,0,0,0,0,0,0,0,0,0,0,0,0,OTHER,0,0,1,1,1,0,0.15866434378629504,1,13,3,5,2,2,9,6,11,3,15,1,36,63,650,1337,213,963,1,True
2019-01-04,2019-01-02,38,2019,1,2,4,4,19,180.23857777777772,265.9283111111111,216.24399046825647,85.68973333333338,5.679132896573595,9.906377777777776,1.769268615130614,97,,,"SEIS Tether Assessment, LSA Imaging, and Stow SEIS VBB",318.56,Early_Deployment,0.3220834991691133,0.37373737373737376,9,4,0,2,0,0,1,0,1,0,0.27252032520325203,41.44,0.6191111111111112,0.01703708685546579,0.010547849773183932,1.0,1,SEIS,1,0,0,1,0,0,1,0,0,0,0,0,SCIENCE,0,0,1,1,1,0,0.19274099883855983,0,14,2,6,1,3,9,6,12,3,16,1,37,62,649,1336,212,962,1,True
2019-01-05,2019-01-03,39,2019,1,3,5,5,20,181.3164333333333,267.0068444444445,213.67838612910603,85.69041111111119,5.264109926411424,8.885822222222222,1.5394934362950203,91,,,IDA Temperature Monitoring and HP3 Radiometer Shadow Measurements,319.14,Early_Deployment,0.3293037471426004,0.3838383838383838,8,2,0,3,1,1,0,1,0,0,0.26186991869918697,40.860000000000014,0.6158888888888889,0.0669872981077807,0.04125673260126983,1.0,1,HP3,0,0,0,2,0,0,0,0,0,0,1,0,THERMAL,0,0,1,1,0,0,0.17018583042973284,1,15,1,7,0,4,10,7,12,4,16,1,38,61,648,1335,211,961,1,True
2019-01-06,2019-01-04,40,2019,1,4,6,6,20,180.6949111111111,261.31291111111113,214.20083073992564,80.61800000000002,7.769031362546449,12.122877777777775,1.8175523904118482,97,,,Load Shunt Assembly (LSA) Release and Imaging,319.73,Early_Deployment,0.33647223662121295,0.3939393939393939,7,2,0,1,0,0,0,0,1,0,0.15455284552845527,40.26999999999998,0.612611111111111,0.0669872981077807,0.041037163124138756,1.0,1,CAMERA,1,0,0,1,0,0,1,0,1,0,0,0,SCIENCE,0,0,1,1,1,0,0.18740998838559814,0,16,0,8,1,5,10,7,12,4,17,1,39,60,647,1334,210,960,1,True
2019-01-07,2019-01-05,41,2019,1,5,7,0,21,181.45815555555555,264.93294444444444,214.70859996189975,83.4747888888889,6.446931347217089,9.329766666666666,1.3586195604096911,97,,,Runout; Imaging of LSA and Pinning Mass,320.31,Early_Deployment,0.3435897043900769,0.40404040404040403,7,3,0,1,0,0,0,0,1,0,0.18121951219512195,39.69,0.6093888888888889,0.14644660940672616,0.08924293658790995,1.0,1,CAMERA,0,0,0,1,0,0,1,0,0,0,0,0,SCIENCE,0,0,1,1,1,0,0.20844367015098722,0,15,1,9,2,4,10,7,12,4,18,1,40,59,646,1333,209,959,1,True
2019-01-08,2019-01-06,42,2019,1,6,8,1,22,180.7795888888889,264.8616333333333,215.19839922450947,84.08204444444442,5.927422287068488,9.73442222222222,1.8917426990227608,97,,,Imaging of Pinning Mass and SEIS VBB Recentering; Attempted Grapple Stow,320.89,Early_Deployment,0.3506568716131694,0.41414141414141414,11,3,0,3,1,0,1,0,1,0,0.31048780487804883,39.110000000000014,0.6061666666666667,0.24999999999999978,0.15154166666666655,1.0,1,SEIS,1,0,0,1,0,0,1,0,0,0,0,0,SCIENCE,0,0,1,1,1,0,0.18969802555168405,0,14,2,10,3,3,11,7,13,4,19,1,41,58,645,1332,208,958,1,True
2019-01-09,2019-01-07,43,2019,1,7,9,2,22,180.97943333333333,269.9004555555556,215.65773096329022,88.92102222222226,5.617036719232371,9.53651111111111,1.6649042838496149,97,,,Runout,321.47,Early_Deployment,0.35767444427181594,0.42424242424242425,1,1,0,0,0,0,0,0,0,0,0.03398373983739837,38.52999999999997,0.6029444444444443,0.24999999999999978,0.15073611111111093,1.0,1,UNKNOWN,0,0,0,0,0,0,0,0,0,0,0,0,OTHER,0,0,1,1,1,0,0.18969802555168408,1,13,3,11,4,2,11,7,13,4,19,1,42,57,644,1331,207,957,1,True
2019-01-10,2019-01-08,44,2019,1,8,10,3,23,181.28516666666667,269.54404444444447,216.2963882772776,88.2588777777778,4.824126179572808,7.742277777777777,1.266098227938561,97,,,"Stereo Imaging of SEIS, LSA, and Pinning Mass, HP3 Tilt Measurements, and SEIS Level Low; Attempted Grapple Stow",322.05,Early_Deployment,0.3646431135879093,0.43434343434343436,18,8,0,4,1,1,1,0,1,0,0.5450406504065041,37.94999999999999,0.5997222222222222,0.3705904774487392,0.22225134466995217,1.0,1,SEIS,1,0,0,2,0,0,1,0,0,0,0,0,SCIENCE,0,0,1,1,1,0,0.2513821138211382,0,12,4,12,5,1,12,8,14,4,20,1,43,56,643,1330,206,956,1,True
2019-01-12,2019-01-09,45,2019,1,9,12,5,0,182.6395666666667,269.4659888888889,216.94670130919246,86.82642222222219,5.041807753271067,9.428688888888887,1.7695009520271148,97,,,Runout; SEIS VBB/SP Data Acquisition,322.63,Early_Deployment,0.37156355643248307,0.4444444444444444,5,2,0,1,0,0,1,0,0,0,0.13991869918699187,37.370000000000005,0.5965,0.5,0.29825,1.0,1,SEIS,0,0,0,2,0,0,0,0,0,0,0,1,COMMUNICATION,0,0,1,1,1,0,0.2324390243902439,1,11,5,13,6,0,12,8,15,4,20,1,44,55,642,1329,205,955,1,True
2019-01-13,2019-01-10,46,2019,1,10,13,6,0,183.82003333333333,270.98743333333334,217.14105526387561,87.16740000000001,4.323732549261119,7.126924242424242,1.0885325231296208,97,,,SEIS and HP3 Activities; Attempted Grapple Stow,323.21,Early_Deployment,0.3784364357202451,0.45454545454545453,7,3,0,3,1,1,1,0,0,0,0.281219512195122,36.79000000000002,0.5932777777777779,0.5,0.29663888888888895,1.0,1,IDA,1,0,0,0,0,0,0,0,0,0,0,0,OTHER,0,0,1,1,1,0,0.23520325203252032,2,10,6,14,7,1,13,9,16,4,20,1,45,54,641,1328,204,954,1,True
2019-01-14,2019-01-11,47,2019,1,11,14,0,1,183.6989333333333,268.2111888888889,217.57155037758366,84.51225555555561,4.50753552594058,8.148063492063491,1.629384371854504,97,,,Runout,323.79,Early_Deployment,0.3852624007906449,0.46464646464646464,1,1,0,0,0,0,0,0,0,0,0.03398373983739837,36.20999999999998,0.5900555555555554,0.6294095225512604,0.37138658550094084,1.0,1,UNKNOWN,0,0,0,0,0,0,0,0,0,0,0,0,OTHER,0,0,1,1,1,0,0.21797909407665506,1,9,7,15,8,2,13,9,16,4,20,1,46,53,640,1327,203,953,1,True
2019-01-15,2019-01-12,48,2019,1,12,15,1,2,183.49148888888888,268.3020222222222,217.88905041370245,84.81053333333332,4.943670414420039,10.74665,2.450073008533931,97,,,Pinning Mass Imaging from Standoff Position and Tau Imaging,324.36,Early_Deployment,0.3920420877760237,0.47474747474747475,9,2,0,1,0,0,0,0,1,0,0.1691869918699187,35.639999999999986,0.5868888888888888,0.75,0.4401666666666666,1.0,1,CAMERA,1,0,0,2,0,0,1,0,0,0,0,0,SCIENCE,0,0,1,1,1,0,0.21626016260162603,0,8,8,16,9,3,13,9,16,4,21,1,47,52,639,1326,202,952,1,True
2019-01-16,2019-01-13,49,2019,1,13,16,2,2,184.09227777777772,267.3966888888889,217.77970525472006,83.30441111111116,4.847060923575996,9.419871794871796,2.0239934953525776,97,,,Runout,324.94,Early_Deployment,0.3987761199573678,0.48484848484848486,1,1,0,0,0,0,0,0,0,0,0.03398373983739837,35.06,0.5836666666666667,0.75,0.43775,1.0,1,UNKNOWN,0,0,0,0,0,0,0,0,0,0,0,0,OTHER,0,0,1,1,1,0,0.17675958188153307,1,7,7,17,10,4,13,9,16,4,21,1,48,51,638,1325,201,951,1,True
2019-01-17,2019-01-14,50,2019,1,14,17,3,3,183.6415444444445,268.56255555555555,218.3367959399262,84.92101111111106,4.558247159762066,8.572036585365854,1.4352012735657818,97,,,Grapple Investigation Activity and Grapple Stow,325.51,Early_Deployment,0.4054651081081644,0.494949494949495,6,2,0,1,1,0,0,0,0,0,0.14723577235772356,34.49000000000001,0.5805,0.8535533905932737,0.49548774323939543,1.0,1,IDA,1,0,0,0,0,0,0,0,0,0,0,0,OTHER,0,0,0,1,1,0,0.19293844367015098,2,6,6,18,11,5,14,9,16,4,21,1,49,50,637,1324,200,950,1,True
2019-01-18,2019-01-15,51,2019,1,15,18,4,4,184.73952222222223,267.51624444444445,218.7391278471617,82.77672222222222,4.510846726340365,7.235089285714286,1.2664116130599679,97,,,Runout,326.08,Early_Deployment,0.412109650826833,0.5050505050505051,1,1,0,0,0,0,0,0,0,0,0.03398373983739837,33.920000000000016,0.5773333333333335,0.9330127018922193,0.5386593332257748,1.0,1,UNKNOWN,0,0,0,0,0,0,0,0,0,0,0,0,OTHER,0,0,1,1,1,0,0.11993031358885017,1,5,5,19,12,5,14,9,16,4,21,1,50,49,636,1323,199,949,1,True
2019-01-19,2019-01-16,52,2019,1,16,19,5,4,186.35333333333327,265.5009,218.20398224377195,79.14756666666673,5.445918563011713,8.940422222222223,1.1731502149737945,97,,,Pinning Mass Imaging from Standoff Position and Tau Imaging,326.65,Early_Deployment,0.41871033485818504,0.5151515151515151,9,2,0,1,0,0,0,0,1,0,0.1691869918699187,33.35000000000002,0.5741666666666667,0.9330127018922193,0.5357047930031159,1.0,1,CAMERA,1,0,0,2,0,0,1,0,0,0,0,0,SCIENCE,0,0,1,1,1,0,0.12411149825783974,0,4,4,20,12,4,14,9,16,4,22,1,51,48,635,1322,198,948,1,True
2019-01-20,2019-01-17,53,2019,1,17,20,6,5,185.86434444444447,262.7718222222222,217.00923823768173,76.90747777777776,5.146695985671352,9.107078651685391,1.549807028178959,97,,,Runout; Saltation Images,327.23,Early_Deployment,0.4252677354043441,0.5252525252525253,3,2,0,0,0,0,0,0,0,0,0.07528455284552846,32.76999999999998,0.5709444444444444,0.9829629131445341,0.5612172143547987,1.0,1,UNKNOWN,0,0,0,0,0,0,0,0,0,0,0,0,OTHER,0,0,1,1,1,0,0.09469221835075493,1,3,3,21,11,3,14,9,16,4,22,1,52,47,634,1321,197,947,1,True
2019-01-21,2019-01-18,54,2019,1,18,21,0,6,186.21726666666663,264.8447333333333,218.41209803937238,78.62746666666666,3.9753066013962,6.7663,1.2000364777030281,97,,,Runout,327.79,Early_Deployment,0.43178241642553783,0.5353535353535354,1,1,0,0,0,0,0,0,0,0,0.03398373983739837,32.20999999999998,0.5678333333333332,1.0,0.5678333333333332,1.0,1,UNKNOWN,0,0,0,0,0,0,0,0,0,0,0,0,OTHER,0,0,1,1,1,0,0.09469221835075495,2,2,2,22,10,2,14,9,16,4,22,1,53,46,633,1320,196,946,1,True
2019-01-22,2019-01-19,55,2019,1,19,22,1,6,185.92311111111115,266.85285555555555,218.7846165775741,80.9297444444444,4.011815997936352,7.725544444444444,1.4881943527072332,97,,,Runout,328.36,Early_Deployment,0.4382549309311553,0.5454545454545454,1,1,0,0,0,0,0,0,0,0,0.03398373983739837,31.639999999999986,0.5646666666666667,1.0,0.5646666666666667,1.0,1,UNKNOWN,0,0,0,0,0,0,0,0,0,0,0,0,OTHER,0,0,1,1,1,0,0.07537746806039489,1,1,1,23,9,1,14,9,16,4,22,1,54,45,632,1319,195,945,1,True
2019-01-23,2019-01-20,56,2019,1,20,23,2,7,185.66337777777773,264.9237111111111,218.64686973913385,79.26033333333339,3.915375460568229,7.844911111111111,1.419592890971093,97,,,"Pinning Mass Adjustment, HP3 Radiometer Calibration, Recenter SEIS VBBs, and SEIS SP and VBB Data Collection",328.93,Early_Deployment,0.44468582126144574,0.5555555555555556,16,6,0,2,0,1,1,0,0,0,0.3770731707317073,31.069999999999993,0.5614999999999999,0.9829629131445341,0.5519336757306558,1.0,1,SEIS,1,0,0,2,0,0,1,1,1,0,0,1,SCIENCE,0,0,1,1,1,0,0.12439024390243902,0,0,0,24,8,0,14,10,17,4,22,1,55,44,631,1318,194,944,1,True
2019-01-24,2019-01-21,57,2019,1,21,24,3,8,185.6101666666667,265.9935111111111,218.8676962067647,80.38334444444442,4.012791687999226,7.453233333333334,1.2933708177699734,97,,,Runout,329.5,Early_Deployment,0.4510756193602166,0.5656565656565656,1,1,0,0,0,0,0,0,0,0,0.03398373983739837,30.5,0.5583333333333333,0.9330127018922194,0.5209320918898225,1.0,1,UNKNOWN,0,0,0,0,0,0,0,0,0,0,0,0,OTHER,0,0,1,1,1,0,0.10821138211382113,1,1,1,25,7,1,14,10,17,4,22,1,56,43,630,1317,193,943,1,True
2019-01-25,2019-01-22,58,2019,1,22,25,4,8,185.3402555555556,264.19014444444446,218.42702080675272,78.84988888888887,4.495374694847921,7.941355555555555,1.2877450116482987,97,,,"Tau Imaging, HP3 Tilt Measurement, HP3 Radiometer Hourly Mode, SEIS Tilt, SEIS SP and VBB Data Collection, Calibration Target Imaging, and Stereo Imaging of the HP3 Placement Site",330.07,Early_Deployment,0.4574248470388754,0.5757575757575758,28,9,0,3,0,1,1,0,1,0,0.5948780487804878,29.930000000000007,0.5551666666666667,0.9330127018922194,0.5179775516671639,1.0,1,SEIS,0,0,0,6,0,0,1,1,0,0,0,1,SCIENCE,0,0,1,1,1,0,0.18833914053426248,0,0,1,26,6,0,14,11,18,4,23,1,57,42,629,1316,192,942,1,True
2019-01-26,2019-01-23,59,2019,1,23,26,5,9,185.37816666666663,264.51824444444446,218.58255203375825,79.14007777777783,4.25278691898981,7.460422222222222,1.3101514350567791,97,,,Pinning Mass Adjustment #2 and HP3 Engineering Tether Preheat Test,330.63,Early_Deployment,0.4637340162321401,0.5858585858585859,10,2,0,1,0,1,0,0,0,0,0.1765040650406504,29.370000000000005,0.5520555555555555,0.8535533905932737,0.4712088912402978,1.0,1,HP3,1,0,0,0,0,0,0,0,1,0,0,0,DEPLOYMENT,0,0,1,1,1,0,0.18938443670150987,1,1,0,27,5,1,14,12,18,4,23,1,58,41,628,1315,191,941,1,True
2019-01-27,2019-01-24,60,2019,1,24,27,6,9,185.0815333333333,264.2640333333333,218.36716468726547,79.1825,4.7642546627335065,8.170033333333333,1.378636385096475,97,,,Runout,331.19,Early_Deployment,0.4700036292457356,0.5959595959595959,1,1,0,0,0,0,0,0,0,0,0.03398373983739837,28.810000000000002,0.5489444444444445,0.8535533905932737,0.46855339180289657,1.0,1,UNKNOWN,0,0,0,0,0,0,0,0,0,0,0,0,OTHER,0,0,1,1,1,0,0.18348432055749125,2,1,1,28,4,2,14,12,18,4,23,1,59,40,627,1314,190,940,1,True
2019-01-28,2019-01-25,61,2019,1,25,28,0,10,185.16936666666663,263.0630888888889,217.7565098153245,77.89372222222227,5.504411259863397,9.165155555555556,1.4465652420660908,97,,,Pinning Mass Adjustment #3 and HP3 Radiometer Calibration,331.76,Early_Deployment,0.4762341789963716,0.6060606060606061,8,2,0,1,0,1,0,0,0,0,0.161869918699187,28.24000000000001,0.5457777777777778,0.75,0.4093333333333333,1.0,1,HP3,1,0,0,0,0,0,0,1,1,0,0,0,MAINTENANCE,0,0,1,1,1,0,0.20175377468060393,1,0,0,29,3,1,14,13,18,4,23,1,60,39,626,1313,189,939,1,True
2019-01-29,2019-01-26,62,2019,1,26,29,1,11,184.78685555555555,263.7881555555556,217.9398920444008,79.00130000000004,5.124925031759925,8.242233333333333,1.1793148485994434,97,,,"LSA Imaging, SEIS Stereo Imaging, WTS Site Imaging, SEIS SP/VBB Data Collection, HP3 Rad Hourly, and Grapple Unstow",332.32,Early_Deployment,0.4824261492442927,0.6161616161616161,18,7,0,5,1,1,1,0,1,1,0.5683739837398374,27.680000000000007,0.5426666666666666,0.6294095225512605,0.3415595675711507,1.0,1,SEIS,1,0,0,5,0,0,1,0,1,0,0,1,SCIENCE,0,0,1,1,1,0,0.27809523809523806,0,1,0,30,2,0,15,14,19,4,24,2,61,38,625,1312,188,938,1,True
2019-01-30,2019-01-27,63,2019,1,27,30,2,11,184.36952222222223,264.2129111111111,217.9763010669993,79.84338888888888,4.735421722342378,8.453155555555556,1.1570600274547742,97,,,WTS Teach Point,332.88,Early_Deployment,0.48858001481867097,0.6262626262626263,3,1,0,1,0,0,0,0,0,1,0.09861788617886177,27.120000000000005,0.5395555555555556,0.6294095225512605,0.3396014046121023,1.0,1,WTS,0,0,0,0,0,0,0,0,0,0,0,0,OTHER,0,0,1,1,1,0,0.23831591173054584,1,2,1,31,1,1,15,14,19,4,24,3,62,37,624,1311,187,937,1,True
2019-01-31,2019-01-28,64,2019,1,28,31,3,12,185.00976666666668,264.7943,218.3655783289555,79.78453333333334,4.553253154483345,7.371888888888889,1.0224445362221535,97,,,Arm Motor Temperature Monitoring; Collect Event Data,333.44,Early_Deployment,0.49469624183610705,0.6363636363636364,7,2,0,2,1,0,0,1,0,0,0.20455284552845526,26.560000000000002,0.5364444444444445,0.5000000000000001,0.2682222222222223,1.0,1,IDA,0,1,0,2,0,0,0,0,0,0,1,1,THERMAL,0,0,1,1,0,0,0.26268292682926825,2,3,1,32,0,0,16,14,19,5,24,3,63,36,623,1310,186,936,1,True
2019-02-01,2019-01-29,65,2019,1,29,32,4,13,184.8520444444445,265.9330111111111,218.4103157101733,81.08096666666663,4.571574167518363,7.242477777777777,1.0397463978567714,97,,,WTS Capture,334.0,Early_Deployment,0.5007752879124893,0.6464646464646465,2,1,0,1,0,0,0,0,0,1,0.09130081300813009,26.0,0.5333333333333333,0.37059047744873963,0.1976482546393278,1.0,1,WTS,1,0,0,0,0,0,0,0,1,0,0,0,DEPLOYMENT,0,0,1,1,1,0,0.19074332171893146,2,4,0,33,1,1,16,14,19,5,24,4,64,35,622,1309,185,935,1,True
2019-02-02,2019-01-30,66,2019,1,30,33,5,13,184.3643777777778,266.17015555555554,218.6324227313833,81.80577777777773,4.382727442250987,7.131144444444445,1.0596168740333347,97,,,WTS Deploy,334.56,Early_Deployment,0.5068176023684519,0.6565656565656566,2,1,0,1,0,0,0,0,0,1,0.09130081300813009,25.439999999999998,0.5302222222222222,0.37059047744873963,0.19649530648726504,1.0,1,WTS,1,0,0,0,0,0,0,0,1,0,0,0,DEPLOYMENT,0,0,1,1,1,0,0.17857142857142858,1,5,0,34,2,1,16,14,19,5,24,5,65,34,621,1308,184,934,1,True
2019-02-03,2019-01-31,67,2019,1,31,34,6,14,184.46978888888887,267.50772222222224,218.6437942515432,83.03793333333337,4.2752145442799145,6.672977777777778,1.0013314171414538,96,69.0,,"WTS Grapple Adjustment, WTS Imaging, SEIS Tilt Measurements, VBB Recentering, SP and VBB Data Collection, HP3 Radiometer Measurements, and APSS Data Collection",335.11,Early_Deployment,0.5128236264286639,0.6666666666666666,22,9,0,6,1,1,1,1,1,1,0.7009756097560975,24.889999999999986,0.5271666666666666,0.2500000000000001,0.1317916666666667,1.0,1,SEIS,1,0,0,7,0,0,1,0,1,0,0,1,SCIENCE,0,0,1,1,1,0,0.27385598141695705,0,4,0,35,3,0,17,15,20,6,25,6,66,33,620,1307,183,933,1,True
,2019-02-01,68,2019,2,1,,,,184.19864444444443,265.89264444444444,217.95524015566718,81.69400000000002,4.534653211426476,6.572444444444444,1.0046742744344428,97,,,,,Early_Deployment_Weather_Only,0.5187937934151675,0.6767676767676768,0,0,0,0,0,0,0,0,0,0,0.0,,,,,,0,NONE,,,,,,,0,0,0,0,0,0,NO_ACTIVITY,,0,1,1,1,1,0.0,,,,,,,,,,,,,,,,,,,0,False
,2019-02-02,69,2019,2,2,,,,184.42402222222225,267.06671111111115,217.04201884438274,82.6426888888889,4.794782589802561,6.9585,0.8895222953265992,89,,,,,Early_Deployment_Weather_Only,0.5247285289349821,0.6868686868686869,0,0,0,0,0,0,0,0,0,0,0.0,,,,,,0,NONE,,,,,,,0,0,0,0,0,0,NO_ACTIVITY,,0,1,1,1,1,0.0,,,,,,,,,,,,,,,,,,,0,False
2019-02-06,2019-02-03,70,2019,2,3,37,2,16,184.1804111111111,267.0594333333333,217.9721415131146,82.87902222222218,4.6520924718908505,6.664011111111111,0.8906458486046543,97,,,WTS Release,336.78,Early_Deployment,0.5306282510621704,0.696969696969697,2,1,0,1,0,0,0,0,0,1,0.09130081300813009,23.220000000000027,0.5178888888888891,0.06698729810778076,0.03469197738670736,3.0,0,WTS,1,0,0,0,0,0,0,0,1,0,0,0,DEPLOYMENT,0,0,1,1,1,0,0.2637746806039489,1,1,0,38,6,3,17,15,20,6,25,7,69,30,617,1304,180,930,1,True
2019-02-07,2019-02-04,71,2019,2,4,38,3,17,183.8269,264.69763333333333,217.0683504669618,80.87073333333333,5.229684540562561,7.229954545454546,0.8852178065922743,97,,,"Tau, Deck Imaging, WTS Mosaic, and HP3 Checkout",337.33,Early_Deployment,0.5364933705145685,0.7070707070707071,8,5,0,3,0,1,0,0,1,1,0.341869918699187,22.670000000000016,0.5148333333333335,0.017037086855465844,0.008771260216089,1.0,1,CAMERA,0,0,0,1,0,0,1,1,0,0,0,0,SCIENCE,0,0,1,1,1,0,0.2314169570267131,0,0,1,39,7,4,17,16,20,6,26,8,70,29,616,1303,179,929,1,True
2019-02-08,2019-02-05,72,2019,2,5,39,4,17,183.74796666666663,265.8540777777778,217.29600339888862,82.10611111111115,5.20683254443026,8.309477777777778,1.154266686877692,97,,,Runout,337.88,Early_Deployment,0.5423242908253617,0.7171717171717171,1,1,0,0,0,0,0,0,0,0,0.03398373983739837,22.120000000000005,0.5117777777777778,0.017037086855465844,0.008719202450697298,1.0,1,UNKNOWN,0,0,0,0,0,0,0,0,0,0,0,0,OTHER,0,0,1,1,1,0,0.2221835075493612,1,1,2,40,8,5,17,16,20,6,26,8,71,28,615,1302,178,928,1,True
2019-02-09,2019-02-06,73,2019,2,6,40,5,18,183.41644444444444,265.7068777777778,217.367044063983,82.29043333333334,4.35117645436349,6.261922222222222,0.9660086464650717,97,,,Position Grapple Over HP3 Teach Point,338.43,Early_Deployment,0.5481214085096876,0.7272727272727273,6,1,0,2,1,1,0,0,0,0,0.1705691056910569,21.569999999999993,0.5087222222222222,0.0,0.0,1.0,1,IDA,1,0,0,0,0,0,0,0,0,0,0,0,OTHER,0,0,1,1,1,0,0.21732868757258997,2,2,1,41,9,6,18,17,20,6,26,8,72,27,614,1301,177,927,1,True
2019-02-10,2019-02-07,74,2019,2,7,41,6,19,183.92642222222224,269.70264444444445,218.4529837003097,85.7762222222222,3.9517761821854958,5.937911111111111,1.0237402459010825,97,,,"HP3 Capture, SEIS Commissioning Activities, and HP3 Tilt Measurement",338.98,Early_Deployment,0.5538851132264376,0.7373737373737373,9,4,0,2,0,1,1,0,0,0,0.27252032520325203,21.019999999999982,0.5056666666666665,0.01703708685546579,0.008615086919913863,1.0,1,HP3,1,0,0,1,0,0,0,0,1,0,0,0,DEPLOYMENT,0,0,1,1,1,0,0.24321718931475028,3,3,0,42,10,7,18,18,21,6,26,8,73,26,613,1300,176,926,1,True
2019-02-11,2019-02-08,75,2019,2,8,42,0,19,184.1678222222222,267.6407888888889,217.9596814088827,83.47296666666668,4.3105497735487255,6.282677777777778,1.1430498106811198,97,,,Runout,339.53,Early_Deployment,0.5596157879354227,0.7474747474747475,1,1,0,0,0,0,0,0,0,0,0.03398373983739837,20.470000000000027,0.5026111111111113,0.01703708685546579,0.00856302915452217,1.0,1,UNKNOWN,0,0,0,0,0,0,0,0,0,0,0,0,OTHER,0,0,1,1,1,0,0.23502903600464572,4,2,1,42,11,8,18,18,21,6,26,8,74,25,612,1299,175,925,1,True
2019-02-12,2019-02-09,76,2019,2,9,43,1,20,183.33396666666667,265.988,216.7808370107556,82.65403333333333,4.3951586016135895,6.768633333333334,1.2816406387983754,97,,,HP3 Deployment,340.08,Early_Deployment,0.5653138090500605,0.7575757575757576,2,1,0,1,0,1,0,0,0,0,0.09130081300813009,19.920000000000016,0.49955555555555564,0.0669872981077807,0.03346387692139801,1.0,1,HP3,1,0,0,0,0,0,0,0,1,0,0,0,DEPLOYMENT,0,0,1,1,1,0,0.1479326364692218,5,1,0,41,12,9,18,19,21,6,26,8,75,24,611,1298,174,924,1,True
2019-02-13,2019-02-10,77,2019,2,10,44,2,21,183.08332222222225,264.2808777777778,215.74104175622392,81.19755555555554,5.042484990270232,7.650977777777777,1.148918619533064,97,,,HP3 Checkout and SEIS Commissioning,340.63,Early_Deployment,0.5709795465857378,0.7676767676767676,5,2,0,2,0,1,1,0,0,0,0.18991869918699186,19.370000000000005,0.49650000000000005,0.14644660940672616,0.07271074157043955,1.0,1,HP3,0,0,0,0,0,0,0,1,0,0,0,0,MAINTENANCE,0,0,1,1,1,0,0.16202090592334492,6,0,1,40,13,10,18,20,22,6,26,8,76,23,610,1297,173,923,1,True
2019-02-14,2019-02-11,78,2019,2,11,45,3,21,183.19377777777777,267.24274444444444,216.16238423494374,84.04896666666667,5.098550372592372,7.071777777777778,0.9300933239887736,97,,,Runout,341.17,Early_Deployment,0.5766133643039938,0.7777777777777778,1,1,0,0,0,0,0,0,0,0,0.03398373983739837,18.829999999999984,0.49349999999999994,0.14644660940672616,0.07227140174221935,1.0,1,UNKNOWN,0,0,0,0,0,0,0,0,0,0,0,0,OTHER,0,0,1,1,1,0,0.11803716608594658,7,1,1,39,14,11,18,20,22,6,26,8,77,22,609,1296,172,922,1,True
2019-02-15,2019-02-12,79,2019,2,12,46,4,22,183.20744444444443,265.1078444444444,213.98808990586693,81.90039999999999,4.076981461652087,6.762022471910113,1.28357014796896,89,,,HP3 Grapple Adjustment Part 1 and SEIS Commissioning,341.72,Early_Deployment,0.5822156198526637,0.7878787878787878,8,2,1,3,1,1,1,0,0,0,0.26186991869918697,18.279999999999973,0.49044444444444424,0.24999999999999978,0.12261111111111095,1.0,1,IDA,1,0,0,0,0,0,0,0,1,0,0,0,DEPLOYMENT,1,0,1,1,1,0,0.15059233449477352,6,2,0,38,15,12,19,21,23,6,26,8,78,21,608,1295,171,921,1,True
2019-02-16,2019-02-13,80,2019,2,13,47,5,23,183.2854333333333,266.02057777777776,215.73036085843273,82.73514444444447,4.023635201369523,6.2701777777777785,1.176698459113924,97,,,Runout,342.26,Early_Deployment,0.5877866649021191,0.797979797979798,1,1,0,0,0,0,0,0,0,0,0.03398373983739837,17.74000000000001,0.48744444444444446,0.3705904774487392,0.1806422693964021,1.0,1,UNKNOWN,0,0,0,0,0,0,0,0,0,0,0,0,OTHER,0,0,1,1,1,0,0.13108013937282229,5,3,1,37,16,13,19,21,23,6,26,8,79,20,607,1294,170,920,1,True
2019-02-17,2019-02-14,81,2019,2,14,48,6,23,182.4108,264.5658222222222,215.21093479342244,82.15502222222221,4.638076294173925,7.042106666666667,1.141234238268581,97,,,HP3 Grapple Adjustment Part 2 and SEIS Commissioning,342.8,Early_Deployment,0.5933268452777344,0.8080808080808081,8,2,1,3,1,1,1,0,0,0,0.26186991869918697,17.19999999999999,0.48444444444444434,0.3705904774487392,0.17953049796405585,1.0,1,IDA,1,0,0,0,0,0,0,0,1,0,0,0,DEPLOYMENT,2,1,1,1,1,0,0.12955865272938444,4,4,0,36,17,14,20,22,24,6,26,8,80,19,606,1293,169,919,1,True
2019-02-19,2019-02-15,82,2019,2,15,50,1,0,181.66336666666663,263.75677777777776,214.69645314739668,82.09341111111112,4.563735049104607,6.720704545454546,1.0095971751192256,97,,,Runout,343.35,Early_Deployment,0.598836501088704,0.8181818181818182,1,1,0,0,0,0,0,0,0,0,0.03398373983739837,16.649999999999977,0.48138888888888876,0.5,0.24069444444444438,1.0,1,UNKNOWN,0,0,0,0,0,0,0,0,0,0,0,0,OTHER,0,0,1,1,1,0,0.12955865272938444,3,3,1,35,18,15,20,22,24,6,26,8,81,18,605,1292,168,918,1,True
2019-02-20,2019-02-16,83,2019,2,16,51,2,1,181.5965555555556,264.8186333333333,215.01556531788182,83.22207777777771,4.4587760287569775,6.639116279069767,1.0007270964656079,97,84.0,,HP3 Grapple Release,343.89,Early_Deployment,0.6043159668533294,0.8282828282828283,3,1,0,2,1,1,0,0,0,0,0.1486178861788618,16.110000000000014,0.478388888888889,0.6294095225512604,0.30110252214938354,1.0,1,IDA,1,0,0,0,0,0,0,0,1,0,0,0,DEPLOYMENT,0,0,1,1,1,0,0.13774680603948894,2,2,0,34,19,16,21,23,24,6,26,8,82,17,604,1291,167,917,1,True
,2019-02-17,84,2019,2,17,,,,182.29468888888889,263.8226222222222,214.5034625949469,81.52793333333332,5.166071387467948,8.45571111111111,1.1271352203375493,97,,,,,Early_Deployment_Weather_Only,0.6097655716208943,0.8383838383838383,0,0,0,0,0,0,0,0,0,0,0.0,,,,,,0,NONE,,,,,,,0,0,0,0,0,0,NO_ACTIVITY,,0,1,1,1,1,0.0,,,,,,,,,,,,,,,,,,,0,False
2019-02-22,2019-02-18,85,2019,2,18,53,4,2,182.31851111111112,263.0589888888889,215.0768280406497,80.74047777777778,4.607098605466992,7.277910112359551,1.0208885691068865,97,86.0,,"HP3 Tilt Measurement, HP3 and Deck Imaging, and SEIS VBB Characterization and Calibration",344.97,Early_Deployment,0.6151856390902334,0.8484848484848485,13,5,0,3,0,1,1,0,1,0,0.3784552845528455,15.029999999999973,0.47238888888888875,0.75,0.35429166666666656,2.0,0,SEIS,0,0,0,2,0,0,1,1,0,0,0,0,SCIENCE,0,0,1,1,1,0,0.1646806039488966,0,0,2,32,21,18,21,24,25,6,27,8,84,15,602,1289,165,915,1,True
,2019-02-19,86,2019,2,19,,,,181.88494444444444,266.25042222222226,215.52056505148983,84.36547777777781,4.115105060557851,7.340144578313253,1.2609948295142916,97,,,,,Early_Deployment_Weather_Only,0.6205764877251099,0.8585858585858586,0,0,0,0,0,0,0,0,0,0,0.0,,,,,,0,NONE,,,,,,,0,0,0,0,0,0,NO_ACTIVITY,,0,1,1,1,1,0.0,,,,,,,,,,,,,,,,,,,0,False
2019-02-24,2019-02-20,87,2019,2,20,55,6,3,181.88817777777777,267.0010111111111,215.92726291070298,85.11283333333333,4.012283966568483,7.479076923076923,1.3625541134797317,97,89.0,,HP3 Mole Release and SEIS Activities,346.04,Early_Deployment,0.6259384308664953,0.8686868686868687,6,2,0,2,0,1,1,0,0,0,0.19723577235772355,13.95999999999998,0.46644444444444433,0.8535533905932737,0.3981352370789514,2.0,0,HP3,1,0,0,0,0,0,0,0,1,0,0,0,DEPLOYMENT,0,0,1,1,1,0,0.18800232288037164,2,2,0,30,23,20,21,25,26,6,27,8,86,13,600,1287,163,913,1,True
,2019-02-21,88,2019,2,21,,,,181.5413111111112,266.77405555555555,215.79575125247518,85.23274444444434,4.298522974797465,6.813877777777778,1.20652470486068,97,,,,,Early_Deployment_Weather_Only,0.6312717768418579,0.8787878787878788,0,0,0,0,0,0,0,0,0,0,0.0,,,,,,0,NONE,,,,,,,0,0,0,0,0,0,NO_ACTIVITY,,0,1,1,1,1,0.0,,,,,,,,,,,,,,,,,,,0,False
,2019-02-22,89,2019,2,22,,,,181.8064777777778,265.6776555555556,215.87900316360592,83.8711777777778,4.363048594353532,6.185701149425287,0.8889538999217526,97,,,,,Early_Deployment_Weather_Only,0.636576829071551,0.8888888888888888,0,0,0,0,0,0,0,0,0,0,0.0,,,,,,0,NONE,,,,,,,0,0,0,0,0,0,NO_ACTIVITY,,0,1,1,1,1,0.0,,,,,,,,,,,,,,,,,,,0,False
2019-02-27,2019-02-23,90,2019,2,23,58,2,5,182.7864,266.57436666666666,216.77522121038567,83.78796666666668,4.028782727783806,7.463844444444444,1.213210793770403,97,91.0,*,HP3 Hammering and SEIS VBB3 Characterization,347.65,Early_Deployment,0.6418538861723948,0.898989898989899,6,2,0,2,0,1,1,0,0,0,0.19723577235772355,12.350000000000023,0.45750000000000013,0.9829629131445341,0.44970553276362446,3.0,0,HP3,0,1,0,0,1,*,0,1,0,0,0,0,MAINTENANCE,0,0,1,1,1,0,0.17876887340301975,2,0,3,27,26,23,21,26,27,6,27,8,89,10,597,1284,160,910,1,True
,2019-02-24,91,2019,2,24,,,,181.81884444444444,264.4945,216.43808438861893,82.67565555555558,4.472856533443614,6.879955555555556,0.9654091038351114,97,,,,,Early_Deployment_Weather_Only,0.6471032420585384,0.9090909090909091,0,0,0,0,0,0,0,0,0,0,0.0,,,,,,0,NONE,,,,,,,0,0,0,0,0,0,NO_ACTIVITY,,0,1,1,1,1,0.0,,,,,,,,,,,,,,,,,,,0,False
2019-03-01,2019-02-25,92,2019,2,25,60,4,7,181.84002222222225,263.5436111111111,216.0737566475144,81.70358888888885,4.722543915521516,9.006033333333333,1.3781911666386744,97,93.0,*,"SEIS Commissioning Activities, HP3 Stereo Imaging, Payload Grapple Localization, and Sunrise Imaging",348.72,Early_Deployment,0.6523251860396903,0.9191919191919192,12,5,0,4,1,1,1,0,1,0,0.4211382113821138,11.279999999999973,0.4515555555555554,0.9829629131445341,0.4438623643354872,2.0,0,CAMERA,0,0,0,2,1,*,1,0,0,0,0,0,SCIENCE,0,0,1,1,1,0,0.2340766550522648,0,2,5,25,28,25,22,27,28,6,28,8,91,8,595,1282,158,908,1,True
,2019-02-26,93,2019,2,26,,,,182.8169333333333,266.0487222222222,217.1807904211919,83.23178888888887,4.1090027615569245,6.603344444444445,1.2608963574892968,97,,,,,Early_Deployment_Weather_Only,0.6575200029167941,0.9292929292929293,0,0,0,0,0,0,0,0,0,0,0.0,,,,,,0,NONE,,,,,,,0,0,0,0,0,0,NO_ACTIVITY,,0,1,1,1,1,0.0,,,,,,,,,,,,,,,,,,,0,False
2019-03-03,2019-02-27,94,2019,2,27,62,6,8,181.9020888888889,266.8517888888889,217.42355480622373,84.9497,4.071374191048787,7.576677777777777,1.5417968537439,97,95.0,*,"SEIS Commissioning Activities, IDC AM Tau, and Grapple Stow",349.78,Early_Deployment,0.6626879730752367,0.9393939393939394,9,4,0,3,1,0,1,0,1,0,0.322520325203252,10.220000000000027,0.44566666666666677,0.9330127018922194,0.4158126608099659,2.0,0,IDA,1,0,0,0,1,*,0,0,0,0,0,0,OTHER,0,0,1,1,1,0,0.24274099883855982,2,4,7,23,30,27,23,27,29,6,29,8,93,6,593,1280,156,906,1,True
,2019-02-28,95,2019,2,28,,,,182.53712222222225,265.8118333333333,217.42113446029376,83.27471111111106,4.1284713078010515,7.951645569620252,1.3734477271361167,97,,,,,Early_Deployment_Weather_Only,0.6678293725756554,0.9494949494949495,0,0,0,0,0,0,0,0,0,0,0.0,,,,,,0,NONE,,,,,,,0,0,0,0,0,0,NO_ACTIVITY,,0,1,1,1,1,0.0,,,,,,,,,,,,,,,,,,,0,False
,2019-03-01,96,2019,3,1,,,,182.39864444444444,265.85,234.2976274814815,83.45135555555558,4.597564773126882,7.102011494252873,1.3219839794258401,50,,,,,Early_Deployment_Weather_Only,0.6729444732424258,0.9595959595959596,0,0,0,0,0,0,0,0,0,0,0.0,,,,,,0,NONE,,,,,,,0,0,0,0,0,0,NO_ACTIVITY,,0,1,1,1,1,0.0,,,,,,,,,,,,,,,,,,,0,False
,2019-03-03,98,2019,3,3,,,,181.1632173913044,265.2404111111111,219.2576590496511,84.07719371980667,4.301000976528049,9.01298780487805,1.5543421023179802,90,,,,,Early_Deployment_Weather_Only,0.6830968447064438,0.9797979797979798,0,0,0,0,0,0,0,0,0,0,0.0,,,,,,0,NONE,,,,,,,0,0,0,0,0,0,NO_ACTIVITY,,0,1,1,1,1,0.0,,,,,,,,,,,,,,,,,,,0,False
,2019-03-04,99,2019,3,4,,,,181.83514444444444,264.2580555555556,216.46129787722316,82.42291111111115,5.108934010874016,6.82761797752809,1.067535451810469,97,,,,,Early_Deployment_Weather_Only,0.688134638736401,0.98989898989899,0,0,0,0,0,0,0,0,0,0,0.0,,,,,,0,NONE,,,,,,,0,0,0,0,0,0,NO_ACTIVITY,,0,1,1,1,1,0.0,,,,,,,,,,,,,,,,,,,0,False
,2019-03-05,100,2019,3,5,,,,181.15818888888887,262.5505777777778,215.98511138015098,81.39238888888892,5.1561261413289206,8.845511111111112,1.2816835904060653,97,,,,,Early_Deployment_Weather_Only,0.6931471805599453,1.0,0,0,0,0,0,0,0,0,0,0,0.0,,,,,,0,NONE,,,,,,,0,0,0,0,0,0,NO_ACTIVITY,,0,1,1,1,1,0.0,,,,,,,,,,,,,,,,,,,0,False
,2019-03-06,101,2019,3,6,,,,181.73636666666667,265.5291888888889,216.58341793701163,83.79282222222221,4.485301079333003,7.354816091954023,1.2837728783415754,97,,,,,Primary_Science_Weather_Only,0.6981347220709844,0.0,0,0,0,0,0,0,0,0,0,0,0.0,,,,,,0,NONE,,,,,,,0,0,0,0,0,0,NO_ACTIVITY,,0,1,1,1,1,0.0,,,,,,,,,,,,,,,,,,,0,False
,2019-03-07,102,2019,3,7,,,,182.40077777777776,265.6576444444445,216.91495516975309,83.25686666666672,4.349623111649829,7.693644444444445,1.3445624649968348,96,,,,,Primary_Science_Weather_Only,0.7030975114131134,0.0033444816053511705,0,0,0,0,0,0,0,0,0,0,0.0,,,,,,0,NONE,,,,,,,0,0,0,0,0,0,NO_ACTIVITY,,0,1,1,1,1,0.0,,,,,,,,,,,,,,,,,,,0,False
,2019-03-08,103,2019,3,8,,,,181.29616666666664,266.1532666666667,216.58398268062885,84.85710000000006,4.256361220282989,7.1967,1.279546068160115,97,,,,,Primary_Science_Weather_Only,0.708035793053696,0.006688963210702341,0,0,0,0,0,0,0,0,0,0,0.0,,,,,,0,NONE,,,,,,,0,0,0,0,0,0,NO_ACTIVITY,,0,1,1,1,1,0.0,,,,,,,,,,,,,,,,,,,0,False
,2019-03-09,104,2019,3,9,,,,181.2987,266.5802,216.34431466443445,85.2815,4.236223744812106,6.834924050632912,1.1147356562307043,97,,,,,Primary_Science_Weather_Only,0.712949807856125,0.010033444816053512,0,0,0,0,0,0,0,0,0,0,0.0,,,,,,0,NONE,,,,,,,0,0,0,0,0,0,NO_ACTIVITY,,0,1,1,1,1,0.0,,,,,,,,,,,,,,,,,,,0,False
,2019-03-10,105,2019,3,10,,,,180.6882444444444,264.9492777777778,216.77229131944443,84.26103333333342,4.336307804476207,7.7198988764044945,1.2788245004819117,96,,,,,Primary_Science_Weather_Only,0.7178397931503169,0.013377926421404682,0,0,0,0,0,0,0,0,0,0,0.0,,,,,,0,NONE,,,,,,,0,0,0,0,0,0,NO_ACTIVITY,,0,1,1,1,1,0.0,,,,,,,,,,,,,,,,,,,0,False
,2019-03-11,106,2019,3,11,,,,180.4243333333333,264.2657555555556,216.08433786629973,83.84142222222229,4.5468647729156455,6.926055555555556,0.9885651837785167,97,,,,,Primary_Science_Weather_Only,0.7227059828014898,0.016722408026755852,0,0,0,0,0,0,0,0,0,0,0.0,,,,,,0,NONE,,,,,,,0,0,0,0,0,0,NO_ACTIVITY,,0,1,1,1,1,0.0,,,,,,,,,,,,,,,,,,,0,False
,2019-03-12,107,2019,3,12,,,,181.1963333333333,261.8718888888889,215.59866742077125,80.6755555555556,5.060087231636898,7.591033333333333,1.317705263533436,97,,,,,Primary_Science_Weather_Only,0.7275486072772778,0.020066889632107024,0,0,0,0,0,0,0,0,0,0,0.0,,,,,,0,NONE,,,,,,,0,0,0,0,0,0,NO_ACTIVITY,,0,1,1,1,1,0.0,,,,,,,,,,,,,,,,,,,0,False
,2019-03-13,108,2019,3,13,,,,180.91878888888888,265.78302222222226,216.56391743048616,84.86423333333337,4.2139190805914275,7.351625,1.4528667295665827,97,,,,,Primary_Science_Weather_Only,0.7323678937132266,0.023411371237458192,0,0,0,0,0,0,0,0,0,0,0.0,,,,,,0,NONE,,,,,,,0,0,0,0,0,0,NO_ACTIVITY,,0,1,1,1,1,0.0,,,,,,,,,,,,,,,,,,,0,False
,2019-03-14,109,2019,3,14,,,,181.39296666666667,265.9595444444445,216.9808048644521,84.56657777777781,3.8277115446486696,5.449759036144578,0.9759845559960535,97,,,,,Primary_Science_Weather_Only,0.7371640659767197,0.026755852842809364,0,0,0,0,0,0,0,0,0,0,0.0,,,,,,0,NONE,,,,,,,0,0,0,0,0,0,NO_ACTIVITY,,0,1,1,1,1,0.0,,,,,,,,,,,,,,,,,,,0,False
2019-03-19,2019-03-15,110,2019,3,15,78,1,18,180.87526666666665,263.79217777777774,216.10915925138093,82.91691111111109,4.099622298858416,6.215911111111112,1.00941158931662,97,111.0,,Workspace and HP3 Imaging,358.15,Primary_Science,0.7419373447293773,0.030100334448160536,4,2,0,2,0,1,0,0,1,0,0.18260162601626018,1.8500000000000227,0.3991666666666668,0.0,0.0,16.0,0,HP3,0,0,0,1,0,0,1,0,0,0,0,0,SCIENCE,0,0,1,1,1,0,0.2639721254355401,0,20,23,7,22,34,23,28,29,6,30,8,109,10,577,1264,140,890,1,True
,2019-03-16,111,2019,3,16,,,,181.17256666666668,264.3343555555556,216.02779766609396,83.1617888888889,4.213679826151766,6.350633333333334,0.9634003732431103,97,,,,,Primary_Science_Weather_Only,0.7466879474879752,0.033444816053511704,0,0,0,0,0,0,0,0,0,0,0.0,,,,,,0,NONE,,,,,,,0,0,0,0,0,0,NO_ACTIVITY,,0,1,1,1,1,0.0,,,,,,,,,,,,,,,,,,,0,False
2019-03-21,2019-03-17,112,2019,3,17,80,3,20,181.0580111111111,265.9000555555556,215.79011988211184,84.84204444444447,3.978251161592608,7.0358965517241385,1.2518022015738288,92,113.0,,Tau and Cloud Survey Imaging; Setup for Equinox Imaging,359.18,Primary_Science,0.7514160886839212,0.03678929765886288,9,3,0,1,0,0,0,0,1,0,0.19585365853658537,0.8199999999999932,0.3934444444444444,0.0669872981077807,0.026355780288850158,2.0,0,CAMERA,0,0,0,2,0,0,1,0,0,0,0,0,SCIENCE,0,0,1,1,1,0,0.27072009291521487,0,22,25,5,20,32,23,28,29,6,31,8,111,12,575,1262,138,888,1,True
,2019-03-21,116,2019,3,21,,,,212.2951627906977,266.01972222222224,247.07918224000446,53.72455943152454,,,,31,,,,,Primary_Science_Weather_Only,0.7701082216960736,0.05016722408026756,0,0,0,0,0,0,0,0,0,0,0.0,,,,,,0,NONE,,,,,,,0,0,0,0,0,0,NO_ACTIVITY,,0,1,1,1,1,0.0,,,,,,,,,,,,,,,,,,,0,False
2019-03-26,2019-03-22,117,2019,3,22,85,1,23,180.6708,265.46613333333335,215.1050800754666,84.79533333333333,,,,97,118.0,*,"Unsafe the Cameras, AM Tau, and HP3 Hammering While Imaging",1.74,Primary_Science,0.7747271675523681,0.05351170568561873,10,4,0,2,0,1,0,0,1,0,0.27983739837398375,1.74,-0.3792222222222221,0.3705904774487392,-0.14053614439250517,3.0,0,HP3,0,1,0,1,1,*,1,0,0,1,0,0,SCIENCE,0,0,0,1,1,0,0.2486411149825784,0,24,30,0,15,27,23,30,29,6,33,8,116,17,570,1257,133,883,1,True
,2019-03-23,118,2019,3,23,,,,180.5609888888889,264.34644444444444,214.71438707110144,83.78545555555556,,,,97,,,,,Primary_Science_Weather_Only,0.7793248768009976,0.056856187290969896,0,0,0,0,0,0,0,0,0,0,0.0,,,,,,0,NONE,,,,,,,0,0,0,0,0,0,NO_ACTIVITY,,0,1,1,1,1,0.0,,,,,,,,,,,,,,,,,,,0,False
2019-03-29,2019-03-24,119,2019,3,24,88,4,0,181.04302222222225,264.5007222222222,214.9837381089203,83.45769999999993,,,,97,120.0,*,"Science Panorama Gap Imaging, HP3 Imaging, and HP3 Radiometer Special Observations",2.76,Primary_Science,0.7839015438284094,0.06020066889632107,11,4,0,2,0,1,0,0,1,0,0.28715447154471546,2.76,-0.37355555555555564,0.5,-0.18677777777777782,2.0,0,HP3,0,0,0,2,1,*,1,0,0,0,0,0,SCIENCE,0,0,1,1,1,0,0.26148664343786293,0,22,32,2,13,25,23,31,29,6,34,8,118,19,568,1255,131,881,1,True
,2019-03-25,120,2019,3,25,,,,181.0553111111111,264.71478888888885,214.86202752608213,83.65947777777774,,,,97,,,,,Primary_Science_Weather_Only,0.7884573603642702,0.06354515050167224,0,0,0,0,0,0,0,0,0,0,0.0,,,,,,0,NONE,,,,,,,0,0,0,0,0,0,NO_ACTIVITY,,0,1,1,1,1,0.0,,,,,,,,,,,,,,,,,,,0,False
2019-03-31,2019-03-26,121,2019,3,26,90,6,2,180.6677888888889,263.7962777777778,214.79780941933214,83.12848888888888,4.945590569711824,5.905322222222223,0.6636371917145972,97,123.0,*,Science Morning Panorma,3.78,Primary_Science,0.7929925155296614,0.06688963210702341,3,1,0,0,0,0,0,0,0,0,0.048617886178861786,3.78,-0.36788888888888893,0.75,-0.2759166666666667,2.0,0,UNKNOWN,0,0,0,0,1,*,0,0,0,0,0,0,OTHER,0,0,1,1,1,0,0.20826945412311265,2,20,34,4,11,23,23,31,29,6,34,8,120,21,566,1253,129,879,1,True
,2019-03-27,122,2019,3,27,,,,180.8968888888889,263.7154111111111,214.92194843156082,82.81852222222221,4.184287961340661,7.693244444444445,1.1243840394629507,97,,,,,Primary_Science_Weather_Only,0.7975071958841881,0.07023411371237458,0,0,0,0,0,0,0,0,0,0,0.0,,,,,,0,NONE,,,,,,,0,0,0,0,0,0,NO_ACTIVITY,,0,1,1,1,1,0.0,,,,,,,,,,,,,,,,,,,0,False
,2019-03-28,123,2019,3,28,,,,179.92103333333333,264.373,214.78253154951088,84.45196666666666,4.1489238648782605,6.610614457831326,1.129207814527395,97,,,,,Primary_Science_Weather_Only,0.8020015854720274,0.07357859531772576,0,0,0,0,0,0,0,0,0,0,0.0,,,,,,0,NONE,,,,,,,0,0,0,0,0,0,NO_ACTIVITY,,0,1,1,1,1,0.0,,,,,,,,,,,,,,,,,,,0,False
,2019-03-29,124,2019,3,29,,,,180.4672222222222,264.7335111111111,215.78147047276875,84.26628888888891,3.60305340814567,5.528067415730337,0.9692117223074841,76,,,,,Primary_Science_Weather_Only,0.8064758658669484,0.07692307692307693,0,0,0,0,0,0,0,0,0,0,0.0,,,,,,0,NONE,,,,,,,0,0,0,0,0,0,NO_ACTIVITY,,0,1,1,1,1,0.0,,,,,,,,,,,,,,,,,,,0,False
,2019-04-01,127,2019,4,1,,,,179.65742105263158,221.46534444444447,200.37292527024633,41.80792339181289,5.881766214842085,6.537357142857143,0.5845804703060113,11,,,,,Primary_Science_Weather_Only,0.8197798314933114,0.08695652173913043,0,0,0,0,0,0,0,0,0,0,0.0,,,,,,0,NONE,,,,,,,0,0,0,0,0,0,NO_ACTIVITY,,0,1,1,1,1,0.0,,,,,,,,,,,,,,,,,,,0,False
,2019-04-02,128,2019,4,2,,,,179.48656666666665,262.5849111111111,214.90417511888646,83.09834444444448,4.09319684470019,6.493056179775282,1.2253027314992415,97,,,,,Primary_Science_Weather_Only,0.8241754429663494,0.0903010033444816,0,0,0,0,0,0,0,0,0,0,0.0,,,,,,0,NONE,,,,,,,0,0,0,0,0,0,NO_ACTIVITY,,0,1,1,1,1,0.0,,,,,,,,,,,,,,,,,,,0,False
,2019-04-03,129,2019,4,3,,,,180.1201888888889,262.54238888888887,215.31258313696614,82.42219999999998,3.9727889505733764,6.143058823529412,1.1672001730859325,97,,,,,Primary_Science_Weather_Only,0.8285518175661483,0.09364548494983277,0,0,0,0,0,0,0,0,0,0,0.0,,,,,,0,NONE,,,,,,,0,0,0,0,0,0,NO_ACTIVITY,,0,1,1,1,1,0.0,,,,,,,,,,,,,,,,,,,0,False
2019-04-09,2019-04-04,130,2019,4,4,99,1,7,180.1764333333333,261.60821111111113,215.78207957488317,81.43177777777782,3.947920970086955,6.49514606741573,1.1762924698419752,97,131.0,,Runout,8.31,Primary_Science,0.832909122935104,0.09698996655518395,1,1,0,0,0,0,0,0,0,0,0.03398373983739837,8.31,-0.34272222222222215,0.9829629131445341,-0.33688323395492387,9.0,0,UNKNOWN,0,0,0,0,0,0,0,0,0,0,0,0,OTHER,0,0,1,1,1,0,0.16704994192799072,2,11,43,13,2,14,23,31,29,6,34,8,129,30,557,1244,120,870,1,True
,2019-04-05,131,2019,4,5,,,,180.5294333333333,263.5865,216.04279876543208,83.05706666666671,4.055434047112401,6.23275,0.9650792564220461,97,,,,,Primary_Science_Weather_Only,0.8372475245337022,0.10033444816053512,0,0,0,0,0,0,0,0,0,0,0.0,,,,,,0,NONE,,,,,,,0,0,0,0,0,0,NO_ACTIVITY,,0,1,1,1,1,0.0,,,,,,,,,,,,,,,,,,,0,False
2019-04-11,2019-04-06,132,2019,4,6,101,3,9,179.89224444444443,263.70056666666665,215.7110049914004,83.80832222222222,4.142721460729691,6.059460674157304,1.04438827024661,97,133.0,,Dust Devil Search Imaging and IDA Temperature Monitoring,9.3,Primary_Science,0.8415671856782186,0.10367892976588629,8,2,0,3,1,0,0,1,1,0,0.26186991869918697,9.3,-0.3372222222222221,0.8535533905932737,-0.2878371711611761,2.0,0,IDA,0,0,0,2,0,0,1,0,0,0,1,0,SCIENCE,0,0,1,1,0,0,0.1783739837398374,0,9,45,15,0,12,24,31,29,7,35,8,131,32,555,1242,118,868,1,True
,2019-04-07,133,2019,4,7,,,,179.71033333333332,264.60513333333336,216.63474453608248,84.89480000000003,3.9945798029762876,6.971606741573034,1.375077931506933,97,,,,,Primary_Science_Weather_Only,0.8458682675776092,0.10702341137123746,0,0,0,0,0,0,0,0,0,0,0.0,,,,,,0,NONE,,,,,,,0,0,0,0,0,0,NO_ACTIVITY,,0,1,1,1,1,0.0,,,,,,,,,,,,,,,,,,,0,False
2019-04-13,2019-04-08,134,2019,4,8,103,5,10,180.0085222222222,264.0408,216.34756450555494,84.03227777777778,3.993316517512466,6.184904761904763,1.1355504098828362,97,135.0,,Science Panorama Imaging,10.3,Primary_Science,0.8501509293696101,0.11036789297658862,3,1,0,1,0,0,0,0,1,0,0.09861788617886177,10.3,-0.33166666666666655,0.75,-0.24874999999999992,2.0,0,CAMERA,0,0,0,1,0,0,1,0,0,0,0,0,SCIENCE,0,0,1,1,1,0,0.16448315911730546,0,7,47,17,2,10,24,31,29,7,36,8,133,34,553,1240,116,866,1,True
,2019-04-09,135,2019,4,9,,,,179.4866444444445,264.29172222222223,215.9023985178951,84.80507777777774,4.132215957236192,6.238409090909091,1.1099053671440018,97,,,,,Primary_Science_Weather_Only,0.8544153281560676,0.11371237458193979,0,0,0,0,0,0,0,0,0,0,0.0,,,,,,0,NONE,,,,,,,0,0,0,0,0,0,NO_ACTIVITY,,0,1,1,1,1,0.0,,,,,,,,,,,,,,,,,,,0,False
,2019-04-10,136,2019,4,10,,,,179.513,262.55785555555553,215.71729498109502,83.04485555555553,4.0134563160718635,6.431827586206896,1.1007106385089496,97,,,,,Primary_Science_Weather_Only,0.8586616190375187,0.11705685618729098,0,0,0,0,0,0,0,0,0,0,0.0,,,,,,0,NONE,,,,,,,0,0,0,0,0,0,NO_ACTIVITY,,0,1,1,1,1,0.0,,,,,,,,,,,,,,,,,,,0,False
2019-04-16,2019-04-11,137,2019,4,11,106,1,12,179.54816666666667,262.74403333333333,215.8469512608907,83.19586666666666,4.098722423701394,6.775222222222222,1.324090930755024,97,138.0,*,"AM IDC Tau, Dust Devil Imaging, and Aeolian Imaging of West Footpad",11.79,Primary_Science,0.8628899551470398,0.12040133779264214,12,4,0,1,0,0,0,0,1,0,0.24447154471544713,11.79,-0.32338888888888895,0.5000000000000001,-0.1616944444444445,3.0,0,CAMERA,0,0,0,2,1,*,1,0,0,0,0,0,SCIENCE,0,0,1,1,1,0,0.17922183507549358,0,4,50,14,5,7,24,31,29,7,37,8,136,37,550,1237,113,863,1,True
,2019-04-12,138,2019,4,12,,,,180.4061888888889,264.01473333333337,216.42748134439344,83.60854444444448,4.070902511273518,6.1718,1.2412932328831983,97,,,,,Primary_Science_Weather_Only,0.8671004876833833,0.12374581939799331,0,0,0,0,0,0,0,0,0,0,0.0,,,,,,0,NONE,,,,,,,0,0,0,0,0,0,NO_ACTIVITY,,0,1,1,1,1,0.0,,,,,,,,,,,,,,,,,,,0,False
2019-04-18,2019-04-13,139,2019,4,13,108,3,13,179.5133888888889,263.6131222222222,216.64313794685253,84.09973333333332,3.9624119598479672,5.899432432432432,1.1768483646214911,96,140.0,*,Dust Devil Imaging,12.77,Primary_Science,0.8712933659434193,0.12709030100334448,3,1,0,1,0,0,0,0,1,0,0.09861788617886177,12.77,-0.31794444444444436,0.37059047744873963,-0.11782718346884091,2.0,0,CAMERA,0,0,0,1,1,*,1,0,0,0,0,0,SCIENCE,0,0,1,1,1,0,0.15333333333333332,0,2,52,12,7,5,24,31,29,7,38,8,138,39,548,1235,111,861,1,True
,2019-04-14,140,2019,4,14,,,,180.71126666666663,263.9544777777777,216.04921592786798,83.24321111111107,4.146996848614181,6.559099999999999,1.1241244770802636,97,,,,,Primary_Science_Weather_Only,0.8754687373538999,0.13043478260869565,0,0,0,0,0,0,0,0,0,0,0.0,,,,,,0,NONE,,,,,,,0,0,0,0,0,0,NO_ACTIVITY,,0,1,1,1,1,0.0,,,,,,,,,,,,,,,,,,,0,False
2019-04-20,2019-04-15,141,2019,4,15,110,5,15,179.96515555555555,263.09385555555554,215.7164404727289,83.12869999999998,4.288281355665363,6.819999999999999,1.2346944175350172,97,143.0,*,IDA Retirement Pose and Rolling Stone Imaging; IDA No Load Characterization,13.76,Primary_Science,0.8796267475025635,0.13377926421404682,11,3,0,2,1,0,0,0,1,0,0.2604878048780488,13.76,-0.3124444444444445,0.14644660940672644,-0.045756429516857204,2.0,0,IDA,0,0,0,1,1,*,1,1,0,0,0,0,SCIENCE,0,0,1,1,1,0,0.14952380952380953,0,0,54,10,9,3,25,31,29,7,39,8,140,41,546,1233,109,859,1,True
,2019-04-16,142,2019,4,16,,,,180.21855555555555,262.7907,216.06571631944448,82.57214444444446,4.179478981028712,6.776249999999999,1.3315391546226947,96,,,,,Primary_Science_Weather_Only,0.883767540168595,0.13712374581939799,0,0,0,0,0,0,0,0,0,0,0.0,,,,,,0,NONE,,,,,,,0,0,0,0,0,0,NO_ACTIVITY,,0,1,1,1,1,0.0,,,,,,,,,,,,,,,,,,,0,False
,2019-04-17,143,2019,4,17,,,,179.86082222222225,262.91962222222224,216.145229346251,83.05879999999999,4.141253532134846,7.027581395348837,1.3884575814454343,97,,,,,Primary_Science_Weather_Only,0.8878912573524571,0.14046822742474915,0,0,0,0,0,0,0,0,0,0,0.0,,,,,,0,NONE,,,,,,,0,0,0,0,0,0,NO_ACTIVITY,,0,1,1,1,1,0.0,,,,,,,,,,,,,,,,,,,0,False
2019-04-23,2019-04-18,144,2019,4,18,113,1,17,180.13513333333333,262.3097555555556,215.80219278177745,82.1746222222223,4.166178317222273,6.759033333333333,1.3566435207131284,97,150.0,,"Sunrise and Sunset Imaging; SEIS, APSS, and RAD Data Acquisition",15.23,Primary_Science,0.8919980393051105,0.14381270903010032,10,6,0,4,0,1,1,1,1,0,0.4331707317073171,15.23,-0.30427777777777787,0.017037086855465844,-0.005184006928188136,3.0,0,HP3,0,0,0,3,0,0,1,0,0,0,0,1,SCIENCE,0,0,1,1,1,0,0.20445993031358883,0,3,57,7,12,0,25,32,30,8,40,8,143,44,543,1230,106,856,1,True
,2019-04-19,145,2019,4,19,,,,179.25341111111112,261.9878888888889,215.57044617220313,82.73447777777778,4.2176363981071265,7.404423076923076,1.4286777223427942,97,,,,,Primary_Science_Weather_Only,0.8960880245566356,0.14715719063545152,0,0,0,0,0,0,0,0,0,0,0.0,,,,,,0,NONE,,,,,,,0,0,0,0,0,0,NO_ACTIVITY,,0,1,1,1,1,0.0,,,,,,,,,,,,,,,,,,,0,False
,2019-04-20,146,2019,4,20,,,,179.4298333333333,261.09504444444445,215.49593695349486,81.66521111111115,4.144959305680998,6.889344444444445,1.463132168505202,97,,,,,Primary_Science_Weather_Only,0.9001613499442714,0.1505016722408027,0,0,0,0,0,0,0,0,0,0,0.0,,,,,,0,NONE,,,,,,,0,0,0,0,0,0,NO_ACTIVITY,,0,1,1,1,1,0.0,,,,,,,,,,,,,,,,,,,0,False
,2019-04-21,147,2019,4,21,,,,180.0242,262.0781333333333,215.39178811970302,82.0539333333333,4.143996273787852,6.935322222222222,1.2875810557532252,97,,,,,Primary_Science_Weather_Only,0.9042181506398859,0.15384615384615385,0,0,0,0,0,0,0,0,0,0,0.0,,,,,,0,NONE,,,,,,,0,0,0,0,0,0,NO_ACTIVITY,,0,1,1,1,1,0.0,,,,,,,,,,,,,,,,,,,0,False
,2019-04-22,148,2019,4,22,,,,179.83116666666666,262.5450555555556,215.3711454821827,82.71388888888896,4.126365864851992,6.315200000000001,1.2993964304701817,97,,,,,Primary_Science_Weather_Only,0.9082585601768908,0.15719063545150502,0,0,0,0,0,0,0,0,0,0,0.0,,,,,,0,NONE,,,,,,,0,0,0,0,0,0,NO_ACTIVITY,,0,1,1,1,1,0.0,,,,,,,,,,,,,,,,,,,0,False
,2019-04-23,149,2019,4,23,,,,179.20496666666668,261.4972,215.06110682785422,82.29223333333334,4.023493595540695,5.8710625,1.175931224103597,97,,,,,Primary_Science_Weather_Only,0.9122827104766162,0.1605351170568562,0,0,0,0,0,0,0,0,0,0,0.0,,,,,,0,NONE,,,,,,,0,0,0,0,0,0,NO_ACTIVITY,,0,1,1,1,1,0.0,,,,,,,,,,,,,,,,,,,0,False
,2019-04-24,150,2019,4,24,,,,179.3679111111111,261.09552222222226,214.57938277968688,81.72761111111114,4.18302611061956,7.040932584269664,1.2953345620634313,97,,,,,Primary_Science_Weather_Only,0.9162907318741551,0.16387959866220736,0,0,0,0,0,0,0,0,0,0,0.0,,,,,,0,NONE,,,,,,,0,0,0,0,0,0,NO_ACTIVITY,,0,1,1,1,1,0.0,,,,,,,,,,,,,,,,,,,0,False
2019-04-30,2019-04-25,151,2019,4,25,120,1,21,179.0996888888889,260.38752222222223,214.38206875485506,81.28783333333334,4.192838743505267,6.796345238095238,1.2149409216638234,97,152.0,,"AM IDC Tau, IDC Sky Flat Imaging, and RAD Calibrations; IDA Safed",18.65,Primary_Science,0.9202827531436926,0.16722408026755853,12,5,0,3,1,1,0,0,1,0,0.3711382113821138,18.65,-0.28527777777777774,0.14644660940672616,-0.04177796329464104,7.0,0,CAMERA,0,0,0,1,0,0,1,1,0,1,0,0,SCIENCE,0,0,0,1,1,0,0.25262485481997676,0,0,59,0,19,7,26,33,30,8,41,8,150,51,536,1223,99,849,1,True
,2019-04-26,152,2019,4,26,,,,179.17993333333334,260.02237777777776,214.0031178539615,80.84244444444442,4.1734982265652425,7.8996913580246915,1.3400133958071683,97,,,,,Primary_Science_Weather_Only,0.9242589015233319,0.1705685618729097,0,0,0,0,0,0,0,0,0,0,0.0,,,,,,0,NONE,,,,,,,0,0,0,0,0,0,NO_ACTIVITY,,0,1,1,1,1,0.0,,,,,,,,,,,,,,,,,,,0,False
2019-05-02,2019-04-27,153,2019,4,27,122,3,22,178.7192222222222,260.62708888888886,213.69636098783272,81.90786666666668,4.108553817383265,7.361688888888889,1.4258940960096447,97,155.0,,Aerosol Sky Survey,19.61,Primary_Science,0.9282193027394289,0.17391304347826086,3,1,0,0,0,0,0,0,0,0,0.048617886178861786,19.61,-0.27994444444444433,0.24999999999999978,-0.06998611111111103,2.0,0,UNKNOWN,0,0,0,0,0,0,1,0,0,0,0,0,SCIENCE,0,0,1,1,1,0,0.22216027874564456,0,2,57,2,21,9,26,33,30,8,41,8,152,53,534,1221,97,847,1,True
,2019-04-28,154,2019,4,28,,,,178.95735555555555,260.9404555555556,213.67405619045084,81.98310000000006,4.0416838292118085,7.0778,1.4243369498695377,97,,,,,Primary_Science_Weather_Only,0.9321640810304452,0.17725752508361203,0,0,0,0,0,0,0,0,0,0,0.0,,,,,,0,NONE,,,,,,,0,0,0,0,0,0,NO_ACTIVITY,,0,1,1,1,1,0.0,,,,,,,,,,,,,,,,,,,0,False
,2019-04-29,155,2019,4,29,,,,179.03957777777777,260.8703888888889,213.50163593205193,81.83081111111113,3.9837368320500177,6.291567901234568,1.2832149667568582,97,,,,,Primary_Science_Weather_Only,0.9360933591703349,0.1806020066889632,0,0,0,0,0,0,0,0,0,0,0.0,,,,,,0,NONE,,,,,,,0,0,0,0,0,0,NO_ACTIVITY,,0,1,1,1,1,0.0,,,,,,,,,,,,,,,,,,,0,False
2019-05-06,2019-04-30,156,2019,4,30,126,0,0,180.22943333333333,260.5991,213.46595399457854,80.36966666666669,4.012440715385045,6.645555555555556,1.1862812517095123,97,157.0,,Additional Science Panorama Imaging,21.06,Primary_Science,0.9400072584914712,0.18394648829431437,4,1,0,1,0,0,0,0,1,0,0.10593495934959349,21.06,-0.27188888888888885,0.5,-0.13594444444444442,3.0,0,CAMERA,0,0,0,1,0,0,1,0,0,0,0,0,SCIENCE,0,0,1,1,1,0,0.223205574912892,0,5,54,5,24,12,26,33,30,8,42,8,155,56,531,1218,94,844,1,True
,2019-05-01,157,2019,5,1,,,,179.35985555555555,260.8037777777778,213.37818835767305,81.44392222222223,4.179080987332436,6.681666666666666,1.3077912830253784,97,,,,,Primary_Science_Weather_Only,0.9439058989071284,0.18729096989966554,0,0,0,0,0,0,0,0,0,0,0.0,,,,,,0,NONE,,,,,,,0,0,0,0,0,0,NO_ACTIVITY,,0,1,1,1,1,0.0,,,,,,,,,,,,,,,,,,,0,False
2019-05-08,2019-05-02,158,2019,5,2,128,2,2,179.07397777777777,260.26514444444445,213.32559386763194,81.19116666666667,4.08450488352021,6.7167415730337074,1.2607761533103758,97,159.0,*,HP3 Diagnostic Hammering #3,22.03,Primary_Science,0.9477893989335261,0.19063545150501673,4,1,0,1,0,1,0,0,0,0,0.10593495934959349,22.03,-0.26649999999999996,0.75,-0.19987499999999997,2.0,0,HP3,0,1,0,0,1,*,0,0,0,0,0,0,OTHER,0,0,0,1,1,0,0.20341463414634145,2,7,52,7,26,14,26,34,30,8,42,8,157,58,529,1216,92,842,1,True
,2019-05-03,159,2019,5,3,,,,179.796,261.2041222222222,213.588399278408,81.40812222222223,3.9535707527720385,6.41620987654321,1.1644213760325388,97,,,,,Primary_Science_Weather_Only,0.9516578757114464,0.1939799331103679,0,0,0,0,0,0,0,0,0,0,0.0,,,,,,0,NONE,,,,,,,0,0,0,0,0,0,NO_ACTIVITY,,0,1,1,1,1,0.0,,,,,,,,,,,,,,,,,,,0,False
2019-05-10,2019-05-04,160,2019,5,4,130,4,3,178.5114111111111,260.64835555555555,213.32577814051163,82.13694444444445,4.021988803140473,6.642288888888889,1.2428602383947143,97,161.0,*,AM Tau and HP3 Stereo Imaging,22.99,Primary_Science,0.9555114450274363,0.19732441471571907,6,2,0,2,0,1,0,0,1,0,0.19723577235772355,22.99,-0.26116666666666655,0.8535533905932737,-0.22291969384327656,2.0,0,HP3,0,0,0,1,1,*,1,0,0,0,0,0,SCIENCE,0,0,1,1,1,0,0.21750290360046456,0,9,50,9,28,16,26,35,30,8,43,8,159,60,527,1214,90,840,1,True
,2019-05-05,161,2019,5,5,,,,178.8770888888889,260.95601111111114,213.67385761657206,82.07892222222225,3.9320471479023227,6.588411111111111,1.3103297301153958,97,,,,,Primary_Science_Weather_Only,0.959350221334602,0.20066889632107024,0,0,0,0,0,0,0,0,0,0,0.0,,,,,,0,NONE,,,,,,,0,0,0,0,0,0,NO_ACTIVITY,,0,1,1,1,1,0.0,,,,,,,,,,,,,,,,,,,0,False
,2019-05-06,162,2019,5,6,,,,178.24091111111113,259.6825888888889,213.77882527955055,81.44167777777778,3.8478361495850857,6.6842696629213485,1.3963947931565617,97,,,,,Primary_Science_Weather_Only,0.9631743177730056,0.2040133779264214,0,0,0,0,0,0,0,0,0,0,0.0,,,,,,0,NONE,,,,,,,0,0,0,0,0,0,NO_ACTIVITY,,0,1,1,1,1,0.0,,,,,,,,,,,,,,,,,,,0,False
,2019-05-07,163,2019,5,7,,,,178.6788888888889,260.5999111111111,213.73073309166375,81.9210222222222,3.9685040420060855,7.637477777777779,1.4984898088982743,97,,,,,Primary_Science_Weather_Only,0.9669838461896731,0.20735785953177258,0,0,0,0,0,0,0,0,0,0,0.0,,,,,,0,NONE,,,,,,,0,0,0,0,0,0,NO_ACTIVITY,,0,1,1,1,1,0.0,,,,,,,,,,,,,,,,,,,0,False
,2019-05-08,164,2019,5,8,,,,178.3196777777778,259.1171777777778,213.81038987238608,80.79749999999999,4.033704721828465,7.269100000000001,1.5761926102871184,97,,,,,Primary_Science_Weather_Only,0.9707789171582248,0.21070234113712374,0,0,0,0,0,0,0,0,0,0,0.0,,,,,,0,NONE,,,,,,,0,0,0,0,0,0,NO_ACTIVITY,,0,1,1,1,1,0.0,,,,,,,,,,,,,,,,,,,0,False
,2019-05-09,165,2019,5,9,,,,178.8309888888889,259.48376666666667,213.64602308068524,80.65277777777777,4.118337468149063,7.161766666666666,1.5995015743293592,97,,,,,Primary_Science_Weather_Only,0.9745596399981308,0.2140468227424749,0,0,0,0,0,0,0,0,0,0,0.0,,,,,,0,NONE,,,,,,,0,0,0,0,0,0,NO_ACTIVITY,,0,1,1,1,1,0.0,,,,,,,,,,,,,,,,,,,0,False
,2019-05-10,166,2019,5,10,,,,179.58815555555557,259.5984888888889,214.3050872011853,80.0103333333333,4.190312121507278,7.134397727272727,1.4674796832165486,97,,,,,Primary_Science_Weather_Only,0.9783261227936076,0.21739130434782608,0,0,0,0,0,0,0,0,0,0,0.0,,,,,,0,NONE,,,,,,,0,0,0,0,0,0,NO_ACTIVITY,,0,1,1,1,1,0.0,,,,,,,,,,,,,,,,,,,0,False
,2019-05-11,167,2019,5,11,,,,177.9798387096774,258.8059888888889,214.90015954259715,80.82615017921151,4.1516533489286855,7.005922222222223,1.4132751775259413,97,,,,,Primary_Science_Weather_Only,0.9820784724121582,0.22073578595317725,0,0,0,0,0,0,0,0,0,0,0.0,,,,,,0,NONE,,,,,,,0,0,0,0,0,0,NO_ACTIVITY,,0,1,1,1,1,0.0,,,,,,,,,,,,,,,,,,,0,False
,2019-05-12,168,2019,5,12,,,,178.4353111111111,259.36875555555554,214.26175416401512,80.93344444444443,4.071554762563245,6.711133333333333,1.1561182026618164,97,,,,,Primary_Science_Weather_Only,0.9858167945227653,0.22408026755852842,0,0,0,0,0,0,0,0,0,0,0.0,,,,,,0,NONE,,,,,,,0,0,0,0,0,0,NO_ACTIVITY,,0,1,1,1,1,0.0,,,,,,,,,,,,,,,,,,,0,False
,2019-05-13,169,2019,5,13,,,,178.237,259.5572888888889,214.5597871254042,81.32028888888888,3.942701271502481,6.994722222222222,1.1760591805952538,97,,,,,Primary_Science_Weather_Only,0.9895411936137477,0.22742474916387959,0,0,0,0,0,0,0,0,0,0,0.0,,,,,,0,NONE,,,,,,,0,0,0,0,0,0,NO_ACTIVITY,,0,1,1,1,1,0.0,,,,,,,,,,,,,,,,,,,0,False
,2019-05-14,170,2019,5,14,,,,178.06984444444444,260.2319111111111,214.69477408927324,82.16206666666668,3.967622580225072,6.078144444444445,1.2400290029047183,97,,,,,Primary_Science_Weather_Only,0.9932517730102833,0.23076923076923078,0,0,0,0,0,0,0,0,0,0,0.0,,,,,,0,NONE,,,,,,,0,0,0,0,0,0,NO_ACTIVITY,,0,1,1,1,1,0.0,,,,,,,,,,,,,,,,,,,0,False
,2019-05-15,171,2019,5,15,,,,177.74852222222222,258.2595777777778,214.4360973884968,80.51105555555557,4.056914356812619,6.587465909090909,1.3047033191188218,97,,,,,Primary_Science_Weather_Only,0.9969486348916096,0.23411371237458195,0,0,0,0,0,0,0,0,0,0,0.0,,,,,,0,NONE,,,,,,,0,0,0,0,0,0,NO_ACTIVITY,,0,1,1,1,1,0.0,,,,,,,,,,,,,,,,,,,0,False
,2019-05-16,172,2019,5,16,,,,177.9181111111111,258.98566666666665,214.6457471089528,81.06755555555554,4.009463923538228,7.026488888888889,1.5797069845461449,97,,,,,Primary_Science_Weather_Only,1.000631880307906,0.23745819397993312,0,0,0,0,0,0,0,0,0,0,0.0,,,,,,0,NONE,,,,,,,0,0,0,0,0,0,NO_ACTIVITY,,0,1,1,1,1,0.0,,,,,,,,,,,,,,,,,,,0,False
,2019-05-17,173,2019,5,17,,,,178.1049111111111,258.8011111111111,219.68623520804758,80.69619999999998,4.182640046721559,7.011168539325843,1.7096004172371149,81,,,,,Primary_Science_Weather_Only,1.0043016091968684,0.2408026755852843,0,0,0,0,0,0,0,0,0,0,0.0,,,,,,0,NONE,,,,,,,0,0,0,0,0,0,NO_ACTIVITY,,0,1,1,1,1,0.0,,,,,,,,,,,,,,,,,,,0,False
,2019-05-19,175,2019,5,19,,,,183.6438,195.9778727272727,190.21929586776858,12.334072727272712,3.724980348943985,3.857833333333333,0.09896626321964636,11,,,,,Primary_Science_Weather_Only,1.0116009116784799,0.24749163879598662,0,0,0,0,0,0,0,0,0,0,0.0,,,,,,0,NONE,,,,,,,0,0,0,0,0,0,NO_ACTIVITY,,0,1,1,1,1,0.0,,,,,,,,,,,,,,,,,,,0,False
,2019-05-20,176,2019,5,20,,,,177.65217777777778,258.1327777777778,214.47243512050022,80.48060000000001,4.141582229205719,7.564277777777777,1.7199541045004358,97,,,,,Primary_Science_Weather_Only,1.0152306797290584,0.2508361204013378,0,0,0,0,0,0,0,0,0,0,0.0,,,,,,0,NONE,,,,,,,0,0,0,0,0,0,NO_ACTIVITY,,0,1,1,1,1,0.0,,,,,,,,,,,,,,,,,,,0,False
,2019-05-21,177,2019,5,21,,,,178.06214444444444,258.2906444444444,221.1775940740741,80.22849999999997,4.983604822586164,8.265944444444443,1.6076796968960836,65,,,,,Primary_Science_Weather_Only,1.0188473201992472,0.25418060200668896,0,0,0,0,0,0,0,0,0,0,0.0,,,,,,0,NONE,,,,,,,0,0,0,0,0,0,NO_ACTIVITY,,0,1,1,1,1,0.0,,,,,,,,,,,,,,,,,,,0,False
,2019-05-22,178,2019,5,22,,,,178.08575555555555,258.7907555555556,215.39273847146288,80.70500000000007,4.442713431616491,7.936077777777777,1.9240631824281726,93,,,,,Primary_Science_Weather_Only,1.0224509277025458,0.25752508361204013,0,0,0,0,0,0,0,0,0,0,0.0,,,,,,0,NONE,,,,,,,0,0,0,0,0,0,NO_ACTIVITY,,0,1,1,1,1,0.0,,,,,,,,,,,,,,,,,,,0,False
,2019-05-23,179,2019,5,23,,,,177.2545333333333,257.52090000000004,214.21859589810722,80.26636666666673,4.279663187844959,7.534933333333333,1.6733752766156305,97,,,,,Primary_Science_Weather_Only,1.0260415958332743,0.2608695652173913,0,0,0,0,0,0,0,0,0,0,0.0,,,,,,0,NONE,,,,,,,0,0,0,0,0,0,NO_ACTIVITY,,0,1,1,1,1,0.0,,,,,,,,,,,,,,,,,,,0,False
,2019-05-24,180,2019,5,24,,,,177.29004444444445,258.4177,214.48888645833333,81.12765555555558,4.203993663004446,7.947622222222223,1.8313274433081237,96,,,,,Primary_Science_Weather_Only,1.0296194171811581,0.26421404682274247,0,0,0,0,0,0,0,0,0,0,0.0,,,,,,0,NONE,,,,,,,0,0,0,0,0,0,NO_ACTIVITY,,0,1,1,1,1,0.0,,,,,,,,,,,,,,,,,,,0,False
,2019-05-25,181,2019,5,25,,,,177.67194444444445,258.18013333333334,214.284988247129,80.5081888888889,4.242178054355767,7.741788888888888,1.8309289155469,97,,,,,Primary_Science_Weather_Only,1.0331844833456545,0.26755852842809363,0,0,0,0,0,0,0,0,0,0,0.0,,,,,,0,NONE,,,,,,,0,0,0,0,0,0,NO_ACTIVITY,,0,1,1,1,1,0.0,,,,,,,,,,,,,,,,,,,0,False
,2019-05-26,182,2019,5,26,,,,177.7905,258.19525555555555,214.10597815393848,80.40475555555554,4.1974774686314795,7.334516853932585,1.779902105556979,97,,,,,Primary_Science_Weather_Only,1.0367368849500223,0.2709030100334448,0,0,0,0,0,0,0,0,0,0,0.0,,,,,,0,NONE,,,,,,,0,0,0,0,0,0,NO_ACTIVITY,,0,1,1,1,1,0.0,,,,,,,,,,,,,,,,,,,0,False
,2019-05-27,183,2019,5,27,,,,177.5988888888889,257.6186333333333,214.10553192973506,80.01974444444443,4.193749330901601,7.809539325842696,1.779738422002263,97,,,,,Primary_Science_Weather_Only,1.0402767116551463,0.27424749163879597,0,0,0,0,0,0,0,0,0,0,0.0,,,,,,0,NONE,,,,,,,0,0,0,0,0,0,NO_ACTIVITY,,0,1,1,1,1,0.0,,,,,,,,,,,,,,,,,,,0,False
,2019-05-28,184,2019,5,28,,,,177.72632222222222,257.38924444444444,213.91460491573437,79.66292222222222,4.27701719936939,8.347255555555556,1.9945258277437392,97,,,,,Primary_Science_Weather_Only,1.0438040521731147,0.27759197324414714,0,0,0,0,0,0,0,0,0,0,0.0,,,,,,0,NONE,,,,,,,0,0,0,0,0,0,NO_ACTIVITY,,0,1,1,1,1,0.0,,,,,,,,,,,,,,,,,,,0,False
,2019-05-29,185,2019,5,29,,,,177.37568888888887,257.3902111111111,213.83429793814435,80.01452222222224,4.314261017187855,7.686911111111111,1.8761282245282511,97,,,,,Primary_Science_Weather_Only,1.0473189942805592,0.2809364548494983,0,0,0,0,0,0,0,0,0,0,0.0,,,,,,0,NONE,,,,,,,0,0,0,0,0,0,NO_ACTIVITY,,0,1,1,1,1,0.0,,,,,,,,,,,,,,,,,,,0,False
,2019-05-30,186,2019,5,30,,,,177.2782777777778,257.61563333333334,213.6845623193149,80.33735555555555,4.256610229520824,8.358366666666667,1.7260804747725491,97,,,,,Primary_Science_Weather_Only,1.0508216248317612,0.2842809364548495,0,0,0,0,0,0,0,0,0,0,0.0,,,,,,0,NONE,,,,,,,0,0,0,0,0,0,NO_ACTIVITY,,0,1,1,1,1,0.0,,,,,,,,,,,,,,,,,,,0,False
,2019-05-31,187,2019,5,31,,,,177.8549111111111,257.71594444444446,213.48037123009127,79.86103333333335,4.3771710241036255,7.764877777777778,1.8079857535083703,97,,,,,Primary_Science_Weather_Only,1.0543120297715298,0.28762541806020064,0,0,0,0,0,0,0,0,0,0,0.0,,,,,,0,NONE,,,,,,,0,0,0,0,0,0,NO_ACTIVITY,,0,1,1,1,1,0.0,,,,,,,,,,,,,,,,,,,0,False
,2019-06-01,188,2019,6,1,,,,178.56771111111112,256.91698444444444,213.19981396471837,78.34927333333331,4.450191346225978,8.667087248322147,2.0043894980492887,97,,,,,Primary_Science_Weather_Only,1.0577902941478545,0.2909698996655518,0,0,0,0,0,0,0,0,0,0,0.0,,,,,,0,NONE,,,,,,,0,0,0,0,0,0,NO_ACTIVITY,,0,1,1,1,1,0.0,,,,,,,,,,,,,,,,,,,0,False
,2019-06-02,189,2019,6,2,,,,177.88012666666663,257.91442666666666,213.01742563577912,80.03430000000003,4.307145114762729,8.279564444444445,1.7795916520984947,97,,,,,Primary_Science_Weather_Only,1.0612565021243408,0.29431438127090304,0,0,0,0,0,0,0,0,0,0,0.0,,,,,,0,NONE,,,,,,,0,0,0,0,0,0,NO_ACTIVITY,,0,1,1,1,1,0.0,,,,,,,,,,,,,,,,,,,0,False
,2019-06-03,190,2019,6,3,,,,177.73577333333333,257.3444977777778,212.43745849876305,79.60872444444448,4.394810336346027,8.281149553571428,1.7851532680771296,97,,,,,Primary_Science_Weather_Only,1.0647107369924282,0.2976588628762542,0,0,0,0,0,0,0,0,0,0,0.0,,,,,,0,NONE,,,,,,,0,0,0,0,0,0,NO_ACTIVITY,,0,1,1,1,1,0.0,,,,,,,,,,,,,,,,,,,0,False
,2019-06-04,191,2019,6,4,,,,178.21491111111112,258.22494666666665,211.98991827275867,80.01003555555553,4.483856382443753,8.297017777777777,1.818284326380189,97,,,,,Primary_Science_Weather_Only,1.0681530811834012,0.3010033444816054,0,0,0,0,0,0,0,0,0,0,0.0,,,,,,0,NONE,,,,,,,0,0,0,0,0,0,NO_ACTIVITY,,0,1,1,1,1,0.0,,,,,,,,,,,,,,,,,,,0,False
,2019-06-05,192,2019,6,5,,,,177.2414222222222,257.84962222222225,211.89053103699823,80.60820000000004,4.3710459457203035,8.891884444444445,2.068344030232908,97,,,,,Primary_Science_Weather_Only,1.0715836162801904,0.30434782608695654,0,0,0,0,0,0,0,0,0,0,0.0,,,,,,0,NONE,,,,,,,0,0,0,0,0,0,NO_ACTIVITY,,0,1,1,1,1,0.0,,,,,,,,,,,,,,,,,,,0,False
,2019-06-06,193,2019,6,6,,,,176.84094888888887,257.2374111111111,211.61946917955026,80.39646222222223,4.242312918294236,8.39728888888889,1.8896590093766987,97,,,,,Primary_Science_Weather_Only,1.0750024230289759,0.3076923076923077,0,0,0,0,0,0,0,0,0,0,0.0,,,,,,0,NONE,,,,,,,0,0,0,0,0,0,NO_ACTIVITY,,0,1,1,1,1,0.0,,,,,,,,,,,,,,,,,,,0,False
,2019-06-07,194,2019,6,7,,,,176.4960377777778,256.27610888888887,211.33259928140765,79.78007111111108,4.188668580375079,8.207299776286353,1.7976061345151448,97,,,,,Primary_Science_Weather_Only,1.0784095813505903,0.3110367892976589,0,0,0,0,0,0,0,0,0,0,0.0,,,,,,0,NONE,,,,,,,0,0,0,0,0,0,NO_ACTIVITY,,0,1,1,1,1,0.0,,,,,,,,,,,,,,,,,,,0,False
,2019-06-08,195,2019,6,8,,,,176.84942222222224,257.9115355555556,211.34274562827613,81.06211333333334,4.383711311361791,8.771011235955056,2.0434728424061874,97,,,,,Primary_Science_Weather_Only,1.0818051703517284,0.31438127090301005,0,0,0,0,0,0,0,0,0,0,0.0,,,,,,0,NONE,,,,,,,0,0,0,0,0,0,NO_ACTIVITY,,0,1,1,1,1,0.0,,,,,,,,,,,,,,,,,,,0,False
2019-06-16,2019-06-09,196,2019,6,9,167,6,3,175.85724666666667,256.01090666666664,211.28908590376545,80.15365999999997,4.413495679986055,8.651263392857143,2.155424494773183,97,202.0,,"Routine Activities, ICC Dust Devil Movie, and IDA Temperature Monitoring",39.91,Primary_Science,1.085189268335969,0.3177257525083612,10,4,0,3,1,0,0,1,1,0,0.32983739837398374,39.91,-0.16716666666666669,0.8535533905932737,-0.14268567512750893,36.0,0,IDA,0,0,0,1,0,0,0,0,0,0,1,0,THERMAL,0,0,1,1,0,1,0.22740998838559814,7,37,14,45,0,52,27,35,30,9,44,8,195,96,491,1178,54,804,1,True
,2019-06-10,197,2019,6,10,,,,176.27586666666667,256.7534933333333,211.30309013418716,80.47762666666665,4.1638048527726355,8.540435555555556,2.1822621364380033,97,,,,,Primary_Science_Weather_Only,1.0885619528146082,0.3210702341137124,0,0,0,0,0,0,0,0,0,0,0.0,,,,,,0,NONE,,,,,,,0,0,0,0,0,0,NO_ACTIVITY,,0,1,1,1,1,0.0,,,,,,,,,,,,,,,,,,,0,False
,2019-06-11,198,2019,6,11,,,,175.9605222222222,257.3486755555556,211.21412808667154,81.38815333333338,4.154965438769737,8.758717777777777,2.139975710705743,97,,,,,Primary_Science_Weather_Only,1.091923300517313,0.32441471571906355,0,0,0,0,0,0,0,0,0,0,0.0,,,,,,0,NONE,,,,,,,0,0,0,0,0,0,NO_ACTIVITY,,0,1,1,1,1,0.0,,,,,,,,,,,,,,,,,,,0,False
,2019-06-12,199,2019,6,12,,,,176.30565111111113,256.97625555555555,211.34608061597157,80.67060444444442,4.016752201810006,8.078351111111111,2.008615267245248,97,,,,,Primary_Science_Weather_Only,1.095273387402595,0.3277591973244147,0,0,0,0,0,0,0,0,0,0,0.0,,,,,,0,NONE,,,,,,,0,0,0,0,0,0,NO_ACTIVITY,,0,1,1,1,1,0.0,,,,,,,,,,,,,,,,,,,0,False
,2019-06-13,200,2019,6,13,,,,176.76672000000002,255.10628,211.34882036940158,78.33955999999998,4.157870110272611,8.871437777777778,2.4143179028718516,97,,,,,Primary_Science_Weather_Only,1.0986122886681098,0.3311036789297659,0,0,0,0,0,0,0,0,0,0,0.0,,,,,,0,NONE,,,,,,,0,0,0,0,0,0,NO_ACTIVITY,,0,1,1,1,1,0.0,,,,,,,,,,,,,,,,,,,0,False
,2019-06-14,201,2019,6,14,,,,175.13001555555556,255.5461733333333,211.39665417840106,80.41615777777773,4.187859209795397,8.958075555555556,2.382555619534549,97,,,,,Primary_Science_Weather_Only,1.1019400787607843,0.33444816053511706,0,0,0,0,0,0,0,0,0,0,0.0,,,,,,0,NONE,,,,,,,0,0,0,0,0,0,NO_ACTIVITY,,0,1,1,1,1,0.0,,,,,,,,,,,,,,,,,,,0,False
,2019-06-15,202,2019,6,15,,,,175.41822666666667,256.72798666666665,211.64285901577594,81.30975999999998,4.11258474109996,8.464962138084633,2.1990313674504085,97,,,,,Primary_Science_Weather_Only,1.1052568313867783,0.3377926421404682,0,0,0,0,0,0,0,0,0,0,0.0,,,,,,0,NONE,,,,,,,0,0,0,0,0,0,NO_ACTIVITY,,0,1,1,1,1,0.0,,,,,,,,,,,,,,,,,,,0,False
2019-06-23,2019-06-16,203,2019,6,16,174,6,7,176.68468222222222,256.14056222222223,211.65879505220042,79.45588000000001,4.081964645446224,8.381246666666668,2.1631173013138674,97,209.0,*,HP3 SSA Lift Part 1 and Part 2; Imaging,43.13,Primary_Science,1.1085626195212777,0.3411371237458194,9,3,1,2,0,1,0,0,1,0,0.24585365853658536,43.13,-0.14927777777777784,0.9829629131445341,-0.1467345193121869,7.0,0,HP3,0,0,0,1,1,*,1,0,0,0,0,0,SCIENCE,1,1,1,1,1,0,0.20065040650406502,0,30,7,52,7,59,27,36,30,9,45,8,202,103,484,1171,47,797,1,True
,2019-06-17,204,2019,6,17,,,,176.25616666666664,256.6839733333333,212.10468690508674,80.42780666666667,3.921828268118669,7.86943908045977,2.088860106131042,97,,,,,Primary_Science_Weather_Only,1.1118575154181303,0.34448160535117056,0,0,0,0,0,0,0,0,0,0,0.0,,,,,,0,NONE,,,,,,,0,0,0,0,0,0,NO_ACTIVITY,,0,1,1,1,1,0.0,,,,,,,,,,,,,,,,,,,0,False
,2019-06-18,205,2019,6,18,,,,175.0165266666667,255.97555333333327,212.0725474050299,80.95902666666657,3.9029838801630157,7.581508888888889,1.9958350196903996,97,,,,,Primary_Science_Weather_Only,1.1151415906193203,0.34782608695652173,0,0,0,0,0,0,0,0,0,0,0.0,,,,,,0,NONE,,,,,,,0,0,0,0,0,0,NO_ACTIVITY,,0,1,1,1,1,0.0,,,,,,,,,,,,,,,,,,,0,False
,2019-06-19,206,2019,6,19,,,,176.74343333333334,256.1885822222222,212.3672695207553,79.44514888888884,4.0334442415296055,8.108813333333334,2.0946110901353387,97,,,,,Primary_Science_Weather_Only,1.1184149159642893,0.3511705685618729,0,0,0,0,0,0,0,0,0,0,0.0,,,,,,0,NONE,,,,,,,0,0,0,0,0,0,NO_ACTIVITY,,0,1,1,1,1,0.0,,,,,,,,,,,,,,,,,,,0,False
,2019-06-20,207,2019,6,20,,,,177.01589777777778,256.1647444444444,212.48317505607955,79.14884666666663,4.08272473421809,8.557513333333333,2.111695110738617,97,,,,,Primary_Science_Weather_Only,1.1216775615991057,0.35451505016722407,0,0,0,0,0,0,0,0,0,0,0.0,,,,,,0,NONE,,,,,,,0,0,0,0,0,0,NO_ACTIVITY,,0,1,1,1,1,0.0,,,,,,,,,,,,,,,,,,,0,False
,2019-06-21,208,2019,6,21,,,,177.40896895787142,255.7826088888889,212.81837374131769,78.37363993101746,4.073140320135254,8.295100446428572,2.10149429274819,97,,,,,Primary_Science_Weather_Only,1.1249295969854831,0.35785953177257523,0,0,0,0,0,0,0,0,0,0,0.0,,,,,,0,NONE,,,,,,,0,0,0,0,0,0,NO_ACTIVITY,,0,1,1,1,1,0.0,,,,,,,,,,,,,,,,,,,0,False
,2019-06-22,209,2019,6,22,,,,177.61546888888887,254.43192666666667,212.528397494031,76.8164577777778,4.232198262985134,8.726302222222222,2.412072483555803,97,,,,,Primary_Science_Weather_Only,1.128171090909654,0.3612040133779264,0,0,0,0,0,0,0,0,0,0,0.0,,,,,,0,NONE,,,,,,,0,0,0,0,0,0,NO_ACTIVITY,,0,1,1,1,1,0.0,,,,,,,,,,,,,,,,,,,0,False
2019-06-30,2019-06-23,210,2019,6,23,181,6,12,176.47731777777778,254.6549711111111,212.66748877299793,78.17765333333332,4.173325309799867,8.525682222222223,2.3310597009755947,97,222.0,,Arm Grapple Adjustment Activity and Grapple Release of HP3 SSA,46.34,Primary_Science,1.1314021114911006,0.36454849498327757,10,2,0,2,1,1,0,0,0,0,0.2265040650406504,43.66,-0.13144444444444447,0.5000000000000001,-0.06572222222222225,7.0,0,IDA,1,0,0,0,0,0,0,0,1,0,0,0,DEPLOYMENT,0,0,1,1,1,0,0.17998838559814168,7,23,0,59,14,54,28,37,30,9,45,8,209,110,477,1164,40,790,1,True
,2019-06-24,211,2019,6,24,,,,176.16804444444443,255.41789111111112,212.61627757039682,79.24984666666668,4.07487008902812,8.390437777777779,2.1955119833076644,97,,,,,Primary_Science_Weather_Only,1.1346227261911428,0.36789297658862874,0,0,0,0,0,0,0,0,0,0,0.0,,,,,,0,NONE,,,,,,,0,0,0,0,0,0,NO_ACTIVITY,,0,1,1,1,1,0.0,,,,,,,,,,,,,,,,,,,0,False
,2019-06-25,212,2019,6,25,,,,176.53562222222223,254.9769822222222,212.6159106277951,78.44135999999997,4.152491949739682,9.746924444444444,2.4048365780230863,97,,,,,Primary_Science_Weather_Only,1.1378330018213911,0.3712374581939799,0,0,0,0,0,0,0,0,0,0,0.0,,,,,,0,NONE,,,,,,,0,0,0,0,0,0,NO_ACTIVITY,,0,1,1,1,1,0.0,,,,,,,,,,,,,,,,,,,0,False
,2019-06-26,213,2019,6,26,,,,176.89306444444443,254.7949,212.55011079598145,77.90183555555558,4.144302034068754,8.228892773892774,2.3014954375084122,97,,,,,Primary_Science_Weather_Only,1.1410330045520618,0.3745819397993311,0,0,0,0,0,0,0,0,0,0,0.0,,,,,,0,NONE,,,,,,,0,0,0,0,0,0,NO_ACTIVITY,,0,1,1,1,1,0.0,,,,,,,,,,,,,,,,,,,0,False
,2019-06-27,214,2019,6,27,,,,177.12500222222224,254.7170577777778,212.68338304905208,77.59205555555556,4.048406172682927,8.394349665924276,2.3292775140101645,97,,,,,Primary_Science_Weather_Only,1.144222799920162,0.3779264214046823,0,0,0,0,0,0,0,0,0,0,0.0,,,,,,0,NONE,,,,,,,0,0,0,0,0,0,NO_ACTIVITY,,0,1,1,1,1,0.0,,,,,,,,,,,,,,,,,,,0,False
,2019-06-28,215,2019,6,28,,,,177.0789022222222,255.68026666666665,213.02538743339198,78.60136444444444,4.194979214775646,8.77107158836689,2.256506552055395,97,,,,,Primary_Science_Weather_Only,1.1474024528375417,0.38127090301003347,0,0,0,0,0,0,0,0,0,0,0.0,,,,,,0,NONE,,,,,,,0,0,0,0,0,0,NO_ACTIVITY,,0,1,1,1,1,0.0,,,,,,,,,,,,,,,,,,,0,False
,2019-06-29,216,2019,6,29,,,,177.34566666666666,255.13216666666668,212.71144726962098,77.78650000000002,4.076981608907639,8.409948888888888,2.2898088982805667,97,,,,,Primary_Science_Weather_Only,1.1505720275988207,0.38461538461538464,0,0,0,0,0,0,0,0,0,0,0.0,,,,,,0,NONE,,,,,,,0,0,0,0,0,0,NO_ACTIVITY,,0,1,1,1,1,0.0,,,,,,,,,,,,,,,,,,,0,False
,2019-06-30,217,2019,6,30,,,,177.87727999999998,254.72580222222223,213.04250359022134,76.84852222222224,4.193231614149098,8.505922222222223,2.2486217908214625,96,,,,,Primary_Science_Weather_Only,1.1537315878891892,0.3879598662207358,0,0,0,0,0,0,0,0,0,0,0.0,,,,,,0,NONE,,,,,,,0,0,0,0,0,0,NO_ACTIVITY,,0,1,1,1,1,0.0,,,,,,,,,,,,,,,,,,,0,False
,2019-07-01,218,2019,7,1,,,,178.05006444444444,255.4737555555556,212.84856622578363,77.42369111111117,4.245351359209981,8.30083111111111,2.2066163713574762,97,,,,,Primary_Science_Weather_Only,1.1568811967920856,0.391304347826087,0,0,0,0,0,0,0,0,0,0,0.0,,,,,,0,NONE,,,,,,,0,0,0,0,0,0,NO_ACTIVITY,,0,1,1,1,1,0.0,,,,,,,,,,,,,,,,,,,0,False
,2019-07-02,219,2019,7,2,,,,177.72165777777778,256.24896,213.11468322501807,78.52730222222223,3.833507433695156,7.993523595505618,2.0107713201374797,97,,,,,Primary_Science_Weather_Only,1.1600209167967532,0.39464882943143814,0,0,0,0,0,0,0,0,0,0,0.0,,,,,,0,NONE,,,,,,,0,0,0,0,0,0,NO_ACTIVITY,,0,1,1,1,1,0.0,,,,,,,,,,,,,,,,,,,0,False
,2019-07-03,220,2019,7,3,,,,177.77817777777776,254.71018444444445,212.8143859947728,76.9320066666667,3.8638135433187815,7.878677852348993,2.2419394499255807,97,,,,,Primary_Science_Weather_Only,1.1631508098056809,0.3979933110367893,0,0,0,0,0,0,0,0,0,0,0.0,,,,,,0,NONE,,,,,,,0,0,0,0,0,0,NO_ACTIVITY,,0,1,1,1,1,0.0,,,,,,,,,,,,,,,,,,,0,False
,2019-07-04,221,2019,7,4,,,,177.37751333333333,254.54934444444444,212.47995517516574,77.17183111111112,4.094010975382995,7.644597777777777,2.050980241228251,97,,,,,Primary_Science_Weather_Only,1.1662709371419244,0.4013377926421405,0,0,0,0,0,0,0,0,0,0,0.0,,,,,,0,NONE,,,,,,,0,0,0,0,0,0,NO_ACTIVITY,,0,1,1,1,1,0.0,,,,,,,,,,,,,,,,,,,0,False
,2019-07-05,222,2019,7,5,,,,177.41735111111112,254.77596222222223,212.45663428641078,77.35861111111112,4.082455291494795,8.453873333333334,2.09423401289482,97,,,,,Primary_Science_Weather_Only,1.169381359556317,0.40468227424749165,0,0,0,0,0,0,0,0,0,0,0.0,,,,,,0,NONE,,,,,,,0,0,0,0,0,0,NO_ACTIVITY,,0,1,1,1,1,0.0,,,,,,,,,,,,,,,,,,,0,False
2019-07-13,2019-07-06,223,2019,7,6,194,5,20,176.93931555555554,254.6087666666667,212.52029104007633,77.66945111111116,4.002818162107402,8.295267260579065,2.211419733398782,95,229.0,,"IDS Stereo Imaging of HP3 SSA and Exposed Mole, Grapple Stow, Post Grapple Stow IDS Stereo Imaging of HP3 SSA and Mole Hole, and Close up Imaging of Mole Hole",52.26,Primary_Science,1.172482137234565,0.4080267558528428,30,7,0,3,1,1,0,0,1,0,0.5561788617886179,37.74,-0.09855555555555551,0.0669872981077807,-0.006601970380177939,13.0,0,HP3,1,0,0,3,0,0,1,0,0,0,0,0,SCIENCE,0,0,1,1,1,0,0.2524970963995354,0,10,13,72,27,41,29,38,30,9,46,8,222,123,464,1151,27,777,1,True
,2019-07-07,224,2019,7,7,,,,200.59074222222225,254.7025755555556,239.9704904643963,54.11183333333335,3.904280014596729,7.301968539325843,2.481395584086871,26,,,,,Primary_Science_Weather_Only,1.1755733298042381,0.411371237458194,0,0,0,0,0,0,0,0,0,0,0.0,,,,,,0,NONE,,,,,,,0,0,0,0,0,0,NO_ACTIVITY,,0,1,1,1,1,0.0,,,,,,,,,,,,,,,,,,,0,False
,2019-07-08,225,2019,7,8,,,,178.28089333333332,252.8526355555556,211.57678408987712,74.57174222222227,4.399936302354644,8.896265168539326,2.1538456985345857,97,,,,,Primary_Science_Weather_Only,1.1786549963416462,0.41471571906354515,0,0,0,0,0,0,0,0,0,0,0.0,,,,,,0,NONE,,,,,,,0,0,0,0,0,0,NO_ACTIVITY,,0,1,1,1,1,0.0,,,,,,,,,,,,,,,,,,,0,False
,2019-07-09,226,2019,7,9,,,,178.2829933333333,254.1668733333333,211.61214381222865,75.88388,4.361558391857999,8.526188340807174,2.1848796451146395,97,,,,,Primary_Science_Weather_Only,1.1817271953786161,0.4180602006688963,0,0,0,0,0,0,0,0,0,0,0.0,,,,,,0,NONE,,,,,,,0,0,0,0,0,0,NO_ACTIVITY,,0,1,1,1,1,0.0,,,,,,,,,,,,,,,,,,,0,False
,2019-07-10,227,2019,7,10,,,,178.0389888888889,253.08878222222225,211.6385784230249,75.04979333333335,3.9958685372566287,8.019075555555554,1.9713011829400657,97,,,,,Primary_Science_Weather_Only,1.184789984909162,0.4214046822742475,0,0,0,0,0,0,0,0,0,0,0.0,,,,,,0,NONE,,,,,,,0,0,0,0,0,0,NO_ACTIVITY,,0,1,1,1,1,0.0,,,,,,,,,,,,,,,,,,,0,False
,2019-07-11,228,2019,7,11,,,,179.28532,255.33179777777767,211.42757307641844,76.04647777777765,4.045339508168084,8.060424444444443,1.8175025699544314,97,,,,,Primary_Science_Weather_Only,1.1878434223960523,0.42474916387959866,0,0,0,0,0,0,0,0,0,0,0.0,,,,,,0,NONE,,,,,,,0,0,0,0,0,0,NO_ACTIVITY,,0,1,1,1,1,0.0,,,,,,,,,,,,,,,,,,,0,False
,2019-07-12,229,2019,7,12,,,,178.9455088888889,255.28196888888888,211.0695082071785,76.33645999999999,4.061718233644426,8.168186666666667,1.9630084223172177,97,,,,,Primary_Science_Weather_Only,1.1908875647772805,0.4280936454849498,0,0,0,0,0,0,0,0,0,0,0.0,,,,,,0,NONE,,,,,,,0,0,0,0,0,0,NO_ACTIVITY,,0,1,1,1,1,0.0,,,,,,,,,,,,,,,,,,,0,False
,2019-07-13,230,2019,7,13,,,,178.0768511111111,253.59360222222224,210.80745093184257,75.51675111111115,3.9459893457111175,8.596257777777778,2.0217834739569653,97,,,,,Primary_Science_Weather_Only,1.1939224684724346,0.431438127090301,0,0,0,0,0,0,0,0,0,0,0.0,,,,,,0,NONE,,,,,,,0,0,0,0,0,0,NO_ACTIVITY,,0,1,1,1,1,0.0,,,,,,,,,,,,,,,,,,,0,False
,2019-07-14,231,2019,7,14,,,,177.97258444444444,253.2118377777778,210.4168301641706,75.23925333333335,4.058028217685968,7.869553333333333,1.9928095496712428,97,,,,,Primary_Science_Weather_Only,1.1969481893889715,0.43478260869565216,0,0,0,0,0,0,0,0,0,0,0.0,,,,,,0,NONE,,,,,,,0,0,0,0,0,0,NO_ACTIVITY,,0,1,1,1,1,0.0,,,,,,,,,,,,,,,,,,,0,False
,2019-07-15,232,2019,7,15,,,,178.20539333333332,253.04518444444443,209.3658995288079,74.83979111111111,3.9287346098726976,7.991748878923767,1.9628098641333427,97,,,,,Primary_Science_Weather_Only,1.199964782928397,0.43812709030100333,0,0,0,0,0,0,0,0,0,0,0.0,,,,,,0,NONE,,,,,,,0,0,0,0,0,0,NO_ACTIVITY,,0,1,1,1,1,0.0,,,,,,,,,,,,,,,,,,,0,False
2019-07-24,2019-07-16,233,2019,7,16,205,2,3,178.27996444444443,254.1880577777778,209.4546488619966,75.90809333333337,3.8296027405189155,7.48516,1.9217892883347543,97,236.0,,Checkout Adjusted IDS Retirement Pose and Standoff Imaging of Mole Hole,56.78,Primary_Science,1.2029723039923526,0.4414715719063545,11,2,0,2,0,1,0,0,1,0,0.23382113821138212,33.22,-0.07344444444444442,0.8535533905932737,-0.06268875457579487,10.0,0,HP3,0,0,0,1,0,0,1,1,0,0,0,0,SCIENCE,0,0,1,1,1,0,0.2707665505226481,0,0,4,82,37,31,29,39,30,9,47,8,232,133,454,1141,17,767,1,True
,2019-07-17,234,2019,7,17,,,,176.78747555555557,253.92144222222225,209.3253539682303,77.13396666666668,3.7907498672604865,8.414020594965676,2.1287105349873507,97,,,,,Primary_Science_Weather_Only,1.205970806988609,0.44481605351170567,0,0,0,0,0,0,0,0,0,0,0.0,,,,,,0,NONE,,,,,,,0,0,0,0,0,0,NO_ACTIVITY,,0,1,1,1,1,0.0,,,,,,,,,,,,,,,,,,,0,False
,2019-07-18,235,2019,7,18,,,,177.7094111111111,254.71262,209.45985721290512,77.00320888888888,3.8736162217986845,7.675816554809844,1.9921314771791154,97,,,,,Primary_Science_Weather_Only,1.208960345836975,0.44816053511705684,0,0,0,0,0,0,0,0,0,0,0.0,,,,,,0,NONE,,,,,,,0,0,0,0,0,0,NO_ACTIVITY,,0,1,1,1,1,0.0,,,,,,,,,,,,,,,,,,,0,False
,2019-07-19,236,2019,7,19,,,,177.43671111111112,253.80652,209.2239139947109,76.36980888888888,3.8169743373462994,8.665304932735426,1.9132188686018496,97,,,,,Primary_Science_Weather_Only,1.2119409739751128,0.451505016722408,0,0,0,0,0,0,0,0,0,0,0.0,,,,,,0,NONE,,,,,,,0,0,0,0,0,0,NO_ACTIVITY,,0,1,1,1,1,0.0,,,,,,,,,,,,,,,,,,,0,False
2019-07-28,2019-07-20,237,2019,7,20,209,6,5,177.39008888888887,254.01702666666665,209.83169627951034,76.62693777777778,3.6244272376600932,7.95412,1.8855940359470016,97,242.0,,IDS Course Scoop Positioning Next to HP3 Mole Hole; IDS Place Flat Scoop on Soil and Press Down,58.58,Primary_Science,1.2149127443642704,0.45484949832775917,18,3,0,2,1,1,0,0,0,0,0.31170731707317073,31.42,-0.06344444444444464,0.9829629131445341,-0.062363535933947854,4.0,0,IDA,1,0,0,0,0,0,0,0,1,0,0,0,DEPLOYMENT,0,0,1,1,1,0,0.30016260162601627,4,4,0,86,41,27,30,40,30,9,47,8,236,137,450,1137,13,763,1,True
,2019-07-21,238,2019,7,21,,,,176.90179,253.89928666666668,209.5728483538841,76.99749666666668,3.973464594248194,9.18614606741573,2.101614980369846,97,,,,,Primary_Science_Weather_Only,1.2178757094949273,0.45819397993311034,0,0,0,0,0,0,0,0,0,0,0.0,,,,,,0,NONE,,,,,,,0,0,0,0,0,0,NO_ACTIVITY,,0,1,1,1,1,0.0,,,,,,,,,,,,,,,,,,,0,False
,2019-07-22,239,2019,7,22,,,,228.7637566666667,253.19273444444443,245.5844008476586,24.42897777777773,7.284453573266179,8.373015555555556,0.84378507431229,21,,,,,Primary_Science_Weather_Only,1.220829921392359,0.46153846153846156,0,0,0,0,0,0,0,0,0,0,0.0,,,,,,0,NONE,,,,,,,0,0,0,0,0,0,NO_ACTIVITY,,0,1,1,1,1,0.0,,,,,,,,,,,,,,,,,,,0,False
,2019-07-23,240,2019,7,23,,,,186.6489022298456,250.4928603104213,208.7091505614154,63.8439580805757,2.312504521942214,4.516557065217391,1.219710120708428,35,,,,,Primary_Science_Weather_Only,1.2237754316221157,0.46488294314381273,0,0,0,0,0,0,0,0,0,0,0.0,,,,,,0,NONE,,,,,,,0,0,0,0,0,0,NO_ACTIVITY,,0,1,1,1,1,0.0,,,,,,,,,,,,,,,,,,,0,False
,2019-07-24,241,2019,7,24,,,,176.38409,208.9434466666667,185.83491268892075,32.5593566666667,3.5453012437692775,5.484291434927697,0.54290846622808,34,,,,,Primary_Science_Weather_Only,1.2267122912954254,0.4682274247491639,0,0,0,0,0,0,0,0,0,0,0.0,,,,,,0,NONE,,,,,,,0,0,0,0,0,0,NO_ACTIVITY,,0,1,1,1,1,0.0,,,,,,,,,,,,,,,,,,,0,False
,2019-07-25,242,2019,7,25,,,,176.1950733333333,253.8177122222222,210.0693725073927,77.6226388888889,4.048515592831692,8.231571103526734,2.213573595192642,97,,,,,Primary_Science_Weather_Only,1.2296405510745139,0.47157190635451507,0,0,0,0,0,0,0,0,0,0,0.0,,,,,,0,NONE,,,,,,,0,0,0,0,0,0,NO_ACTIVITY,,0,1,1,1,1,0.0,,,,,,,,,,,,,,,,,,,0,False
2019-08-03,2019-07-26,243,2019,7,26,215,5,9,177.19917444444445,253.68722,210.2814154506234,76.48804555555554,3.9026351548817044,8.34209584295612,2.048523841801623,97,249.0,,"IDS Scoop Tip on Soil Above Hole and on Side, Upload New LME Full Curve and Set to Default, and SEIS Flash Maintenance and Tilt Measurement",61.28,Primary_Science,1.2325602611778486,0.47491638795986624,26,7,0,2,1,0,1,0,0,0,0.4769105691056911,28.72,-0.04844444444444451,0.8535533905932737,-0.041349919810963094,6.0,0,SEIS,0,0,0,1,0,0,0,1,0,0,0,0,MAINTENANCE,0,0,0,0,1,0,0.34011614401858303,10,0,6,89,42,21,31,40,31,9,47,8,242,143,444,1131,7,757,1,True
,2019-07-27,244,2019,7,27,,,,177.6250377777778,253.0404022222222,211.03293497059394,75.4153644444444,4.114251714027062,8.746952008928572,2.0584836698667326,97,,,,,Primary_Science_Weather_Only,1.235471471385307,0.4782608695652174,0,0,0,0,0,0,0,0,0,0,0.0,,,,,,0,NONE,,,,,,,0,0,0,0,0,0,NO_ACTIVITY,,0,1,1,1,1,0.0,,,,,,,,,,,,,,,,,,,0,False
,2019-07-28,245,2019,7,28,,,,178.62135777777775,253.56538666666663,211.21775329721686,74.94402888888888,4.16154993271156,8.316082932692307,1.9840840389423806,97,,,,,Primary_Science_Weather_Only,1.2383742310432684,0.4816053511705686,0,0,0,0,0,0,0,0,0,0,0.0,,,,,,0,NONE,,,,,,,0,0,0,0,0,0,NO_ACTIVITY,,0,1,1,1,1,0.0,,,,,,,,,,,,,,,,,,,0,False
,2019-07-29,246,2019,7,29,,,,179.07748723640398,253.0709744444445,211.08406772093284,73.9934872080405,4.035404148321969,8.387545034642033,2.2363670642055276,97,,,,,Primary_Science_Weather_Only,1.2412685890696329,0.48494983277591974,0,0,0,0,0,0,0,0,0,0,0.0,,,,,,0,NONE,,,,,,,0,0,0,0,0,0,NO_ACTIVITY,,0,1,1,1,1,0.0,,,,,,,,,,,,,,,,,,,0,False
,2019-07-30,247,2019,7,30,,,,179.01182555555556,253.41019444444444,211.31308939907288,74.39836888888888,4.1539272650014905,8.821911534154534,2.204060748445972,97,,,,,Primary_Science_Weather_Only,1.244154593958768,0.4882943143812709,0,0,0,0,0,0,0,0,0,0,0.0,,,,,,0,NONE,,,,,,,0,0,0,0,0,0,NO_ACTIVITY,,0,1,1,1,1,0.0,,,,,,,,,,,,,,,,,,,0,False
,2019-07-31,248,2019,7,31,,,,178.01573000000002,254.04226333333327,216.14865150807682,76.02653333333325,4.391987759658492,9.2762752293578,2.544389919288821,81,,,,,Primary_Science_Weather_Only,1.247032293786383,0.4916387959866221,0,0,0,0,0,0,0,0,0,0,0.0,,,,,,0,NONE,,,,,,,0,0,0,0,0,0,NO_ACTIVITY,,0,1,1,1,1,0.0,,,,,,,,,,,,,,,,,,,0,False
,2019-08-01,249,2019,8,1,,,,180.71206777777772,189.36037592592592,185.29669889591915,8.648308148148203,3.271134647005069,3.666852222222222,0.24083325653298504,13,,,,,Primary_Science_Weather_Only,1.2499017362143359,0.49498327759197325,0,0,0,0,0,0,0,0,0,0,0.0,,,,,,0,NONE,,,,,,,0,0,0,0,0,0,NO_ACTIVITY,,0,1,1,1,1,0.0,,,,,,,,,,,,,,,,,,,0,False
2019-08-10,2019-08-02,250,2019,8,2,222,5,14,177.88410666666667,252.94523777777772,210.48349088238908,75.06113111111105,4.337432216393222,9.214255839822023,2.365352395579878,97,256.0,,IDS Soil Interaction and Put IDA in Retirement Pose in Preparation for Solar Conjunction,64.43,Primary_Science,1.252762968495368,0.4983277591973244,14,2,0,1,1,0,0,0,0,0,0.20577235772357724,25.569999999999993,-0.03094444444444444,0.2500000000000001,-0.007736111111111114,7.0,0,IDA,0,0,0,0,0,0,0,0,0,0,0,0,OTHER,0,0,1,1,1,0,0.3223925667828107,7,7,13,82,35,14,32,40,31,9,47,8,249,150,437,1124,0,750,1,True
,2019-08-03,251,2019,8,3,,,,177.40444444444444,253.28493666666665,212.7550747441322,75.88049222222222,4.239653282265095,9.040338153503892,2.368807815168659,89,,,,,Primary_Science_Weather_Only,1.2556160374777743,0.5016722408026756,0,0,0,0,0,0,0,0,0,0,0.0,,,,,,0,NONE,,,,,,,0,0,0,0,0,0,NO_ACTIVITY,,0,1,1,1,1,0.0,,,,,,,,,,,,,,,,,,,0,False
,2019-08-08,256,2019,8,8,,,,177.00085333333334,252.9189133333333,211.37930359827192,75.91805999999997,4.2474430421633995,8.177992924528303,2.221215469920283,93,,,,,Primary_Science_Weather_Only,1.269760544863939,0.5183946488294314,0,0,0,0,0,0,0,0,0,0,0.0,,,,,,0,NONE,,,,,,,0,0,0,0,0,0,NO_ACTIVITY,,0,1,1,1,1,0.0,,,,,,,,,,,,,,,,,,,0,False
2019-08-17,2019-08-09,257,2019,8,9,229,5,19,177.55317444444444,253.3650077777778,210.3376031611198,75.81183333333337,4.068299283268104,9.691753333333333,2.078824440748171,97,263.0,,"Mole Hole Imaging, Put IDA in Retirement Pose in Preparation for Solar Conjunction, and Configure Instruments and Spacecraft for Conjunction",67.57,Primary_Science,1.2725655957915476,0.5217391304347826,20,5,0,3,1,1,0,0,1,0,0.4296747967479675,22.430000000000007,-0.013500000000000068,0.01703708685546579,-0.0002300006725487893,7.0,0,IDA,0,0,0,1,0,0,1,0,0,0,0,0,SCIENCE,0,0,1,1,1,0,0.3486527293844367,0,14,20,75,28,7,33,41,31,9,48,8,256,157,430,1117,7,743,1,True
,2019-08-10,258,2019,8,10,,,,177.32878222222223,253.30696666666665,209.98047655897244,75.97818444444442,4.196861690080234,9.483035555555556,2.305466447785633,97,,,,,Primary_Science_Weather_Only,1.275362800412609,0.5250836120401338,0,0,0,0,0,0,0,0,0,0,0.0,,,,,,0,NONE,,,,,,,0,0,0,0,0,0,NO_ACTIVITY,,0,1,1,1,1,0.0,,,,,,,,,,,,,,,,,,,0,False
,2019-08-11,259,2019,8,11,,,,176.34200222222222,253.26377666666667,210.06468766752081,76.92177444444445,4.012144360610405,8.474705542725173,2.2424885389116143,97,,,,,Primary_Science_Weather_Only,1.2781522025001875,0.5284280936454849,0,0,0,0,0,0,0,0,0,0,0.0,,,,,,0,NONE,,,,,,,0,0,0,0,0,0,NO_ACTIVITY,,0,1,1,1,1,0.0,,,,,,,,,,,,,,,,,,,0,False
,2019-08-12,260,2019,8,12,,,,176.39768333333333,253.5377055555556,209.81759800269288,77.14002222222226,4.3368261438074285,8.348075639599555,2.284187960672483,97,,,,,Primary_Science_Weather_Only,1.2809338454620642,0.5317725752508361,0,0,0,0,0,0,0,0,0,0,0.0,,,,,,0,NONE,,,,,,,0,0,0,0,0,0,NO_ACTIVITY,,0,1,1,1,1,0.0,,,,,,,,,,,,,,,,,,,0,False
,2019-08-13,261,2019,8,13,,,,177.08840999999998,252.99395888888887,209.82577457704656,75.90554888888889,4.362811815574894,8.939992222222223,2.3426155872066863,97,,,,,Primary_Science_Weather_Only,1.2837077723447896,0.5351170568561873,0,0,0,0,0,0,0,0,0,0,0.0,,,,,,0,NONE,,,,,,,0,0,0,0,0,0,NO_ACTIVITY,,0,1,1,1,1,0.0,,,,,,,,,,,,,,,,,,,0,False
,2019-08-14,262,2019,8,14,,,,184.8769838709677,203.94116111111111,192.84506994659856,19.064177240143408,2.5839123858487243,3.7840666666666665,0.9971436839622234,20,,,,,Primary_Science_Weather_Only,1.2864740258376797,0.5384615384615384,0,0,0,0,0,0,0,0,0,0,0.0,,,,,,0,NONE,,,,,,,0,0,0,0,0,0,NO_ACTIVITY,,0,1,1,1,1,0.0,,,,,,,,,,,,,,,,,,,0,False
,2019-08-15,263,2019,8,15,,,,176.93253333333334,252.7635822222222,214.43646737805673,75.83104888888886,4.985860418563852,9.258444938820912,2.1433065060222596,75,,,,,Primary_Science_Weather_Only,1.2892326482767593,0.5418060200668896,0,0,0,0,0,0,0,0,0,0,0.0,,,,,,0,NONE,,,,,,,0,0,0,0,0,0,NO_ACTIVITY,,0,1,1,1,1,0.0,,,,,,,,,,,,,,,,,,,0,False
2019-08-24,2019-08-16,264,2019,8,16,236,5,23,176.19871777777777,252.7882922222222,209.43873769428384,76.58957444444442,4.605186268233376,9.47792,2.388417460438067,97,284.0,,Solar Conjunction; Reduced Instrument Data Collection,70.71,Primary_Science,1.2919836816486494,0.5451505016722408,6,2,0,0,0,0,0,0,0,0,0.09723577235772357,19.290000000000006,0.003944444444444306,0.3705904774487392,0.0014617735499366422,7.0,0,UNKNOWN,0,0,0,2,0,0,1,0,0,0,0,1,SCIENCE,0,0,1,1,1,0,0.3301858304297328,0,21,27,68,21,0,33,41,31,9,48,8,263,164,423,1110,14,736,1,True
,2019-08-17,265,2019,8,17,,,,176.46858111111112,253.10787666666667,208.93461505802938,76.63929555555555,4.341454590486827,9.642003333333331,2.222426238196092,97,,,,,Primary_Science_Weather_Only,1.2947271675944,0.5484949832775919,0,0,0,0,0,0,0,0,0,0,0.0,,,,,,0,NONE,,,,,,,0,0,0,0,0,0,NO_ACTIVITY,,0,1,1,1,1,0.0,,,,,,,,,,,,,,,,,,,0,False
,2019-08-18,266,2019,8,18,,,,176.75780666666668,252.36576777777776,208.8715289697166,75.60796111111108,4.339401048058904,9.32644,2.3324218530097602,97,,,,,Primary_Science_Weather_Only,1.297463147413275,0.5518394648829431,0,0,0,0,0,0,0,0,0,0,0.0,,,,,,0,NONE,,,,,,,0,0,0,0,0,0,NO_ACTIVITY,,0,1,1,1,1,0.0,,,,,,,,,,,,,,,,,,,0,False
,2019-08-19,267,2019,8,19,,,,176.43323333333333,252.2656088888889,208.3518298045153,75.83237555555556,4.3024058543227675,9.749901001112349,2.4957283338336618,97,,,,,Primary_Science_Weather_Only,1.3001916620664788,0.5551839464882943,0,0,0,0,0,0,0,0,0,0,0.0,,,,,,0,NONE,,,,,,,0,0,0,0,0,0,NO_ACTIVITY,,0,1,1,1,1,0.0,,,,,,,,,,,,,,,,,,,0,False
,2019-08-20,268,2019,8,20,,,,176.27191000000002,248.3470555555556,202.05877657908295,72.0751455555556,3.0780449187603254,5.659571095571096,1.1216018151309421,84,,,,,Primary_Science_Weather_Only,1.3029127521808397,0.5585284280936454,0,0,0,0,0,0,0,0,0,0,0.0,,,,,,0,NONE,,,,,,,0,0,0,0,0,0,NO_ACTIVITY,,0,1,1,1,1,0.0,,,,,,,,,,,,,,,,,,,0,False
,2019-08-21,269,2019,8,21,,,,175.2986511111111,252.67496666666665,207.94386196730747,77.37631555555555,4.224979598300673,9.990033333333333,2.4933642203739956,96,,,,,Primary_Science_Weather_Only,1.3056264580524357,0.5618729096989966,0,0,0,0,0,0,0,0,0,0,0.0,,,,,,0,NONE,,,,,,,0,0,0,0,0,0,NO_ACTIVITY,,0,1,1,1,1,0.0,,,,,,,,,,,,,,,,,,,0,False
,2019-08-22,270,2019,8,22,,,,176.1747,252.69552222222225,208.27778432769398,76.52082222222225,4.091482982873374,9.350488888888888,2.56354298455803,97,,,,,Primary_Science_Weather_Only,1.308332819650179,0.5652173913043478,0,0,0,0,0,0,0,0,0,0,0.0,,,,,,0,NONE,,,,,,,0,0,0,0,0,0,NO_ACTIVITY,,0,1,1,1,1,0.0,,,,,,,,,,,,,,,,,,,0,False
,2019-08-23,271,2019,8,23,,,,176.19421111111112,251.7564,208.084552608345,75.5621888888889,4.167627932510584,9.506157303370786,2.5320424528547893,97,,,,,Primary_Science_Weather_Only,1.3110318766193438,0.568561872909699,0,0,0,0,0,0,0,0,0,0,0.0,,,,,,0,NONE,,,,,,,0,0,0,0,0,0,NO_ACTIVITY,,0,1,1,1,1,0.0,,,,,,,,,,,,,,,,,,,0,False
,2019-08-24,272,2019,8,24,,,,175.35605555555554,252.27126666666663,207.9274905863097,76.91521111111109,4.233129814604995,8.831011235955057,2.1495827086826256,97,,,,,Primary_Science_Weather_Only,1.3137236682850553,0.5719063545150501,0,0,0,0,0,0,0,0,0,0,0.0,,,,,,0,NONE,,,,,,,0,0,0,0,0,0,NO_ACTIVITY,,0,1,1,1,1,0.0,,,,,,,,,,,,,,,,,,,0,False
,2019-08-25,273,2019,8,25,,,,176.99797777777778,253.0358111111112,208.20929127317467,76.03783333333342,4.343068893942341,8.610896551724139,2.257257104128178,97,,,,,Primary_Science_Weather_Only,1.3164082336557241,0.5752508361204013,0,0,0,0,0,0,0,0,0,0,0.0,,,,,,0,NONE,,,,,,,0,0,0,0,0,0,NO_ACTIVITY,,0,1,1,1,1,0.0,,,,,,,,,,,,,,,,,,,0,False
,2019-08-26,274,2019,8,26,,,,176.6356888888889,252.8641888888889,208.50530152804382,76.2285,4.145574550721946,9.535988636363635,2.2486195166853067,97,,,,,Primary_Science_Weather_Only,1.3190856114264407,0.5785953177257525,0,0,0,0,0,0,0,0,0,0,0.0,,,,,,0,NONE,,,,,,,0,0,0,0,0,0,NO_ACTIVITY,,0,1,1,1,1,0.0,,,,,,,,,,,,,,,,,,,0,False
,2019-08-27,275,2019,8,27,,,,175.37535555555556,243.3036891891892,194.10769890565084,67.92833363363366,6.2852439232365915,8.679766666666666,1.7094503660227822,64,,,,,Primary_Science_Weather_Only,1.3217558399823195,0.5819397993311036,0,0,0,0,0,0,0,0,0,0,0.0,,,,,,0,NONE,,,,,,,0,0,0,0,0,0,NO_ACTIVITY,,0,1,1,1,1,0.0,,,,,,,,,,,,,,,,,,,0,False
,2019-08-28,276,2019,8,28,,,,176.1999,252.10538888888888,208.71086101503604,75.90548888888887,4.134717953718066,9.20826966292135,2.2335161750735164,97,,,,,Primary_Science_Weather_Only,1.324418957401803,0.5852842809364549,0,0,0,0,0,0,0,0,0,0,0.0,,,,,,0,NONE,,,,,,,0,0,0,0,0,0,NO_ACTIVITY,,0,1,1,1,1,0.0,,,,,,,,,,,,,,,,,,,0,False
,2019-08-29,277,2019,8,29,,,,176.11043333333333,252.3268611111111,210.48598846295712,76.21642777777777,4.250070742776285,9.178871508379888,2.3509039793543205,83,,,,,Primary_Science_Weather_Only,1.3270750014599193,0.5886287625418061,0,0,0,0,0,0,0,0,0,0,0.0,,,,,,0,NONE,,,,,,,0,0,0,0,0,0,NO_ACTIVITY,,0,1,1,1,1,0.0,,,,,,,,,,,,,,,,,,,0,False
,2019-09-14,293,2019,9,14,,,,186.25403777777777,247.45601555555555,210.86715832742323,61.201977777777785,2.826924785089392,7.191077844311378,1.4965386036685953,31,,,,,Primary_Science_Weather_Only,1.3686394258811698,0.6421404682274248,0,0,0,0,0,0,0,0,0,0,0.0,,,,,,0,NONE,,,,,,,0,0,0,0,0,0,NO_ACTIVITY,,0,1,1,1,1,0.0,,,,,,,,,,,,,,,,,,,0,False
,2019-09-15,294,2019,9,15,,,,176.1673577777778,251.34362222222225,209.317948477538,75.17626444444446,4.776146398359523,10.387195991091314,2.6726100714193555,97,,,,,Primary_Science_Weather_Only,1.3711807233098425,0.6454849498327759,0,0,0,0,0,0,0,0,0,0,0.0,,,,,,0,NONE,,,,,,,0,0,0,0,0,0,NO_ACTIVITY,,0,1,1,1,1,0.0,,,,,,,,,,,,,,,,,,,0,False
,2019-09-16,295,2019,9,16,,,,175.72964000000002,252.7170377777778,209.7105708027565,76.98739777777777,4.474126413204797,8.885367483296214,2.1179314870561057,97,,,,,Primary_Science_Weather_Only,1.3737155789130306,0.6488294314381271,0,0,0,0,0,0,0,0,0,0,0.0,,,,,,0,NONE,,,,,,,0,0,0,0,0,0,NO_ACTIVITY,,0,1,1,1,1,0.0,,,,,,,,,,,,,,,,,,,0,False
,2019-09-17,296,2019,9,17,,,,174.97956222222223,252.80009777777772,209.48825300892142,77.8205355555555,4.30576632480949,9.452982222222222,2.33947898329837,97,,,,,Primary_Science_Weather_Only,1.3762440252663892,0.6521739130434783,0,0,0,0,0,0,0,0,0,0,0.0,,,,,,0,NONE,,,,,,,0,0,0,0,0,0,NO_ACTIVITY,,0,1,1,1,1,0.0,,,,,,,,,,,,,,,,,,,0,False
,2019-09-18,297,2019,9,18,,,,174.91050666666666,251.91116,209.4384798132359,77.00065333333333,4.542701060556418,9.500387527839644,2.4328891778907886,97,,,,,Primary_Science_Weather_Only,1.3787660946990992,0.6555183946488294,0,0,0,0,0,0,0,0,0,0,0.0,,,,,,0,NONE,,,,,,,0,0,0,0,0,0,NO_ACTIVITY,,0,1,1,1,1,0.0,,,,,,,,,,,,,,,,,,,0,False
2019-09-28,2019-09-19,298,2019,9,19,271,5,21,174.92893555555554,252.0197711111111,209.46428511020497,77.09083555555557,4.417498431942617,8.864180803571427,2.4467933301099842,97,304.0,,"IDA Horizontal Pin of Mole, Long Shadow Images, and HP3 Parameter Table Upload",85.98,Primary_Science,1.3812818192963463,0.6588628762541806,13,4,0,2,1,1,0,0,0,0,0.30178861788617883,4.019999999999996,0.08877777777777784,0.14644660940672616,0.013001204546219365,7.0,0,HP3,0,0,0,0,0,0,0,0,0,0,0,0,OTHER,0,0,1,1,1,0,0.32441347270615567,7,7,61,34,13,34,35,43,33,10,48,9,297,198,389,1076,48,702,1,True
,2019-09-20,299,2019,9,20,,,,175.7341311111111,252.8700355555556,209.47783802255424,77.13590444444449,4.216067433385306,9.285370535714284,2.2484120143842343,97,,,,,Primary_Science_Weather_Only,1.3837912309017721,0.6622073578595318,0,0,0,0,0,0,0,0,0,0,0.0,,,,,,0,NONE,,,,,,,0,0,0,0,0,0,NO_ACTIVITY,,0,1,1,1,1,0.0,,,,,,,,,,,,,,,,,,,0,False
,2019-09-21,300,2019,9,21,,,,174.4426888888889,252.53716444444444,209.0600433658899,78.09447555555553,4.36988101078436,9.449654788418709,2.4859971030805825,97,,,,,Primary_Science_Weather_Only,1.3862943611198906,0.6655518394648829,0,0,0,0,0,0,0,0,0,0,0.0,,,,,,0,NONE,,,,,,,0,0,0,0,0,0,NO_ACTIVITY,,0,1,1,1,1,0.0,,,,,,,,,,,,,,,,,,,0,False
,2019-09-22,301,2019,9,22,,,,175.82462222222222,252.40367333333336,209.06010709915859,76.57905111111114,4.428125415303857,9.54588740245262,2.538298929322613,97,,,,,Primary_Science_Weather_Only,1.3887912413184778,0.6688963210702341,0,0,0,0,0,0,0,0,0,0,0.0,,,,,,0,NONE,,,,,,,0,0,0,0,0,0,NO_ACTIVITY,,0,1,1,1,1,0.0,,,,,,,,,,,,,,,,,,,0,False
,2019-09-23,302,2019,9,23,,,,183.9663366778149,222.88029666666665,195.7689567867146,38.91395998885176,2.1630290635973686,3.3101779755283647,0.6631655048059162,26,,,,,Primary_Science_Weather_Only,1.3912819026309295,0.6722408026755853,0,0,0,0,0,0,0,0,0,0,0.0,,,,,,0,NONE,,,,,,,0,0,0,0,0,0,NO_ACTIVITY,,0,1,1,1,1,0.0,,,,,,,,,,,,,,,,,,,0,False
,2019-09-24,303,2019,9,24,,,,176.4815211111111,253.8540055555556,213.06240797491498,77.3724844444445,5.3357066756153015,8.732571906354515,2.0067330686785554,68,,,,,Primary_Science_Weather_Only,1.3937663759585914,0.6755852842809364,0,0,0,0,0,0,0,0,0,0,0.0,,,,,,0,NONE,,,,,,,0,0,0,0,0,0,NO_ACTIVITY,,0,1,1,1,1,0.0,,,,,,,,,,,,,,,,,,,0,False
,2019-09-25,304,2019,9,25,,,,183.47836032388665,242.91267888888888,202.08482297016405,59.43431856500223,2.0411225048758856,3.589897550111359,0.791592555786049,32,,,,,Primary_Science_Weather_Only,1.3962446919730587,0.6789297658862876,0,0,0,0,0,0,0,0,0,0,0.0,,,,,,0,NONE,,,,,,,0,0,0,0,0,0,NO_ACTIVITY,,0,1,1,1,1,0.0,,,,,,,,,,,,,,,,,,,0,False
,2019-09-28,307,2019,9,28,,,,174.08072666666666,252.63538222222223,206.17732602614646,78.55465555555557,4.982786456849591,9.223569794050343,2.26162700698798,57,,,,,Primary_Science_Weather_Only,1.4036429994545037,0.6889632107023411,0,0,0,0,0,0,0,0,0,0,0.0,,,,,,0,NONE,,,,,,,0,0,0,0,0,0,NO_ACTIVITY,,0,1,1,1,1,0.0,,,,,,,,,,,,,,,,,,,0,False
,2019-09-29,308,2019,9,29,,,,175.60070000000002,253.05693222222223,208.28555394023496,77.45623222222221,4.3299840817073365,9.575672222222222,2.3659811889270363,97,,,,,Primary_Science_Weather_Only,1.4060969884160703,0.6923076923076923,0,0,0,0,0,0,0,0,0,0,0.0,,,,,,0,NONE,,,,,,,0,0,0,0,0,0,NO_ACTIVITY,,0,1,1,1,1,0.0,,,,,,,,,,,,,,,,,,,0,False
,2019-09-30,309,2019,9,30,,,,183.56691252955085,251.5535288888889,215.42365929159723,67.98661635933806,3.7187133923159252,9.166273333333336,2.5404706610658288,45,,,,,Primary_Science_Weather_Only,1.4085449700547104,0.6956521739130435,0,0,0,0,0,0,0,0,0,0,0.0,,,,,,0,NONE,,,,,,,0,0,0,0,0,0,NO_ACTIVITY,,0,1,1,1,1,0.0,,,,,,,,,,,,,,,,,,,0,False
,2019-10-01,310,2019,10,1,,,,174.36870666666667,247.11166444444444,199.35022102340054,72.74295777777778,4.610260097839476,9.61101226309922,2.6912055296665205,49,,,,,Primary_Science_Weather_Only,1.410986973710262,0.6989966555183946,0,0,0,0,0,0,0,0,0,0,0.0,,,,,,0,NONE,,,,,,,0,0,0,0,0,0,NO_ACTIVITY,,0,1,1,1,1,0.0,,,,,,,,,,,,,,,,,,,0,False
2019-10-12,2019-10-02,311,2019,10,2,285,5,6,175.1701977777778,252.94122222222225,208.18891344540927,77.77102444444446,4.579229790489978,9.874921568627451,2.6156357445463327,97,317.0,,Second and Third Opportunities to Hammer with Mole and Long Shadow Images,91.87,Primary_Science,1.413423028508143,0.7023411371237458,12,3,0,1,0,1,0,0,0,0,0.2178048780487805,1.8700000000000045,0.12150000000000005,1.0,0.12150000000000005,6.0,0,HP3,0,0,0,0,0,0,0,0,0,0,0,0,OTHER,0,0,1,1,1,0,0.3132868757259001,7,20,74,21,26,35,36,45,33,10,48,9,310,211,376,1063,61,689,1,True
,2019-10-03,312,2019,10,3,,,,174.4861711111111,254.22,208.38779919059584,79.7338288888889,4.238872397144802,10.336704115684094,2.5341438744169626,97,,,,,Primary_Science_Weather_Only,1.415853163361435,0.705685618729097,0,0,0,0,0,0,0,0,0,0,0.0,,,,,,0,NONE,,,,,,,0,0,0,0,0,0,NO_ACTIVITY,,0,1,1,1,1,0.0,,,,,,,,,,,,,,,,,,,0,False
,2019-10-04,313,2019,10,4,,,,173.76681444444444,252.16082111111112,208.4098200519305,78.39400666666668,4.480269490712493,10.117042363433669,2.64549370837128,97,,,,,Primary_Science_Weather_Only,1.4182774069729414,0.7090301003344481,0,0,0,0,0,0,0,0,0,0,0.0,,,,,,0,NONE,,,,,,,0,0,0,0,0,0,NO_ACTIVITY,,0,1,1,1,1,0.0,,,,,,,,,,,,,,,,,,,0,False
,2019-10-05,314,2019,10,5,,,,174.32074333333333,252.9529455555556,208.51987664694187,78.63220222222228,4.28642978183259,9.88599442586399,2.6418382171212973,97,,,,,Primary_Science_Weather_Only,1.420695787837223,0.7123745819397993,0,0,0,0,0,0,0,0,0,0,0.0,,,,,,0,NONE,,,,,,,0,0,0,0,0,0,NO_ACTIVITY,,0,1,1,1,1,0.0,,,,,,,,,,,,,,,,,,,0,False
,2019-10-06,315,2019,10,6,,,,174.1983288888889,251.79081,208.26210600149147,77.59248111111108,4.629281374586386,10.85102840909091,2.845753332122043,97,,,,,Primary_Science_Weather_Only,1.423108334242607,0.7157190635451505,0,0,0,0,0,0,0,0,0,0,0.0,,,,,,0,NONE,,,,,,,0,0,0,0,0,0,NO_ACTIVITY,,0,1,1,1,1,0.0,,,,,,,,,,,,,,,,,,,0,False
,2019-10-07,316,2019,10,7,,,,174.89400998890122,253.33758333333336,209.1239375948704,78.44357334443214,4.675950635742914,10.32999888888889,2.6506748137620137,97,,,,,Primary_Science_Weather_Only,1.425515074273172,0.7190635451505016,0,0,0,0,0,0,0,0,0,0,0.0,,,,,,0,NONE,,,,,,,0,0,0,0,0,0,NO_ACTIVITY,,0,1,1,1,1,0.0,,,,,,,,,,,,,,,,,,,0,False
,2019-10-08,317,2019,10,8,,,,175.08445666666665,252.8358088888889,209.2484451493809,77.75135222222224,4.602718212028585,9.859494444444444,2.6720662270047133,97,,,,,Primary_Science_Weather_Only,1.4279160358107101,0.7224080267558528,0,0,0,0,0,0,0,0,0,0,0.0,,,,,,0,NONE,,,,,,,0,0,0,0,0,0,NO_ACTIVITY,,0,1,1,1,1,0.0,,,,,,,,,,,,,,,,,,,0,False
2019-10-19,2019-10-09,318,2019,10,9,292,5,11,175.0631588888889,253.2315855555556,209.69562746137515,78.1684266666667,4.43034835953966,9.79711234705228,2.4286727276089053,97,324.0,,"Additional Opportunities to Hammer with Mole and Meteor Search, Long Shadow Search, and Dust Devil Search Images",95.05,Primary_Science,1.430311246536665,0.725752508361204,17,5,0,1,0,1,0,0,0,0,0.3077235772357723,5.049999999999997,0.13916666666666677,0.6294095225512605,0.08759282522171714,7.0,0,HP3,0,0,0,0,0,0,1,0,0,0,0,0,SCIENCE,0,0,1,1,1,0,0.2958652729384436,0,27,81,14,33,28,36,46,33,10,48,9,317,218,369,1056,68,682,1,True
,2019-10-10,319,2019,10,10,,,,174.94747777777778,253.14536444444445,210.0344579029652,78.19788666666668,4.590724360786211,10.246425531914896,2.584712335253202,97,,,,,Primary_Science_Weather_Only,1.4327007339340463,0.7290969899665551,0,0,0,0,0,0,0,0,0,0,0.0,,,,,,0,NONE,,,,,,,0,0,0,0,0,0,NO_ACTIVITY,,0,1,1,1,1,0.0,,,,,,,,,,,,,,,,,,,0,False
,2019-10-11,320,2019,10,11,,,,176.10469333333333,251.9593933333333,210.31893219477078,75.85469999999998,4.6050812571827135,10.08634,2.6469152367405795,97,,,,,Primary_Science_Weather_Only,1.4350845252893227,0.7324414715719063,0,0,0,0,0,0,0,0,0,0,0.0,,,,,,0,NONE,,,,,,,0,0,0,0,0,0,NO_ACTIVITY,,0,1,1,1,1,0.0,,,,,,,,,,,,,,,,,,,0,False
,2019-10-12,321,2019,10,12,,,,176.14091555555555,252.52540555555555,210.4556799544561,76.38449,4.631550441295758,9.96722,2.6746661347524574,97,,,,,Primary_Science_Weather_Only,1.43746264769429,0.7357859531772575,0,0,0,0,0,0,0,0,0,0,0.0,,,,,,0,NONE,,,,,,,0,0,0,0,0,0,NO_ACTIVITY,,0,1,1,1,1,0.0,,,,,,,,,,,,,,,,,,,0,False
,2019-10-13,322,2019,10,13,,,,176.04234333333332,252.6540922222222,210.1313262004362,76.61174888888888,4.818344800624858,10.544155555555555,2.8564007043540474,97,,,,,Primary_Science_Weather_Only,1.4398351280479207,0.7391304347826086,0,0,0,0,0,0,0,0,0,0,0.0,,,,,,0,NONE,,,,,,,0,0,0,0,0,0,NO_ACTIVITY,,0,1,1,1,1,0.0,,,,,,,,,,,,,,,,,,,0,False
,2019-10-14,323,2019,10,14,,,,175.44600666666665,252.02457777777772,210.36021190964212,76.57857111111107,4.6774490475181585,10.90113325867861,2.611911120647642,97,,,,,Primary_Science_Weather_Only,1.4422019930581866,0.7424749163879598,0,0,0,0,0,0,0,0,0,0,0.0,,,,,,0,NONE,,,,,,,0,0,0,0,0,0,NO_ACTIVITY,,0,1,1,1,1,0.0,,,,,,,,,,,,,,,,,,,0,False
,2019-10-15,324,2019,10,15,,,,175.26955555555557,254.14159222222224,210.32578386938044,78.87203666666667,4.695568367646321,10.772068888888889,2.715221222764646,97,,,,,Primary_Science_Weather_Only,1.4445632692438664,0.745819397993311,0,0,0,0,0,0,0,0,0,0,0.0,,,,,,0,NONE,,,,,,,0,0,0,0,0,0,NO_ACTIVITY,,0,1,1,1,1,0.0,,,,,,,,,,,,,,,,,,,0,False
2019-10-26,2019-10-16,325,2019,10,16,299,5,15,175.16712333333334,253.6334155555556,210.44987552644542,78.46629222222225,4.573927253699827,9.64437041156841,2.572074503272459,97,331.0,,"Retract Scoop from Surface Contact and Long Shadow, Aeolian Change, Dust Devil Search, and Meteor Search Images",98.26,Primary_Science,1.4469189829363254,0.7491638795986622,17,6,0,1,1,0,0,0,0,0,0.33439024390243904,8.260000000000005,0.15699999999999992,0.14644660940672644,0.02299211767685604,7.0,0,IDA,0,0,0,0,0,0,1,0,0,0,0,0,SCIENCE,0,0,1,1,1,0,0.3297444831591173,0,21,88,7,40,21,37,46,33,10,48,9,324,225,362,1049,75,675,1,True
,2019-10-17,326,2019,10,17,,,,175.33647444444443,253.5536911111111,210.15615315062382,78.21721666666667,4.671697826078911,9.790601779755283,2.5409468091597454,97,,,,,Primary_Science_Weather_Only,1.449269160281279,0.7525083612040134,0,0,0,0,0,0,0,0,0,0,0.0,,,,,,0,NONE,,,,,,,0,0,0,0,0,0,NO_ACTIVITY,,0,1,1,1,1,0.0,,,,,,,,,,,,,,,,,,,0,False
,2019-10-18,327,2019,10,18,,,,175.04375222222222,252.73954444444445,210.20852859865295,77.69579222222222,4.575713824331112,10.152421404682274,3.0245388806142603,97,,,,,Primary_Science_Weather_Only,1.451613827240533,0.7558528428093646,0,0,0,0,0,0,0,0,0,0,0.0,,,,,,0,NONE,,,,,,,0,0,0,0,0,0,NO_ACTIVITY,,0,1,1,1,1,0.0,,,,,,,,,,,,,,,,,,,0,False
,2019-10-19,328,2019,10,19,,,,174.78906555555557,253.61275333333333,210.15684161129457,78.82368777777776,4.68527250806828,10.135449438202246,2.663543049580711,97,,,,,Primary_Science_Weather_Only,1.4539530095937052,0.7591973244147158,0,0,0,0,0,0,0,0,0,0,0.0,,,,,,0,NONE,,,,,,,0,0,0,0,0,0,NO_ACTIVITY,,0,1,1,1,1,0.0,,,,,,,,,,,,,,,,,,,0,False
,2019-10-20,329,2019,10,20,,,,175.42227555555556,253.7262055555556,210.6541108085495,78.30393000000004,4.641533187169303,9.29407,2.48938503169783,96,,,,,Primary_Science_Weather_Only,1.4562867329399256,0.7625418060200669,0,0,0,0,0,0,0,0,0,0,0.0,,,,,,0,NONE,,,,,,,0,0,0,0,0,0,NO_ACTIVITY,,0,1,1,1,1,0.0,,,,,,,,,,,,,,,,,,,0,False
,2019-10-21,330,2019,10,21,,,,174.95111666666668,253.9607902330744,210.50279743004623,79.00967356640771,4.633292278329544,10.148909090909092,2.7062741444753713,97,,,,,Primary_Science_Weather_Only,1.4586150226995167,0.7658862876254181,0,0,0,0,0,0,0,0,0,0,0.0,,,,,,0,NONE,,,,,,,0,0,0,0,0,0,NO_ACTIVITY,,0,1,1,1,1,0.0,,,,,,,,,,,,,,,,,,,0,False
,2019-10-22,331,2019,10,22,,,,174.95450333333335,253.99902444444444,210.62905397826356,79.0445211111111,4.631374716893414,9.932286666666666,2.7326664237719256,97,,,,,Primary_Science_Weather_Only,1.4609379041156565,0.7692307692307693,0,0,0,0,0,0,0,0,0,0,0.0,,,,,,0,NONE,,,,,,,0,0,0,0,0,0,NO_ACTIVITY,,0,1,1,1,1,0.0,,,,,,,,,,,,,,,,,,,0,False
2019-11-02,2019-10-23,332,2019,10,23,306,5,20,176.02349666666666,252.63975888888888,210.50699143809365,76.61626222222222,4.731718647625656,9.943153333333331,2.746571405704867,97,338.0,,"Mole Recovery Activities and Long Shadow, Aeolian Change, Dust Devil Search, and Meteor Search Images",101.47,Primary_Science,1.463255402256019,0.7725752508361204,15,6,0,1,0,1,0,0,0,0,0.3197560975609756,11.469999999999999,0.17483333333333329,0.0669872981077807,0.011711612619176989,7.0,0,HP3,0,0,1,0,0,0,1,0,0,1,0,0,SCIENCE,0,1,0,0,1,0,0.3058536585365853,0,14,95,0,47,14,37,47,33,10,48,9,331,232,355,1042,82,668,1,True
,2019-10-24,333,2019,10,24,,,,174.7967688888889,253.88799333333333,210.3275571086243,79.09122444444444,4.586374119195608,10.059117908787544,2.688971679105001,97,,,,,Primary_Science_Weather_Only,1.4655675420143985,0.7759197324414716,0,0,0,0,0,0,0,0,0,0,0.0,,,,,,0,NONE,,,,,,,0,0,0,0,0,0,NO_ACTIVITY,,0,1,1,1,1,0.0,,,,,,,,,,,,,,,,,,,0,False
,2019-10-25,334,2019,10,25,,,,175.23883888888886,254.34945,210.741133798976,79.11061111111113,4.646362074878581,9.839686516853932,2.575457978396675,97,,,,,Primary_Science_Weather_Only,1.4678743481123135,0.7792642140468228,0,0,0,0,0,0,0,0,0,0,0.0,,,,,,0,NONE,,,,,,,0,0,0,0,0,0,NO_ACTIVITY,,0,1,1,1,1,0.0,,,,,,,,,,,,,,,,,,,0,False
,2019-10-26,335,2019,10,26,,,,175.05525777777777,254.6059755555556,210.46636451110257,79.55071777777783,4.575268043022828,10.021467561521252,2.5807795888866982,97,,,,,Primary_Science_Weather_Only,1.4701758451005926,0.782608695652174,0,0,0,0,0,0,0,0,0,0,0.0,,,,,,0,NONE,,,,,,,0,0,0,0,0,0,NO_ACTIVITY,,0,1,1,1,1,0.0,,,,,,,,,,,,,,,,,,,0,False
,2019-10-27,336,2019,10,27,,,,175.56478222222222,254.06909666666667,210.19547617321732,78.50431444444445,4.616854441205432,10.504315555555555,2.6410872811137978,97,,,,,Primary_Science_Weather_Only,1.4724720573609429,0.7859531772575251,0,0,0,0,0,0,0,0,0,0,0.0,,,,,,0,NONE,,,,,,,0,0,0,0,0,0,NO_ACTIVITY,,0,1,1,1,1,0.0,,,,,,,,,,,,,,,,,,,0,False
,2019-10-28,337,2019,10,28,,,,175.09329444444444,253.22937777777776,210.34140281050387,78.13608333333332,4.6522759400807105,10.03311259754738,2.7379675905740464,97,,,,,Primary_Science_Weather_Only,1.4747630091074988,0.7892976588628763,0,0,0,0,0,0,0,0,0,0,0.0,,,,,,0,NONE,,,,,,,0,0,0,0,0,0,NO_ACTIVITY,,0,1,1,1,1,0.0,,,,,,,,,,,,,,,,,,,0,False
,2019-10-29,338,2019,10,29,,,,174.7934611111111,253.29822222222225,210.0166611224852,78.50476111111115,4.795379396360755,10.482789532293989,2.8814363106799745,97,,,,,Primary_Science_Weather_Only,1.4770487243883548,0.7926421404682275,0,0,0,0,0,0,0,0,0,0,0.0,,,,,,0,NONE,,,,,,,0,0,0,0,0,0,NO_ACTIVITY,,0,1,1,1,1,0.0,,,,,,,,,,,,,,,,,,,0,False
2019-11-10,2019-10-30,339,2019,10,30,314,6,0,175.25331555555556,254.3147622222222,209.7148887556469,79.06144666666665,4.810134282783025,10.344417977528089,2.600232148525209,97,345.0,,"Mole Recovery Activities and Long Shadow, Aeolian Change, Dust Devil Search, and Meteor Search Images",104.71,Primary_Science,1.4793292270870801,0.7959866220735786,15,6,0,1,0,1,0,0,0,0,0.3197560975609756,14.709999999999994,0.1928333333333332,0.5,0.0964166666666666,7.0,0,HP3,0,0,1,0,0,0,1,0,0,1,0,0,SCIENCE,0,1,0,0,1,0,0.3126016260162601,0,7,102,0,54,7,37,48,33,10,48,9,338,239,348,1035,89,661,1,True
,2019-10-31,340,2019,10,31,,,,175.02621777777776,254.49843777777772,209.54222816423157,79.47221999999996,4.420283929084575,9.279560267857144,2.5100436162190674,97,,,,,Primary_Science_Weather_Only,1.4816045409242156,0.7993311036789298,0,0,0,0,0,0,0,0,0,0,0.0,,,,,,0,NONE,,,,,,,0,0,0,0,0,0,NO_ACTIVITY,,0,1,1,1,1,0.0,,,,,,,,,,,,,,,,,,,0,False
,2019-11-01,341,2019,11,1,,,,175.84640000000002,254.2174344444444,209.5579529108998,78.37103444444438,4.613901220453562,9.640987612612612,2.6006959914253933,97,,,,,Primary_Science_Weather_Only,1.4838746894587547,0.802675585284281,0,0,0,0,0,0,0,0,0,0,0.0,,,,,,0,NONE,,,,,,,0,0,0,0,0,0,NO_ACTIVITY,,0,1,1,1,1,0.0,,,,,,,,,,,,,,,,,,,0,False
,2019-11-02,342,2019,11,2,,,,176.43356999999995,253.83411666666663,209.311354140896,77.40054666666668,4.4835687227117,10.888882222222223,2.580731436497461,97,,,,,Primary_Science_Weather_Only,1.4861396960896067,0.8060200668896321,0,0,0,0,0,0,0,0,0,0,0.0,,,,,,0,NONE,,,,,,,0,0,0,0,0,0,NO_ACTIVITY,,0,1,1,1,1,0.0,,,,,,,,,,,,,,,,,,,0,False
,2019-11-03,343,2019,11,3,,,,176.21080333333333,253.9104855555556,209.35888166320424,77.69968222222226,4.448823636661544,9.868208472686732,2.555333242926749,97,,,,,Primary_Science_Weather_Only,1.4883995840570443,0.8093645484949833,0,0,0,0,0,0,0,0,0,0,0.0,,,,,,0,NONE,,,,,,,0,0,0,0,0,0,NO_ACTIVITY,,0,1,1,1,1,0.0,,,,,,,,,,,,,,,,,,,0,False
,2019-11-04,344,2019,11,4,,,,176.4227888888889,255.93123333333327,209.5722697357222,79.50844444444436,4.4572259272296915,10.163793526785714,2.4770407670254824,97,,,,,Primary_Science_Weather_Only,1.4906543764441333,0.8127090301003345,0,0,0,0,0,0,0,0,0,0,0.0,,,,,,0,NONE,,,,,,,0,0,0,0,0,0,NO_ACTIVITY,,0,1,1,1,1,0.0,,,,,,,,,,,,,,,,,,,0,False
,2019-11-05,345,2019,11,5,,,,176.27577555555555,254.79355222222225,209.4336056477163,78.51777666666669,4.517301615456979,10.734713333333334,2.664436300793095,97,,,,,Primary_Science_Weather_Only,1.4929040961781488,0.8160535117056856,0,0,0,0,0,0,0,0,0,0,0.0,,,,,,0,NONE,,,,,,,0,0,0,0,0,0,NO_ACTIVITY,,0,1,1,1,1,0.0,,,,,,,,,,,,,,,,,,,0,False
2019-11-17,2019-11-06,346,2019,11,6,321,6,5,176.1851088888889,255.20585111111112,209.83511572173083,79.02074222222222,4.339408971269386,10.215603333333332,2.6530864081195595,97,352.0,,"Mole Recovery Activities, Final Mini-Tactical Planning Cycle, Aeolian Change and Long Shadow Images, Transition to new SEIS/APSS Flight Software, SEIS Flash Maintenance, and New Block Libraries Uplink",107.97,Primary_Science,1.4951487660319727,0.8193979933110368,27,8,0,3,0,1,1,1,0,0,0.5608943089430894,17.97,0.2109444444444445,0.9829629131445341,0.2073505656227665,7.0,0,SEIS,0,0,1,0,0,0,0,1,0,1,0,1,MAINTENANCE,0,1,0,0,1,0,0.34961672473867594,7,0,109,0,61,0,37,49,34,11,48,9,345,246,341,1028,96,654,1,True
,2019-11-07,347,2019,11,7,,,,175.49370444444446,255.07079666666667,209.69214113555122,79.5770922222222,4.39874600652341,10.10992099322799,2.681298015521519,97,,,,,Primary_Science_Weather_Only,1.4973884086254776,0.822742474916388,0,0,0,0,0,0,0,0,0,0,0.0,,,,,,0,NONE,,,,,,,0,0,0,0,0,0,NO_ACTIVITY,,0,1,1,1,1,0.0,,,,,,,,,,,,,,,,,,,0,False
,2019-11-08,348,2019,11,8,,,,175.41581666666664,255.51866222222225,209.74557056542224,80.1028455555556,4.427705670676767,10.520811659192823,2.91224816273743,97,,,,,Primary_Science_Weather_Only,1.4996230464268938,0.8260869565217391,0,0,0,0,0,0,0,0,0,0,0.0,,,,,,0,NONE,,,,,,,0,0,0,0,0,0,NO_ACTIVITY,,0,1,1,1,1,0.0,,,,,,,,,,,,,,,,,,,0,False
,2019-11-09,349,2019,11,9,,,,176.69663222222223,255.1841633333333,209.97116369927502,78.48753111111105,4.354489434030182,10.184434444444443,2.521575866646609,97,,,,,Primary_Science_Weather_Only,1.501852701754163,0.8294314381270903,0,0,0,0,0,0,0,0,0,0,0.0,,,,,,0,NONE,,,,,,,0,0,0,0,0,0,NO_ACTIVITY,,0,1,1,1,1,0.0,,,,,,,,,,,,,,,,,,,0,False
,2019-11-10,350,2019,11,10,,,,175.88655666666668,255.30931444444445,210.13675860016136,79.42275777777778,4.507289939382176,10.928452222222225,2.6886755223014265,97,,,,,Primary_Science_Weather_Only,1.5040773967762742,0.8327759197324415,0,0,0,0,0,0,0,0,0,0,0.0,,,,,,0,NONE,,,,,,,0,0,0,0,0,0,NO_ACTIVITY,,0,1,1,1,1,0.0,,,,,,,,,,,,,,,,,,,0,False
,2019-11-11,351,2019,11,11,,,,176.76072444444443,254.66771666666668,210.69587108391042,77.90699222222224,4.498266514460462,10.693548888888888,2.8883135503891375,97,,,,,Primary_Science_Weather_Only,1.506297153514587,0.8361204013377926,0,0,0,0,0,0,0,0,0,0,0.0,,,,,,0,NONE,,,,,,,0,0,0,0,0,0,NO_ACTIVITY,,0,1,1,1,1,0.0,,,,,,,,,,,,,,,,,,,0,False
,2019-11-12,352,2019,11,12,,,,176.98088555555557,255.80231222222224,210.97543397435865,78.82142666666667,4.661063564345574,10.85896632996633,2.980026362329117,97,,,,,Primary_Science_Weather_Only,1.5085119938441398,0.8394648829431438,0,0,0,0,0,0,0,0,0,0,0.0,,,,,,0,NONE,,,,,,,0,0,0,0,0,0,NO_ACTIVITY,,0,1,1,1,1,0.0,,,,,,,,,,,,,,,,,,,0,False
2019-11-24,2019-11-13,353,2019,11,13,328,6,10,176.86317,256.6926422222222,211.30919930851985,79.82947222222222,4.347357492097986,10.526949095022625,2.724294173291886,97,365.0,,"Aeolian Change, Dust Devil Search, and Meteor Baseline Search Images",111.25,Primary_Science,1.5107219394949425,0.842809364548495,10,4,0,0,0,0,0,0,0,0,0.17983739837398374,21.25,0.22916666666666663,0.75,0.17187499999999997,7.0,0,UNKNOWN,0,0,0,0,0,0,1,0,0,0,0,0,SCIENCE,0,0,1,1,1,0,0.32002322880371664,0,7,116,7,68,7,37,49,34,11,48,9,352,253,334,1021,103,647,1,True
,2019-11-14,354,2019,11,14,,,,177.10321111111114,256.03208,211.24616660894387,78.92886888888887,4.866115525432766,10.498542222222222,2.905240881758352,97,,,,,Primary_Science_Weather_Only,1.5129270120532565,0.8461538461538461,0,0,0,0,0,0,0,0,0,0,0.0,,,,,,0,NONE,,,,,,,0,0,0,0,0,0,NO_ACTIVITY,,0,1,1,1,1,0.0,,,,,,,,,,,,,,,,,,,0,False
,2019-11-15,355,2019,11,15,,,,176.84100111111113,255.85927,211.62235004957265,79.01826888888888,4.574117804346201,9.766446666666669,2.8295385360260106,97,,,,,Primary_Science_Weather_Only,1.5151272329628591,0.8494983277591973,0,0,0,0,0,0,0,0,0,0,0.0,,,,,,0,NONE,,,,,,,0,0,0,0,0,0,NO_ACTIVITY,,0,1,1,1,1,0.0,,,,,,,,,,,,,,,,,,,0,False
,2019-11-16,356,2019,11,16,,,,175.84440111111113,255.29255777777777,211.6446227154776,79.44815666666665,4.7442938305290046,10.21271797752809,2.755360107209484,97,,,,,Primary_Science_Weather_Only,1.5173226235262949,0.8528428093645485,0,0,0,0,0,0,0,0,0,0,0.0,,,,,,0,NONE,,,,,,,0,0,0,0,0,0,NO_ACTIVITY,,0,1,1,1,1,0.0,,,,,,,,,,,,,,,,,,,0,False
,2019-11-17,357,2019,11,17,,,,175.50419666666667,256.91309,212.05551769378462,81.40889333333334,4.456773294963195,9.731342434584755,2.5019299504373453,97,,,,,Primary_Science_Weather_Only,1.5195132049061133,0.8561872909698997,0,0,0,0,0,0,0,0,0,0,0.0,,,,,,0,NONE,,,,,,,0,0,0,0,0,0,NO_ACTIVITY,,0,1,1,1,1,0.0,,,,,,,,,,,,,,,,,,,0,False
,2019-11-18,358,2019,11,18,,,,175.1475133333333,255.26262777777777,211.97356309250685,80.11511444444446,4.544403452518357,9.362668545659526,2.5750010441429567,97,,,,,Primary_Science_Weather_Only,1.5216989981260935,0.8595317725752508,0,0,0,0,0,0,0,0,0,0,0.0,,,,,,0,NONE,,,,,,,0,0,0,0,0,0,NO_ACTIVITY,,0,1,1,1,1,0.0,,,,,,,,,,,,,,,,,,,0,False
,2019-11-19,359,2019,11,19,,,,175.12242333333336,256.8806122222222,211.8454184063559,81.75818888888887,4.631758471942262,10.717356502242152,2.6532646004302567,97,,,,,Primary_Science_Weather_Only,1.5238800240724537,0.862876254180602,0,0,0,0,0,0,0,0,0,0,0.0,,,,,,0,NONE,,,,,,,0,0,0,0,0,0,NO_ACTIVITY,,0,1,1,1,1,0.0,,,,,,,,,,,,,,,,,,,0,False
,2019-11-20,360,2019,11,20,,,,174.90052666666665,255.8094333333333,212.08300922855508,80.90890666666664,4.575106287425626,10.22073111111111,2.760876372264731,97,,,,,Primary_Science_Weather_Only,1.5260563034950492,0.8662207357859532,0,0,0,0,0,0,0,0,0,0,0.0,,,,,,0,NONE,,,,,,,0,0,0,0,0,0,NO_ACTIVITY,,0,1,1,1,1,0.0,,,,,,,,,,,,,,,,,,,0,False
,2019-11-21,361,2019,11,21,,,,175.24822555555554,256.1084411111111,211.9517963178727,80.86021555555558,4.602611390603766,11.437671857619575,2.9281701828606055,97,,,,,Primary_Science_Weather_Only,1.528227857008557,0.8695652173913043,0,0,0,0,0,0,0,0,0,0,0.0,,,,,,0,NONE,,,,,,,0,0,0,0,0,0,NO_ACTIVITY,,0,1,1,1,1,0.0,,,,,,,,,,,,,,,,,,,0,False
,2019-11-22,362,2019,11,22,,,,176.75783444444446,256.98706888888887,212.1786354685959,80.22923444444442,4.67840548681814,10.13855569007264,2.6100279641640154,97,,,,,Primary_Science_Weather_Only,1.5303947050936475,0.8729096989966555,0,0,0,0,0,0,0,0,0,0,0.0,,,,,,0,NONE,,,,,,,0,0,0,0,0,0,NO_ACTIVITY,,0,1,1,1,1,0.0,,,,,,,,,,,,,,,,,,,0,False
,2019-11-23,363,2019,11,23,,,,175.96759222222224,256.60123555555555,212.08719299046342,80.63364333333331,5.090487598785815,11.614945555555554,2.8930875821070314,97,,,,,Primary_Science_Weather_Only,1.5325568680981427,0.8762541806020067,0,0,0,0,0,0,0,0,0,0,0.0,,,,,,0,NONE,,,,,,,0,0,0,0,0,0,NO_ACTIVITY,,0,1,1,1,1,0.0,,,,,,,,,,,,,,,,,,,0,False
,2019-11-24,364,2019,11,24,,,,176.7714,255.85524222222224,212.588761455768,79.08384222222224,4.832215939149906,11.13997552836485,3.046787126124939,97,,,,,Primary_Science_Weather_Only,1.534714366238164,0.8795986622073578,0,0,0,0,0,0,0,0,0,0,0.0,,,,,,0,NONE,,,,,,,0,0,0,0,0,0,NO_ACTIVITY,,0,1,1,1,1,0.0,,,,,,,,,,,,,,,,,,,0,False
,2019-11-25,365,2019,11,25,,,,176.99723888888892,255.20545,212.4470881253345,78.2082111111111,4.862298981417041,10.839713014460512,2.8369382710572117,97,,,,,Primary_Science_Weather_Only,1.536867219599265,0.882943143812709,0,0,0,0,0,0,0,0,0,0,0.0,,,,,,0,NONE,,,,,,,0,0,0,0,0,0,NO_ACTIVITY,,0,1,1,1,1,0.0,,,,,,,,,,,,,,,,,,,0,False
2019-12-07,2019-11-26,366,2019,11,26,341,5,18,177.23078777777778,256.62161555555554,212.87689387895054,79.39082777777776,4.895721392741727,11.13804111111111,2.7722201268203674,96,372.0,,"HP3 Mole Recovery Operations, HP3 Calibrations, and Aeolian Change, Dust Devil Search, and Meteor Baseline Search Images",117.41,Primary_Science,1.5390154481375546,0.8862876254180602,17,7,0,1,0,1,0,0,0,0,0.36105691056910566,27.409999999999997,0.2633888888888889,0.0,0.0,13.0,0,HP3,0,0,1,0,0,0,1,1,0,1,0,0,SCIENCE,0,1,0,0,1,0,0.34048780487804875,0,0,129,0,81,20,37,50,34,11,48,9,365,266,321,1008,116,634,1,True
,2019-11-27,367,2019,11,27,,,,176.6464611111111,257.3615077777778,212.58453502363773,80.71504666666667,4.66202199572602,10.881686516853934,2.7922987208748475,97,,,,,Primary_Science_Weather_Only,1.541159071680806,0.8896321070234113,0,0,0,0,0,0,0,0,0,0,0.0,,,,,,0,NONE,,,,,,,0,0,0,0,0,0,NO_ACTIVITY,,0,1,1,1,1,0.0,,,,,,,,,,,,,,,,,,,0,False
,2019-11-28,368,2019,11,28,,,,176.4444977777778,258.44577888888887,212.6827911174955,82.00128111111107,4.755461865498262,11.090693763919822,2.69144405447757,97,,,,,Primary_Science_Weather_Only,1.5432981099295553,0.8929765886287625,0,0,0,0,0,0,0,0,0,0,0.0,,,,,,0,NONE,,,,,,,0,0,0,0,0,0,NO_ACTIVITY,,0,1,1,1,1,0.0,,,,,,,,,,,,,,,,,,,0,False
,2019-11-29,369,2019,11,29,,,,176.4760288888889,257.26638777777777,212.4370791634925,80.79035888888887,4.874682554717766,10.336512941176473,2.8442301595416164,97,,,,,Primary_Science_Weather_Only,1.5454325824581878,0.8963210702341137,0,0,0,0,0,0,0,0,0,0,0.0,,,,,,0,NONE,,,,,,,0,0,0,0,0,0,NO_ACTIVITY,,0,1,1,1,1,0.0,,,,,,,,,,,,,,,,,,,0,False
,2019-11-30,370,2019,11,30,,,,177.28554777777777,257.97456444444447,212.6421246613304,80.6890166666667,4.700490670527728,10.3001640625,2.670882837178017,97,,,,,Primary_Science_Weather_Only,1.547562508716013,0.8996655518394648,0,0,0,0,0,0,0,0,0,0,0.0,,,,,,0,NONE,,,,,,,0,0,0,0,0,0,NO_ACTIVITY,,0,1,1,1,1,0.0,,,,,,,,,,,,,,,,,,,0,False
,2019-12-01,371,2019,12,1,,,,176.51964555555557,258.1895044444444,213.06729514590822,81.66985888888885,4.714892838879238,10.669498876404491,2.774546548905419,97,,,,,Primary_Science_Weather_Only,1.5496879080283263,0.903010033444816,0,0,0,0,0,0,0,0,0,0,0.0,,,,,,0,NONE,,,,,,,0,0,0,0,0,0,NO_ACTIVITY,,0,1,1,1,1,0.0,,,,,,,,,,,,,,,,,,,0,False
,2019-12-02,372,2019,12,2,,,,177.94523666666666,257.61931,212.99708242431302,79.67407333333333,4.837436243891963,10.490663333333334,2.678730111292376,97,,,,,Primary_Science_Weather_Only,1.551808799597464,0.9063545150501672,0,0,0,0,0,0,0,0,0,0,0.0,,,,,,0,NONE,,,,,,,0,0,0,0,0,0,NO_ACTIVITY,,0,1,1,1,1,0.0,,,,,,,,,,,,,,,,,,,0,False
2019-12-14,2019-12-03,373,2019,12,3,348,5,23,177.89437111111113,258.4156644444444,212.83580114470854,80.52129333333329,4.983031044760637,10.759163990825687,2.714267014934209,97,379.0,,"HP3 Mole Recovery Operations, HP3 RAD Calibrations, and Aeolian Change, Dust Devil Search, and Meteor Baseline Search Images",120.76,Primary_Science,1.5539252025038417,0.9096989966555183,18,7,0,1,0,1,0,0,0,0,0.3683739837398374,30.760000000000005,0.2819999999999999,0.3705904774487392,0.10450651464054442,7.0,0,HP3,0,0,1,0,0,0,1,1,0,1,0,0,SCIENCE,0,1,0,0,1,0,0.34915214866434374,0,0,136,0,88,27,37,51,34,11,48,9,372,273,314,1001,123,627,1,True
,2019-12-04,374,2019,12,4,,,,176.80818222222223,257.6952566666667,212.56334528999955,80.88707444444447,4.902396212521561,10.719372636262516,2.7590274939392576,97,,,,,Primary_Science_Weather_Only,1.556037135706985,0.9130434782608695,0,0,0,0,0,0,0,0,0,0,0.0,,,,,,0,NONE,,,,,,,0,0,0,0,0,0,NO_ACTIVITY,,0,1,1,1,1,0.0,,,,,,,,,,,,,,,,,,,0,False
,2019-12-05,375,2019,12,5,,,,176.84400222222223,257.8597388888889,212.69609944118068,81.01573666666667,4.9808116522582,10.492774301675976,2.765439246244251,97,,,,,Primary_Science_Weather_Only,1.55814461804655,0.9163879598662207,0,0,0,0,0,0,0,0,0,0,0.0,,,,,,0,NONE,,,,,,,0,0,0,0,0,0,NO_ACTIVITY,,0,1,1,1,1,0.0,,,,,,,,,,,,,,,,,,,0,False
,2019-12-06,376,2019,12,6,,,,177.27417222222223,258.8341955555556,212.79775335297413,81.56002333333336,4.8284137003209855,10.91815478841871,2.706628913133872,97,,,,,Primary_Science_Weather_Only,1.5602476682433286,0.919732441471572,0,0,0,0,0,0,0,0,0,0,0.0,,,,,,0,NONE,,,,,,,0,0,0,0,0,0,NO_ACTIVITY,,0,1,1,1,1,0.0,,,,,,,,,,,,,,,,,,,0,False
,2019-12-07,377,2019,12,7,,,,177.44478,257.7525366666667,212.1911776338708,80.30775666666668,4.762348973454155,10.910155555555557,2.6057766295873477,97,,,,,Primary_Science_Weather_Only,1.5623463049002497,0.9230769230769231,0,0,0,0,0,0,0,0,0,0,0.0,,,,,,0,NONE,,,,,,,0,0,0,0,0,0,NO_ACTIVITY,,0,1,1,1,1,0.0,,,,,,,,,,,,,,,,,,,0,False
,2019-12-08,378,2019,12,8,,,,176.6156311111111,259.60351777777777,221.44134768063827,82.98788666666667,6.847865626212989,11.303043333333331,2.415134445627447,62,,,,,Primary_Science_Weather_Only,1.5644405465033644,0.9264214046822743,0,0,0,0,0,0,0,0,0,0,0.0,,,,,,0,NONE,,,,,,,0,0,0,0,0,0,NO_ACTIVITY,,0,1,1,1,1,0.0,,,,,,,,,,,,,,,,,,,0,False
,2019-12-09,379,2019,12,9,,,,176.84825888888886,259.82500555555555,211.96436921994314,82.97674666666668,4.609893592748151,9.826459821428571,2.426033083265238,97,,,,,Primary_Science_Weather_Only,1.5665304114228238,0.9297658862876255,0,0,0,0,0,0,0,0,0,0,0.0,,,,,,0,NONE,,,,,,,0,0,0,0,0,0,NO_ACTIVITY,,0,1,1,1,1,0.0,,,,,,,,,,,,,,,,,,,0,False
2019-12-22,2019-12-10,380,2019,12,10,356,6,3,177.67673888888888,258.5722377777778,211.9651981896827,80.89549888888891,4.8451602421982995,11.373853333333336,2.954063793382987,97,399.0,,"HP3 Mole Recovery Operations, HP3 RAD Calibrations, and Aeolian Change, Dust Devil Search, and Meteor Baseline Search Images",124.15,Primary_Science,1.5686159179138452,0.9331103678929766,18,7,0,1,0,1,0,0,0,0,0.3683739837398374,34.150000000000006,0.3008333333333334,0.8535533905932737,0.2567773116701432,7.0,0,HP3,0,0,1,0,0,0,1,1,0,1,0,0,SCIENCE,0,1,0,0,1,0,0.3540069686411149,0,0,143,0,95,27,37,52,34,11,48,9,379,280,307,994,130,620,1,True
,2019-12-11,381,2019,12,11,,,,177.19360666666668,258.44286222222223,206.90281771947207,81.24925555555555,4.324799939077339,10.581849330357144,2.71290676553844,87,,,,,Primary_Science_Weather_Only,1.57069708411767,0.9364548494983278,0,0,0,0,0,0,0,0,0,0,0.0,,,,,,0,NONE,,,,,,,0,0,0,0,0,0,NO_ACTIVITY,,0,1,1,1,1,0.0,,,,,,,,,,,,,,,,,,,0,False
,2019-12-12,382,2019,12,12,,,,179.47105333333334,257.9463911111111,212.27344116665356,78.47533777777775,5.073765923323683,11.909013348164628,2.9179328792440615,97,,,,,Primary_Science_Weather_Only,1.572773928062509,0.939799331103679,0,0,0,0,0,0,0,0,0,0,0.0,,,,,,0,NONE,,,,,,,0,0,0,0,0,0,NO_ACTIVITY,,0,1,1,1,1,0.0,,,,,,,,,,,,,,,,,,,0,False
,2019-12-13,383,2019,12,13,,,,178.9190777777778,258.80393444444445,212.55702954941955,79.88485666666665,4.995440907273482,12.194106666666666,3.038024683808017,97,,,,,Primary_Science_Weather_Only,1.5748464676644813,0.9431438127090301,0,0,0,0,0,0,0,0,0,0,0.0,,,,,,0,NONE,,,,,,,0,0,0,0,0,0,NO_ACTIVITY,,0,1,1,1,1,0.0,,,,,,,,,,,,,,,,,,,0,False
,2019-12-14,384,2019,12,14,,,,178.49402111111112,258.35154666666665,211.9801621166132,79.85752555555553,4.9951127945892635,10.554334444444445,2.7352898009660898,97,,,,,Primary_Science_Weather_Only,1.5769147207285403,0.9464882943143813,0,0,0,0,0,0,0,0,0,0,0.0,,,,,,0,NONE,,,,,,,0,0,0,0,0,0,NO_ACTIVITY,,0,1,1,1,1,0.0,,,,,,,,,,,,,,,,,,,0,False
,2019-12-15,385,2019,12,15,,,,179.19687888888888,260.01030555555553,212.509694673614,80.81342666666666,4.925174707878529,11.762345555555555,2.8272256160589633,97,,,,,Primary_Science_Weather_Only,1.5789787049493917,0.9498327759197325,0,0,0,0,0,0,0,0,0,0,0.0,,,,,,0,NONE,,,,,,,0,0,0,0,0,0,NO_ACTIVITY,,0,1,1,1,1,0.0,,,,,,,,,,,,,,,,,,,0,False
,2019-12-16,386,2019,12,16,,,,178.60730444444442,258.88045,212.54193189932911,80.27314555555557,5.143625650651334,11.058236929922137,2.869731797695068,97,,,,,Primary_Science_Weather_Only,1.5810384379124023,0.9531772575250836,0,0,0,0,0,0,0,0,0,0,0.0,,,,,,0,NONE,,,,,,,0,0,0,0,0,0,NO_ACTIVITY,,0,1,1,1,1,0.0,,,,,,,,,,,,,,,,,,,0,False
,2019-12-17,387,2019,12,17,,,,178.4906022222222,259.1479644444444,212.99711980527448,80.65736222222222,5.199811745590938,13.037495555555555,3.138358928398963,97,,,,,Primary_Science_Weather_Only,1.5830939370944985,0.9565217391304348,0,0,0,0,0,0,0,0,0,0,0.0,,,,,,0,NONE,,,,,,,0,0,0,0,0,0,NO_ACTIVITY,,0,1,1,1,1,0.0,,,,,,,,,,,,,,,,,,,0,False
,2019-12-18,388,2019,12,18,,,,178.82469922308547,260.9714288888889,213.59122288783806,82.14672966580343,4.980996822640955,11.425957777777777,2.8927633439700045,93,,,,,Primary_Science_Weather_Only,1.5851452198650557,0.959866220735786,0,0,0,0,0,0,0,0,0,0,0.0,,,,,,0,NONE,,,,,,,0,0,0,0,0,0,NO_ACTIVITY,,0,1,1,1,1,0.0,,,,,,,,,,,,,,,,,,,0,False
,2019-12-19,389,2019,12,19,,,,178.99553333333336,260.7358022222222,212.93654813449095,81.74026888888886,5.226471141608819,11.858519509476032,3.018754816409236,97,,,,,Primary_Science_Weather_Only,1.5871923034867808,0.9632107023411371,0,0,0,0,0,0,0,0,0,0,0.0,,,,,,0,NONE,,,,,,,0,0,0,0,0,0,NO_ACTIVITY,,0,1,1,1,1,0.0,,,,,,,,,,,,,,,,,,,0,False
,2019-12-20,390,2019,12,20,,,,180.09905333333333,259.9864255555556,213.3205729947682,79.8873722222223,5.1380348758305745,11.033749163879598,3.084131206653882,97,,,,,Primary_Science_Weather_Only,1.589235205116581,0.9665551839464883,0,0,0,0,0,0,0,0,0,0,0.0,,,,,,0,NONE,,,,,,,0,0,0,0,0,0,NO_ACTIVITY,,0,1,1,1,1,0.0,,,,,,,,,,,,,,,,,,,0,False
,2019-12-21,391,2019,12,21,,,,178.4509377777778,259.7723022222222,213.5141311110506,81.32136444444441,4.734910508325012,9.711657010428738,2.6664901923187827,97,,,,,Primary_Science_Weather_Only,1.5912739418064292,0.9698996655518395,0,0,0,0,0,0,0,0,0,0,0.0,,,,,,0,NONE,,,,,,,0,0,0,0,0,0,NO_ACTIVITY,,0,1,1,1,1,0.0,,,,,,,,,,,,,,,,,,,0,False
,2019-12-22,392,2019,12,22,,,,178.6944722222222,258.49644,213.5317936392773,79.8019677777778,5.324723741707655,12.513644444444443,3.312620903041191,97,,,,,Primary_Science_Weather_Only,1.5933085305042167,0.9732441471571907,0,0,0,0,0,0,0,0,0,0,0.0,,,,,,0,NONE,,,,,,,0,0,0,0,0,0,NO_ACTIVITY,,0,1,1,1,1,0.0,,,,,,,,,,,,,,,,,,,0,False
,2019-12-23,393,2019,12,23,,,,179.32824,260.15074,214.18301022530784,80.82249999999999,5.0722882553068755,11.338794444444446,2.996348584241259,97,,,,,Primary_Science_Weather_Only,1.5953389880545987,0.9765886287625418,0,0,0,0,0,0,0,0,0,0,0.0,,,,,,0,NONE,,,,,,,0,0,0,0,0,0,NO_ACTIVITY,,0,1,1,1,1,0.0,,,,,,,,,,,,,,,,,,,0,False
,2019-12-24,394,2019,12,24,,,,178.2763666666667,259.46429222222224,214.722601087676,81.18792555555555,5.127996852801297,10.813738789237668,3.0532298785085064,97,,,,,Primary_Science_Weather_Only,1.597365331199831,0.979933110367893,0,0,0,0,0,0,0,0,0,0,0.0,,,,,,0,NONE,,,,,,,0,0,0,0,0,0,NO_ACTIVITY,,0,1,1,1,1,0.0,,,,,,,,,,,,,,,,,,,0,False
,2019-12-25,395,2019,12,25,,,,179.50923444444442,261.4474544444445,214.9600343786905,81.93822000000006,5.300996508894946,11.46139,2.8279331427102186,97,,,,,Primary_Science_Weather_Only,1.599387576580599,0.9832775919732442,0,0,0,0,0,0,0,0,0,0,0.0,,,,,,0,NONE,,,,,,,0,0,0,0,0,0,NO_ACTIVITY,,0,1,1,1,1,0.0,,,,,,,,,,,,,,,,,,,0,False
,2019-12-26,396,2019,12,26,,,,179.55382555555556,260.5639711111112,215.21387080826472,81.01014555555562,5.345757387798794,11.950864142538975,3.279800916064908,97,,,,,Primary_Science_Weather_Only,1.601405740736836,0.9866220735785953,0,0,0,0,0,0,0,0,0,0,0.0,,,,,,0,NONE,,,,,,,0,0,0,0,0,0,NO_ACTIVITY,,0,1,1,1,1,0.0,,,,,,,,,,,,,,,,,,,0,False
,2019-12-27,397,2019,12,27,,,,178.9452211111111,261.79651222222225,226.12465947078923,82.85129111111115,6.298810116955087,11.632464882943143,3.472757875014507,67,,,,,Primary_Science_Weather_Only,1.6034198401085376,0.9899665551839465,0,0,0,0,0,0,0,0,0,0,0.0,,,,,,0,NONE,,,,,,,0,0,0,0,0,0,NO_ACTIVITY,,0,1,1,1,1,0.0,,,,,,,,,,,,,,,,,,,0,False
,2019-12-28,398,2019,12,28,,,,179.10329777777778,261.14320555555554,215.03791939013877,82.03990777777776,5.300241923327931,11.114488839285714,3.272970880813296,97,,,,,Primary_Science_Weather_Only,1.6054298910365616,0.9933110367892977,0,0,0,0,0,0,0,0,0,0,0.0,,,,,,0,NONE,,,,,,,0,0,0,0,0,0,NO_ACTIVITY,,0,1,1,1,1,0.0,,,,,,,,,,,,,,,,,,,0,False
,2019-12-29,399,2019,12,29,,,,178.27349,261.58885888888886,214.70627616190208,83.31536888888886,5.309701708666253,11.4129710467706,2.893303123305415,97,,,,,Primary_Science_Weather_Only,1.6074359097634274,0.9966555183946488,0,0,0,0,0,0,0,0,0,0,0.0,,,,,,0,NONE,,,,,,,0,0,0,0,0,0,NO_ACTIVITY,,0,1,1,1,1,0.0,,,,,,,,,,,,,,,,,,,0,False
2020-01-11,2019-12-30,400,2019,12,30,11,5,16,177.7451166666667,262.31679222222226,214.6810959185041,84.57167555555557,5.208725937442659,11.980330743618202,3.2481321585275467,97,406.0,,"HP3 Mole Recovery Operations, HP3 RAD Calibrations, Landed Model Energy Fault Response Enabling, Overnight Battery Characterization, and Aeolian Change, Dust Devil Search, and Meteor Baseline Search Images",134.0,Primary_Science,1.6094379124341003,1.0,27,9,0,1,0,1,0,0,0,0,0.4875609756097561,44.0,0.3555555555555555,0.06698729810778076,0.0238177059938776,20.0,0,HP3,0,0,1,0,0,0,1,1,0,1,0,0,SCIENCE,0,1,0,0,0,0,0.3779790940766551,0,0,163,0,115,7,37,53,34,11,48,9,399,300,287,974,150,600,1,True
,2019-12-31,401,2019,12,31,,,,177.51872444444447,261.7196248612653,214.91290091516575,84.20090041682082,5.27970974226387,11.805820512820512,3.1074271406414646,97,,,,,Extended_1_Weather_Only,1.6114359150967734,0.0,0,0,0,0,0,0,0,0,0,0,0.0,,,,,,0,NONE,,,,,,,0,0,0,0,0,0,NO_ACTIVITY,,0,1,1,1,1,0.0,,,,,,,,,,,,,,,,,,,0,False
,2020-01-01,402,2020,1,1,,,,176.9329011111111,260.98316222222223,214.90373005278457,84.05026111111113,5.318645561572257,11.508421111111112,3.087936696787807,97,,,,,Extended_1_Weather_Only,1.6134299337036377,0.002506265664160401,0,0,0,0,0,0,0,0,0,0,0.0,,,,,,0,NONE,,,,,,,0,0,0,0,0,0,NO_ACTIVITY,,0,1,1,1,1,0.0,,,,,,,,,,,,,,,,,,,0,False
,2020-01-02,403,2020,1,2,,,,177.56814,262.8848433333333,214.89127664813586,85.31670333333332,5.197631160105584,12.215570791527313,2.810678354508431,97,,,,,Extended_1_Weather_Only,1.6154199841116479,0.005012531328320802,0,0,0,0,0,0,0,0,0,0,0.0,,,,,,0,NONE,,,,,,,0,0,0,0,0,0,NO_ACTIVITY,,0,1,1,1,1,0.0,,,,,,,,,,,,,,,,,,,0,False
,2020-01-03,404,2020,1,3,,,,178.2607588888889,261.9482366666667,215.4331865605346,83.68747777777779,5.462415037219022,11.623726966292136,3.190842868940665,96,,,,,Extended_1_Weather_Only,1.6174060820832772,0.007518796992481203,0,0,0,0,0,0,0,0,0,0,0.0,,,,,,0,NONE,,,,,,,0,0,0,0,0,0,NO_ACTIVITY,,0,1,1,1,1,0.0,,,,,,,,,,,,,,,,,,,0,False
,2020-01-04,405,2020,1,4,,,,178.77256888888888,262.92147666666665,214.86120904238646,84.14890777777777,5.300107201268767,11.473106666666666,2.9209159265582136,97,,,,,Extended_1_Weather_Only,1.6193882432872684,0.010025062656641603,0,0,0,0,0,0,0,0,0,0,0.0,,,,,,0,NONE,,,,,,,0,0,0,0,0,0,NO_ACTIVITY,,0,1,1,1,1,0.0,,,,,,,,,,,,,,,,,,,0,False
,2020-01-05,406,2020,1,5,,,,177.81326666666666,262.54951,214.67306482072686,84.73624333333333,5.657183251672687,12.323154788418709,3.3646300717267748,97,,,,,Extended_1_Weather_Only,1.6213664832993742,0.012531328320802004,0,0,0,0,0,0,0,0,0,0,0.0,,,,,,0,NONE,,,,,,,0,0,0,0,0,0,NO_ACTIVITY,,0,1,1,1,1,0.0,,,,,,,,,,,,,,,,,,,0,False
2020-01-18,2020-01-06,407,2020,1,6,18,5,21,177.1850188888889,262.7105,214.68685032559858,85.52548111111113,5.339369445073534,10.811970554926386,2.8000914433136352,97,413.0,,"HP3 Mole Recovery Operations, New WUTT Installation, APSS/SEIS DBLT Dumps, SEIS Flash Maintenance and Tilt Measurement, and Aeolian Change, Dust Devil Search, and Meteor Baseline Search Images",137.52,Extended_1,1.623340817603092,0.015037593984962405,27,10,0,3,0,1,1,1,0,0,0.6142276422764228,42.47999999999999,0.3751111111111112,0.14644660940672616,0.05493375037301195,7.0,0,SEIS,0,0,1,1,0,0,1,1,0,1,0,1,SCIENCE,0,1,0,0,1,0,0.42004645760743325,0,0,170,0,122,0,37,54,35,12,48,9,406,307,280,967,157,593,1,True
,2020-01-07,408,2020,1,7,,,,177.25202,262.3931988888889,214.77551608425196,85.1411788888889,5.1238651558820205,12.088946666666669,2.8172889572954642,97,,,,,Extended_1_Weather_Only,1.6253112615903906,0.017543859649122806,0,0,0,0,0,0,0,0,0,0,0.0,,,,,,0,NONE,,,,,,,0,0,0,0,0,0,NO_ACTIVITY,,0,1,1,1,1,0.0,,,,,,,,,,,,,,,,,,,0,False
,2020-01-08,409,2020,1,8,,,,177.11320222222224,262.75811444444446,214.44689267913327,85.64491222222222,5.5548073322995215,12.959314444444445,3.192311178037448,97,,,,,Extended_1_Weather_Only,1.6272778305624314,0.020050125313283207,0,0,0,0,0,0,0,0,0,0,0.0,,,,,,0,NONE,,,,,,,0,0,0,0,0,0,NO_ACTIVITY,,0,1,1,1,1,0.0,,,,,,,,,,,,,,,,,,,0,False
,2020-01-09,410,2020,1,9,,,,176.95266999999998,262.85410444444443,214.80923716616243,85.90143444444445,5.47803728805128,12.026642222222222,2.974953132860164,97,,,,,Extended_1_Weather_Only,1.62924053973028,0.022556390977443608,0,0,0,0,0,0,0,0,0,0,0.0,,,,,,0,NONE,,,,,,,0,0,0,0,0,0,NO_ACTIVITY,,0,1,1,1,1,0.0,,,,,,,,,,,,,,,,,,,0,False
,2020-01-10,411,2020,1,10,,,,178.42549888888888,263.2844777777778,215.2586727614171,84.85897888888891,5.047272725465823,10.030494419642858,2.4949817907454706,97,,,,,Extended_1_Weather_Only,1.631199404215613,0.02506265664160401,0,0,0,0,0,0,0,0,0,0,0.0,,,,,,0,NONE,,,,,,,0,0,0,0,0,0,NO_ACTIVITY,,0,1,1,1,1,0.0,,,,,,,,,,,,,,,,,,,0,False
,2020-01-11,412,2020,1,11,,,,177.17309555555553,263.65414,214.91860292859823,86.48104444444445,5.084805308403975,10.469979888268156,2.44067367782926,97,,,,,Extended_1_Weather_Only,1.6331544390514163,0.02756892230576441,0,0,0,0,0,0,0,0,0,0,0.0,,,,,,0,NONE,,,,,,,0,0,0,0,0,0,NO_ACTIVITY,,0,1,1,1,1,0.0,,,,,,,,,,,,,,,,,,,0,False
,2020-01-12,413,2020,1,12,,,,177.0005188888889,264.1660611111111,214.12560246097223,87.1655422222222,5.153870129743713,11.440604444444444,2.7832718815457147,97,,,,,Extended_1_Weather_Only,1.6351056591826783,0.03007518796992481,0,0,0,0,0,0,0,0,0,0,0.0,,,,,,0,NONE,,,,,,,0,0,0,0,0,0,NO_ACTIVITY,,0,1,1,1,1,0.0,,,,,,,,,,,,,,,,,,,0,False
2020-01-26,2020-01-13,414,2020,1,13,26,6,2,176.78265333333334,263.1191522222222,213.56287499069902,86.33649888888888,5.211611378825946,12.628255555555556,2.583700059189399,97,419.0,,"HP3 Mole Recovery Operations and Aeolian Change, Dust Devil Search, and Meteor Baseline Search Images",141.08,Extended_1,1.6370530794670737,0.03258145363408521,15,5,0,1,0,1,0,0,0,0,0.29308943089430894,38.91999999999999,0.39488888888888896,0.75,0.2961666666666667,7.0,0,HP3,0,0,1,0,0,0,1,0,0,1,0,0,SCIENCE,0,1,0,0,1,0,0.38178861788617885,0,7,177,0,116,6,37,55,35,12,48,9,413,314,273,960,164,586,1,True
,2020-01-14,415,2020,1,14,,,,175.84261111111113,263.09123529411767,213.0522314012508,87.24862418300654,5.435075769534353,12.227548494983278,2.9845567560353445,97,,,,,Extended_1_Weather_Only,1.6389967146756448,0.03508771929824561,0,0,0,0,0,0,0,0,0,0,0.0,,,,,,0,NONE,,,,,,,0,0,0,0,0,0,NO_ACTIVITY,,0,1,1,1,1,0.0,,,,,,,,,,,,,,,,,,,0,False
,2020-01-15,416,2020,1,15,,,,177.47328555555555,263.5147655555555,213.35587423717948,86.04147999999998,5.146013531472174,10.590519144144144,2.846379892484474,97,,,,,Extended_1_Weather_Only,1.6409365794934714,0.03759398496240601,0,0,0,0,0,0,0,0,0,0,0.0,,,,,,0,NONE,,,,,,,0,0,0,0,0,0,NO_ACTIVITY,,0,1,1,1,1,0.0,,,,,,,,,,,,,,,,,,,0,False
,2020-01-16,417,2020,1,16,,,,175.37321333333333,264.06284,212.88246470043558,88.68962666666667,5.15505233315541,11.667689732142858,2.8678020037891834,97,,,,,Extended_1_Weather_Only,1.6428726885203377,0.040100250626566414,0,0,0,0,0,0,0,0,0,0,0.0,,,,,,0,NONE,,,,,,,0,0,0,0,0,0,NO_ACTIVITY,,0,1,1,1,1,0.0,,,,,,,,,,,,,,,,,,,0,False
,2020-01-17,418,2020,1,17,,,,176.94545555555555,264.1217555555555,213.19479798707903,87.17629999999997,4.860848600625323,10.642601123595506,2.5456373494664253,97,,,,,Extended_1_Weather_Only,1.6448050562713916,0.042606516290726815,0,0,0,0,0,0,0,0,0,0,0.0,,,,,,0,NONE,,,,,,,0,0,0,0,0,0,NO_ACTIVITY,,0,1,1,1,1,0.0,,,,,,,,,,,,,,,,,,,0,False
,2020-01-18,419,2020,1,18,,,,177.7101088888889,264.40377666666666,213.56287387202187,86.69366777777776,4.784387602622088,11.347494444444443,2.628146153221653,97,,,,,Extended_1_Weather_Only,1.6467336971777973,0.045112781954887216,0,0,0,0,0,0,0,0,0,0,0.0,,,,,,0,NONE,,,,,,,0,0,0,0,0,0,NO_ACTIVITY,,0,1,1,1,1,0.0,,,,,,,,,,,,,,,,,,,0,False
2020-02-01,2020-01-19,420,2020,1,19,32,5,6,179.35833,263.8923088888889,213.89407450910892,84.53397888888892,5.304309945403746,10.696248053392658,2.819580554669845,97,426.0,,"HP3 Mole Recovery Operations, New WUTT Installation, Update LME Curve, APSS/SEIS DBLT Dumps, and Aeolian Change, Dust Devil Search, and Meteor Baseline Search Images",144.16,Extended_1,1.6486586255873816,0.047619047619047616,24,9,0,3,0,1,1,1,0,0,0.5656097560975609,35.84,0.41200000000000003,1.0,0.41200000000000003,6.0,0,HP3,0,0,1,0,0,0,1,0,0,1,0,1,SCIENCE,0,1,0,0,1,0,0.4368989547038328,0,7,183,0,110,0,37,56,36,13,48,9,419,320,267,954,170,580,1,True
,2020-01-20,421,2020,1,20,,,,178.09392222222223,264.4666722222222,214.21457855809925,86.37274999999997,5.004932170471726,9.772642222222222,2.313016208158744,97,,,,,Extended_1_Weather_Only,1.6505798557652755,0.05012531328320802,0,0,0,0,0,0,0,0,0,0,0.0,,,,,,0,NONE,,,,,,,0,0,0,0,0,0,NO_ACTIVITY,,0,1,1,1,1,0.0,,,,,,,,,,,,,,,,,,,0,False
,2020-01-21,422,2020,1,21,,,,178.6522533333333,264.86939333333333,215.05458731734345,86.21714000000003,4.646917043452206,9.383246913580248,2.1121677052544174,97,,,,,Extended_1_Weather_Only,1.6524974018945473,0.05263157894736842,0,0,0,0,0,0,0,0,0,0,0.0,,,,,,0,NONE,,,,,,,0,0,0,0,0,0,NO_ACTIVITY,,0,1,1,1,1,0.0,,,,,,,,,,,,,,,,,,,0,False
,2020-01-22,423,2020,1,22,,,,179.9385288888889,264.80308333333335,214.87096645034538,84.86455444444445,5.012861701665792,11.366881516587677,2.481487274167606,97,,,,,Extended_1_Weather_Only,1.6544112780768316,0.05513784461152882,0,0,0,0,0,0,0,0,0,0,0.0,,,,,,0,NONE,,,,,,,0,0,0,0,0,0,NO_ACTIVITY,,0,1,1,1,1,0.0,,,,,,,,,,,,,,,,,,,0,False
,2020-01-23,424,2020,1,23,,,,180.08371444444444,264.6435588888889,215.1765295969242,84.55984444444445,4.8897877852054465,10.448910835214448,2.1545033525668345,97,,,,,Extended_1_Weather_Only,1.6563214983329508,0.05764411027568922,0,0,0,0,0,0,0,0,0,0,0.0,,,,,,0,NONE,,,,,,,0,0,0,0,0,0,NO_ACTIVITY,,0,1,1,1,1,0.0,,,,,,,,,,,,,,,,,,,0,False
,2020-01-24,425,2020,1,24,,,,180.1901822222222,264.9220111111111,215.65446614727014,84.73182888888888,4.663898517046395,10.105388951521984,2.2408323971568707,97,,,,,Extended_1_Weather_Only,1.6582280766035324,0.06015037593984962,0,0,0,0,0,0,0,0,0,0,0.0,,,,,,0,NONE,,,,,,,0,0,0,0,0,0,NO_ACTIVITY,,0,1,1,1,1,0.0,,,,,,,,,,,,,,,,,,,0,False
,2020-01-25,426,2020,1,25,,,,180.7410911111111,264.91413777777774,216.18448891635694,84.17304666666664,4.818826168395598,10.804249717514123,2.4983062459663374,97,,,,,Extended_1_Weather_Only,1.6601310267496185,0.06265664160401002,0,0,0,0,0,0,0,0,0,0,0.0,,,,,,0,NONE,,,,,,,0,0,0,0,0,0,NO_ACTIVITY,,0,1,1,1,1,0.0,,,,,,,,,,,,,,,,,,,0,False
2020-02-08,2020-01-26,427,2020,1,26,39,5,10,181.36801333333327,265.0054111111112,216.40409997217463,83.63739777777792,4.634927087890418,9.826240950226245,2.1350266490394976,97,433.0,,"HP3 Mole Recovery Operations, HP3 RAD Calibrations, Update LME Curve, and Long Shadow, Aeolian Change, Dust Devil Search and Meteor Baseline Search Images",147.8,Extended_1,1.6620303625532709,0.06516290726817042,23,8,0,1,0,1,0,0,0,0,0.4316260162601626,32.19999999999999,0.4322222222222223,0.75,0.3241666666666667,7.0,0,HP3,0,0,1,0,0,0,1,1,0,1,0,1,SCIENCE,0,1,0,0,1,0,0.4469802555168409,0,0,190,0,103,0,37,57,36,13,48,9,426,327,260,947,177,573,1,True
,2020-01-27,428,2020,1,27,,,,182.46400222222223,265.90110666666664,217.1752401352479,83.4371044444444,4.822920057698607,10.720111234705229,2.3171413859393994,97,,,,,Extended_1_Weather_Only,1.6639260977181702,0.06766917293233082,0,0,0,0,0,0,0,0,0,0,0.0,,,,,,0,NONE,,,,,,,0,0,0,0,0,0,NO_ACTIVITY,,0,1,1,1,1,0.0,,,,,,,,,,,,,,,,,,,0,False
,2020-01-28,429,2020,1,28,,,,182.1505277777778,266.7140133333333,217.67431639983502,84.5634855555555,4.598606661973121,9.341496098104797,2.2087106850115026,97,,,,,Extended_1_Weather_Only,1.665818245870208,0.07017543859649122,0,0,0,0,0,0,0,0,0,0,0.0,,,,,,0,NONE,,,,,,,0,0,0,0,0,0,NO_ACTIVITY,,0,1,1,1,1,0.0,,,,,,,,,,,,,,,,,,,0,False
,2020-01-29,430,2020,1,29,,,,182.69089777777776,266.21561777777777,218.19458093027322,83.52472,4.090355474498042,7.5525225,1.799184330545523,97,,,,,Extended_1_Weather_Only,1.667706820558076,0.07268170426065163,0,0,0,0,0,0,0,0,0,0,0.0,,,,,,0,NONE,,,,,,,0,0,0,0,0,0,NO_ACTIVITY,,0,1,1,1,1,0.0,,,,,,,,,,,,,,,,,,,0,False
,2020-01-30,431,2020,1,30,,,,181.09572666666668,266.1652711111111,218.1765353573045,85.06954444444443,4.493567372351455,9.076492045454543,2.051001209812242,97,,,,,Extended_1_Weather_Only,1.6695918352538475,0.07518796992481203,0,0,0,0,0,0,0,0,0,0,0.0,,,,,,0,NONE,,,,,,,0,0,0,0,0,0,NO_ACTIVITY,,0,1,1,1,1,0.0,,,,,,,,,,,,,,,,,,,0,False
,2020-01-31,432,2020,1,31,,,,182.58068111111112,267.53891555555555,219.08306104757625,84.95823444444443,4.68032570111083,10.086258426966292,2.5881962577684745,97,,,,,Extended_1_Weather_Only,1.6714733033535532,0.07769423558897243,0,0,0,0,0,0,0,0,0,0,0.0,,,,,,0,NONE,,,,,,,0,0,0,0,0,0,NO_ACTIVITY,,0,1,1,1,1,0.0,,,,,,,,,,,,,,,,,,,0,False
,2020-02-01,433,2020,2,1,,,,183.66762888888888,266.1930977777778,219.54187550766247,82.5254688888889,4.618600953188265,9.55705392731536,2.2549765593251903,97,,,,,Extended_1_Weather_Only,1.673351238177753,0.08020050125313283,0,0,0,0,0,0,0,0,0,0,0.0,,,,,,0,NONE,,,,,,,0,0,0,0,0,0,NO_ACTIVITY,,0,1,1,1,1,0.0,,,,,,,,,,,,,,,,,,,0,False
2020-02-15,2020-02-02,434,2020,2,2,46,5,15,183.1381577777778,267.0603977777778,230.86622877847768,83.92223999999999,5.769198877881498,9.947469410456062,2.718475540275046,67,440.0,,"HP3 Mole Recovery Operations, HP3 RAD High Rate and Calibrations, New WUTT Installation, APSS/SEIS DBLT Dumps, SEIS VBB Recentering and Calibration, and Long Shadow, Aeolian Change, and Dust Devil Search Images",151.47,Extended_1,1.6752256529721035,0.08270676691729323,31,12,0,3,0,1,1,1,0,0,0.696829268292683,28.53,0.4526111111111111,0.14644660940672644,0.06628336260203334,7.0,0,HP3,0,0,1,0,0,0,1,1,0,1,0,1,SCIENCE,0,1,0,0,1,0,0.4939024390243903,0,0,197,0,96,0,37,58,37,14,48,9,433,334,253,940,184,566,1,True
,2020-02-03,435,2020,2,3,,,,185.20937444444445,267.41085555555554,220.9856931523535,82.2014811111111,4.741771297847836,10.324121111111111,2.726906951225792,97,,,,,Extended_1_Weather_Only,1.6770965609079151,0.08521303258145363,0,0,0,0,0,0,0,0,0,0,0.0,,,,,,0,NONE,,,,,,,0,0,0,0,0,0,NO_ACTIVITY,,0,1,1,1,1,0.0,,,,,,,,,,,,,,,,,,,0,False
,2020-02-04,436,2020,2,4,,,,184.02872555555555,267.57509555555555,220.52134991160065,83.54637,4.7115520975815155,9.472062222222222,2.4340944356867005,97,,,,,Extended_1_Weather_Only,1.6789639750827108,0.08771929824561403,0,0,0,0,0,0,0,0,0,0,0.0,,,,,,0,NONE,,,,,,,0,0,0,0,0,0,NO_ACTIVITY,,0,1,1,1,1,0.0,,,,,,,,,,,,,,,,,,,0,False
,2020-02-05,437,2020,2,5,,,,184.3744055555556,267.54287555555555,220.4011935012701,83.16846999999996,5.036282058064607,10.175505555555556,2.4790607673164935,97,,,,,Extended_1_Weather_Only,1.6808279085207734,0.09022556390977443,0,0,0,0,0,0,0,0,0,0,0.0,,,,,,0,NONE,,,,,,,0,0,0,0,0,0,NO_ACTIVITY,,0,1,1,1,1,0.0,,,,,,,,,,,,,,,,,,,0,False
,2020-02-06,438,2020,2,6,,,,185.21866333333327,267.1464933333333,219.83353652858446,81.92783000000003,5.427917255965985,11.814915555555556,2.849350564133628,97,,,,,Extended_1_Weather_Only,1.682688374173693,0.09273182957393483,0,0,0,0,0,0,0,0,0,0,0.0,,,,,,0,NONE,,,,,,,0,0,0,0,0,0,NO_ACTIVITY,,0,1,1,1,1,0.0,,,,,,,,,,,,,,,,,,,0,False
,2020-02-07,439,2020,2,7,,,,184.511320754717,266.96858444444445,219.91802904651647,82.45726368972745,5.631009067284475,11.670799102132436,2.9850516511933973,97,,,,,Extended_1_Weather_Only,1.6845453849209058,0.09523809523809523,0,0,0,0,0,0,0,0,0,0,0.0,,,,,,0,NONE,,,,,,,0,0,0,0,0,0,NO_ACTIVITY,,0,1,1,1,1,0.0,,,,,,,,,,,,,,,,,,,0,False
,2020-02-08,440,2020,2,8,,,,184.2202233333333,268.66079,219.56030687645048,84.44056666666671,5.952963743957665,12.430661830357142,3.184761754902437,97,,,,,Extended_1_Weather_Only,1.6863989535702288,0.09774436090225563,0,0,0,0,0,0,0,0,0,0,0.0,,,,,,0,NONE,,,,,,,0,0,0,0,0,0,NO_ACTIVITY,,0,1,1,1,1,0.0,,,,,,,,,,,,,,,,,,,0,False
2020-02-22,2020-02-09,441,2020,2,9,53,5,19,183.9105133333333,267.94436333333334,219.77460710908488,84.03385000000003,6.010640097971025,12.705086859688196,3.2981960745886805,96,453.0,,"HP3 Mole Recovery Operations, HP3 RAD High Rate, Calibrations, and Hourly, New WUTT Installation, BST Dumps, SEIS Flash Maintenance and Tilt Measurement, and Long Shadow, Aeolian Change, Dust Devil Search, and Cloud Images",155.2,Extended_1,1.6882490928583902,0.10025062656641603,33,15,0,2,0,1,1,0,0,0,0.7414634146341463,24.80000000000001,0.4733333333333333,0.01703708685546579,0.008064221111587139,7.0,0,HP3,0,0,1,1,0,0,1,1,0,1,0,1,SCIENCE,0,1,0,0,1,0,0.5472009291521486,0,0,204,0,89,0,37,59,38,14,48,9,440,341,246,933,191,559,1,True
,2020-02-10,442,2020,2,10,,,,181.8705755555556,266.67716666666666,218.33989565304424,84.80659111111106,6.084949145475637,13.89772072072072,3.678534240759137,97,,,,,Extended_1_Weather_Only,1.6900958154515549,0.10275689223057644,0,0,0,0,0,0,0,0,0,0,0.0,,,,,,0,NONE,,,,,,,0,0,0,0,0,0,NO_ACTIVITY,,0,1,1,1,1,0.0,,,,,,,,,,,,,,,,,,,0,False
,2020-02-11,443,2020,2,11,,,,182.5933633333333,267.0656822222222,218.64456975304964,84.47231888888894,5.7777404988102035,12.065432552954292,3.1817723287503763,97,,,,,Extended_1_Weather_Only,1.691939133945844,0.10526315789473684,0,0,0,0,0,0,0,0,0,0,0.0,,,,,,0,NONE,,,,,,,0,0,0,0,0,0,NO_ACTIVITY,,0,1,1,1,1,0.0,,,,,,,,,,,,,,,,,,,0,False
,2020-02-12,444,2020,2,12,,,,182.3497211111112,268.1536566666667,219.22901837823676,85.80393555555548,5.355541318226067,11.94277,2.914294160813693,97,,,,,Extended_1_Weather_Only,1.6937790608678513,0.10776942355889724,0,0,0,0,0,0,0,0,0,0,0.0,,,,,,0,NONE,,,,,,,0,0,0,0,0,0,NO_ACTIVITY,,0,1,1,1,1,0.0,,,,,,,,,,,,,,,,,,,0,False
,2020-02-13,445,2020,2,13,,,,181.60500666666667,267.6271977777778,218.7339526074264,86.02219111111111,5.669221609678546,11.86507341490545,3.0912370445127317,97,,,,,Extended_1_Weather_Only,1.6956156086751528,0.11027568922305764,0,0,0,0,0,0,0,0,0,0,0.0,,,,,,0,NONE,,,,,,,0,0,0,0,0,0,NO_ACTIVITY,,0,1,1,1,1,0.0,,,,,,,,,,,,,,,,,,,0,False
,2020-02-14,446,2020,2,14,,,,181.62737,267.95295666666664,218.64118645693304,86.32558666666662,5.657605393933281,12.618831661092532,3.246546682882003,97,,,,,Extended_1_Weather_Only,1.6974487897568136,0.11278195488721804,0,0,0,0,0,0,0,0,0,0,0.0,,,,,,0,NONE,,,,,,,0,0,0,0,0,0,NO_ACTIVITY,,0,1,1,1,1,0.0,,,,,,,,,,,,,,,,,,,0,False
,2020-02-15,447,2020,2,15,,,,181.41375666666667,268.8156711111111,218.43115546295644,87.40191444444443,5.98191514273358,12.986511160714286,3.4160667503350433,97,,,,,Extended_1_Weather_Only,1.6992786164338898,0.11528822055137844,0,0,0,0,0,0,0,0,0,0,0.0,,,,,,0,NONE,,,,,,,0,0,0,0,0,0,NO_ACTIVITY,,0,1,1,1,1,0.0,,,,,,,,,,,,,,,,,,,0,False
,2020-02-16,448,2020,2,16,,,,182.68353,268.0265088888889,218.65420941232324,85.3429788888889,6.1761703234997976,12.094226351351352,3.320380133309932,88,,,,,Extended_1_Weather_Only,1.7011051009599243,0.11779448621553884,0,0,0,0,0,0,0,0,0,0,0.0,,,,,,0,NONE,,,,,,,0,0,0,0,0,0,NO_ACTIVITY,,0,1,1,1,1,0.0,,,,,,,,,,,,,,,,,,,0,False
,2020-02-17,449,2020,2,17,,,,181.9289111111111,267.93118888888887,219.7122212879217,86.00227777777778,7.106319643236938,11.422994292237442,3.1548421090685173,90,,,,,Extended_1_Weather_Only,1.7029282555214393,0.12030075187969924,0,0,0,0,0,0,0,0,0,0,0.0,,,,,,0,NONE,,,,,,,0,0,0,0,0,0,NO_ACTIVITY,,0,1,1,1,1,0.0,,,,,,,,,,,,,,,,,,,0,False
,2020-02-18,450,2020,2,18,,,,181.6069322222222,267.11584444444446,218.20559959854327,85.50891222222225,5.5461079468214045,11.520554444444445,3.064784230054994,97,,,,,Extended_1_Weather_Only,1.7047480922384253,0.12280701754385964,0,0,0,0,0,0,0,0,0,0,0.0,,,,,,0,NONE,,,,,,,0,0,0,0,0,0,NO_ACTIVITY,,0,1,1,1,1,0.0,,,,,,,,,,,,,,,,,,,0,False
,2020-02-19,451,2020,2,19,,,,181.2746011111111,268.90592333333336,217.85631215583297,87.63132222222225,5.333968883744535,11.539555683122847,2.7944686534403442,97,,,,,Extended_1_Weather_Only,1.706564623164823,0.12531328320802004,0,0,0,0,0,0,0,0,0,0,0.0,,,,,,0,NONE,,,,,,,0,0,0,0,0,0,NO_ACTIVITY,,0,1,1,1,1,0.0,,,,,,,,,,,,,,,,,,,0,False
,2020-02-20,452,2020,2,20,,,,181.7173733333333,268.64934222222223,217.53288665234535,86.93196888888892,5.98133682494761,12.046981005586591,2.706001511140019,97,,,,,Extended_1_Weather_Only,1.7083778602890038,0.12781954887218044,0,0,0,0,0,0,0,0,0,0,0.0,,,,,,0,NONE,,,,,,,0,0,0,0,0,0,NO_ACTIVITY,,0,1,1,1,1,0.0,,,,,,,,,,,,,,,,,,,0,False
,2020-02-21,453,2020,2,21,,,,181.5940488888889,267.9901922222222,216.97864215712423,86.39614333333333,5.8483972833776114,12.29885061315496,3.1387147215281868,97,,,,,Extended_1_Weather_Only,1.7101878155342434,0.13032581453634084,0,0,0,0,0,0,0,0,0,0,0.0,,,,,,0,NONE,,,,,,,0,0,0,0,0,0,NO_ACTIVITY,,0,1,1,1,1,0.0,,,,,,,,,,,,,,,,,,,0,False
2020-03-07,2020-02-22,454,2020,2,22,67,5,4,181.43839777777777,267.17175000000003,216.7856101875649,85.73335222222227,5.434805450666544,11.787027808676308,3.1019837988156076,97,460.0,,"HP3 Mole Recovery Operations, HP3 RAD High Rate, SEIS VBB3 Characterization, and Long Shadow, Aeolian Change, Dust Devil Search, and Cloud Images",162.23,Extended_1,1.7119945007591924,0.13283208020050125,22,9,0,2,0,1,1,0,0,0,0.5009756097560976,17.77000000000001,0.5123888888888888,0.9330127018922193,0.4780653416417743,13.0,0,HP3,0,0,1,0,0,0,1,1,0,1,0,0,SCIENCE,0,1,0,0,1,0,0.5491173054587689,0,0,217,0,76,13,37,60,39,14,48,9,453,354,233,920,204,546,1,True
,2020-02-23,455,2020,2,23,,,,182.0906177777778,268.75264555555555,216.77906838807698,86.66202777777775,5.354059679108006,11.66482,2.840873197026871,97,,,,,Extended_1_Weather_Only,1.713797927758343,0.13533834586466165,0,0,0,0,0,0,0,0,0,0,0.0,,,,,,0,NONE,,,,,,,0,0,0,0,0,0,NO_ACTIVITY,,0,1,1,1,1,0.0,,,,,,,,,,,,,,,,,,,0,False
,2020-02-24,456,2020,2,24,,,,181.8381488888889,268.7898088888889,216.74298960094265,86.95166,5.762731958342238,11.933442222222222,2.91641833078131,97,,,,,Extended_1_Weather_Only,1.715598108262491,0.13784461152882205,0,0,0,0,0,0,0,0,0,0,0.0,,,,,,0,NONE,,,,,,,0,0,0,0,0,0,NO_ACTIVITY,,0,1,1,1,1,0.0,,,,,,,,,,,,,,,,,,,0,False
,2020-02-25,457,2020,2,25,,,,182.77605111111112,268.4689744444444,216.83440023753676,85.69292333333331,5.853642152547196,12.582,2.9919573671342654,97,,,,,Extended_1_Weather_Only,1.7173950539391927,0.14035087719298245,0,0,0,0,0,0,0,0,0,0,0.0,,,,,,0,NONE,,,,,,,0,0,0,0,0,0,NO_ACTIVITY,,0,1,1,1,1,0.0,,,,,,,,,,,,,,,,,,,0,False
,2020-02-26,458,2020,2,26,,,,183.3606577777778,268.4817644444444,217.43422670990515,85.12110666666663,5.402244507840027,10.706335562987736,2.696132577180373,97,,,,,Extended_1_Weather_Only,1.7191887763932197,0.14285714285714285,0,0,0,0,0,0,0,0,0,0,0.0,,,,,,0,NONE,,,,,,,0,0,0,0,0,0,NO_ACTIVITY,,0,1,1,1,1,0.0,,,,,,,,,,,,,,,,,,,0,False
,2020-02-27,459,2020,2,27,,,,182.7658211111111,268.7879522222222,217.21868650882968,86.0221311111111,5.4057628641293505,10.49091425389755,2.4821439593498407,97,,,,,Extended_1_Weather_Only,1.7209792871670078,0.14536340852130325,0,0,0,0,0,0,0,0,0,0,0.0,,,,,,0,NONE,,,,,,,0,0,0,0,0,0,NO_ACTIVITY,,0,1,1,1,1,0.0,,,,,,,,,,,,,,,,,,,0,False
,2020-02-28,460,2020,2,28,,,,183.46614444444444,269.8339933333333,217.61055251403135,86.36784888888886,5.3756565049895935,10.301312222222222,2.323758545568776,97,,,,,Extended_1_Weather_Only,1.7227665977411035,0.14786967418546365,0,0,0,0,0,0,0,0,0,0,0.0,,,,,,0,NONE,,,,,,,0,0,0,0,0,0,NO_ACTIVITY,,0,1,1,1,1,0.0,,,,,,,,,,,,,,,,,,,0,False
2020-03-14,2020-02-29,461,2020,2,29,74,5,9,182.20527222222225,269.77111666666667,217.5615425864472,87.56584444444442,5.526806061724613,11.270632882882882,2.2229782337217947,97,467.0,,"Long Shadow, Aeolian Change, Dust Devil Search, and Cloud Images",166.09,Extended_1,1.724550719534605,0.15037593984962405,10,5,0,0,0,0,0,0,0,0,0.2065040650406504,13.909999999999997,0.5338333333333334,0.8535533905932737,0.455655251678376,7.0,0,UNKNOWN,0,0,0,0,0,0,1,0,0,0,0,0,SCIENCE,0,0,1,1,1,0,0.4908710801393728,0,7,224,7,69,14,37,60,39,14,48,9,460,361,226,913,211,539,1,True
,2020-03-01,462,2020,3,1,,,,182.8071944444445,269.9949855555556,217.82361012298372,87.18779111111112,5.2135428453870265,11.22805222222222,2.241483495109382,97,,,,,Extended_1_Weather_Only,1.7263316639055997,0.15288220551378445,0,0,0,0,0,0,0,0,0,0,0.0,,,,,,0,NONE,,,,,,,0,0,0,0,0,0,NO_ACTIVITY,,0,1,1,1,1,0.0,,,,,,,,,,,,,,,,,,,0,False
,2020-03-02,463,2020,3,2,,,,183.1244055555556,268.78508555555555,218.08919354393788,85.66067999999996,5.201690124978295,11.95524,2.529636322766233,97,,,,,Extended_1_Weather_Only,1.728109442151599,0.15538847117794485,0,0,0,0,0,0,0,0,0,0,0.0,,,,,,0,NONE,,,,,,,0,0,0,0,0,0,NO_ACTIVITY,,0,1,1,1,1,0.0,,,,,,,,,,,,,,,,,,,0,False
,2020-03-03,464,2020,3,3,,,,182.89467444444443,269.7015922222222,218.24371707605982,86.80691777777776,5.076123313091343,10.378280963302752,2.295529744147936,97,,,,,Extended_1_Weather_Only,1.7298840655099674,0.15789473684210525,0,0,0,0,0,0,0,0,0,0,0.0,,,,,,0,NONE,,,,,,,0,0,0,0,0,0,NO_ACTIVITY,,0,1,1,1,1,0.0,,,,,,,,,,,,,,,,,,,0,False
,2020-03-04,465,2020,3,4,,,,182.0463144444444,270.4465077777777,218.26214563637404,88.4001933333333,5.430318384926558,11.172512222222222,2.4144468136236,97,,,,,Extended_1_Weather_Only,1.7316555451583497,0.16040100250626566,0,0,0,0,0,0,0,0,0,0,0.0,,,,,,0,NONE,,,,,,,0,0,0,0,0,0,NO_ACTIVITY,,0,1,1,1,1,0.0,,,,,,,,,,,,,,,,,,,0,False
,2020-03-05,466,2020,3,5,,,,181.44182,269.88221666666664,218.26911946484304,88.44039666666663,5.382199399650005,10.38933,2.1591453444271185,97,,,,,Extended_1_Weather_Only,1.7334238922150915,0.16290726817042606,0,0,0,0,0,0,0,0,0,0,0.0,,,,,,0,NONE,,,,,,,0,0,0,0,0,0,NO_ACTIVITY,,0,1,1,1,1,0.0,,,,,,,,,,,,,,,,,,,0,False
,2020-03-06,467,2020,3,6,,,,180.5762255555556,269.7780266666667,218.57183181681023,89.20180111111108,5.247211037580282,11.390665924276169,2.6578506202387993,97,,,,,Extended_1_Weather_Only,1.7351891177396608,0.16541353383458646,0,0,0,0,0,0,0,0,0,0,0.0,,,,,,0,NONE,,,,,,,0,0,0,0,0,0,NO_ACTIVITY,,0,1,1,1,1,0.0,,,,,,,,,,,,,,,,,,,0,False
2020-03-21,2020-03-07,468,2020,3,7,81,5,13,181.23164,269.52602444444443,218.84571523723199,88.29438444444443,5.582642108243059,11.476985507246376,2.8512095868202136,97,474.0,,"HP3 Mole Recovery Operations, SEIS Flash Maintenance and Tilt Measurement, and Long Shadow, Aeolian Change, Dust Devil Search, and Cloud Images",169.99,Extended_1,1.7369512327330598,0.16791979949874686,21,9,0,2,0,1,1,0,0,0,0.49365853658536585,10.009999999999991,0.5555000000000001,0.37059047744873963,0.2058630102227749,7.0,0,HP3,0,0,1,1,0,0,1,1,0,1,0,0,SCIENCE,0,1,0,0,1,0,0.5195238095238095,0,0,231,0,62,7,37,61,40,14,48,9,467,368,219,906,218,532,1,True
,2020-03-08,469,2020,3,8,,,,181.71053666666668,269.4085527192009,219.01057797488718,87.6980160525342,6.090568853710473,12.313957777777778,2.8590697105897207,97,,,,,Extended_1_Weather_Only,1.7387102481382397,0.17042606516290726,0,0,0,0,0,0,0,0,0,0,0.0,,,,,,0,NONE,,,,,,,0,0,0,0,0,0,NO_ACTIVITY,,0,1,1,1,1,0.0,,,,,,,,,,,,,,,,,,,0,False
,2020-03-09,470,2020,3,9,,,,181.0182188888889,269.94526666666667,219.15842869809615,88.92704777777777,5.570889666450497,10.142244874715262,2.39532357958023,97,,,,,Extended_1_Weather_Only,1.7404661748405046,0.17293233082706766,0,0,0,0,0,0,0,0,0,0,0.0,,,,,,0,NONE,,,,,,,0,0,0,0,0,0,NO_ACTIVITY,,0,1,1,1,1,0.0,,,,,,,,,,,,,,,,,,,0,False
,2020-03-10,471,2020,3,10,,,,181.30618444444443,270.79580888888887,219.27332837416725,89.48962444444444,5.40648445262564,11.274459977452086,2.558210906221948,97,,,,,Extended_1_Weather_Only,1.742219023667919,0.17543859649122806,0,0,0,0,0,0,0,0,0,0,0.0,,,,,,0,NONE,,,,,,,0,0,0,0,0,0,NO_ACTIVITY,,0,1,1,1,1,0.0,,,,,,,,,,,,,,,,,,,0,False
,2020-03-11,472,2020,3,11,,,,180.48873333333333,271.1773488888889,219.5425962758915,90.68861555555557,5.434789726912056,11.195669265033407,2.374423325213627,97,,,,,Extended_1_Weather_Only,1.7439688053917064,0.17794486215538846,0,0,0,0,0,0,0,0,0,0,0.0,,,,,,0,NONE,,,,,,,0,0,0,0,0,0,NO_ACTIVITY,,0,1,1,1,1,0.0,,,,,,,,,,,,,,,,,,,0,False
,2020-03-12,473,2020,3,12,,,,180.98345111111112,270.49756333333335,219.44557923479385,89.51411222222222,5.518685209433631,11.049581111111111,2.4266903178033803,97,,,,,Extended_1_Weather_Only,1.7457155307266483,0.18045112781954886,0,0,0,0,0,0,0,0,0,0,0.0,,,,,,0,NONE,,,,,,,0,0,0,0,0,0,NO_ACTIVITY,,0,1,1,1,1,0.0,,,,,,,,,,,,,,,,,,,0,False
,2020-03-13,474,2020,3,13,,,,180.2902155555556,271.4954622222222,219.24221889517128,91.20524666666662,5.453270791393998,10.668594660194175,2.4544422857247,97,,,,,Extended_1_Weather_Only,1.747459210331475,0.18295739348370926,0,0,0,0,0,0,0,0,0,0,0.0,,,,,,0,NONE,,,,,,,0,0,0,0,0,0,NO_ACTIVITY,,0,1,1,1,1,0.0,,,,,,,,,,,,,,,,,,,0,False
2020-03-28,2020-03-14,475,2020,3,14,88,5,18,181.00572666666667,271.9359244444444,219.5279205009665,90.93019777777775,5.39570982061984,10.658454444444445,2.523987112393789,97,481.0,,"Command Loss Timer Set to 25 Days, SEIS Data Processing to L2, APSS Data Processing to L1, Deimos Eclipse Movie, and Aeolian Change and Tau Images",173.95,Extended_1,1.749199854809259,0.18546365914786966,26,7,0,2,0,0,1,1,0,0,0.4769105691056911,6.050000000000011,0.5774999999999999,0.0,0.0,7.0,0,SEIS,0,0,0,2,0,0,0,0,0,0,0,1,COMMUNICATION,0,0,1,1,1,0,0.5068524970963996,7,7,238,7,55,0,37,61,41,15,48,9,474,375,212,899,225,525,1,True
,2020-03-15,476,2020,3,15,,,,180.15831,270.73129,219.45698490272238,90.57298,5.4305309183662995,11.296071428571429,2.3675528622831883,97,,,,,Extended_1_Weather_Only,1.7509374747078,0.18796992481203006,0,0,0,0,0,0,0,0,0,0,0.0,,,,,,0,NONE,,,,,,,0,0,0,0,0,0,NO_ACTIVITY,,0,1,1,1,1,0.0,,,,,,,,,,,,,,,,,,,0,False
,2020-03-16,477,2020,3,16,,,,181.93312777777777,271.31207333333333,219.25725178784856,89.37894555555556,5.463242699025272,11.89003043968433,2.662934146518219,97,,,,,Extended_1_Weather_Only,1.7526720805200082,0.19047619047619047,0,0,0,0,0,0,0,0,0,0,0.0,,,,,,0,NONE,,,,,,,0,0,0,0,0,0,NO_ACTIVITY,,0,1,1,1,1,0.0,,,,,,,,,,,,,,,,,,,0,False
,2020-03-17,478,2020,3,17,,,,181.14884,271.50579555555555,219.11629727657882,90.35695555555554,5.443633228238166,10.307830469644903,2.476442126774427,97,,,,,Extended_1_Weather_Only,1.7544036826842861,0.19298245614035087,0,0,0,0,0,0,0,0,0,0,0.0,,,,,,0,NONE,,,,,,,0,0,0,0,0,0,NO_ACTIVITY,,0,1,1,1,1,0.0,,,,,,,,,,,,,,,,,,,0,False
,2020-03-18,479,2020,3,18,,,,181.22440333333333,271.8475066666667,219.6093797024054,90.62310333333335,5.430547289659789,10.26549497206704,2.4863194577539276,96,,,,,Extended_1_Weather_Only,1.7561322915849038,0.19548872180451127,0,0,0,0,0,0,0,0,0,0,0.0,,,,,,0,NONE,,,,,,,0,0,0,0,0,0,NO_ACTIVITY,,0,1,1,1,1,0.0,,,,,,,,,,,,,,,,,,,0,False
,2020-03-19,480,2020,3,19,,,,181.0960722222222,271.0952111111111,219.07698646162453,89.9991388888889,5.4789895809574105,12.111094444444443,2.4842552849358293,97,,,,,Extended_1_Weather_Only,1.7578579175523736,0.19799498746867167,0,0,0,0,0,0,0,0,0,0,0.0,,,,,,0,NONE,,,,,,,0,0,0,0,0,0,NO_ACTIVITY,,0,1,1,1,1,0.0,,,,,,,,,,,,,,,,,,,0,False
,2020-03-20,481,2020,3,20,,,,181.63382444444449,271.00505444444445,219.22357046356933,89.37122999999997,5.52354885172788,11.344066666666668,2.3129524994045494,97,,,,,Extended_1_Weather_Only,1.7595805708638197,0.20050125313283207,0,0,0,0,0,0,0,0,0,0,0.0,,,,,,0,NONE,,,,,,,0,0,0,0,0,0,NO_ACTIVITY,,0,1,1,1,1,0.0,,,,,,,,,,,,,,,,,,,0,False
2020-04-04,2020-03-21,482,2020,3,21,95,5,22,181.6400144444445,271.05809222222223,219.53089597544815,89.41807777777774,5.556095822153205,10.574077951002227,2.2639290371585497,97,488.0,,"HP3 Mole Recovery Operations, APSS Data Processing to L2, Overnight Battery Characterization, and Long Shadow, Aeolian Change, Tau Images",177.95,Extended_1,1.7613002617433464,0.20300751879699247,19,7,0,2,0,1,0,1,0,0,0.4256910569105691,2.0500000000000114,0.5997222222222222,0.24999999999999978,0.1499305555555554,7.0,0,HP3,0,0,1,1,0,0,0,1,0,1,0,1,MAINTENANCE,0,1,0,0,0,0,0.5060046457607433,7,0,245,0,48,0,37,62,41,16,48,9,481,382,205,892,232,518,1,True
,2020-03-22,483,2020,3,22,,,,181.5356711111111,272.8438,219.86173628968174,91.30812888888889,5.4935512211936475,9.86111570247934,2.095930903162597,97,,,,,Extended_1_Weather_Only,1.763017000362401,0.20551378446115287,0,0,0,0,0,0,0,0,0,0,0.0,,,,,,0,NONE,,,,,,,0,0,0,0,0,0,NO_ACTIVITY,,0,1,1,1,1,0.0,,,,,,,,,,,,,,,,,,,0,False
,2020-03-23,484,2020,3,23,,,,180.7027388888889,272.6381988888889,219.85143483378909,91.93546,5.530806171886018,10.13699111111111,2.4979071176044503,97,,,,,Extended_1_Weather_Only,1.7647307968401356,0.20802005012531327,0,0,0,0,0,0,0,0,0,0,0.0,,,,,,0,NONE,,,,,,,0,0,0,0,0,0,NO_ACTIVITY,,0,1,1,1,1,0.0,,,,,,,,,,,,,,,,,,,0,False
,2020-03-24,485,2020,3,24,,,,181.5793655555556,272.9359888888889,219.87483364533236,91.35662333333332,5.336728598706218,10.329835738068812,2.2081619805656683,97,,,,,Extended_1_Weather_Only,1.766441661243765,0.21052631578947367,0,0,0,0,0,0,0,0,0,0,0.0,,,,,,0,NONE,,,,,,,0,0,0,0,0,0,NO_ACTIVITY,,0,1,1,1,1,0.0,,,,,,,,,,,,,,,,,,,0,False
,2020-03-25,486,2020,3,25,,,,181.90773222222225,273.0133,219.99126104362668,91.10556777777776,5.5062030216204,11.700961625282169,2.4866041712977403,97,,,,,Extended_1_Weather_Only,1.7681496035889213,0.21303258145363407,0,0,0,0,0,0,0,0,0,0,0.0,,,,,,0,NONE,,,,,,,0,0,0,0,0,0,NO_ACTIVITY,,0,1,1,1,1,0.0,,,,,,,,,,,,,,,,,,,0,False
,2020-03-26,487,2020,3,26,,,,181.92433,272.72043666666667,220.0985305569794,90.79610666666667,5.677993851980968,11.883802222222222,2.565124968548678,97,,,,,Extended_1_Weather_Only,1.7698546338400052,0.21553884711779447,0,0,0,0,0,0,0,0,0,0,0.0,,,,,,0,NONE,,,,,,,0,0,0,0,0,0,NO_ACTIVITY,,0,1,1,1,1,0.0,,,,,,,,,,,,,,,,,,,0,False
,2020-03-27,488,2020,3,27,,,,182.25883444444443,272.0149833333333,220.06037636257588,89.75614888888887,5.309922523030825,9.560842222222222,2.337126635840039,97,,,,,Extended_1_Weather_Only,1.7715567619105355,0.21804511278195488,0,0,0,0,0,0,0,0,0,0,0.0,,,,,,0,NONE,,,,,,,0,0,0,0,0,0,NO_ACTIVITY,,0,1,1,1,1,0.0,,,,,,,,,,,,,,,,,,,0,False
2020-04-12,2020-03-28,489,2020,3,28,103,6,3,181.58377222222225,273.2351111111111,219.73622959885677,91.65133888888886,5.341920125693395,9.885337078651684,1.9746140015523623,97,494.0,,"HP3 Mole Recovery Operations, APSS Data Processing to L3, and Long Shadow, Aeolian Change, Dust Devil Search, Cloud, and Tau Images",182.0,Extended_1,1.7732559976634952,0.22055137844611528,21,9,0,2,0,1,0,1,0,0,0.49365853658536585,2.0,0.6222222222222222,0.8535533905932737,0.5310998874802593,7.0,0,HP3,0,0,1,1,0,0,1,0,0,1,0,1,SCIENCE,0,1,0,0,1,0,0.47698025551684087,0,6,252,0,41,0,37,63,41,17,48,9,488,389,198,885,239,511,1,True
,2020-03-29,490,2020,3,29,,,,182.54025555555555,273.17133333333334,219.60337825045096,90.63107777777779,5.485857495012194,10.261988764044943,2.1045242250333875,97,,,,,Extended_1_Weather_Only,1.7749523509116738,0.22305764411027568,0,0,0,0,0,0,0,0,0,0,0.0,,,,,,0,NONE,,,,,,,0,0,0,0,0,0,NO_ACTIVITY,,0,1,1,1,1,0.0,,,,,,,,,,,,,,,,,,,0,False
,2020-03-30,491,2020,3,30,,,,182.65534444444444,273.47046666666665,219.09497381316024,90.81512222222221,5.3359310344464435,10.078775280898876,2.2350458800876045,97,,,,,Extended_1_Weather_Only,1.776645831418007,0.22556390977443608,0,0,0,0,0,0,0,0,0,0,0.0,,,,,,0,NONE,,,,,,,0,0,0,0,0,0,NO_ACTIVITY,,0,1,1,1,1,0.0,,,,,,,,,,,,,,,,,,,0,False
,2020-03-31,492,2020,3,31,,,,182.41647777777777,272.94113333333337,219.02129555924498,90.5246555555556,5.287812894281583,9.239755555555556,2.092036736009088,97,,,,,Extended_1_Weather_Only,1.7783364488959144,0.22807017543859648,0,0,0,0,0,0,0,0,0,0,0.0,,,,,,0,NONE,,,,,,,0,0,0,0,0,0,NO_ACTIVITY,,0,1,1,1,1,0.0,,,,,,,,,,,,,,,,,,,0,False
,2020-04-01,493,2020,4,1,,,,181.7472111111111,273.2025888888889,218.90891639005216,91.45537777777778,5.263337276950614,10.868522222222223,2.3069348731398245,97,,,,,Extended_1_Weather_Only,1.780024213009634,0.23057644110275688,0,0,0,0,0,0,0,0,0,0,0.0,,,,,,0,NONE,,,,,,,0,0,0,0,0,0,NO_ACTIVITY,,0,1,1,1,1,0.0,,,,,,,,,,,,,,,,,,,0,False
,2020-04-02,494,2020,4,2,,,,182.2737222222222,273.7265444444444,218.9349392501869,91.45282222222221,5.246356256643869,9.388577777777778,2.162123712142499,97,,,,,Extended_1_Weather_Only,1.7817091333745536,0.23308270676691728,0,0,0,0,0,0,0,0,0,0,0.0,,,,,,0,NONE,,,,,,,0,0,0,0,0,0,NO_ACTIVITY,,0,1,1,1,1,0.0,,,,,,,,,,,,,,,,,,,0,False
2020-04-18,2020-04-03,495,2020,4,3,109,5,7,181.5283333333333,273.0955777777777,219.05096336646315,91.56724444444438,5.109562367627308,9.73067415730337,1.9391251496838702,97,501.0,,"Phobos Eclipse RAD Observations and Imaging, Aeolian Change, Dust Devil Search, and Tau Images, and SEIS Flash Maintenance and Tilt Measurement",185.52,Extended_1,1.7833912195575383,0.23558897243107768,21,9,0,3,0,1,1,0,1,0,0.5436585365853659,5.52000000000001,0.6417777777777778,0.9829629131445341,0.6308437540358699,6.0,0,SEIS,0,0,0,2,0,0,1,1,0,0,0,0,SCIENCE,0,0,1,1,1,0,0.4487224157955865,0,0,258,6,35,6,37,64,42,17,49,9,494,395,192,879,245,505,1,True
,2020-04-04,496,2020,4,4,,,,182.16927777777772,273.8171888888889,218.9279823310424,91.64791111111117,4.928899819754057,9.003155555555555,1.7283207758680723,97,,,,,Extended_1_Weather_Only,1.7850704810772584,0.23809523809523808,0,0,0,0,0,0,0,0,0,0,0.0,,,,,,0,NONE,,,,,,,0,0,0,0,0,0,NO_ACTIVITY,,0,1,1,1,1,0.0,,,,,,,,,,,,,,,,,,,0,False
,2020-04-05,497,2020,4,5,,,,181.00930444444447,273.2986333333333,218.80099348839917,92.28932888888886,5.114961128850005,8.936258351893096,1.8769751023341785,97,,,,,Extended_1_Weather_Only,1.7867469274045107,0.24060150375939848,0,0,0,0,0,0,0,0,0,0,0.0,,,,,,0,NONE,,,,,,,0,0,0,0,0,0,NO_ACTIVITY,,0,1,1,1,1,0.0,,,,,,,,,,,,,,,,,,,0,False
,2020-04-06,498,2020,4,6,,,,181.38088444444443,274.2181419068736,219.33117128927177,92.83725746242916,4.957544955983615,8.102666666666666,1.5535693030491728,97,,,,,Extended_1_Weather_Only,1.7884205679625405,0.24310776942355888,0,0,0,0,0,0,0,0,0,0,0.0,,,,,,0,NONE,,,,,,,0,0,0,0,0,0,NO_ACTIVITY,,0,1,1,1,1,0.0,,,,,,,,,,,,,,,,,,,0,False
,2020-04-07,499,2020,4,7,,,,182.1465488888889,274.24874,219.40567059234513,92.1021911111111,4.955523001939189,7.800613300492611,1.6090779338750854,97,,,,,Extended_1_Weather_Only,1.7900914121273581,0.24561403508771928,0,0,0,0,0,0,0,0,0,0,0.0,,,,,,0,NONE,,,,,,,0,0,0,0,0,0,NO_ACTIVITY,,0,1,1,1,1,0.0,,,,,,,,,,,,,,,,,,,0,False
,2020-04-08,500,2020,4,8,,,,181.04663555555555,273.4806155555556,219.2804252850663,92.43398000000002,4.892113540626598,7.987084090909091,1.4095690444864237,97,,,,,Extended_1_Weather_Only,1.791759469228055,0.24812030075187969,0,0,0,0,0,0,0,0,0,0,0.0,,,,,,0,NONE,,,,,,,0,0,0,0,0,0,NO_ACTIVITY,,0,1,1,1,1,0.0,,,,,,,,,,,,,,,,,,,0,False
,2020-04-09,501,2020,4,9,,,,182.31521362229105,274.73806666666667,219.84714379341372,92.42285304437561,4.855020533705901,8.442155902004455,1.3994246696073311,97,,,,,Extended_1_Weather_Only,1.7934247485471162,0.2506265664160401,0,0,0,0,0,0,0,0,0,0,0.0,,,,,,0,NONE,,,,,,,0,0,0,0,0,0,NO_ACTIVITY,,0,1,1,1,1,0.0,,,,,,,,,,,,,,,,,,,0,False
2020-04-25,2020-04-10,502,2020,4,10,116,5,12,182.0006555555556,274.0327222222222,219.9293775073451,92.03206666666662,4.704697991580821,8.108664444444445,1.4372779713031814,97,508.0,,"HP3 Mole Recovery Operations, HP3 RAD Hourly and SSA Monitoring, and Long Shadow, Aeolian Change, Dust Devil Search, and Tau Images",189.66,Extended_1,1.7950872593207297,0.2531328320802005,21,9,0,1,0,1,0,0,0,0,0.44365853658536586,9.659999999999997,0.6647777777777777,0.5000000000000001,0.3323888888888889,7.0,0,HP3,0,0,1,1,0,0,1,0,0,1,0,0,SCIENCE,0,1,0,0,1,0,0.44053426248548205,0,7,265,0,28,13,37,65,42,17,49,9,501,402,185,872,252,498,1,True
,2020-04-11,503,2020,4,11,,,,182.1105177777778,262.38429773462786,206.00206307499005,80.27377995685006,4.538317284185268,6.97953488372093,1.2443032562282916,74,,,,,Extended_1_Weather_Only,1.7967470107390942,0.2556390977443609,0,0,0,0,0,0,0,0,0,0,0.0,,,,,,0,NONE,,,,,,,0,0,0,0,0,0,NO_ACTIVITY,,0,1,1,1,1,0.0,,,,,,,,,,,,,,,,,,,0,False
,2020-04-12,504,2020,4,12,,,,181.87498555555555,273.1448433333333,220.17107763271795,91.26985777777776,4.67982312575595,7.260585555555555,1.178933837668582,97,,,,,Extended_1_Weather_Only,1.7984040119467235,0.2581453634085213,0,0,0,0,0,0,0,0,0,0,0.0,,,,,,0,NONE,,,,,,,0,0,0,0,0,0,NO_ACTIVITY,,0,1,1,1,1,0.0,,,,,,,,,,,,,,,,,,,0,False
,2020-04-13,505,2020,4,13,,,,182.66957444444444,274.92301444444445,220.75408422673215,92.25344000000001,4.703538142371913,7.588190857142857,1.2728620182634436,97,,,,,Extended_1_Weather_Only,1.80005827204275,0.2606516290726817,0,0,0,0,0,0,0,0,0,0,0.0,,,,,,0,NONE,,,,,,,0,0,0,0,0,0,NO_ACTIVITY,,0,1,1,1,1,0.0,,,,,,,,,,,,,,,,,,,0,False
,2020-04-14,506,2020,4,14,,,,181.43095777777776,275.45874444444445,221.17801051412377,94.02778666666669,4.697127864645778,7.611326898326898,1.4210916581356343,97,,,,,Extended_1_Weather_Only,1.801709800081223,0.2631578947368421,0,0,0,0,0,0,0,0,0,0,0.0,,,,,,0,NONE,,,,,,,0,0,0,0,0,0,NO_ACTIVITY,,0,1,1,1,1,0.0,,,,,,,,,,,,,,,,,,,0,False
,2020-04-15,507,2020,4,15,,,,181.05589333333333,275.0198855555556,221.12873479194937,93.96399222222229,4.7402008232604995,8.191142331288344,1.6008269633318912,97,,,,,Extended_1_Weather_Only,1.803358605071407,0.2656641604010025,0,0,0,0,0,0,0,0,0,0,0.0,,,,,,0,NONE,,,,,,,0,0,0,0,0,0,NO_ACTIVITY,,0,1,1,1,1,0.0,,,,,,,,,,,,,,,,,,,0,False
,2020-04-16,508,2020,4,16,,,,180.77978555555555,275.2732411111111,221.33492483096586,94.49345555555553,4.696155645699837,8.612018115942028,1.5332651080112958,97,,,,,Extended_1_Weather_Only,1.8050046959780757,0.2681704260651629,0,0,0,0,0,0,0,0,0,0,0.0,,,,,,0,NONE,,,,,,,0,0,0,0,0,0,NO_ACTIVITY,,0,1,1,1,1,0.0,,,,,,,,,,,,,,,,,,,0,False
2020-05-02,2020-04-17,509,2020,4,17,123,5,16,180.6223711111111,274.52149777777777,221.41968382099557,93.89912666666666,4.580507058489894,7.046089214380826,1.1642277854702903,97,515.0,,"HP3 Mole Recovery Operations and Long Shadow, Aeolian Change, Dust Devil Search, and Tau Images",193.85,Extended_1,1.8066480817218056,0.2706766917293233,15,6,0,1,0,1,0,0,0,0,0.3197560975609756,13.849999999999994,0.6880555555555555,0.06698729810778076,0.046090982614714705,7.0,0,HP3,0,0,1,0,0,0,1,0,0,1,0,0,SCIENCE,0,1,0,0,1,0,0.45671312427409994,0,7,272,0,21,7,37,66,42,17,49,9,508,409,178,865,259,491,1,True
,2020-04-18,510,2020,4,18,,,,181.91883222222225,275.23165222222224,221.744149330092,93.31281999999999,4.56322300602567,7.72995995423341,1.3464325808473854,97,,,,,Extended_1_Weather_Only,1.8082887711792655,0.2731829573934837,0,0,0,0,0,0,0,0,0,0,0.0,,,,,,0,NONE,,,,,,,0,0,0,0,0,0,NO_ACTIVITY,,0,1,1,1,1,0.0,,,,,,,,,,,,,,,,,,,0,False
,2020-04-19,511,2020,4,19,,,,181.47916777777772,275.3271342952275,221.11402017540266,93.84796651744978,4.458800459178334,6.738880044843049,1.1222120923852525,97,,,,,Extended_1_Weather_Only,1.809926773183504,0.2756892230576441,0,0,0,0,0,0,0,0,0,0,0.0,,,,,,0,NONE,,,,,,,0,0,0,0,0,0,NO_ACTIVITY,,0,1,1,1,1,0.0,,,,,,,,,,,,,,,,,,,0,False
,2020-04-20,512,2020,4,20,,,,181.4042411111112,274.35276555555555,221.11759040084158,92.94852444444436,4.664191542780029,7.62605242966752,1.2099658767002999,97,,,,,Extended_1_Weather_Only,1.8115620965242347,0.2781954887218045,0,0,0,0,0,0,0,0,0,0,0.0,,,,,,0,NONE,,,,,,,0,0,0,0,0,0,NO_ACTIVITY,,0,1,1,1,1,0.0,,,,,,,,,,,,,,,,,,,0,False
,2020-04-21,513,2020,4,21,,,,181.72160666666667,275.0212788888889,220.93192276387495,93.29967222222223,4.620860735161534,7.576582639714625,1.3425357333219,97,,,,,Extended_1_Weather_Only,1.81319474994812,0.2807017543859649,0,0,0,0,0,0,0,0,0,0,0.0,,,,,,0,NONE,,,,,,,0,0,0,0,0,0,NO_ACTIVITY,,0,1,1,1,1,0.0,,,,,,,,,,,,,,,,,,,0,False
,2020-04-22,514,2020,4,22,,,,181.5093533333333,274.8233711111111,221.18597231499925,93.31401777777779,4.655204855617915,7.166228803716608,1.2239749806086797,97,,,,,Extended_1_Weather_Only,1.814824742159051,0.2832080200501253,0,0,0,0,0,0,0,0,0,0,0.0,,,,,,0,NONE,,,,,,,0,0,0,0,0,0,NO_ACTIVITY,,0,1,1,1,1,0.0,,,,,,,,,,,,,,,,,,,0,False
,2020-04-23,515,2020,4,23,,,,181.8735022222222,275.7670188888889,222.0506205106557,93.8935166666667,4.507214161371566,7.526454016298021,1.4013350427086453,97,,,,,Extended_1_Weather_Only,1.8164520818184267,0.2857142857142857,0,0,0,0,0,0,0,0,0,0,0.0,,,,,,0,NONE,,,,,,,0,0,0,0,0,0,NO_ACTIVITY,,0,1,1,1,1,0.0,,,,,,,,,,,,,,,,,,,0,False
2020-05-09,2020-04-24,516,2020,4,24,130,5,21,182.34838555555555,274.76757555555554,221.89934327807495,92.41918999999999,4.720312338111333,8.261866666666666,1.4255451722225416,96,522.0,,"HP3 Mole Recovery Operations, HP3 RAD Calibrations and SSA Monitoring, WUTT Installation, and Long Shadow, Dust Devil Search, and Tau Images",198.09,Extended_1,1.8180767775454285,0.2882205513784461,21,9,0,1,0,1,0,0,0,0,0.44365853658536586,18.090000000000003,0.7116111111111112,0.14644660940672616,0.1042130344383753,7.0,0,HP3,0,0,1,1,0,0,1,1,0,1,0,1,SCIENCE,0,1,0,0,1,0,0.44957026713124276,0,0,272,0,14,0,37,67,42,17,49,9,515,416,171,858,266,484,1,True
,2020-04-25,517,2020,4,25,,,,181.9934388888889,274.1660422222222,221.05388483778802,92.17260333333329,4.48262020190314,7.203816666666667,1.3502428806906666,97,,,,,Extended_1_Weather_Only,1.8196988379172965,0.2907268170426065,0,0,0,0,0,0,0,0,0,0,0.0,,,,,,0,NONE,,,,,,,0,0,0,0,0,0,NO_ACTIVITY,,0,1,1,1,1,0.0,,,,,,,,,,,,,,,,,,,0,False
,2020-04-26,518,2020,4,26,,,,182.1778655555556,274.1625011111111,221.00327129889834,91.98463555555551,4.621052235868716,7.993575723830735,1.3585138875615912,97,,,,,Extended_1_Weather_Only,1.8213182714695995,0.2932330827067669,0,0,0,0,0,0,0,0,0,0,0.0,,,,,,0,NONE,,,,,,,0,0,0,0,0,0,NO_ACTIVITY,,0,1,1,1,1,0.0,,,,,,,,,,,,,,,,,,,0,False
,2020-04-27,519,2020,4,27,,,,182.22668666666667,274.74965444444445,220.93903310467599,92.52296777777778,4.616490402163552,7.892283333333333,1.2632491746724928,97,,,,,Extended_1_Weather_Only,1.8229350866965048,0.2957393483709273,0,0,0,0,0,0,0,0,0,0,0.0,,,,,,0,NONE,,,,,,,0,0,0,0,0,0,NO_ACTIVITY,,0,1,1,1,1,0.0,,,,,,,,,,,,,,,,,,,0,False
,2020-04-28,520,2020,4,28,,,,181.87519,274.7147677777777,220.77431926533248,92.83957777777769,4.848811305552979,8.28797,1.3823731693354349,97,,,,,Extended_1_Weather_Only,1.824549292051046,0.2982456140350877,0,0,0,0,0,0,0,0,0,0,0.0,,,,,,0,NONE,,,,,,,0,0,0,0,0,0,NO_ACTIVITY,,0,1,1,1,1,0.0,,,,,,,,,,,,,,,,,,,0,False
,2020-04-29,521,2020,4,29,,,,182.5384833333333,276.69369666666665,221.5591040978637,94.15521333333336,4.414037359180386,7.156693763919822,1.3904045342094582,97,,,,,Extended_1_Weather_Only,1.8261608959453874,0.3007518796992481,0,0,0,0,0,0,0,0,0,0,0.0,,,,,,0,NONE,,,,,,,0,0,0,0,0,0,NO_ACTIVITY,,0,1,1,1,1,0.0,,,,,,,,,,,,,,,,,,,0,False
,2020-04-30,522,2020,4,30,,,,183.88506326304108,275.4871533333333,221.81652856791308,91.60209007029223,4.513764730401108,8.31052,1.7746567181493114,97,,,,,Extended_1_Weather_Only,1.827769906751088,0.3032581453634085,0,0,0,0,0,0,0,0,0,0,0.0,,,,,,0,NONE,,,,,,,0,0,0,0,0,0,NO_ACTIVITY,,0,1,1,1,1,0.0,,,,,,,,,,,,,,,,,,,0,False
2020-05-17,2020-05-01,523,2020,5,1,138,6,1,183.36228,277.2396233333333,221.91147342496006,93.87734333333333,4.43159399983105,7.451657777777778,1.3785106127859674,97,529.0,,"HP3 Mole Recovery Operations, HP3 RAD Calibrations and SSA Monitoring, SEIS VBB Recentering and Tilt Measurements, MAVEN No_Op Test, MEX Demonstration, and Long Shadow, Aeolian Change, Dust Devil Search, and Tau Images",202.37,Extended_1,1.8293763327993617,0.3057644110275689,32,13,0,2,0,1,1,0,0,0,0.6808130081300813,22.370000000000005,0.7353888888888889,0.6294095225512604,0.4628607694450574,7.0,0,HP3,0,0,1,2,0,0,1,1,0,1,0,0,SCIENCE,0,1,0,0,1,0,0.47869918699186986,0,0,265,0,7,7,37,68,43,17,49,9,522,423,164,851,273,477,1,True
,2020-05-02,524,2020,5,2,,,,182.75164,276.0065466666667,221.3520073782175,93.25490666666667,4.848813142330989,8.475929922135705,1.4682237201260335,97,,,,,Extended_1_Weather_Only,1.8309801823813363,0.3082706766917293,0,0,0,0,0,0,0,0,0,0,0.0,,,,,,0,NONE,,,,,,,0,0,0,0,0,0,NO_ACTIVITY,,0,1,1,1,1,0.0,,,,,,,,,,,,,,,,,,,0,False
,2020-05-03,525,2020,5,3,,,,182.61531444444444,276.31400777777776,221.04510241987614,93.69869333333332,4.561361509607179,7.990646666666667,1.2764514795435857,97,,,,,Extended_1_Weather_Only,1.8325814637483102,0.3107769423558897,0,0,0,0,0,0,0,0,0,0,0.0,,,,,,0,NONE,,,,,,,0,0,0,0,0,0,NO_ACTIVITY,,0,1,1,1,1,0.0,,,,,,,,,,,,,,,,,,,0,False
,2020-05-04,526,2020,5,4,,,,182.3569511111111,275.02879666666666,220.77141713148262,92.67184555555556,4.587198993627268,8.241056792873051,1.2710058345908843,97,,,,,Extended_1_Weather_Only,1.8341801851120072,0.3132832080200501,0,0,0,0,0,0,0,0,0,0,0.0,,,,,,0,NONE,,,,,,,0,0,0,0,0,0,NO_ACTIVITY,,0,1,1,1,1,0.0,,,,,,,,,,,,,,,,,,,0,False
,2020-05-05,527,2020,5,5,,,,182.9230733333333,275.92284333333333,220.53935390786262,92.99977000000004,4.896347363329838,8.39227171215881,1.390801092256116,97,,,,,Extended_1_Weather_Only,1.8357763546448294,0.3157894736842105,0,0,0,0,0,0,0,0,0,0,0.0,,,,,,0,NONE,,,,,,,0,0,0,0,0,0,NO_ACTIVITY,,0,1,1,1,1,0.0,,,,,,,,,,,,,,,,,,,0,False
,2020-05-06,528,2020,5,6,,,,182.86696,277.15494666666666,220.58341610588232,94.28798666666665,4.575138370131491,8.229323198198198,1.4592522160603238,97,,,,,Extended_1_Weather_Only,1.8373699804801074,0.3182957393483709,0,0,0,0,0,0,0,0,0,0,0.0,,,,,,0,NONE,,,,,,,0,0,0,0,0,0,NO_ACTIVITY,,0,1,1,1,1,0.0,,,,,,,,,,,,,,,,,,,0,False
,2020-05-07,529,2020,5,7,,,,183.46270444444448,276.6574566666667,220.0018915313182,93.1947522222222,4.548266156160331,8.538955207166854,1.6429419021715057,97,,,,,Extended_1_Weather_Only,1.8389610707123492,0.3208020050125313,0,0,0,0,0,0,0,0,0,0,0.0,,,,,,0,NONE,,,,,,,0,0,0,0,0,0,NO_ACTIVITY,,0,1,1,1,1,0.0,,,,,,,,,,,,,,,,,,,0,False
2020-05-24,2020-05-08,530,2020,5,8,145,6,6,181.96618,274.72898444444445,219.39037470183487,92.76280444444444,4.789727676010557,8.609442586399108,1.3638295648411067,97,542.0,,"HP3 Mole Recovery Operations, HP3 RAD Hourly and Thermal Conductivity Measurements, and Long Shadow, Aeolian Change, Dust Devil Search, and Tau Images",206.7,Extended_1,1.840549633397487,0.3233082706766917,22,9,0,2,0,1,0,0,0,1,0.5009756097560976,26.69999999999999,0.7594444444444444,1.0,0.7594444444444444,7.0,0,HP3,0,0,1,1,0,0,1,0,0,1,1,0,SCIENCE,0,1,0,0,0,0,0.4894541231126596,0,7,258,0,0,14,37,69,43,17,49,10,529,430,157,844,280,470,1,True
,2020-05-09,531,2020,5,9,,,,182.5585677777778,276.62670555555553,219.71436384213692,94.06813777777774,4.396020265193168,7.442546666666667,1.2706672904333227,97,,,,,Extended_1_Weather_Only,1.8421356765531218,0.3258145363408521,0,0,0,0,0,0,0,0,0,0,0.0,,,,,,0,NONE,,,,,,,0,0,0,0,0,0,NO_ACTIVITY,,0,1,1,1,1,0.0,,,,,,,,,,,,,,,,,,,0,False
,2020-05-10,532,2020,5,10,,,,182.76274,276.7377911111111,219.99425123817582,93.9750511111111,4.301641314993031,8.031213808463251,1.584449141630048,97,,,,,Extended_1_Weather_Only,1.843719208158766,0.3283208020050125,0,0,0,0,0,0,0,0,0,0,0.0,,,,,,0,NONE,,,,,,,0,0,0,0,0,0,NO_ACTIVITY,,0,1,1,1,1,0.0,,,,,,,,,,,,,,,,,,,0,False
,2020-05-11,533,2020,5,11,,,,182.3209933333333,276.5366011111111,219.59850600330006,94.21560777777782,4.56707462174265,7.918902222222222,1.2410808680873293,97,,,,,Extended_1_Weather_Only,1.8453002361560848,0.3308270676691729,0,0,0,0,0,0,0,0,0,0,0.0,,,,,,0,NONE,,,,,,,0,0,0,0,0,0,NO_ACTIVITY,,0,1,1,1,1,0.0,,,,,,,,,,,,,,,,,,,0,False
,2020-05-12,534,2020,5,12,,,,183.26224777777776,275.1722588888889,220.2331930171897,91.91001111111115,4.181058977224401,7.119291111111111,1.2824914465240187,97,,,,,Extended_1_Weather_Only,1.8468787684491346,0.3333333333333333,0,0,0,0,0,0,0,0,0,0,0.0,,,,,,0,NONE,,,,,,,0,0,0,0,0,0,NO_ACTIVITY,,0,1,1,1,1,0.0,,,,,,,,,,,,,,,,,,,0,False
,2020-05-13,535,2020,5,13,,,,182.78967777777777,275.1534,219.60306250558833,92.36372222222221,4.727941768918944,10.175763656633222,1.7540292925592056,97,,,,,Extended_1_Weather_Only,1.8484548129046001,0.3358395989974937,0,0,0,0,0,0,0,0,0,0,0.0,,,,,,0,NONE,,,,,,,0,0,0,0,0,0,NO_ACTIVITY,,0,1,1,1,1,0.0,,,,,,,,,,,,,,,,,,,0,False
,2020-05-14,536,2020,5,14,,,,182.42843666666667,275.7310455555556,219.48457020441296,93.30260888888895,4.52376994561193,7.820801560758082,1.5316629203077723,97,,,,,Extended_1_Weather_Only,1.8500283773520307,0.3383458646616541,0,0,0,0,0,0,0,0,0,0,0.0,,,,,,0,NONE,,,,,,,0,0,0,0,0,0,NO_ACTIVITY,,0,1,1,1,1,0.0,,,,,,,,,,,,,,,,,,,0,False
,2020-05-15,537,2020,5,15,,,,182.3952422222222,275.77057333333335,220.21927294151854,93.37533111111114,4.505038361664606,8.326838530066816,1.4930555154673872,97,,,,,Extended_1_Weather_Only,1.851599469584072,0.3408521303258145,0,0,0,0,0,0,0,0,0,0,0.0,,,,,,0,NONE,,,,,,,0,0,0,0,0,0,NO_ACTIVITY,,0,1,1,1,1,0.0,,,,,,,,,,,,,,,,,,,0,False
,2020-05-16,538,2020,5,16,,,,182.5201555555556,275.2862733333333,220.20513460112875,92.76611777777774,5.041596499072792,8.802210467706013,1.3279545197770595,97,,,,,Extended_1_Weather_Only,1.8531680973566984,0.3433583959899749,0,0,0,0,0,0,0,0,0,0,0.0,,,,,,0,NONE,,,,,,,0,0,0,0,0,0,NO_ACTIVITY,,0,1,1,1,1,0.0,,,,,,,,,,,,,,,,,,,0,False
,2020-05-17,539,2020,5,17,,,,183.1210611111111,275.43064444444445,220.2294173099909,92.30958333333336,4.574483496608892,7.612251116071429,1.5551021859573728,97,,,,,Extended_1_Weather_Only,1.8547342683894434,0.3458646616541353,0,0,0,0,0,0,0,0,0,0,0.0,,,,,,0,NONE,,,,,,,0,0,0,0,0,0,NO_ACTIVITY,,0,1,1,1,1,0.0,,,,,,,,,,,,,,,,,,,0,False
,2020-05-18,540,2020,5,18,,,,182.11333444444443,277.5841566666667,221.04926064849846,95.47082222222224,4.381882063139874,7.739405372405373,1.305767149189188,97,,,,,Extended_1_Weather_Only,1.8562979903656263,0.3483709273182957,0,0,0,0,0,0,0,0,0,0,0.0,,,,,,0,NONE,,,,,,,0,0,0,0,0,0,NO_ACTIVITY,,0,1,1,1,1,0.0,,,,,,,,,,,,,,,,,,,0,False
,2020-05-19,541,2020,5,19,,,,181.96367111111115,276.10544,220.89226494222575,94.14176888888883,5.0181069399766605,8.229925555555555,1.1585794044326676,97,,,,,Extended_1_Weather_Only,1.8578592709325787,0.3508771929824561,0,0,0,0,0,0,0,0,0,0,0.0,,,,,,0,NONE,,,,,,,0,0,0,0,0,0,NO_ACTIVITY,,0,1,1,1,1,0.0,,,,,,,,,,,,,,,,,,,0,False
,2020-05-20,542,2020,5,20,,,,182.6985466666667,274.3685222222222,220.9073722608847,91.66997555555554,4.754681796998883,8.722635857461023,1.5289906352345384,97,,,,,Extended_1_Weather_Only,1.8594181177018698,0.3533834586466165,0,0,0,0,0,0,0,0,0,0,0.0,,,,,,0,NONE,,,,,,,0,0,0,0,0,0,NO_ACTIVITY,,0,1,1,1,1,0.0,,,,,,,,,,,,,,,,,,,0,False
2020-06-06,2020-05-21,543,2020,5,21,158,5,15,182.4933533333333,277.27053777777775,222.08996357803653,94.77718444444446,4.594639165294526,7.589715789473684,1.2917327687757825,97,549.0,,"HP3 Mole Recovery Operations, HP3 RAD Hourly and Other Calibrations, and Long Shadow, Aeolian Change, Dust Devil Search, and Tau Images",214.84,Extended_1,1.860974538249528,0.3558897243107769,21,9,0,1,0,1,0,0,0,0,0.44365853658536586,34.84,0.8046666666666666,0.14644660940672644,0.11784070503594586,13.0,0,HP3,0,0,1,0,0,0,1,1,0,1,0,0,SCIENCE,0,1,0,0,1,0,0.4823112659698025,0,0,245,0,7,7,37,70,43,17,49,10,542,443,144,831,293,457,1,True
,2020-05-22,544,2020,5,22,,,,182.74626111111112,272.9183855555556,220.753993417017,90.17212444444445,6.19580088620453,11.600107777777778,2.1608552126837486,97,,,,,Extended_1_Weather_Only,1.8625285401162623,0.3583959899749373,0,0,0,0,0,0,0,0,0,0,0.0,,,,,,0,NONE,,,,,,,0,0,0,0,0,0,NO_ACTIVITY,,0,1,1,1,1,0.0,,,,,,,,,,,,,,,,,,,0,False
,2020-05-23,545,2020,5,23,,,,183.00242111111112,276.3789455555556,222.35304789008214,93.3765244444445,4.327824831088789,7.886933638443936,1.658532542394444,97,,,,,Extended_1_Weather_Only,1.864080130807681,0.3609022556390977,0,0,0,0,0,0,0,0,0,0,0.0,,,,,,0,NONE,,,,,,,0,0,0,0,0,0,NO_ACTIVITY,,0,1,1,1,1,0.0,,,,,,,,,,,,,,,,,,,0,False
,2020-05-24,546,2020,5,24,,,,183.00534222222225,275.87769000000003,222.4807538518709,92.87234777777778,4.962616933671509,7.7959322222222225,1.1487449834471732,97,,,,,Extended_1_Weather_Only,1.8656293177945105,0.3634085213032581,0,0,0,0,0,0,0,0,0,0,0.0,,,,,,0,NONE,,,,,,,0,0,0,0,0,0,NO_ACTIVITY,,0,1,1,1,1,0.0,,,,,,,,,,,,,,,,,,,0,False
,2020-05-25,547,2020,5,25,,,,182.4872533333333,272.7209,221.2288800687576,90.23364666666666,5.939572773079671,11.034178372352285,1.8146431995256407,97,,,,,Extended_1_Weather_Only,1.8671761085128091,0.3659147869674185,0,0,0,0,0,0,0,0,0,0,0.0,,,,,,0,NONE,,,,,,,0,0,0,0,0,0,NO_ACTIVITY,,0,1,1,1,1,0.0,,,,,,,,,,,,,,,,,,,0,False
,2020-05-26,548,2020,5,26,,,,182.3818711111111,276.2227277777778,222.04637921532367,93.84085666666667,4.682084074623409,8.07952888888889,1.28291627549908,97,,,,,Extended_1_Weather_Only,1.8687205103641833,0.3684210526315789,0,0,0,0,0,0,0,0,0,0,0.0,,,,,,0,NONE,,,,,,,0,0,0,0,0,0,NO_ACTIVITY,,0,1,1,1,1,0.0,,,,,,,,,,,,,,,,,,,0,False
,2020-05-27,549,2020,5,27,,,,182.7119755555556,272.4556833333333,220.96764628004084,89.7437077777777,5.934001000133644,10.232007795100223,1.6177326470550095,97,,,,,Extended_1_Weather_Only,1.8702625307159986,0.37092731829573933,0,0,0,0,0,0,0,0,0,0,0.0,,,,,,0,NONE,,,,,,,0,0,0,0,0,0,NO_ACTIVITY,,0,1,1,1,1,0.0,,,,,,,,,,,,,,,,,,,0,False
2020-06-13,2020-05-28,550,2020,5,28,165,5,19,182.95916666666668,276.1639533333333,222.49782749182057,93.20478666666665,4.673925117635378,8.211772616136919,1.1511184164385333,97,556.0,,"HP3 Mole Recovery Operations, HP3 RAD Calibrations and SSA Monitoring, Disable IDA Survival Heaters, IDA Temperature Monitoring, Update LME Curves, and Long Shadow, Aeolian Change, Dust Devil Search, Meteor Search, and Tau Images",219.27,Extended_1,1.8718021769015913,0.37343358395989973,33,13,0,3,1,1,0,1,0,0,0.738130081300813,39.27000000000001,0.8292777777777778,0.01703708685546579,0.014128477527307656,7.0,0,HP3,0,0,1,2,0,0,1,1,0,1,1,1,SCIENCE,0,1,0,0,0,0,0.5100929152148664,0,0,238,0,0,0,38,71,43,18,49,10,549,450,137,824,300,450,1,True
,2020-05-29,551,2020,5,29,,,,184.31476444444445,274.81511666666665,222.4636734930256,90.5003522222222,5.146421063470606,7.392450909090909,1.1312651557503843,97,,,,,Extended_1_Weather_Only,1.873339456220478,0.37593984962406013,0,0,0,0,0,0,0,0,0,0,0.0,,,,,,0,NONE,,,,,,,0,0,0,0,0,0,NO_ACTIVITY,,0,1,1,1,1,0.0,,,,,,,,,,,,,,,,,,,0,False
,2020-05-30,552,2020,5,30,,,,184.0393633333333,272.2927133333333,221.12871614457302,88.25335000000001,6.13071672999166,11.055765033407573,1.4449759357676442,97,,,,,Extended_1_Weather_Only,1.8748743759385615,0.37844611528822053,0,0,0,0,0,0,0,0,0,0,0.0,,,,,,0,NONE,,,,,,,0,0,0,0,0,0,NO_ACTIVITY,,0,1,1,1,1,0.0,,,,,,,,,,,,,,,,,,,0,False
,2020-05-31,553,2020,5,31,,,,183.0582255555556,275.1528433333333,222.27532348340665,92.0946177777777,4.999336565558257,9.932646273637376,1.5776999785560122,96,,,,,Extended_1_Weather_Only,1.8764069432883397,0.38095238095238093,0,0,0,0,0,0,0,0,0,0,0.0,,,,,,0,NONE,,,,,,,0,0,0,0,0,0,NO_ACTIVITY,,0,1,1,1,1,0.0,,,,,,,,,,,,,,,,,,,0,False
,2020-06-01,554,2020,6,1,,,,183.8532011111111,274.4364333333333,221.36336430594864,90.5832322222222,5.74113593968161,8.535726666666667,1.1927220037982875,97,,,,,Extended_1_Weather_Only,1.8779371654691073,0.38345864661654133,0,0,0,0,0,0,0,0,0,0,0.0,,,,,,0,NONE,,,,,,,0,0,0,0,0,0,NO_ACTIVITY,,0,1,1,1,1,0.0,,,,,,,,,,,,,,,,,,,0,False
,2020-06-02,555,2020,6,2,,,,183.2738811111111,272.5586811111111,220.6572652509285,89.28480000000002,6.689574789701084,10.771691536748328,1.8145948163869714,97,,,,,Extended_1_Weather_Only,1.8794650496471605,0.38596491228070173,0,0,0,0,0,0,0,0,0,0,0.0,,,,,,0,NONE,,,,,,,0,0,0,0,0,0,NO_ACTIVITY,,0,1,1,1,1,0.0,,,,,,,,,,,,,,,,,,,0,False
,2020-06-03,556,2020,6,3,,,,183.43407444444443,276.2363133333333,221.3198848934655,92.8022388888889,4.9911196322579405,9.1773231981982,1.3832750790373984,97,,,,,Extended_1_Weather_Only,1.8809906029559975,0.38847117794486213,0,0,0,0,0,0,0,0,0,0,0.0,,,,,,0,NONE,,,,,,,0,0,0,0,0,0,NO_ACTIVITY,,0,1,1,1,1,0.0,,,,,,,,,,,,,,,,,,,0,False
2020-06-21,2020-06-04,557,2020,6,4,173,6,0,183.74037,274.8927922222222,221.22237562166376,91.15242222222221,5.102841538885654,8.47467853170189,1.3685619919802283,97,563.0,,"HP3 Mole Recovery Operations, HP3 RAD Calibrations and SSA Monitoring, Battery Characterization, IDA Temperature Monitoring, and Long Shadow, Aeolian Change, Dust Devil Search, and Tau Images",223.74,Extended_1,1.8825138324965192,0.39097744360902253,26,11,0,3,1,1,0,1,0,0,0.6335772357723577,43.74000000000001,0.8541111111111112,0.5,0.4270555555555556,7.0,0,HP3,0,0,1,2,0,0,1,1,0,1,1,0,SCIENCE,0,1,0,0,0,0,0.5372241579558653,0,0,231,0,0,7,39,72,43,19,49,10,556,457,130,817,307,443,1,True
,2020-06-05,558,2020,6,5,,,,183.3336588888889,275.85624333333334,221.37259635324753,92.52258444444445,5.330020558796837,8.755080590238364,1.4298100468876276,97,,,,,Extended_1_Weather_Only,1.884034745337226,0.39348370927318294,0,0,0,0,0,0,0,0,0,0,0.0,,,,,,0,NONE,,,,,,,0,0,0,0,0,0,NO_ACTIVITY,,0,1,1,1,1,0.0,,,,,,,,,,,,,,,,,,,0,False
,2020-06-06,559,2020,6,6,,,,182.59016666666665,271.74222444444445,220.51287236941985,89.1520577777778,6.742501981578325,10.79333111111111,1.7408306969579497,97,,,,,Extended_1_Weather_Only,1.8855533485144158,0.39598997493734334,0,0,0,0,0,0,0,0,0,0,0.0,,,,,,0,NONE,,,,,,,0,0,0,0,0,0,NO_ACTIVITY,,0,1,1,1,1,0.0,,,,,,,,,,,,,,,,,,,0,False
,2020-06-07,560,2020,6,7,,,,183.42004333333333,271.8206011111111,219.94141953693767,88.40055777777778,7.03546233832971,11.436397765363129,1.8798713547452852,97,,,,,Extended_1_Weather_Only,1.8870696490323797,0.39849624060150374,0,0,0,0,0,0,0,0,0,0,0.0,,,,,,0,NONE,,,,,,,0,0,0,0,0,0,NO_ACTIVITY,,0,1,1,1,1,0.0,,,,,,,,,,,,,,,,,,,0,False
,2020-06-08,561,2020,6,8,,,,183.1634311111111,273.8280433333333,221.25571670397036,90.66461222222222,5.4744421566237955,9.00492888888889,1.3374125260536152,97,,,,,Extended_1_Weather_Only,1.888583653863595,0.40100250626566414,0,0,0,0,0,0,0,0,0,0,0.0,,,,,,0,NONE,,,,,,,0,0,0,0,0,0,NO_ACTIVITY,,0,1,1,1,1,0.0,,,,,,,,,,,,,,,,,,,0,False
,2020-06-09,562,2020,6,9,,,,183.30566777777776,272.5300833333333,220.06931664700815,89.22441555555557,7.1245081015107665,12.789410055865924,1.898521455100319,97,,,,,Extended_1_Weather_Only,1.890095369948917,0.40350877192982454,0,0,0,0,0,0,0,0,0,0,0.0,,,,,,0,NONE,,,,,,,0,0,0,0,0,0,NO_ACTIVITY,,0,1,1,1,1,0.0,,,,,,,,,,,,,,,,,,,0,False
,2020-06-10,563,2020,6,10,,,,183.57165111111112,274.8799544444444,221.64762822438706,91.3083033333333,4.179045701149304,6.751863855421687,1.1583518238016768,97,,,,,Extended_1_Weather_Only,1.891604804197771,0.40601503759398494,0,0,0,0,0,0,0,0,0,0,0.0,,,,,,0,NONE,,,,,,,0,0,0,0,0,0,NO_ACTIVITY,,0,1,1,1,1,0.0,,,,,,,,,,,,,,,,,,,0,False
2020-06-28,2020-06-11,564,2020,6,11,180,6,5,184.3986455555556,273.63343444444445,220.31976599834238,89.23478888888886,4.863894944152732,9.19007341490545,1.5664829875001542,97,576.0,,"HP3 RAD Calibrations and SSA Monitoring, Battery Characterization, IDA Temperature Monitoring, and Long Shadow, Aeolian Change, Dust Devil Search, and Tau Images",228.23,Extended_1,1.8931119634883424,0.40852130325814534,22,10,0,3,1,1,0,1,0,0,0.5776422764227642,41.77000000000001,0.8790555555555555,0.9829629131445341,0.8640790097047757,7.0,0,HP3,0,0,0,2,0,0,1,1,0,0,1,0,SCIENCE,0,0,1,1,0,0,0.5740650406504065,0,0,224,7,0,13,40,73,43,20,49,10,563,464,123,810,314,436,1,True
,2020-06-12,565,2020,6,12,,,,184.20739,276.8362,220.7468280049059,92.62881000000002,4.592974679036288,7.939442222222222,1.1878957993210686,97,,,,,Extended_1_Weather_Only,1.8946168546677629,0.41102756892230574,0,0,0,0,0,0,0,0,0,0,0.0,,,,,,0,NONE,,,,,,,0,0,0,0,0,0,NO_ACTIVITY,,0,1,1,1,1,0.0,,,,,,,,,,,,,,,,,,,0,False
,2020-06-13,566,2020,6,13,,,,183.6015866666667,275.54371333333336,219.80212091827443,91.94212666666667,4.44866070970374,7.832091111111111,1.3483204385687455,97,,,,,Extended_1_Weather_Only,1.8961194845522977,0.41353383458646614,0,0,0,0,0,0,0,0,0,0,0.0,,,,,,0,NONE,,,,,,,0,0,0,0,0,0,NO_ACTIVITY,,0,1,1,1,1,0.0,,,,,,,,,,,,,,,,,,,0,False
,2020-06-14,567,2020,6,14,,,,183.65055444444445,276.0955711111111,220.17742895161095,92.44501666666665,4.249305812803128,7.1484013377926425,1.1399358175374927,97,,,,,Extended_1_Weather_Only,1.8976198599275322,0.41604010025062654,0,0,0,0,0,0,0,0,0,0,0.0,,,,,,0,NONE,,,,,,,0,0,0,0,0,0,NO_ACTIVITY,,0,1,1,1,1,0.0,,,,,,,,,,,,,,,,,,,0,False
,2020-06-15,568,2020,6,15,,,,184.4272222222222,276.6549088888889,220.22252375976157,92.22768666666667,4.2492696186027565,7.388789915966386,1.1843414781565542,97,,,,,Extended_1_Weather_Only,1.8991179875485542,0.41854636591478694,0,0,0,0,0,0,0,0,0,0,0.0,,,,,,0,NONE,,,,,,,0,0,0,0,0,0,NO_ACTIVITY,,0,1,1,1,1,0.0,,,,,,,,,,,,,,,,,,,0,False
,2020-06-16,569,2020,6,16,,,,184.30295,274.79107111111114,220.75679242378854,90.48812111111113,4.3984332641943915,6.703568713450292,1.0439879760091304,97,,,,,Extended_1_Weather_Only,1.900613874140137,0.42105263157894735,0,0,0,0,0,0,0,0,0,0,0.0,,,,,,0,NONE,,,,,,,0,0,0,0,0,0,NO_ACTIVITY,,0,1,1,1,1,0.0,,,,,,,,,,,,,,,,,,,0,False
,2020-06-17,570,2020,6,17,,,,183.65362,273.98197555555555,219.2157143689931,90.32835555555556,5.975810338424422,9.004337777777778,1.1700157575660846,97,,,,,Extended_1_Weather_Only,1.9021075263969205,0.42355889724310775,0,0,0,0,0,0,0,0,0,0,0.0,,,,,,0,NONE,,,,,,,0,0,0,0,0,0,NO_ACTIVITY,,0,1,1,1,1,0.0,,,,,,,,,,,,,,,,,,,0,False
,2020-06-18,571,2020,6,18,,,,184.7315888888889,273.4015911111111,219.34253552927325,88.6700022222222,5.318098605217891,8.502262222222223,1.3345603532921113,97,,,,,Extended_1_Weather_Only,1.9035989509835904,0.42606516290726815,0,0,0,0,0,0,0,0,0,0,0.0,,,,,,0,NONE,,,,,,,0,0,0,0,0,0,NO_ACTIVITY,,0,1,1,1,1,0.0,,,,,,,,,,,,,,,,,,,0,False
,2020-06-19,572,2020,6,19,,,,184.9209988888889,273.0353111111111,218.8703622147324,88.11431222222222,6.5873410205741125,12.42696888888889,1.8605668103475175,97,,,,,Extended_1_Weather_Only,1.9050881545350582,0.42857142857142855,0,0,0,0,0,0,0,0,0,0,0.0,,,,,,0,NONE,,,,,,,0,0,0,0,0,0,NO_ACTIVITY,,0,1,1,1,1,0.0,,,,,,,,,,,,,,,,,,,0,False
,2020-06-20,573,2020,6,20,,,,184.4394977777778,270.2280277777778,219.0748894130652,85.78853000000001,5.12130780954786,9.76832,1.7478473847006561,97,,,,,Extended_1_Weather_Only,1.9065751436566365,0.43107769423558895,0,0,0,0,0,0,0,0,0,0,0.0,,,,,,0,NONE,,,,,,,0,0,0,0,0,0,NO_ACTIVITY,,0,1,1,1,1,0.0,,,,,,,,,,,,,,,,,,,0,False
,2020-06-21,574,2020,6,21,,,,184.81698111111112,275.7937688888889,220.33850268659242,90.97678777777779,4.167496643031159,6.946544232922733,1.0404308442268109,97,,,,,Extended_1_Weather_Only,1.9080599249242156,0.43358395989974935,0,0,0,0,0,0,0,0,0,0,0.0,,,,,,0,NONE,,,,,,,0,0,0,0,0,0,NO_ACTIVITY,,0,1,1,1,1,0.0,,,,,,,,,,,,,,,,,,,0,False
,2020-06-22,575,2020,6,22,,,,184.8863611111111,273.74171333333334,219.93757628185145,88.85535222222222,4.568135504721816,7.659025669642857,0.9188036039624473,97,,,,,Extended_1_Weather_Only,1.9095425048844386,0.43609022556390975,0,0,0,0,0,0,0,0,0,0,0.0,,,,,,0,NONE,,,,,,,0,0,0,0,0,0,NO_ACTIVITY,,0,1,1,1,1,0.0,,,,,,,,,,,,,,,,,,,0,False
,2020-06-23,576,2020,6,23,,,,184.40807,274.18293,220.01396631799503,89.77485999999999,5.384092091691372,10.682883333333333,1.7775789192020042,97,,,,,Extended_1_Weather_Only,1.9110228900548727,0.43859649122807015,0,0,0,0,0,0,0,0,0,0,0.0,,,,,,0,NONE,,,,,,,0,0,0,0,0,0,NO_ACTIVITY,,0,1,1,1,1,0.0,,,,,,,,,,,,,,,,,,,0,False
2020-07-11,2020-06-24,577,2020,6,24,193,5,13,185.63567777777777,268.21633777777777,218.97913755554552,82.58066,6.55935446869417,10.037131991051456,1.7425201951673626,97,583.0,,"Unsafe APSS and Power ON (All Sensors), Retract IDA, Mole Pit Mosaic, Solar Array Vibration Image Campaign, Install WUTT, and Tau Images",236.64,Extended_1,1.9125010869241836,0.44110275689223055,22,8,0,5,1,1,1,1,1,0,0.6243089430894309,33.360000000000014,0.9257777777777777,0.37059047744873963,0.3430844286780998,13.0,0,IDA,0,1,0,0,0,0,0,0,0,1,0,1,RECOVERY,0,0,0,1,0,0,0.5998722415795587,13,7,211,0,13,0,41,74,44,21,50,10,576,477,110,797,327,423,1,True
,2020-06-25,578,2020,6,25,,,,186.09581666666665,272.5684333333333,220.46442562301573,86.47261666666665,5.143402262448191,10.594507777777778,1.6438302035833328,97,,,,,Extended_1_Weather_Only,1.9139771019523042,0.44360902255639095,0,0,0,0,0,0,0,0,0,0,0.0,,,,,,0,NONE,,,,,,,0,0,0,0,0,0,NO_ACTIVITY,,0,1,1,1,1,0.0,,,,,,,,,,,,,,,,,,,0,False
,2020-06-26,579,2020,6,26,,,,185.95999333333333,266.8329988888889,218.6529918817932,80.87300555555555,6.877259790339948,12.139935555555557,1.9206736451788329,97,,,,,Extended_1_Weather_Only,1.9154509415706047,0.44611528822055135,0,0,0,0,0,0,0,0,0,0,0.0,,,,,,0,NONE,,,,,,,0,0,0,0,0,0,NO_ACTIVITY,,0,1,1,1,1,0.0,,,,,,,,,,,,,,,,,,,0,False
,2020-06-27,580,2020,6,27,,,,186.12668,272.8537588888889,221.16698174313714,86.72707888888888,5.35637610543568,9.951017777777777,1.8856623116709548,97,,,,,Extended_1_Weather_Only,1.916922612182061,0.44862155388471175,0,0,0,0,0,0,0,0,0,0,0.0,,,,,,0,NONE,,,,,,,0,0,0,0,0,0,NO_ACTIVITY,,0,1,1,1,1,0.0,,,,,,,,,,,,,,,,,,,0,False
,2020-06-28,581,2020,6,28,,,,186.1044288888889,273.4265911111111,222.25531289658795,87.32216222222223,4.1568303794420265,7.392914124293785,1.1231607207973526,97,,,,,Extended_1_Weather_Only,1.918392120161421,0.45112781954887216,0,0,0,0,0,0,0,0,0,0,0.0,,,,,,0,NONE,,,,,,,0,0,0,0,0,0,NO_ACTIVITY,,0,1,1,1,1,0.0,,,,,,,,,,,,,,,,,,,0,False
,2020-06-29,582,2020,6,29,,,,187.4035255555556,274.90396555555554,222.39004464395035,87.50043999999994,4.663153623405487,8.379073529411764,1.355782889068214,97,,,,,Extended_1_Weather_Only,1.9198594718553708,0.45363408521303256,0,0,0,0,0,0,0,0,0,0,0.0,,,,,,0,NONE,,,,,,,0,0,0,0,0,0,NO_ACTIVITY,,0,1,1,1,1,0.0,,,,,,,,,,,,,,,,,,,0,False
,2020-06-30,583,2020,6,30,,,,187.17810111111112,273.49470333333335,221.95639262844773,86.31660222222223,5.893337804595354,10.878827777777778,1.7885563700476774,97,,,,,Extended_1_Weather_Only,1.9213246735826988,0.45614035087719296,0,0,0,0,0,0,0,0,0,0,0.0,,,,,,0,NONE,,,,,,,0,0,0,0,0,0,NO_ACTIVITY,,0,1,1,1,1,0.0,,,,,,,,,,,,,,,,,,,0,False
2020-07-18,2020-07-01,584,2020,7,1,200,5,18,187.29930666666667,250.00977067082684,210.53675035681832,62.71046400416017,3.942098277587009,5.837951945080091,0.697010318444405,22,590.0,,"SEIS Tilt Measurement and Flash Maintenance, HP3 Unsafe and RAD Single Measurements, and Dust Devil and Tau Images",241.18,Extended_1,1.922787731634459,0.45864661654135336,18,7,0,2,0,1,1,0,0,0,0.41837398373983736,28.819999999999993,0.9510000000000001,0.0,0.0,7.0,0,HP3,0,0,0,2,0,0,0,1,0,1,0,0,MAINTENANCE,0,0,0,1,1,0,0.5623809523809524,7,0,204,0,20,7,41,75,45,21,50,10,583,484,103,790,334,416,1,True
,2020-07-11,594,2020,7,11,,,,202.4312811111111,270.9006933333333,241.09685757691327,68.46941222222222,3.5355634767898025,5.063225555555555,0.9199074041043344,51,,,,,Extended_1_Weather_Only,1.937301774518713,0.48370927318295737,0,0,0,0,0,0,0,0,0,0,0.0,,,,,,0,NONE,,,,,,,0,0,0,0,0,0,NO_ACTIVITY,,0,1,1,1,1,0.0,,,,,,,,,,,,,,,,,,,0,False
,2020-07-12,595,2020,7,12,,,,187.1130733333333,269.4753288888889,220.39551801711823,82.3622555555556,4.882846410005607,9.582833333333332,1.5075461281549205,97,,,,,Extended_1_Weather_Only,1.9387416595767009,0.48621553884711777,0,0,0,0,0,0,0,0,0,0,0.0,,,,,,0,NONE,,,,,,,0,0,0,0,0,0,NO_ACTIVITY,,0,1,1,1,1,0.0,,,,,,,,,,,,,,,,,,,0,False
,2020-07-13,596,2020,7,13,,,,186.9713322222222,270.57734666666664,220.22880309809065,83.60601444444444,4.976539505335072,9.766765555555557,1.620562806570244,97,,,,,Extended_1_Weather_Only,1.9401794743463283,0.48872180451127817,0,0,0,0,0,0,0,0,0,0,0.0,,,,,,0,NONE,,,,,,,0,0,0,0,0,0,NO_ACTIVITY,,0,1,1,1,1,0.0,,,,,,,,,,,,,,,,,,,0,False
,2020-07-14,597,2020,7,14,,,,186.8669855555556,267.56024888888885,219.3129142143397,80.69326333333325,5.717295908051213,9.23257,1.3577757664024093,97,,,,,Extended_1_Weather_Only,1.9416152247724325,0.49122807017543857,0,0,0,0,0,0,0,0,0,0,0.0,,,,,,0,NONE,,,,,,,0,0,0,0,0,0,NO_ACTIVITY,,0,1,1,1,1,0.0,,,,,,,,,,,,,,,,,,,0,False
2020-08-02,2020-07-15,598,2020,7,15,215,6,3,186.7842011111111,268.1802944444445,219.0196569959005,81.3960933333334,5.926782309202339,10.321263333333334,1.6387876723469346,97,603.0,,"HP3 Mole Recovery Operations, HP3 RAD Hourly Measurements and SSA Monitoring, and Tau Images",250.31,Extended_1,1.9430489167742813,0.49373433583959897,14,5,0,1,0,1,0,0,0,0,0.28577235772357723,19.689999999999998,0.9982777777777778,0.8535533905932737,0.8520833819761409,7.0,0,HP3,0,0,1,2,0,0,0,0,0,1,0,0,RECOVERY,0,1,0,0,1,0,0.509082462253194,7,14,190,0,34,21,41,77,45,21,50,10,597,498,89,776,348,402,1,True
,2020-07-16,599,2020,7,16,,,,186.3913922222222,270.79736444444444,220.02311642422538,84.40597222222223,5.051485630848794,9.96201111111111,1.8893400503399853,97,,,,,Extended_1_Weather_Only,1.944480556245719,0.49624060150375937,0,0,0,0,0,0,0,0,0,0,0.0,,,,,,0,NONE,,,,,,,0,0,0,0,0,0,NO_ACTIVITY,,0,1,1,1,1,0.0,,,,,,,,,,,,,,,,,,,0,False
,2020-07-17,600,2020,7,17,,,,186.60145,269.93751,219.79544284435607,83.33605999999997,4.875225819377662,9.91822888888889,1.7692987356651426,97,,,,,Extended_1_Weather_Only,1.9459101490553132,0.49874686716791977,0,0,0,0,0,0,0,0,0,0,0.0,,,,,,0,NONE,,,,,,,0,0,0,0,0,0,NO_ACTIVITY,,0,1,1,1,1,0.0,,,,,,,,,,,,,,,,,,,0,False
,2020-07-18,601,2020,7,18,,,,186.54366888888887,266.85191555555554,218.61378643226683,80.30824666666666,5.767464540300898,9.752001111111111,1.6970964106011386,97,,,,,Extended_1_Weather_Only,1.9473377010464987,0.5012531328320802,0,0,0,0,0,0,0,0,0,0,0.0,,,,,,0,NONE,,,,,,,0,0,0,0,0,0,NO_ACTIVITY,,0,1,1,1,1,0.0,,,,,,,,,,,,,,,,,,,0,False
,2020-07-19,602,2020,7,19,,,,186.20116222222225,267.88225111111115,218.02853873024708,81.6810888888889,5.662517553570238,9.574102222222225,1.7212824588027444,97,,,,,Extended_1_Weather_Only,1.9487632180377197,0.5037593984962406,0,0,0,0,0,0,0,0,0,0,0.0,,,,,,0,NONE,,,,,,,0,0,0,0,0,0,NO_ACTIVITY,,0,1,1,1,1,0.0,,,,,,,,,,,,,,,,,,,0,False
,2020-07-20,603,2020,7,20,,,,186.65605777777776,269.8083688888889,223.6076024245386,83.15231111111112,4.045661691048636,6.015383240223464,1.2426506996751339,72,,,,,Extended_1_Weather_Only,1.9501867058225735,0.506265664160401,0,0,0,0,0,0,0,0,0,0,0.0,,,,,,0,NONE,,,,,,,0,0,0,0,0,0,NO_ACTIVITY,,0,1,1,1,1,0.0,,,,,,,,,,,,,,,,,,,0,False
2020-08-08,2020-07-21,604,2020,7,21,221,5,7,186.27643444444445,268.3164366666667,218.05075574715923,82.04000222222223,4.733197766871009,9.16792777777778,1.7991055138129146,97,610.0,,"HP3 Mole Recovery Operations, HP3 RAD Single Measurements and SSA Monitoring, and Dust Devil and Tau Images",254.23,Extended_1,1.951608170169951,0.5087719298245614,17,6,0,1,0,1,0,0,0,0,0.33439024390243904,15.77000000000001,0.9765,0.9829629131445341,0.9598632846856375,6.0,0,HP3,0,0,1,2,0,0,0,0,0,1,0,0,RECOVERY,0,1,0,0,1,0,0.4514053426248548,13,20,184,0,40,27,41,78,45,21,50,10,603,504,83,770,354,396,1,True
,2020-07-22,605,2020,7,22,,,,186.1292588888889,266.90797000000003,217.3045500433443,80.77871111111114,5.263287626218447,9.556264444444446,1.5881618376278792,97,,,,,Extended_1_Weather_Only,1.9530276168241774,0.5112781954887218,0,0,0,0,0,0,0,0,0,0,0.0,,,,,,0,NONE,,,,,,,0,0,0,0,0,0,NO_ACTIVITY,,0,1,1,1,1,0.0,,,,,,,,,,,,,,,,,,,0,False
,2020-07-23,606,2020,7,23,,,,185.48864777777777,267.1244533333333,217.1689677972388,81.63580555555552,5.389883112865464,8.47873,1.4123729880075877,97,,,,,Extended_1_Weather_Only,1.9544450515051506,0.5137844611528822,0,0,0,0,0,0,0,0,0,0,0.0,,,,,,0,NONE,,,,,,,0,0,0,0,0,0,NO_ACTIVITY,,0,1,1,1,1,0.0,,,,,,,,,,,,,,,,,,,0,False
,2020-07-24,607,2020,7,24,,,,185.4978188888889,265.42559444444447,216.53032254581964,79.92777555555557,6.065544987605353,8.904726057906458,1.4471239993485507,97,,,,,Extended_1_Weather_Only,1.9558604799084813,0.5162907268170426,0,0,0,0,0,0,0,0,0,0,0.0,,,,,,0,NONE,,,,,,,0,0,0,0,0,0,NO_ACTIVITY,,0,1,1,1,1,0.0,,,,,,,,,,,,,,,,,,,0,False
,2020-07-25,608,2020,7,25,,,,184.65086222222223,264.74636444444445,215.65955089679605,80.09550222222222,7.3254748988040514,9.928656666666663,1.6383512424890554,97,,,,,Extended_1_Weather_Only,1.9572739077056285,0.518796992481203,0,0,0,0,0,0,0,0,0,0,0.0,,,,,,0,NONE,,,,,,,0,0,0,0,0,0,NO_ACTIVITY,,0,1,1,1,1,0.0,,,,,,,,,,,,,,,,,,,0,False
,2020-07-26,609,2020,7,26,,,,183.93718777777772,263.1338988888889,215.2614045256611,79.19671111111117,7.254200298733002,10.804903333333334,1.8451107788873422,97,,,,,Extended_1_Weather_Only,1.958685340544036,0.5213032581453634,0,0,0,0,0,0,0,0,0,0,0.0,,,,,,0,NONE,,,,,,,0,0,0,0,0,0,NO_ACTIVITY,,0,1,1,1,1,0.0,,,,,,,,,,,,,,,,,,,0,False
,2020-07-27,610,2020,7,27,,,,184.2533655555556,264.0609211111111,215.533839996707,79.8075555555555,6.6807198814049,9.813155555555555,1.6917277108706108,97,,,,,Extended_1_Weather_Only,1.9600947840472698,0.5238095238095238,0,0,0,0,0,0,0,0,0,0,0.0,,,,,,0,NONE,,,,,,,0,0,0,0,0,0,NO_ACTIVITY,,0,1,1,1,1,0.0,,,,,,,,,,,,,,,,,,,0,False
2020-08-15,2020-07-28,611,2020,7,28,228,5,12,183.85134777777776,264.34745555555554,215.3262881254059,80.49610777777778,7.24543035662522,10.804542222222222,1.6530473052168773,97,617.0,,HP3 Mole Recovery Operations and Dust Devil and Tau Images,258.79,Extended_1,1.9615022438151495,0.5263157894736842,10,3,0,1,0,1,0,0,0,0,0.2031707317073171,11.20999999999998,0.9511666666666666,0.5000000000000001,0.4755833333333334,7.0,0,HP3,0,0,1,0,0,0,0,0,0,1,0,0,RECOVERY,0,1,0,0,1,0,0.3899186991869919,20,27,177,0,47,27,41,79,45,21,50,10,610,511,76,763,361,389,1,True
,2020-07-29,612,2020,7,29,,,,184.01460666666668,262.1978833333333,215.19525692669552,78.18327666666664,7.418922245341604,11.242752222222222,1.9917284401311564,97,,,,,Extended_1_Weather_Only,1.9629077254238845,0.5288220551378446,0,0,0,0,0,0,0,0,0,0,0.0,,,,,,0,NONE,,,,,,,0,0,0,0,0,0,NO_ACTIVITY,,0,1,1,1,1,0.0,,,,,,,,,,,,,,,,,,,0,False
,2020-07-30,613,2020,7,30,,,,184.81394666666665,264.4360222222222,215.9038241517011,79.62207555555557,7.267279539906806,12.423815555555557,1.8174920351281634,97,,,,,Extended_1_Weather_Only,1.9643112344262046,0.531328320802005,0,0,0,0,0,0,0,0,0,0,0.0,,,,,,0,NONE,,,,,,,0,0,0,0,0,0,NO_ACTIVITY,,0,1,1,1,1,0.0,,,,,,,,,,,,,,,,,,,0,False
,2020-07-31,614,2020,7,31,,,,184.54503,263.15307222222225,215.79045548322958,78.60804222222225,7.73477536595848,12.58873111111111,1.8725792402496253,97,,,,,Extended_1_Weather_Only,1.965712776351493,0.5338345864661654,0,0,0,0,0,0,0,0,0,0,0.0,,,,,,0,NONE,,,,,,,0,0,0,0,0,0,NO_ACTIVITY,,0,1,1,1,1,0.0,,,,,,,,,,,,,,,,,,,0,False
,2020-08-01,615,2020,8,1,,,,184.1349522222222,262.30176666666665,215.49034440790163,78.16681444444444,7.881616509001673,10.958572222222225,1.7884528230479237,97,,,,,Extended_1_Weather_Only,1.9671123567059163,0.5363408521303258,0,0,0,0,0,0,0,0,0,0,0.0,,,,,,0,NONE,,,,,,,0,0,0,0,0,0,NO_ACTIVITY,,0,1,1,1,1,0.0,,,,,,,,,,,,,,,,,,,0,False
,2020-08-02,616,2020,8,2,,,,184.1821666666667,264.93304222222224,216.73987100669788,80.75087555555555,6.163604355781433,10.59708,1.4135317996945647,97,,,,,Extended_1_Weather_Only,1.9685099809725544,0.5388471177944862,0,0,0,0,0,0,0,0,0,0,0.0,,,,,,0,NONE,,,,,,,0,0,0,0,0,0,NO_ACTIVITY,,0,1,1,1,1,0.0,,,,,,,,,,,,,,,,,,,0,False
,2020-08-03,617,2020,8,3,,,,184.6100211111111,269.4784255555556,218.68664869442296,84.86840444444448,4.94213283982788,9.039082222222222,1.6435594295556801,97,,,,,Extended_1_Weather_Only,1.969905654611529,0.5413533834586466,0,0,0,0,0,0,0,0,0,0,0.0,,,,,,0,NONE,,,,,,,0,0,0,0,0,0,NO_ACTIVITY,,0,1,1,1,1,0.0,,,,,,,,,,,,,,,,,,,0,False
2020-08-22,2020-08-04,618,2020,8,4,235,5,17,184.00690111111112,269.4820788888889,218.7620570720895,85.47517777777779,5.478539089861632,9.352387777777777,1.8701827154705652,97,624.0,,"HP3 Mole Recovery Operations, APSS Recovery Operations, VBB2 Recentering and POS Gain to High, and Dust Devil and Tau Images",263.35,Extended_1,1.9712993830601329,0.543859649122807,20,7,0,3,0,1,1,1,0,0,0.48300813008130083,6.649999999999977,0.9258333333333332,0.017037086855465844,0.01577350291368546,7.0,0,HP3,0,0,1,0,0,0,0,0,0,1,0,0,RECOVERY,0,1,0,0,1,0,0.3763995354239257,27,34,170,0,54,20,41,80,46,22,50,10,617,518,69,756,368,382,1,True
,2020-08-05,619,2020,8,5,,,,184.4256,265.9125066666667,217.80875917839944,81.48690666666667,5.748602178210159,9.558003333333334,1.8867386144952452,97,,,,,Extended_1_Weather_Only,1.9726911717329554,0.5463659147869674,0,0,0,0,0,0,0,0,0,0,0.0,,,,,,0,NONE,,,,,,,0,0,0,0,0,0,NO_ACTIVITY,,0,1,1,1,1,0.0,,,,,,,,,,,,,,,,,,,0,False
,2020-08-06,620,2020,8,6,,,,184.30491,268.45300555555554,218.48100416283089,84.14809555555553,5.22198307305598,9.410312222222224,1.803219909495098,97,,,,,Extended_1_Weather_Only,1.9740810260220096,0.5488721804511278,0,0,0,0,0,0,0,0,0,0,0.0,,,,,,0,NONE,,,,,,,0,0,0,0,0,0,NO_ACTIVITY,,0,1,1,1,1,0.0,,,,,,,,,,,,,,,,,,,0,False
,2020-08-07,621,2020,8,7,,,,183.98867222222225,265.9271088888889,217.46056198254587,81.93843666666663,6.615509285648405,9.480151279199111,1.403355478964513,97,,,,,Extended_1_Weather_Only,1.9754689512968577,0.5513784461152882,0,0,0,0,0,0,0,0,0,0,0.0,,,,,,0,NONE,,,,,,,0,0,0,0,0,0,NO_ACTIVITY,,0,1,1,1,1,0.0,,,,,,,,,,,,,,,,,,,0,False
,2020-08-08,622,2020,8,8,,,,184.61575888888888,262.4123111111111,216.22330105366595,77.7965522222222,8.169743933821445,12.49075167037862,1.7745559793816466,97,,,,,Extended_1_Weather_Only,1.9768549529047348,0.5538847117794486,0,0,0,0,0,0,0,0,0,0,0.0,,,,,,0,NONE,,,,,,,0,0,0,0,0,0,NO_ACTIVITY,,0,1,1,1,1,0.0,,,,,,,,,,,,,,,,,,,0,False
,2020-08-09,623,2020,8,9,,,,183.17108444444443,261.0247255555556,215.1749574250614,77.85364111111119,8.330583092417182,12.112816666666667,1.7936569453440216,97,,,,,Extended_1_Weather_Only,1.9782390361706734,0.556390977443609,0,0,0,0,0,0,0,0,0,0,0.0,,,,,,0,NONE,,,,,,,0,0,0,0,0,0,NO_ACTIVITY,,0,1,1,1,1,0.0,,,,,,,,,,,,,,,,,,,0,False
,2020-08-10,624,2020,8,10,,,,182.69432777777777,261.0059566666667,215.3387591779018,78.31162888888892,8.020349953781894,11.834501111111113,2.0000944620568206,97,,,,,Extended_1_Weather_Only,1.979621206397625,0.5588972431077694,0,0,0,0,0,0,0,0,0,0,0.0,,,,,,0,NONE,,,,,,,0,0,0,0,0,0,NO_ACTIVITY,,0,1,1,1,1,0.0,,,,,,,,,,,,,,,,,,,0,False
2020-08-29,2020-08-11,625,2020,8,11,242,5,22,182.74991333333327,261.22402,215.47854014115288,78.47410666666673,8.041543173160113,11.539033333333332,1.9319423146108148,97,631.0,,Dust Devil and Tau Images,267.89,Extended_1,1.9810014688665833,0.5614035087719298,5,2,0,0,0,0,0,0,0,0,0.08991869918699187,2.1100000000000136,0.9006111111111111,0.24999999999999978,0.2251527777777776,7.0,0,UNKNOWN,0,0,0,0,0,0,0,0,0,0,0,0,OTHER,0,0,1,1,1,0,0.3000580720092915,34,27,163,7,61,13,41,80,46,22,50,10,624,525,62,749,375,375,1,True
,2020-08-12,626,2020,8,12,,,,182.9060155555556,259.9370011111111,214.7651167793945,77.0309855555555,8.521332820687382,11.43684872080089,1.8836292653473943,97,,,,,Extended_1_Weather_Only,1.9823798288367047,0.5639097744360902,0,0,0,0,0,0,0,0,0,0,0.0,,,,,,0,NONE,,,,,,,0,0,0,0,0,0,NO_ACTIVITY,,0,1,1,1,1,0.0,,,,,,,,,,,,,,,,,,,0,False
,2020-08-13,627,2020,8,13,,,,182.62151666666665,262.2687355555556,215.28815218259228,79.64721888888897,7.770104059112851,11.557851893095767,1.8039924238366851,97,,,,,Extended_1_Weather_Only,1.9837562915454279,0.5664160401002506,0,0,0,0,0,0,0,0,0,0,0.0,,,,,,0,NONE,,,,,,,0,0,0,0,0,0,NO_ACTIVITY,,0,1,1,1,1,0.0,,,,,,,,,,,,,,,,,,,0,False
,2020-08-14,628,2020,8,14,,,,182.15793,264.5397011111111,216.19592930074694,82.38177111111114,6.704206368990573,9.456033333333334,1.4317671732686803,96,,,,,Extended_1_Weather_Only,1.9851308622085946,0.568922305764411,0,0,0,0,0,0,0,0,0,0,0.0,,,,,,0,NONE,,,,,,,0,0,0,0,0,0,NO_ACTIVITY,,0,1,1,1,1,0.0,,,,,,,,,,,,,,,,,,,0,False
,2020-08-15,629,2020,8,15,,,,182.4358077777778,263.11668,215.4337176540994,80.68087222222218,7.266543399075373,10.9083,1.549020042871125,97,,,,,Extended_1_Weather_Only,1.986503546020567,0.5714285714285714,0,0,0,0,0,0,0,0,0,0,0.0,,,,,,0,NONE,,,,,,,0,0,0,0,0,0,NO_ACTIVITY,,0,1,1,1,1,0.0,,,,,,,,,,,,,,,,,,,0,False
,2020-08-16,630,2020,8,16,,,,183.1897211111111,197.9748522222222,190.03800407825625,14.785131111111099,7.362266741135161,9.268336666666668,2.0263951504031836,29,,,,,Extended_1_Weather_Only,1.9878743481543455,0.5739348370927319,0,0,0,0,0,0,0,0,0,0,0.0,,,,,,0,NONE,,,,,,,0,0,0,0,0,0,NO_ACTIVITY,,0,1,1,1,1,0.0,,,,,,,,,,,,,,,,,,,0,False
,2020-09-06,651,2020,9,6,,,,201.4801740947076,219.13352666666665,209.12176563783137,17.65335257195906,6.821151928455184,8.275974444444445,1.4216184741253928,4,,,,,Extended_1_Weather_Only,2.0162354657760435,0.6265664160401002,0,0,0,0,0,0,0,0,0,0,0.0,,,,,,0,NONE,,,,,,,0,0,0,0,0,0,NO_ACTIVITY,,0,1,1,1,1,0.0,,,,,,,,,,,,,,,,,,,0,False
2020-09-26,2020-09-07,652,2020,9,7,270,5,16,181.2695155555556,265.5528166666667,215.3367025912762,84.28330111111106,6.2100523130718,9.00945768374165,1.4585701263942246,97,658.0,,"SEIS Tilt Measurement and Flash Maintenance, HP3 RAD Single Measurements, and Dust Devil and Tau Images",285.21,Extended_1,2.017566137961748,0.6290726817042607,16,6,0,2,0,1,1,0,0,0,0.3770731707317073,15.20999999999998,0.804388888888889,0.06698729810778076,0.053883838294586546,7.0,0,HP3,0,0,0,2,0,0,0,1,0,0,0,0,MAINTENANCE,0,0,1,1,1,0,0.29226480836236934,61,0,136,7,88,7,41,83,48,23,50,10,651,552,35,722,402,348,1,True
,2020-09-08,653,2020,9,8,,,,180.98203444444445,263.15222,214.9639566416372,82.17018555555555,7.056809846522703,9.95953,1.387429193602238,97,,,,,Extended_1_Weather_Only,2.018895041811802,0.631578947368421,0,0,0,0,0,0,0,0,0,0,0.0,,,,,,0,NONE,,,,,,,0,0,0,0,0,0,NO_ACTIVITY,,0,1,1,1,1,0.0,,,,,,,,,,,,,,,,,,,0,False
,2020-09-09,654,2020,9,9,,,,181.12559,261.5685311111111,214.6730997743177,80.44294111111111,7.807965895845212,12.349676666666667,1.8363095993881777,97,,,,,Extended_1_Weather_Only,2.020222182019865,0.6340852130325815,0,0,0,0,0,0,0,0,0,0,0.0,,,,,,0,NONE,,,,,,,0,0,0,0,0,0,NO_ACTIVITY,,0,1,1,1,1,0.0,,,,,,,,,,,,,,,,,,,0,False
,2020-09-10,655,2020,9,10,,,,181.6089255555556,263.07853,215.11523612161432,81.4696044444444,7.315555971284913,11.433486666666669,1.6608828703055956,97,,,,,Extended_1_Weather_Only,2.0215475632609334,0.6365914786967418,0,0,0,0,0,0,0,0,0,0,0.0,,,,,,0,NONE,,,,,,,0,0,0,0,0,0,NO_ACTIVITY,,0,1,1,1,1,0.0,,,,,,,,,,,,,,,,,,,0,False
,2020-09-11,656,2020,9,11,,,,181.85665,260.5751014492754,204.45448997611007,78.71845144927539,6.172892598432662,10.619569676700111,1.839819602826073,60,,,,,Extended_1_Weather_Only,2.0228711901914416,0.6390977443609023,0,0,0,0,0,0,0,0,0,0,0.0,,,,,,0,NONE,,,,,,,0,0,0,0,0,0,NO_ACTIVITY,,0,1,1,1,1,0.0,,,,,,,,,,,,,,,,,,,0,False
,2020-09-12,657,2020,9,12,,,,180.94109333333333,264.5550788888889,215.68441138072137,83.61398555555556,6.235500416436748,9.78373,1.3243526875524947,97,,,,,Extended_1_Weather_Only,2.0241930674493576,0.6416040100250626,0,0,0,0,0,0,0,0,0,0,0.0,,,,,,0,NONE,,,,,,,0,0,0,0,0,0,NO_ACTIVITY,,0,1,1,1,1,0.0,,,,,,,,,,,,,,,,,,,0,False
,2020-09-13,658,2020,9,13,,,,180.7362486126526,267.1226022222222,216.30275675224755,86.38635360956962,4.602249444547123,7.700976666666667,1.4019052293225862,97,,,,,Extended_1_Weather_Only,2.0255131996542803,0.6441102756892231,0,0,0,0,0,0,0,0,0,0,0.0,,,,,,0,NONE,,,,,,,0,0,0,0,0,0,NO_ACTIVITY,,0,1,1,1,1,0.0,,,,,,,,,,,,,,,,,,,0,False
2020-10-03,2020-09-14,659,2020,9,14,277,5,20,181.04221444444445,267.6648588888889,216.49028871238053,86.62264444444443,5.110923725654489,9.17194888888889,1.356601975371027,97,665.0,,"HP3 Mole Recovery Operations, HP3 RAD Single Measurements, and Tau Images",289.62,Extended_1,2.0268315914075385,0.6466165413533834,11,4,0,1,0,1,0,0,0,0,0.23715447154471544,19.620000000000005,0.7798888888888889,0.0669872981077807,0.052242649490945856,7.0,0,HP3,0,0,1,1,0,0,0,0,0,1,0,0,RECOVERY,0,1,0,0,1,0,0.2971196283391406,68,7,129,0,95,14,41,84,48,23,50,10,658,559,28,715,409,341,1,True
,2020-09-15,660,2020,9,15,,,,181.18211222222223,264.34167,215.84964262327085,83.15955777777779,6.149191860834463,9.413867777777778,1.515210959966863,97,,,,,Extended_1_Weather_Only,2.028148247292285,0.6491228070175439,0,0,0,0,0,0,0,0,0,0,0.0,,,,,,0,NONE,,,,,,,0,0,0,0,0,0,NO_ACTIVITY,,0,1,1,1,1,0.0,,,,,,,,,,,,,,,,,,,0,False
,2020-09-16,661,2020,9,16,,,,181.05413222222225,263.2781488888889,215.55013304625513,82.22401666666664,7.160547300355329,12.397146993318486,1.6425161272879076,97,,,,,Extended_1_Weather_Only,2.0294631718735947,0.6516290726817042,0,0,0,0,0,0,0,0,0,0,0.0,,,,,,0,NONE,,,,,,,0,0,0,0,0,0,NO_ACTIVITY,,0,1,1,1,1,0.0,,,,,,,,,,,,,,,,,,,0,False
,2020-09-17,662,2020,9,17,,,,180.4656288888889,263.9525811111111,215.3853245945453,83.48695222222221,7.148949894305147,13.129443333333333,1.8087440299119049,97,,,,,Extended_1_Weather_Only,2.030776369698555,0.6541353383458647,0,0,0,0,0,0,0,0,0,0,0.0,,,,,,0,NONE,,,,,,,0,0,0,0,0,0,NO_ACTIVITY,,0,1,1,1,1,0.0,,,,,,,,,,,,,,,,,,,0,False
,2020-09-18,663,2020,9,18,,,,180.1605277777778,265.3256666666667,215.72560054660755,85.16513888888889,6.180223638553479,9.208353333333331,1.5202348535652688,97,,,,,Extended_1_Weather_Only,2.0320878452963655,0.656641604010025,0,0,0,0,0,0,0,0,0,0,0.0,,,,,,0,NONE,,,,,,,0,0,0,0,0,0,NO_ACTIVITY,,0,1,1,1,1,0.0,,,,,,,,,,,,,,,,,,,0,False
,2020-09-19,664,2020,9,19,,,,180.48311,263.34566333333333,215.26695768528506,82.86255333333332,6.913157817876218,10.74044,1.5750766544201933,97,,,,,Extended_1_Weather_Only,2.033397603178429,0.6591478696741855,0,0,0,0,0,0,0,0,0,0,0.0,,,,,,0,NONE,,,,,,,0,0,0,0,0,0,NO_ACTIVITY,,0,1,1,1,1,0.0,,,,,,,,,,,,,,,,,,,0,False
,2020-09-20,665,2020,9,20,,,,180.09378222222225,263.5026355555556,215.07322433343097,83.40885333333338,6.942733331246409,11.591973333333334,1.616797862258445,96,,,,,Extended_1_Weather_Only,2.0347056478384444,0.6616541353383458,0,0,0,0,0,0,0,0,0,0,0.0,,,,,,0,NONE,,,,,,,0,0,0,0,0,0,NO_ACTIVITY,,0,1,1,1,1,0.0,,,,,,,,,,,,,,,,,,,0,False
2020-10-11,2020-09-21,666,2020,9,21,285,6,1,179.95547555555558,264.0965533333333,215.222814466238,84.14107777777772,6.854946936564515,11.931725555555555,1.6522555215135568,97,672.0,,HP3 RAD Single Measurements and Dust Devil and Tau Images,294.0,Extended_1,2.0360119837525,0.6641604010025063,10,3,0,1,0,1,0,0,0,0,0.2031707317073171,24.0,0.7555555555555555,0.6294095225512604,0.47555386148317447,7.0,0,HP3,0,0,0,1,0,0,0,0,0,0,0,0,OTHER,0,0,1,1,1,0,0.2571428571428572,75,14,122,7,102,21,41,85,48,23,50,10,665,566,21,708,416,334,1,True
,2020-09-22,667,2020,9,22,,,,180.13136777777777,261.87720666666667,214.48820270952535,81.7458388888889,7.92688971914117,13.519420935412027,1.9719954286279706,97,,,,,Extended_1_Weather_Only,2.0373166153791646,0.6666666666666666,0,0,0,0,0,0,0,0,0,0,0.0,,,,,,0,NONE,,,,,,,0,0,0,0,0,0,NO_ACTIVITY,,0,1,1,1,1,0.0,,,,,,,,,,,,,,,,,,,0,False
,2020-09-23,668,2020,9,23,,,,180.4909111111112,260.4597955555556,214.09808868925063,79.96888444444443,8.327844450054108,13.951156666666666,1.7345576891383856,97,,,,,Extended_1_Weather_Only,2.038619547159581,0.6691729323308271,0,0,0,0,0,0,0,0,0,0,0.0,,,,,,0,NONE,,,,,,,0,0,0,0,0,0,NO_ACTIVITY,,0,1,1,1,1,0.0,,,,,,,,,,,,,,,,,,,0,False
,2020-09-24,669,2020,9,24,,,,180.49117777777772,261.1467388888889,214.0936918644829,80.65556111111115,8.08728457891471,13.45187,1.8944855277332808,97,,,,,Extended_1_Weather_Only,2.0399207835175526,0.6716791979949874,0,0,0,0,0,0,0,0,0,0,0.0,,,,,,0,NONE,,,,,,,0,0,0,0,0,0,NO_ACTIVITY,,0,1,1,1,1,0.0,,,,,,,,,,,,,,,,,,,0,False
,2020-09-25,670,2020,9,25,,,,179.69658222222222,263.63027111111114,214.50586075124806,83.93368888888892,6.813175982046555,12.214873051224943,1.720051256808065,97,,,,,Extended_1_Weather_Only,2.0412203288596382,0.6741854636591479,0,0,0,0,0,0,0,0,0,0,0.0,,,,,,0,NONE,,,,,,,0,0,0,0,0,0,NO_ACTIVITY,,0,1,1,1,1,0.0,,,,,,,,,,,,,,,,,,,0,False
,2020-09-26,671,2020,9,26,,,,180.3851255555556,265.3067966666667,214.91845602232328,84.9216711111111,6.614984813025979,11.984543333333333,1.700183899267926,97,,,,,Extended_1_Weather_Only,2.0425181875752383,0.6766917293233082,0,0,0,0,0,0,0,0,0,0,0.0,,,,,,0,NONE,,,,,,,0,0,0,0,0,0,NO_ACTIVITY,,0,1,1,1,1,0.0,,,,,,,,,,,,,,,,,,,0,False
,2020-09-27,672,2020,9,27,,,,180.14938401775805,265.8036088888889,215.3126010706238,85.65422487113085,5.884265994139251,9.453972222222225,1.3004990924260127,97,,,,,Extended_1_Weather_Only,2.0438143640366846,0.6791979949874687,0,0,0,0,0,0,0,0,0,0,0.0,,,,,,0,NONE,,,,,,,0,0,0,0,0,0,NO_ACTIVITY,,0,1,1,1,1,0.0,,,,,,,,,,,,,,,,,,,0,False
2020-10-18,2020-09-28,673,2020,9,28,292,6,6,180.2559077777778,263.6932822222222,214.7340934179214,83.4373744444444,6.634789676204495,11.80784,1.6465877546965488,97,678.0,,"HP3 Mole Recovery Operations, HP3 RAD Single Measurements, and Tau Images",298.34,Extended_1,2.0451088625993306,0.681704260651629,11,4,0,1,0,1,0,0,0,0,0.23715447154471544,28.339999999999975,0.7314444444444446,1.0,0.7314444444444446,7.0,0,HP3,0,0,1,1,0,0,0,0,0,1,0,0,RECOVERY,0,1,0,0,1,0,0.27817653890824623,82,21,115,0,109,20,41,86,48,23,50,10,672,573,14,701,423,327,1,True
,2020-09-29,674,2020,9,29,,,,180.5605811111111,261.1146722222222,213.9245405285865,80.55409111111112,8.379110804975307,14.369404231625836,2.04223681900339,97,,,,,Extended_1_Weather_Only,2.046401687601636,0.6842105263157895,0,0,0,0,0,0,0,0,0,0,0.0,,,,,,0,NONE,,,,,,,0,0,0,0,0,0,NO_ACTIVITY,,0,1,1,1,1,0.0,,,,,,,,,,,,,,,,,,,0,False
,2020-09-30,675,2020,9,30,,,,179.3202588888889,259.6166755555556,212.5613124446676,80.29641666666672,8.457517880645067,14.378998888888889,2.185433280862913,97,,,,,Extended_1_Weather_Only,2.0476928433652555,0.6867167919799498,0,0,0,0,0,0,0,0,0,0,0.0,,,,,,0,NONE,,,,,,,0,0,0,0,0,0,NO_ACTIVITY,,0,1,1,1,1,0.0,,,,,,,,,,,,,,,,,,,0,False
,2020-10-01,676,2020,10,1,,,,179.08848333333336,261.75625444444444,212.45739677489516,82.66777111111108,8.373892101584042,14.401656284760843,1.846526201035889,97,,,,,Extended_1_Weather_Only,2.048982334195127,0.6892230576441103,0,0,0,0,0,0,0,0,0,0,0.0,,,,,,0,NONE,,,,,,,0,0,0,0,0,0,NO_ACTIVITY,,0,1,1,1,1,0.0,,,,,,,,,,,,,,,,,,,0,False
,2020-10-02,677,2020,10,2,,,,179.68839555555556,265.8025822222222,213.68812993500822,86.11418666666665,6.027935755830383,10.664738888888888,1.3119838387772798,97,,,,,Extended_1_Weather_Only,2.050270164379556,0.6917293233082706,0,0,0,0,0,0,0,0,0,0,0.0,,,,,,0,NONE,,,,,,,0,0,0,0,0,0,NO_ACTIVITY,,0,1,1,1,1,0.0,,,,,,,,,,,,,,,,,,,0,False
,2020-10-03,678,2020,10,3,,,,179.77756555555555,267.05666,214.2205333344159,87.27909444444447,5.2098698211536725,9.51328,1.3622136307819555,97,,,,,Extended_1_Weather_Only,2.0515563381903004,0.6942355889724311,0,0,0,0,0,0,0,0,0,0,0.0,,,,,,0,NONE,,,,,,,0,0,0,0,0,0,NO_ACTIVITY,,0,1,1,1,1,0.0,,,,,,,,,,,,,,,,,,,0,False
2020-10-24,2020-10-04,679,2020,10,4,298,5,10,180.00519444444444,266.68664,214.31387423845072,86.68144555555557,5.124880378737989,9.273466666666668,1.4208865005022613,97,685.0,,"HP3 TEMA/TEMP Measurements, Cycling of APSS Sensors for Power Balancing, HP3 RAD Single Measurements, and Tau Images",302.03,Extended_1,2.052840859882657,0.6967418546365914,17,5,0,2,0,1,0,1,0,0,0.3577235772357723,32.02999999999997,0.7109444444444446,0.75,0.5332083333333335,6.0,0,HP3,0,1,0,2,0,0,0,0,0,0,0,0,OTHER,0,0,1,1,0,0,0.28235772357723576,82,27,109,6,115,14,41,87,48,24,50,10,678,579,8,695,429,321,1,True
,2020-10-05,680,2020,10,5,,,,180.06446999999997,265.4031388888889,213.82488600712267,85.33866888888895,6.030529204340176,11.011164627363735,1.8580280688976505,97,,,,,Extended_1_Weather_Only,2.0541237336955462,0.6992481203007519,0,0,0,0,0,0,0,0,0,0,0.0,,,,,,0,NONE,,,,,,,0,0,0,0,0,0,NO_ACTIVITY,,0,1,1,1,1,0.0,,,,,,,,,,,,,,,,,,,0,False
,2020-10-06,681,2020,10,6,,,,179.64758777777777,264.75273666666664,213.2710076022698,85.10514888888886,7.467153174681127,13.800512222222222,1.8908842345940167,97,,,,,Extended_1_Weather_Only,2.0554049638515948,0.7017543859649122,0,0,0,0,0,0,0,0,0,0,0.0,,,,,,0,NONE,,,,,,,0,0,0,0,0,0,NO_ACTIVITY,,0,1,1,1,1,0.0,,,,,,,,,,,,,,,,,,,0,False
,2020-10-07,682,2020,10,7,,,,179.4680977777778,263.4904422222222,212.85196187063423,84.0223444444444,8.206211501654044,14.09054189944134,1.8574731481015916,97,,,,,Extended_1_Weather_Only,2.05668455455722,0.7042606516290727,0,0,0,0,0,0,0,0,0,0,0.0,,,,,,0,NONE,,,,,,,0,0,0,0,0,0,NO_ACTIVITY,,0,1,1,1,1,0.0,,,,,,,,,,,,,,,,,,,0,False
,2020-10-08,683,2020,10,8,,,,180.11415777777776,262.2811888888889,213.2847907175197,82.16703111111113,7.211930015223846,10.349862222222225,1.5814028400496631,97,,,,,Extended_1_Weather_Only,2.057962510002712,0.706766917293233,0,0,0,0,0,0,0,0,0,0,0.0,,,,,,0,NONE,,,,,,,0,0,0,0,0,0,NO_ACTIVITY,,0,1,1,1,1,0.0,,,,,,,,,,,,,,,,,,,0,False
,2020-10-09,684,2020,10,9,,,,180.34031666666667,265.2246744444444,213.17246525330742,84.88435777777775,5.459480469820429,8.69463959955506,1.5605424021776035,77,,,,,Extended_1_Weather_Only,2.0592388343623163,0.7092731829573935,0,0,0,0,0,0,0,0,0,0,0.0,,,,,,0,NONE,,,,,,,0,0,0,0,0,0,NO_ACTIVITY,,0,1,1,1,1,0.0,,,,,,,,,,,,,,,,,,,0,False
,2020-10-10,685,2020,10,10,,,,179.5647522222222,266.25494444444445,213.22760577863428,86.69019222222224,5.694120383149272,11.747431111111112,1.7365280944878185,94,,,,,Extended_1_Weather_Only,2.060513531794317,0.7117794486215538,0,0,0,0,0,0,0,0,0,0,0.0,,,,,,0,NONE,,,,,,,0,0,0,0,0,0,NO_ACTIVITY,,0,1,1,1,1,0.0,,,,,,,,,,,,,,,,,,,0,False
2020-10-31,2020-10-11,686,2020,10,11,305,5,14,179.67873777777777,265.13108666666665,214.25664590056894,85.45234888888888,6.061319647781124,11.511406666666666,1.608842924310302,97,692.0,,"HP3 Mole Recovery Operations, HP3 RAD Single Measurements, and Dust Devil and Tau Images",306.29,Extended_1,2.061786606441115,0.7142857142857143,14,5,0,1,0,1,0,0,0,0,0.28577235772357723,36.29000000000002,0.6872777777777777,0.2500000000000001,0.1718194444444445,7.0,0,HP3,0,0,1,1,0,0,0,0,0,1,0,0,RECOVERY,0,1,0,0,1,0,0.2834030197444832,75,21,102,0,116,7,41,88,48,24,50,10,685,586,1,688,436,314,1,True
,2020-10-12,687,2020,10,12,,,,179.82313777777776,266.5509622222222,215.130504663245,86.72782444444445,6.4372646568465735,12.980436666666666,1.678855788847788,97,,,,,Extended_1_Weather_Only,2.063058062429312,0.7167919799498746,0,0,0,0,0,0,0,0,0,0,0.0,,,,,,0,NONE,,,,,,,0,0,0,0,0,0,NO_ACTIVITY,,0,1,1,1,1,0.0,,,,,,,,,,,,,,,,,,,0,False
,2020-10-13,688,2020,10,13,,,,180.21706777777777,264.31925,214.84656931395645,84.10218222222224,7.623147376653544,13.704849665924275,1.4815783875229898,97,,,,,Extended_1_Weather_Only,2.064327903869788,0.7192982456140351,0,0,0,0,0,0,0,0,0,0,0.0,,,,,,0,NONE,,,,,,,0,0,0,0,0,0,NO_ACTIVITY,,0,1,1,1,1,0.0,,,,,,,,,,,,,,,,,,,0,False
,2020-10-14,689,2020,10,14,,,,180.13237555555557,262.8606611111111,214.7856028989829,82.72828555555552,7.899713052323385,15.366565555555557,1.8487429632721277,97,,,,,Extended_1_Weather_Only,2.065596134857783,0.7218045112781954,0,0,0,0,0,0,0,0,0,0,0.0,,,,,,0,NONE,,,,,,,0,0,0,0,0,0,NO_ACTIVITY,,0,1,1,1,1,0.0,,,,,,,,,,,,,,,,,,,0,False
,2020-10-15,690,2020,10,15,,,,179.75335555555554,263.38166333333334,214.67144993966758,83.62830777777779,7.392890330809569,14.737236666666668,2.0412187337528227,97,,,,,Extended_1_Weather_Only,2.066862759472976,0.7243107769423559,0,0,0,0,0,0,0,0,0,0,0.0,,,,,,0,NONE,,,,,,,0,0,0,0,0,0,NO_ACTIVITY,,0,1,1,1,1,0.0,,,,,,,,,,,,,,,,,,,0,False
,2020-10-16,691,2020,10,16,,,,179.71683444444446,267.45212666666663,216.63709906313093,87.73529222222217,5.039957316065629,10.78367296996663,1.5906294216857022,97,,,,,Extended_1_Weather_Only,2.0681277817795625,0.7268170426065163,0,0,0,0,0,0,0,0,0,0,0.0,,,,,,0,NONE,,,,,,,0,0,0,0,0,0,NO_ACTIVITY,,0,1,1,1,1,0.0,,,,,,,,,,,,,,,,,,,0,False
,2020-10-17,692,2020,10,17,,,,179.3784011111111,270.09852386237515,217.66052771921625,90.72012275126406,5.232368603213283,9.348963333333332,1.752867541781919,97,,,,,Extended_1_Weather_Only,2.0693912058263346,0.7293233082706767,0,0,0,0,0,0,0,0,0,0,0.0,,,,,,0,NONE,,,,,,,0,0,0,0,0,0,NO_ACTIVITY,,0,1,1,1,1,0.0,,,,,,,,,,,,,,,,,,,0,False
2020-11-07,2020-10-18,693,2020,10,18,312,5,19,180.11235333333332,266.6196288888889,216.59693359932132,86.50727555555557,5.44408605581419,12.672546666666666,1.9529057460862476,97,699.0,,"HP3 RAD Hourly Measurements, Uplink of 15-Curve LME Files, and Dust Devil and Tau Images",310.51,Extended_1,2.0706530356467567,0.731829573934837,15,5,0,1,0,1,0,0,0,0,0.29308943089430894,40.50999999999999,0.6638333333333334,0.01703708685546579,0.011309786157553374,7.0,0,HP3,0,0,0,1,0,0,0,0,0,0,0,1,COMMUNICATION,0,0,1,1,1,0,0.28444831591173053,68,14,95,7,109,0,41,89,48,24,50,10,692,593,6,681,443,307,1,True
,2020-10-19,694,2020,10,19,,,,180.1965388888889,268.28636666666665,216.955299749015,88.08982777777774,5.285503445900836,9.567047937569676,1.4634560926577138,97,,,,,Extended_1_Weather_Only,2.0719132752590443,0.7343358395989975,0,0,0,0,0,0,0,0,0,0,0.0,,,,,,0,NONE,,,,,,,0,0,0,0,0,0,NO_ACTIVITY,,0,1,1,1,1,0.0,,,,,,,,,,,,,,,,,,,0,False
,2020-10-20,695,2020,10,20,,,,179.27357333333333,263.16708222222223,215.06424131380064,83.8935088888889,7.746643112116455,13.711591111111112,1.807729127234407,97,,,,,Extended_1_Weather_Only,2.0731719286662407,0.7368421052631579,0,0,0,0,0,0,0,0,0,0,0.0,,,,,,0,NONE,,,,,,,0,0,0,0,0,0,NO_ACTIVITY,,0,1,1,1,1,0.0,,,,,,,,,,,,,,,,,,,0,False
,2020-10-21,696,2020,10,21,,,,179.1520277777778,262.35386,214.80917548132211,83.20183222222221,8.407792607938024,16.96435314685315,2.2429779290217637,97,,,,,Extended_1_Weather_Only,2.0744289998562917,0.7393483709273183,0,0,0,0,0,0,0,0,0,0,0.0,,,,,,0,NONE,,,,,,,0,0,0,0,0,0,NO_ACTIVITY,,0,1,1,1,1,0.0,,,,,,,,,,,,,,,,,,,0,False
,2020-10-22,697,2020,10,22,,,,178.85947333333334,261.8310377777778,214.68157275342926,82.97156444444445,7.7592149706482765,14.834138888888887,2.1304865971377267,97,,,,,Extended_1_Weather_Only,2.075684492802124,0.7418546365914787,0,0,0,0,0,0,0,0,0,0,0.0,,,,,,0,NONE,,,,,,,0,0,0,0,0,0,NO_ACTIVITY,,0,1,1,1,1,0.0,,,,,,,,,,,,,,,,,,,0,False
,2020-10-23,698,2020,10,23,,,,179.07410333333334,267.53487222222225,216.3716230212692,88.46076888888891,5.073782523453003,10.302215555555556,1.6422423840921736,97,,,,,Extended_1_Weather_Only,2.0769384114617173,0.7443609022556391,0,0,0,0,0,0,0,0,0,0,0.0,,,,,,0,NONE,,,,,,,0,0,0,0,0,0,NO_ACTIVITY,,0,1,1,1,1,0.0,,,,,,,,,,,,,,,,,,,0,False
,2020-10-24,699,2020,10,24,,,,179.27015333333335,267.74638555555555,216.0674489429605,88.4762322222222,5.64107407459904,10.07047380156076,1.5712895065897985,97,,,,,Extended_1_Weather_Only,2.0781907597781832,0.7468671679197995,0,0,0,0,0,0,0,0,0,0,0.0,,,,,,0,NONE,,,,,,,0,0,0,0,0,0,NO_ACTIVITY,,0,1,1,1,1,0.0,,,,,,,,,,,,,,,,,,,0,False
2020-11-15,2020-10-25,700,2020,10,25,320,6,0,179.21535,264.94182777777775,215.49186284736209,85.72647777777775,6.481952846050035,13.677075555555556,1.9095423262805367,97,706.0,,"HP3 Mole Recovery Activities, HP3 RAD Single Measurements, BEE Reset, Operate Using 15-Curve LME, and Dust Devil and Tau Images",314.67,Extended_1,2.0794415416798357,0.7493734335839599,20,7,0,1,0,1,0,0,0,0,0.3830081300813008,44.670000000000016,0.6407222222222222,0.5,0.3203611111111111,7.0,0,HP3,0,0,1,1,0,0,0,0,0,1,0,0,RECOVERY,0,1,0,0,1,0,0.28529616724738677,61,7,88,0,102,7,41,90,48,24,50,10,699,600,13,674,450,300,1,True
,2020-10-26,701,2020,10,26,,,,180.2875488888889,267.9956422222222,216.9008285172613,87.70809333333332,5.656191635726765,10.099455049944506,1.4134739140770507,97,,,,,Extended_1_Weather_Only,2.080690761080268,0.7518796992481203,0,0,0,0,0,0,0,0,0,0,0.0,,,,,,0,NONE,,,,,,,0,0,0,0,0,0,NO_ACTIVITY,,0,1,1,1,1,0.0,,,,,,,,,,,,,,,,,,,0,False
,2020-10-27,702,2020,10,27,,,,178.99069555555553,262.19992888888885,215.97360367806724,83.20923333333332,8.654272651239266,15.117746666666669,2.1587281986067617,64,,,,,Extended_1_Weather_Only,2.081938421878423,0.7543859649122807,0,0,0,0,0,0,0,0,0,0,0.0,,,,,,0,NONE,,,,,,,0,0,0,0,0,0,NO_ACTIVITY,,0,1,1,1,1,0.0,,,,,,,,,,,,,,,,,,,0,False
,2020-10-28,703,2020,10,28,,,,195.0216088888889,198.34861333333333,196.7303448387845,3.327004444444441,,,,5,,,,,Extended_1_Weather_Only,2.0831845279586703,0.7568922305764411,0,0,0,0,0,0,0,0,0,0,0.0,,,,,,0,NONE,,,,,,,0,0,0,0,0,0,NO_ACTIVITY,,0,1,1,1,1,0.0,,,,,,,,,,,,,,,,,,,0,False
,2020-10-29,704,2020,10,29,,,,180.21495777777776,261.7237366666667,214.89632732279324,81.50877888888894,8.281225821359154,15.235662222222222,2.3243319755162863,97,,,,,Extended_1_Weather_Only,2.0844290831908747,0.7593984962406015,0,0,0,0,0,0,0,0,0,0,0.0,,,,,,0,NONE,,,,,,,0,0,0,0,0,0,NO_ACTIVITY,,0,1,1,1,1,0.0,,,,,,,,,,,,,,,,,,,0,False
,2020-10-30,705,2020,10,30,,,,178.81079,265.57331111111114,215.4998861307448,86.76252111111114,5.948385522301722,10.643369589345172,1.68737203081763,97,,,,,Extended_1_Weather_Only,2.0856720914304723,0.7619047619047619,0,0,0,0,0,0,0,0,0,0,0.0,,,,,,0,NONE,,,,,,,0,0,0,0,0,0,NO_ACTIVITY,,0,1,1,1,1,0.0,,,,,,,,,,,,,,,,,,,0,False
,2020-10-31,706,2020,10,31,,,,179.10756777777777,200.9504855555556,189.06961781356335,21.842917777777814,5.907206157398103,9.196078888888888,1.123994987445047,42,,,,,Extended_1_Weather_Only,2.0869135565185366,0.7644110275689223,0,0,0,0,0,0,0,0,0,0,0.0,,,,,,0,NONE,,,,,,,0,0,0,0,0,0,NO_ACTIVITY,,0,1,1,1,1,0.0,,,,,,,,,,,,,,,,,,,0,False
2020-11-22,2020-11-01,707,2020,11,1,327,6,4,200.53387,257.65307194244605,226.4895410048102,57.11920194244604,3.2115761978311013,4.576612794612795,0.7774692301038655,19,719.0,,"HP3 Mole Recovery Activities, SEIS Tilt Measurement and Flash Maintenance, Command Loss Timer Set to 8 days, and Dust Devil and Tau Images",318.79,Extended_1,2.0881534822818573,0.7669172932330827,23,7,0,2,0,1,1,0,0,0,0.45495934959349593,41.20999999999998,0.6178333333333332,0.9330127018922193,0.5764463476524094,7.0,0,HP3,0,0,1,1,0,0,0,1,0,1,0,0,MAINTENANCE,0,1,0,0,1,0,0.31641114982578394,54,0,81,0,95,14,41,91,49,24,50,10,706,607,20,667,457,293,1,True
,2020-11-02,708,2020,11,2,,,,180.35289444444444,266.02656666666667,216.25957480415045,85.67367222222222,5.319710098581708,8.29959009009009,1.1386266399448166,97,,,,,Extended_1_Weather_Only,2.089391872533004,0.7694235588972431,0,0,0,0,0,0,0,0,0,0,0.0,,,,,,0,NONE,,,,,,,0,0,0,0,0,0,NO_ACTIVITY,,0,1,1,1,1,0.0,,,,,,,,,,,,,,,,,,,0,False
,2020-11-03,709,2020,11,3,,,,179.86904666666666,261.53964777777776,214.40262700958738,81.6706011111111,8.00648531357241,14.892150837988828,2.114485334924763,97,,,,,Extended_1_Weather_Only,2.0906287310704004,0.7719298245614035,0,0,0,0,0,0,0,0,0,0,0.0,,,,,,0,NONE,,,,,,,0,0,0,0,0,0,NO_ACTIVITY,,0,1,1,1,1,0.0,,,,,,,,,,,,,,,,,,,0,False
,2020-11-04,710,2020,11,4,,,,179.28761111111112,264.0757011111112,214.55821697537172,84.78809000000007,7.701496693809365,15.21626362625139,1.9139247845789487,97,,,,,Extended_1_Weather_Only,2.0918640616783932,0.7744360902255639,0,0,0,0,0,0,0,0,0,0,0.0,,,,,,0,NONE,,,,,,,0,0,0,0,0,0,NO_ACTIVITY,,0,1,1,1,1,0.0,,,,,,,,,,,,,,,,,,,0,False
,2020-11-05,711,2020,11,5,,,,179.43136333333334,263.33125333333334,214.73217753542372,83.89989,7.418442202600391,13.51654888888889,1.8363719707436812,97,,,,,Extended_1_Weather_Only,2.0930978681273213,0.7769423558897243,0,0,0,0,0,0,0,0,0,0,0.0,,,,,,0,NONE,,,,,,,0,0,0,0,0,0,NO_ACTIVITY,,0,1,1,1,1,0.0,,,,,,,,,,,,,,,,,,,0,False
,2020-11-06,712,2020,11,6,,,,179.47302333333332,267.0995566666667,215.14621839888318,87.62653333333336,6.007991799429094,12.948508888888888,1.6954308677513534,97,,,,,Extended_1_Weather_Only,2.0943301541735866,0.7794486215538847,0,0,0,0,0,0,0,0,0,0,0.0,,,,,,0,NONE,,,,,,,0,0,0,0,0,0,NO_ACTIVITY,,0,1,1,1,1,0.0,,,,,,,,,,,,,,,,,,,0,False
,2020-11-07,713,2020,11,7,,,,179.52273888888888,264.17979777777776,214.14684976824708,84.65705888888888,6.262022207320034,11.897409799554566,1.9167524228311514,97,,,,,Extended_1_Weather_Only,2.0955609235597192,0.7819548872180451,0,0,0,0,0,0,0,0,0,0,0.0,,,,,,0,NONE,,,,,,,0,0,0,0,0,0,NO_ACTIVITY,,0,1,1,1,1,0.0,,,,,,,,,,,,,,,,,,,0,False
,2020-11-08,714,2020,11,8,,,,179.59971222222222,267.2250055555556,214.43656352051812,87.62529333333336,5.90765747330518,8.751202222222222,1.5412802003120243,97,,,,,Extended_1_Weather_Only,2.096790180014449,0.7844611528822055,0,0,0,0,0,0,0,0,0,0,0.0,,,,,,0,NONE,,,,,,,0,0,0,0,0,0,NO_ACTIVITY,,0,1,1,1,1,0.0,,,,,,,,,,,,,,,,,,,0,False
,2020-11-09,715,2020,11,9,,,,179.65871222222222,266.6789455555556,214.80882579198212,87.02023333333335,,,,97,,,,,Extended_1_Weather_Only,2.0980179272527715,0.7869674185463659,0,0,0,0,0,0,0,0,0,0,0.0,,,,,,0,NONE,,,,,,,0,0,0,0,0,0,NO_ACTIVITY,,0,1,1,1,1,0.0,,,,,,,,,,,,,,,,,,,0,False
,2020-11-10,716,2020,11,10,,,,183.1914509803921,263.1530677777778,208.59231146330615,79.96161679738569,,,,52,,,,,Extended_1_Weather_Only,2.0992441689760155,0.7894736842105263,0,0,0,0,0,0,0,0,0,0,0.0,,,,,,0,NONE,,,,,,,0,0,0,0,0,0,NO_ACTIVITY,,0,1,1,1,1,0.0,,,,,,,,,,,,,,,,,,,0,False
,2020-11-11,717,2020,11,11,,,,186.8932817551963,267.3556488888889,236.54365527184189,80.46236713369257,4.502454471605661,7.188647651006711,1.477627198640499,29,,,,,Extended_1_Weather_Only,2.1004689088719113,0.7919799498746867,0,0,0,0,0,0,0,0,0,0,0.0,,,,,,0,NONE,,,,,,,0,0,0,0,0,0,NO_ACTIVITY,,0,1,1,1,1,0.0,,,,,,,,,,,,,,,,,,,0,False
,2020-11-12,718,2020,11,12,,,,179.83331444444443,266.7618368479467,212.7400483319666,86.92852240350228,6.1049307846563305,13.532093333333334,2.3449097584755596,94,,,,,Extended_1_Weather_Only,2.1016921506146558,0.7944862155388471,0,0,0,0,0,0,0,0,0,0,0.0,,,,,,0,NONE,,,,,,,0,0,0,0,0,0,NO_ACTIVITY,,0,1,1,1,1,0.0,,,,,,,,,,,,,,,,,,,0,False
,2020-11-13,719,2020,11,13,,,,179.3248088888889,266.2405711111111,214.5580207540833,86.91576222222218,4.628180827854354,7.316234752589183,1.5555550953619393,97,,,,,Extended_1_Weather_Only,2.1029138978649784,0.7969924812030075,0,0,0,0,0,0,0,0,0,0,0.0,,,,,,0,NONE,,,,,,,0,0,0,0,0,0,NO_ACTIVITY,,0,1,1,1,1,0.0,,,,,,,,,,,,,,,,,,,0,False
2020-12-05,2020-11-14,720,2020,11,14,340,5,13,179.58658444444444,268.81413,215.2147915715558,89.22754555555554,5.144834729998184,13.402994444444444,2.0427536129376387,97,733.0,,"HP3 Mole Recovery Activities, HP3 RAD Single Measurements, Unsafe IDA and HP3, and Tau Images",326.31,Extended_1,2.1041341542702074,0.7994987468671679,15,6,0,2,1,1,0,0,0,0,0.3697560975609756,33.69,0.5760555555555555,0.37059047744873963,0.2134807033703323,13.0,0,HP3,0,0,1,1,0,0,0,0,0,1,0,0,RECOVERY,0,1,0,0,1,0,0.34020905923344946,41,13,68,0,82,27,42,92,49,24,50,10,719,620,33,654,470,280,1,True
,2020-11-15,721,2020,11,15,,,,179.5646722222222,264.90750444444444,211.22233406943224,85.34283222222223,5.508434250955448,9.15616111111111,1.3849444926055126,83,,,,,Extended_1_Weather_Only,2.105352923464337,0.8020050125313283,0,0,0,0,0,0,0,0,0,0,0.0,,,,,,0,NONE,,,,,,,0,0,0,0,0,0,NO_ACTIVITY,,0,1,1,1,1,0.0,,,,,,,,,,,,,,,,,,,0,False
,2020-11-16,722,2020,11,16,,,,180.17556222222225,258.85354475703326,204.86868101971683,78.67798253481101,4.086560938998228,7.080670440251572,1.4958548985961686,78,,,,,Extended_1_Weather_Only,2.1065702090680882,0.8045112781954887,0,0,0,0,0,0,0,0,0,0,0.0,,,,,,0,NONE,,,,,,,0,0,0,0,0,0,NO_ACTIVITY,,0,1,1,1,1,0.0,,,,,,,,,,,,,,,,,,,0,False
,2020-11-17,723,2020,11,17,,,,179.91357444444444,270.7768766666667,215.5013835229563,90.86330222222225,5.5147840896464055,11.699904386951632,2.2178936219821592,97,,,,,Extended_1_Weather_Only,2.1077860146889784,0.8070175438596491,0,0,0,0,0,0,0,0,0,0,0.0,,,,,,0,NONE,,,,,,,0,0,0,0,0,0,NO_ACTIVITY,,0,1,1,1,1,0.0,,,,,,,,,,,,,,,,,,,0,False
,2020-11-18,724,2020,11,18,,,,179.5469122222222,267.01090444444446,215.3943951119521,87.46399222222226,4.630879581769665,8.256211111111112,1.622325553338513,97,,,,,Extended_1_Weather_Only,2.1090003439213802,0.8095238095238095,0,0,0,0,0,0,0,0,0,0,0.0,,,,,,0,NONE,,,,,,,0,0,0,0,0,0,NO_ACTIVITY,,0,1,1,1,1,0.0,,,,,,,,,,,,,,,,,,,0,False
,2020-11-19,725,2020,11,19,,,,181.42779555555555,268.74716,216.99303968056526,87.31936444444446,4.600372739879089,7.340836484983315,1.4833478859340525,97,,,,,Extended_1_Weather_Only,2.1102132003465894,0.8120300751879699,0,0,0,0,0,0,0,0,0,0,0.0,,,,,,0,NONE,,,,,,,0,0,0,0,0,0,NO_ACTIVITY,,0,1,1,1,1,0.0,,,,,,,,,,,,,,,,,,,0,False
,2020-11-20,726,2020,11,20,,,,182.92633444444445,268.6442944444444,217.51616136856674,85.71795999999998,4.200820963098383,7.034096666666667,1.3197740133223592,97,,,,,Extended_1_Weather_Only,2.1114245875328868,0.8145363408521303,0,0,0,0,0,0,0,0,0,0,0.0,,,,,,0,NONE,,,,,,,0,0,0,0,0,0,NO_ACTIVITY,,0,1,1,1,1,0.0,,,,,,,,,,,,,,,,,,,0,False
,2020-11-21,727,2020,11,21,,,,182.44236,267.41079,217.97661399315257,84.96843000000001,4.866874995407917,8.703288888888888,1.8240072419609537,97,,,,,Extended_1_Weather_Only,2.1126345090356,0.8170426065162907,0,0,0,0,0,0,0,0,0,0,0.0,,,,,,0,NONE,,,,,,,0,0,0,0,0,0,NO_ACTIVITY,,0,1,1,1,1,0.0,,,,,,,,,,,,,,,,,,,0,False
,2020-11-22,728,2020,11,22,,,,182.8565388888889,268.8142611111111,218.80888030408184,85.95772222222217,5.088056562869189,9.097406666666666,1.9881592697957549,97,,,,,Extended_1_Weather_Only,2.1138429683971687,0.8195488721804511,0,0,0,0,0,0,0,0,0,0,0.0,,,,,,0,NONE,,,,,,,0,0,0,0,0,0,NO_ACTIVITY,,0,1,1,1,1,0.0,,,,,,,,,,,,,,,,,,,0,False
,2020-11-23,729,2020,11,23,,,,188.68535333333327,269.4453844444444,243.43040002577345,80.76003111111115,4.728098905537861,8.075565363128492,1.4725634383822597,45,,,,,Extended_1_Weather_Only,2.1150499691472033,0.8220551378446115,0,0,0,0,0,0,0,0,0,0,0.0,,,,,,0,NONE,,,,,,,0,0,0,0,0,0,NO_ACTIVITY,,0,1,1,1,1,0.0,,,,,,,,,,,,,,,,,,,0,False
,2020-12-21,757,2020,12,21,,,,181.40574,262.2110988888889,207.66292358787732,80.80535888888889,3.380862587732785,4.884581043956044,0.8466421257001308,83,,,,,Extended_1_Weather_Only,2.1482677326096886,0.8922305764411027,0,0,0,0,0,0,0,0,0,0,0.0,,,,,,0,NONE,,,,,,,0,0,0,0,0,0,NO_ACTIVITY,,0,1,1,1,1,0.0,,,,,,,,,,,,,,,,,,,0,False
,2020-12-22,758,2020,12,22,,,,181.70890444444444,268.0511588888889,216.2518198026397,86.34225444444445,4.250727935183471,7.478271111111112,1.184979022738779,97,,,,,Extended_1_Weather_Only,2.149433913499871,0.8947368421052632,0,0,0,0,0,0,0,0,0,0,0.0,,,,,,0,NONE,,,,,,,0,0,0,0,0,0,NO_ACTIVITY,,0,1,1,1,1,0.0,,,,,,,,,,,,,,,,,,,0,False
,2020-12-23,759,2020,12,23,,,,181.31699,265.5119266666667,214.5597623006149,84.19493666666668,5.259584729140081,8.041042222222222,1.123210532589478,97,,,,,Extended_1_Weather_Only,2.150598735996164,0.8972431077694235,0,0,0,0,0,0,0,0,0,0,0.0,,,,,,0,NONE,,,,,,,0,0,0,0,0,0,NO_ACTIVITY,,0,1,1,1,1,0.0,,,,,,,,,,,,,,,,,,,0,False
,2020-12-24,760,2020,12,24,,,,181.08745222222225,265.85033444444446,215.32257559389026,84.7628822222222,4.218522155937533,7.46905,1.305550409014822,97,,,,,Extended_1_Weather_Only,2.151762203259462,0.899749373433584,0,0,0,0,0,0,0,0,0,0,0.0,,,,,,0,NONE,,,,,,,0,0,0,0,0,0,NO_ACTIVITY,,0,1,1,1,1,0.0,,,,,,,,,,,,,,,,,,,0,False
2021-01-16,2020-12-25,761,2020,12,25,16,5,16,181.36386,265.581,215.08310503053812,84.21714000000003,4.9544469166908245,7.712690307328605,0.9896778941670004,97,774.0,,"Phobos Eclipse RAD Observations, HP3 RAD Single Measurements, High-Frequency SEIS Recording, Aeolian Change, and Tau Images",348.93,Extended_1,2.152924318439639,0.9022556390977443,16,6,0,2,0,1,1,0,0,0,0.3770731707317073,11.069999999999993,0.45038888888888884,0.06698729810778076,0.030170334764432143,7.0,0,HP3,0,0,0,1,0,0,1,0,0,0,0,0,SCIENCE,0,0,1,1,1,0,0.3909407665505226,0,7,27,7,41,68,42,95,52,24,50,10,760,661,74,613,511,239,1,True
,2020-12-26,762,2020,12,26,,,,191.3216045751634,268.1149522222222,233.66364432529278,76.7933476470588,3.347464811679648,5.63856,1.118519171220987,57,,,,,Extended_1_Weather_Only,2.154085084675602,0.9047619047619048,0,0,0,0,0,0,0,0,0,0,0.0,,,,,,0,NONE,,,,,,,0,0,0,0,0,0,NO_ACTIVITY,,0,1,1,1,1,0.0,,,,,,,,,,,,,,,,,,,0,False
