URN,Start Time,Stop Time,File Name,sol_number,start_mean_solar_time,stop_mean_solar_time,start_true_solar_time,stop_true_solar_time,start_solar_longitude,stop_solar_longitude,Ls,Mars Year,File_Size(Mb)
urn:nasa:pds:insight_ps:data_calibrated:ps_calib_0004,2018-11-30T14:44:27.755Z,2018-11-30T19:27:55.041Z,ps_calib_0004,4,4M06:44:09.786,4M11:20:02.030,4 06:03:17,4 10:39:04,297.937,298.055,297.88,34,2.723
urn:nasa:pds:insight_ps:data_calibrated:ps_calib_0005,2018-12-01T21:52:55.267Z,2018-12-02T02:10:57.716Z,ps_calib_0005,5,5M13:02:37.783,5M17:13:45.987,5 12:21:11,5 16:32:15,298.716,298.824,298.61,34,33.68
urn:nasa:pds:insight_ps:data_calibrated:ps_calib_0010,2018-12-07T02:43:06.024Z,2018-12-07T03:04:03.675Z,ps_calib_0010,10,10M14:32:24.240,10M14:52:48.241,10 13:48:51,10 14:09:15,301.826,301.834,301.77,34,2.723
urn:nasa:pds:insight_ps:data_calibrated:ps_calib_0014,2018-12-11T02:16:55.179Z,2018-12-11T15:04:38.863Z,ps_calib_0014,14,14M11:32:48.653,14M23:59:59.871,14 10:47:47,14 23:14:47,304.191,304.507,304.15,34,8.985
urn:nasa:pds:insight_ps:data_calibrated:ps_calibevent_0014,2018-12-11T03:28:30.059Z,2018-12-11T15:04:38.963Z,ps_calibevent_0014,14,14M12:42:28.620,14M23:59:59.968,14 11:57:26,14 23:14:48,304.22,304.507,304.33,34,51.418
urn:nasa:pds:insight_ps:data_calibrated:ps_calibevent_0015,2018-12-11T15:04:39.013Z,2018-12-12T14:22:59.672Z,ps_calibevent_0015,15,15M00:00:00.017,15M22:40:55.854,14 23:14:48,15 21:55:24,304.507,305.081,304.74,34,38.864
urn:nasa:pds:insight_ps:data_calibrated:ps_calib_0015,2018-12-11T15:04:39.363Z,2018-12-12T15:44:14.140Z,ps_calib_0015,15,15M00:00:00.357,15M23:59:59.903,14 23:14:48,15 23:14:26,304.507,305.114,304.74,34,17.301
urn:nasa:pds:insight_ps:data_calibrated:ps_calib_0016,2018-12-12T15:44:14.640Z,2018-12-13T16:23:49.124Z,ps_calib_0016,16,16M00:00:00.390,16M23:59:59.650,15 23:14:27,16 23:14:06,305.114,305.721,305.33,34,17.301
urn:nasa:pds:insight_ps:data_calibrated:ps_calibevent_0016,2018-12-12T17:47:47.502Z,2018-12-13T15:04:45.141Z,ps_calibevent_0016,16,16M02:00:14.915,16M22:43:02.595,16 01:14:40,16 21:57:10,305.165,305.689,305.33,34,69.907
urn:nasa:pds:insight_ps:data_calibrated:ps_calib_0017,2018-12-13T16:23:49.624Z,2018-12-14T17:03:24.356Z,ps_calib_0017,17,17M00:00:00.136,17M23:59:59.638,16 23:14:06,17 23:13:46,305.721,306.327,305.92,34,17.301
urn:nasa:pds:insight_ps:data_calibrated:ps_calibevent_0017,2018-12-13T18:53:56.974Z,2018-12-14T16:37:27.337Z,ps_calibevent_0017,17,17M02:26:06.488,17M23:34:44.278,17 01:40:10,17 22:48:31,305.783,306.316,305.92,34,34.117
urn:nasa:pds:insight_ps:data_calibrated:ps_calib_0018,2018-12-14T17:03:24.856Z,2018-12-15T17:42:59.705Z,ps_calib_0018,18,18M00:00:00.125,18M23:59:59.740,17 23:13:46,18 23:13:26,306.327,306.932,306.51,34,17.301
urn:nasa:pds:insight_ps:data_calibrated:ps_calibevent_0018,2018-12-14T18:15:31.267Z,2018-12-15T16:26:04.724Z,ps_calibevent_0018,18,18M01:10:10.780,18M22:45:08.236,18 00:23:56,18 21:58:36,306.356,306.9,306.51,34,85.188
urn:nasa:pds:insight_ps:data_calibrated:ps_calib_0019,2018-12-15T17:43:00.205Z,2018-12-16T18:22:35.090Z,ps_calib_0019,19,19M00:00:00.227,19M23:59:59.878,18 23:13:27,19 23:13:07,306.932,307.536,307.1,34,17.301
urn:nasa:pds:insight_ps:data_calibrated:ps_calibevent_0019,2018-12-15T17:59:39.689Z,2018-12-16T18:22:35.190Z,ps_calibevent_0019,19,19M00:16:12.969,19M23:59:59.975,18 23:29:39,19 23:13:07,306.938,307.536,307.1,34,39.356
urn:nasa:pds:insight_ps:data_calibrated:ps_calibevent_0020,2018-12-16T18:22:35.240Z,2018-12-17T17:45:18.508Z,ps_calibevent_0020,20,20M00:00:00.024,20M22:45:11.444,19 23:13:08,20 21:58:01,307.536,308.107,307.69,34,73.93
urn:nasa:pds:insight_ps:data_calibrated:ps_calib_0020,2018-12-16T18:22:35.590Z,2018-12-17T19:02:09.983Z,ps_calib_0020,20,20M00:00:00.364,20M23:59:59.536,19 23:13:08,20 23:12:49,307.536,308.139,307.69,34,17.301
urn:nasa:pds:insight_ps:data_calibrated:ps_calib_0021,2018-12-17T19:02:10.483Z,2018-12-18T19:41:45.243Z,ps_calib_0021,21,21M00:00:00.023,21M23:59:59.552,20 23:12:49,21 23:12:31,308.139,308.741,308.27,34,17.301
urn:nasa:pds:insight_ps:data_calibrated:ps_calibevent_0021,2018-12-18T04:18:02.808Z,2018-12-18T18:22:04.787Z,ps_calibevent_0021,21,21M09:00:59.982,21M22:42:27.000,21 08:13:42,21 21:54:59,308.365,308.708,308.45,34,85.176
urn:nasa:pds:insight_ps:data_calibrated:ps_calib_0022,2018-12-18T19:41:45.743Z,2018-12-19T20:21:20.593Z,ps_calib_0022,22,22M00:00:00.038,22M23:59:59.655,21 23:12:31,22 23:12:14,308.741,309.342,308.86,34,14.321
urn:nasa:pds:insight_ps:data_calibrated:ps_calibevent_0022,2018-12-19T06:45:07.825Z,2018-12-19T19:05:22.127Z,ps_calibevent_0022,22,22M10:45:37.188,22M22:46:03.153,22 09:58:01,22 21:58:18,309.01,309.311,309.04,34,33.461
urn:nasa:pds:insight_ps:data_calibrated:ps_calib_0023,2018-12-19T20:21:21.093Z,2018-12-20T21:00:55.694Z,ps_calib_0023,23,23M00:00:00.141,23M23:59:59.515,22 23:12:14,23 23:11:57,309.342,309.942,309.45,34,17.301
urn:nasa:pds:insight_ps:data_calibrated:ps_calibevent_0023,2018-12-20T07:34:41.155Z,2018-12-20T19:46:48.231Z,ps_calibevent_0023,23,23M10:55:19.271,23M22:47:51.047,23 10:07:25,23 21:59:49,309.615,309.912,309.62,34,5.95
urn:nasa:pds:insight_ps:data_calibrated:ps_calib_0024,2018-12-20T21:00:56.194Z,2018-12-21T21:40:31.245Z,ps_calib_0024,24,24M00:00:00.002,24M23:59:59.814,23 23:11:57,24 23:11:41,309.942,310.541,310.2,34,17.301
urn:nasa:pds:insight_ps:data_calibrated:ps_calibevent_0024,2018-12-20T21:11:00.181Z,2018-12-21T13:57:22.709Z,ps_calibevent_0024,24,24M00:09:47.829,24M16:29:14.780,23 23:21:45,24 15:41:01,309.946,310.354,310.03,34,11.399
urn:nasa:pds:insight_ps:data_calibrated:ps_calib_0025,2018-12-21T21:40:31.745Z,2018-12-22T22:20:06.538Z,ps_calib_0025,25,25M00:00:00.301,25M23:59:59.862,24 23:11:41,25 23:11:25,310.541,311.139,310.79,34,17.301
urn:nasa:pds:insight_ps:data_calibrated:ps_calibevent_0025,2018-12-22T01:25:53.958Z,2018-12-22T01:55:21.869Z,ps_calibevent_0025,25,25M03:39:20.717,25M04:08:01.327,25 02:50:59,25 03:19:39,310.632,310.644,310.44,34,3.555
urn:nasa:pds:insight_ps:data_calibrated:ps_calib_0026,2018-12-22T22:20:07.038Z,2018-12-23T22:59:41.887Z,ps_calib_0026,26,26M00:00:00.349,26M23:59:59.964,25 23:11:25,26 23:11:10,311.139,311.737,311.37,34,17.301
urn:nasa:pds:insight_ps:data_calibrated:ps_calibevent_0026,2018-12-23T10:37:18.597Z,2018-12-23T13:36:54.337Z,ps_calibevent_0026,26,26M11:57:28.461,26M14:52:15.889,26 11:08:46,26 14:03:32,311.437,311.509,311.37,34,13.578
urn:nasa:pds:insight_ps:data_calibrated:ps_calib_0027,2018-12-23T22:59:42.387Z,2018-12-24T23:39:16.729Z,ps_calib_0027,27,27M00:00:00.450,27M23:59:59.573,26 23:11:10,27 23:10:55,311.737,312.333,311.95,34,17.301
urn:nasa:pds:insight_ps:data_calibrated:ps_calibevent_0027,2018-12-24T13:30:40.774Z,2018-12-24T20:53:20.336Z,ps_calibevent_0027,27,27M14:07:40.628,27M21:18:29.570,27 13:18:42,27 20:29:26,312.088,312.266,312.07,34,9.922
urn:nasa:pds:insight_ps:data_calibrated:ps_calib_0028,2018-12-24T23:39:17.229Z,2018-12-26T00:18:52.044Z,ps_calib_0028,28,28M00:00:00.059,28M23:59:59.642,27 23:10:55,28 23:10:41,312.333,312.928,312.53,34,17.301
urn:nasa:pds:insight_ps:data_calibrated:ps_calib_0029,2018-12-26T00:18:52.544Z,2018-12-27T00:58:27.363Z,ps_calib_0029,29,29M00:00:00.129,29M23:59:59.715,28 23:10:41,29 23:10:27,312.928,313.523,313.11,34,17.301
urn:nasa:pds:insight_ps:data_calibrated:ps_calibevent_0029,2018-12-26T13:11:44.560Z,2018-12-26T15:29:23.349Z,ps_calibevent_0029,29,29M12:32:11.429,29M14:46:09.248,29 11:42:45,29 13:56:42,313.239,313.294,313.22,34,1.942
urn:nasa:pds:insight_ps:data_calibrated:ps_calib_0030,2018-12-27T00:58:27.863Z,2018-12-27T06:10:12.006Z,ps_calib_0030,30,30M00:00:00.202,30M05:03:23.902,29 23:10:28,30 04:13:49,313.523,313.648,313.51,34,3.657
urn:nasa:pds:insight_ps:data_calibrated:ps_calib_0032,2018-12-29T10:49:37.771Z,2018-12-30T02:57:13.253Z,ps_calib_0032,32,32M08:18:17.702,32M23:59:59.869,32 07:28:15,32 23:09:50,314.913,315.3,314.95,34,11.321
urn:nasa:pds:insight_ps:data_calibrated:ps_calibevent_0032,2018-12-29T20:30:03.079Z,2018-12-30T00:00:48.813Z,ps_calibevent_0032,32,32M17:43:11.234,32M21:08:18.623,32 16:53:04,32 20:18:10,315.145,315.229,314.95,34,12.676
urn:nasa:pds:insight_ps:data_calibrated:ps_calib_0033,2018-12-30T02:57:13.753Z,2018-12-31T03:36:48.622Z,ps_calib_0033,33,33M00:00:00.355,33M23:59:59.990,32 23:09:50,33 23:09:38,315.3,315.89,315.53,34,17.301
urn:nasa:pds:insight_ps:data_calibrated:ps_calibevent_0033,2018-12-30T15:24:52.847Z,2018-12-30T23:15:40.274Z,ps_calibevent_0033,33,33M12:07:39.213,33M19:45:50.861,33 11:17:23,33 18:55:31,315.598,315.786,315.53,34,10.7
urn:nasa:pds:insight_ps:data_calibrated:ps_calib_0034,2018-12-31T03:36:49.122Z,2019-01-01T04:16:23.414Z,ps_calib_0034,34,34M00:00:00.477,34M23:59:59.551,33 23:09:39,34 23:09:27,315.89,316.48,316.1,34,17.301
urn:nasa:pds:insight_ps:data_calibrated:ps_calibevent_0034,2018-12-31T17:15:14.081Z,2019-01-01T01:45:45.467Z,ps_calibevent_0034,34,34M13:16:31.599,34M21:33:23.420,34 12:26:04,34 20:42:52,316.216,316.42,316.1,34,19.758
urn:nasa:pds:insight_ps:data_calibrated:ps_calib_0035,2019-01-01T04:16:23.914Z,2019-01-02T04:55:58.852Z,ps_calib_0035,35,35M00:00:00.037,35M23:59:59.740,34 23:09:28,35 23:09:17,316.48,317.068,316.68,35,17.301
urn:nasa:pds:insight_ps:data_calibrated:ps_calibevent_0035,2019-01-01T20:07:30.224Z,2019-01-02T02:50:17.885Z,ps_calibevent_0035,35,35M15:25:39.498,35M21:57:40.536,35 14:35:00,35 21:06:58,316.858,317.018,316.68,35,31.512
urn:nasa:pds:insight_ps:data_calibrated:ps_calib_0036,2019-01-02T04:55:59.352Z,2019-01-03T05:35:34.333Z,ps_calib_0036,36,36M00:00:00.226,36M23:59:59.971,35 23:09:17,36 23:09:07,317.068,317.656,317.25,35,17.301
urn:nasa:pds:insight_ps:data_calibrated:ps_calibevent_0036,2019-01-02T15:36:57.139Z,2019-01-02T15:43:01.080Z,ps_calibevent_0036,36,36M10:23:49.048,36M10:29:43.252,36 09:33:02,36 09:38:56,317.323,317.325,317.25,35,0.742
urn:nasa:pds:insight_ps:data_calibrated:ps_calib_0037,2019-01-03T05:35:34.833Z,2019-01-04T06:15:09.486Z,ps_calib_0037,37,37M00:00:00.457,37M23:59:59.882,36 23:09:08,37 23:08:58,317.656,318.242,317.82,35,16.203
urn:nasa:pds:insight_ps:data_calibrated:ps_calibevent_0037,2019-01-03T19:50:08.533Z,2019-01-04T04:10:39.049Z,ps_calibevent_0037,37,37M13:51:42.293,37M21:58:49.321,37 13:00:44,37 21:07:48,317.994,318.193,317.94,35,60.157
urn:nasa:pds:insight_ps:data_calibrated:ps_calib_0038,2019-01-04T06:15:09.986Z,2019-01-05T06:54:44.461Z,ps_calib_0038,38,38M00:00:00.368,38M23:59:59.620,37 23:08:58,38 23:08:48,318.242,318.828,318.39,35,17.301
urn:nasa:pds:insight_ps:data_calibrated:ps_calibevent_0038,2019-01-04T19:09:09.062Z,2019-01-05T02:23:44.611Z,ps_calibevent_0038,38,38M12:33:16.935,38M19:36:14.814,38 11:42:10,38 18:45:05,318.548,318.72,318.39,35,16.082
urn:nasa:pds:insight_ps:data_calibrated:ps_calib_0039,2019-01-05T06:54:44.961Z,2019-01-06T07:34:19.753Z,ps_calib_0039,39,39M00:00:00.107,39M23:59:59.667,38 23:08:49,39 23:08:40,318.828,319.412,318.96,35,17.301
urn:nasa:pds:insight_ps:data_calibrated:ps_calibevent_0039,2019-01-05T07:45:49.421Z,2019-01-06T07:34:20.053Z,ps_calibevent_0039,39,39M00:49:42.575,39M23:59:59.958,38 23:58:31,39 23:08:40,318.848,319.412,318.96,35,171.672
urn:nasa:pds:insight_ps:data_calibrated:ps_calibevent_0040,2019-01-06T07:34:20.103Z,2019-01-07T06:08:19.857Z,ps_calibevent_0040,40,40M00:00:00.007,40M21:57:46.135,39 23:08:40,40 21:06:19,319.412,319.946,319.53,35,9.942
urn:nasa:pds:insight_ps:data_calibrated:ps_calib_0040,2019-01-06T07:34:20.253Z,2019-01-07T08:13:55.300Z,ps_calib_0040,40,40M00:00:00.153,40M23:59:59.962,39 23:08:41,40 23:08:33,319.412,319.996,319.53,35,17.301
urn:nasa:pds:insight_ps:data_calibrated:ps_calib_0041,2019-01-07T08:13:55.800Z,2019-01-08T08:53:30.253Z,ps_calib_0041,41,41M00:00:00.449,41M23:59:59.678,40 23:08:33,41 23:08:25,319.996,320.578,320.1,35,17.301
urn:nasa:pds:insight_ps:data_calibrated:ps_calibevent_0041,2019-01-08T00:03:13.690Z,2019-01-08T00:12:45.632Z,ps_calibevent_0041,41,41M15:23:54.390,41M15:33:11.029,41 14:32:22,41 14:41:39,320.369,320.373,320.21,35,1.16
urn:nasa:pds:insight_ps:data_calibrated:ps_calib_0042,2019-01-08T08:53:30.753Z,2019-01-09T09:33:05.748Z,ps_calib_0042,42,42M00:00:00.165,42M23:59:59.923,41 23:08:25,42 23:08:18,320.578,321.16,320.66,35,17.301
urn:nasa:pds:insight_ps:data_calibrated:ps_calibevent_0042,2019-01-09T05:01:31.884Z,2019-01-09T05:06:43.832Z,ps_calibevent_0042,42,42M19:35:42.013,42M19:40:45.614,42 18:44:02,42 18:49:05,321.053,321.055,320.95,35,0.637
urn:nasa:pds:insight_ps:data_calibrated:ps_calib_0043,2019-01-09T09:33:06.248Z,2019-01-10T10:12:40.792Z,ps_calib_0043,43,43M00:00:00.410,43M23:59:59.728,42 23:08:19,43 23:08:12,321.16,321.74,321.34,35,17.301
urn:nasa:pds:insight_ps:data_calibrated:ps_calibevent_0043,2019-01-09T22:54:05.871Z,2019-01-10T08:07:05.352Z,ps_calibevent_0043,43,43M12:59:34.164,43M21:57:45.904,43 12:07:49,43 21:05:58,321.474,321.691,321.51,35,66.465
urn:nasa:pds:insight_ps:data_calibrated:ps_calib_0044,2019-01-10T10:12:41.292Z,2019-01-11T10:52:15.815Z,ps_calib_0044,44,44M00:00:00.214,44M23:59:59.513,43 23:08:12,44 23:08:06,321.74,322.319,321.91,35,17.301
urn:nasa:pds:insight_ps:data_calibrated:ps_calibevent_0044,2019-01-10T23:29:25.319Z,2019-01-11T08:46:33.832Z,ps_calibevent_0044,44,44M12:55:25.212,44M21:57:39.321,44 12:03:34,44 21:05:46,322.052,322.27,322.08,35,16.645
urn:nasa:pds:insight_ps:data_calibrated:ps_calib_0045,2019-01-11T10:52:16.315Z,2019-01-12T11:31:51.269Z,ps_calib_0045,45,45M00:00:00.000,45M23:59:59.717,44 23:08:06,45 23:08:00,322.319,322.898,322.47,35,17.301
urn:nasa:pds:insight_ps:data_calibrated:ps_calibevent_0045,2019-01-12T01:15:22.850Z,2019-01-12T10:17:53.290Z,ps_calibevent_0045,45,45M14:00:00.950,45M22:48:00.480,45 13:08:04,45 21:56:01,322.657,322.869,322.64,35,32.426
urn:nasa:pds:insight_ps:data_calibrated:ps_calib_0046,2019-01-12T11:31:51.769Z,2019-01-13T12:11:26.677Z,ps_calib_0046,46,46M00:00:00.204,46M23:59:59.877,45 23:08:01,46 23:07:56,322.898,323.475,323.03,35,17.301
urn:nasa:pds:insight_ps:data_calibrated:ps_calibevent_0046,2019-01-12T23:57:51.319Z,2019-01-13T12:11:26.777Z,ps_calibevent_0046,46,46M12:06:02.181,46M23:59:59.974,46 11:14:00,46 23:07:56,323.189,323.475,323.2,35,91.524
urn:nasa:pds:insight_ps:data_calibrated:ps_calibevent_0047,2019-01-13T12:11:26.827Z,2019-01-14T12:51:02.008Z,ps_calibevent_0047,47,47M00:00:00.023,47M23:59:59.962,46 23:07:56,47 23:07:51,323.475,324.052,323.59,35,65.168
urn:nasa:pds:insight_ps:data_calibrated:ps_calib_0047,2019-01-13T12:11:27.177Z,2019-01-14T12:51:01.708Z,ps_calib_0047,47,47M00:00:00.364,47M23:59:59.670,46 23:07:56,47 23:07:51,323.475,324.052,323.59,35,17.301
urn:nasa:pds:insight_ps:data_calibrated:ps_calibevent_0048,2019-01-14T12:51:02.108Z,2019-01-15T13:30:37.210Z,ps_calibevent_0048,48,48M00:00:00.059,48M23:59:59.921,47 23:07:51,48 23:07:47,324.052,324.627,324.16,35,52.617
urn:nasa:pds:insight_ps:data_calibrated:ps_calib_0048,2019-01-14T12:51:02.208Z,2019-01-15T13:30:37.210Z,ps_calib_0048,48,48M00:00:00.156,48M23:59:59.921,47 23:07:51,48 23:07:47,324.052,324.627,324.16,35,17.293
urn:nasa:pds:insight_ps:data_calibrated:ps_calibevent_0049,2019-01-15T13:30:37.310Z,2019-01-16T14:10:12.472Z,ps_calibevent_0049,49,49M00:00:00.018,49M23:59:59.939,48 23:07:47,49 23:07:44,324.627,325.202,324.72,35,52.379
urn:nasa:pds:insight_ps:data_calibrated:ps_calib_0049,2019-01-15T13:30:37.710Z,2019-01-16T14:10:12.172Z,ps_calib_0049,49,49M00:00:00.408,49M23:59:59.647,48 23:07:48,49 23:07:44,324.627,325.202,324.72,35,17.301
urn:nasa:pds:insight_ps:data_calibrated:ps_calibevent_0050,2019-01-16T14:10:12.572Z,2019-01-17T14:49:47.732Z,ps_calibevent_0050,50,50M00:00:00.036,50M23:59:59.954,49 23:07:44,50 23:07:41,325.202,325.775,325.27,35,39.016
urn:nasa:pds:insight_ps:data_calibrated:ps_calib_0050,2019-01-16T14:10:12.672Z,2019-01-17T14:49:47.632Z,ps_calib_0050,50,50M00:00:00.134,50M23:59:59.856,49 23:07:44,50 23:07:41,325.202,325.775,325.27,35,17.301
urn:nasa:pds:insight_ps:data_calibrated:ps_calibevent_0051,2019-01-17T14:49:47.832Z,2019-01-18T15:29:22.980Z,ps_calibevent_0051,51,51M00:00:00.051,51M23:59:59.958,50 23:07:41,51 23:07:38,325.775,326.348,326,35,55.789
urn:nasa:pds:insight_ps:data_calibrated:ps_calib_0051,2019-01-17T14:49:48.132Z,2019-01-18T15:29:22.980Z,ps_calib_0051,51,51M00:00:00.343,51M23:59:59.958,50 23:07:41,51 23:07:38,325.775,326.348,326,35,17.301
urn:nasa:pds:insight_ps:data_calibrated:ps_calibevent_0052,2019-01-18T15:29:23.080Z,2019-01-19T16:08:58.198Z,ps_calibevent_0052,52,52M00:00:00.055,52M23:59:59.933,51 23:07:38,52 23:07:36,326.348,326.919,326.56,35,65.692
urn:nasa:pds:insight_ps:data_calibrated:ps_calib_0052,2019-01-18T15:29:23.480Z,2019-01-19T16:08:57.898Z,ps_calib_0052,52,52M00:00:00.445,52M23:59:59.641,51 23:07:39,52 23:07:36,326.348,326.919,326.56,35,17.301
urn:nasa:pds:insight_ps:data_calibrated:ps_calibevent_0053,2019-01-19T16:08:58.298Z,2019-01-20T16:48:33.484Z,ps_calibevent_0053,53,53M00:00:00.030,53M23:59:59.974,52 23:07:36,53 23:07:35,326.919,327.49,327.11,35,52.047
urn:nasa:pds:insight_ps:data_calibrated:ps_calib_0053,2019-01-19T16:08:58.398Z,2019-01-20T16:48:33.384Z,ps_calib_0053,53,53M00:00:00.128,53M23:59:59.877,52 23:07:36,53 23:07:35,326.919,327.49,327.11,35,17.301
urn:nasa:pds:insight_ps:data_calibrated:ps_calibevent_0054,2019-01-20T16:48:33.584Z,2019-01-21T17:28:08.746Z,ps_calibevent_0054,54,54M00:00:00.071,54M23:59:59.991,53 23:07:35,54 23:07:34,327.49,328.059,327.67,35,175.164
urn:nasa:pds:insight_ps:data_calibrated:ps_calib_0054,2019-01-20T16:48:33.884Z,2019-01-21T17:28:08.346Z,ps_calib_0054,54,54M00:00:00.363,54M23:59:59.602,53 23:07:35,54 23:07:33,327.49,328.059,327.67,35,17.301
urn:nasa:pds:insight_ps:data_calibrated:ps_calibevent_0055,2019-01-21T17:28:08.796Z,2019-01-22T08:09:22.212Z,ps_calibevent_0055,55,55M00:00:00.040,55M14:17:38.791,54 23:07:34,55 13:25:12,328.059,328.398,328.05,35,10.867
urn:nasa:pds:insight_ps:data_calibrated:ps_calib_0055,2019-01-21T17:28:08.846Z,2019-01-22T18:07:43.663Z,ps_calib_0055,55,55M00:00:00.088,55M23:59:59.673,54 23:07:34,55 23:07:33,328.059,328.627,328.22,35,17.301
urn:nasa:pds:insight_ps:data_calibrated:ps_calib_0056,2019-01-22T18:07:44.163Z,2019-01-23T18:47:18.870Z,ps_calib_0056,56,56M00:00:00.160,56M23:59:59.637,55 23:07:33,56 23:07:32,328.628,329.195,328.77,35,17.301
urn:nasa:pds:insight_ps:data_calibrated:ps_calibevent_0056,2019-01-23T06:21:27.679Z,2019-01-23T18:47:19.170Z,ps_calibevent_0056,56,56M11:54:05.795,56M23:59:59.929,56 11:01:38,56 23:07:33,328.909,329.195,328.94,35,42.063
urn:nasa:pds:insight_ps:data_calibrated:ps_calibevent_0057,2019-01-23T18:47:19.270Z,2019-01-24T19:26:54.430Z,ps_calibevent_0057,57,57M00:00:00.027,57M23:59:59.944,56 23:07:33,57 23:07:33,329.195,329.761,329.32,35,57.469
urn:nasa:pds:insight_ps:data_calibrated:ps_calib_0057,2019-01-23T18:47:19.370Z,2019-01-24T19:26:54.130Z,ps_calib_0057,57,57M00:00:00.124,57M23:59:59.652,56 23:07:33,57 23:07:32,329.195,329.761,329.32,35,17.301
urn:nasa:pds:insight_ps:data_calibrated:ps_calibevent_0058,2019-01-24T19:26:54.530Z,2019-01-25T20:06:29.691Z,ps_calibevent_0058,58,58M00:00:00.042,58M23:59:59.961,57 23:07:33,58 23:07:33,329.761,330.327,329.88,35,74.442
urn:nasa:pds:insight_ps:data_calibrated:ps_calib_0058,2019-01-24T19:26:54.630Z,2019-01-25T20:06:29.641Z,ps_calib_0058,58,58M00:00:00.139,58M23:59:59.913,57 23:07:33,58 23:07:33,329.761,330.327,329.88,35,17.301
urn:nasa:pds:insight_ps:data_calibrated:ps_calibevent_0059,2019-01-25T20:06:29.741Z,2019-01-26T20:46:04.939Z,ps_calibevent_0059,59,59M00:00:00.010,59M23:59:59.965,58 23:07:33,59 23:07:34,330.327,330.891,330.43,35,58.508
urn:nasa:pds:insight_ps:data_calibrated:ps_calib_0059,2019-01-25T20:06:30.141Z,2019-01-26T20:46:04.739Z,ps_calib_0059,59,59M00:00:00.399,59M23:59:59.771,58 23:07:34,59 23:07:34,330.327,330.891,330.43,35,17.301
urn:nasa:pds:insight_ps:data_calibrated:ps_calibevent_0060,2019-01-26T20:46:05.039Z,2019-01-27T21:25:40.135Z,ps_calibevent_0060,60,60M00:00:00.063,60M23:59:59.919,59 23:07:35,60 23:07:36,330.891,331.455,330.97,35,52.075
urn:nasa:pds:insight_ps:data_calibrated:ps_calib_0060,2019-01-26T20:46:05.239Z,2019-01-27T21:25:40.135Z,ps_calib_0060,60,60M00:00:00.257,60M23:59:59.919,59 23:07:35,60 23:07:36,330.891,331.455,330.97,35,17.301
urn:nasa:pds:insight_ps:data_calibrated:ps_calibevent_0061,2019-01-27T21:25:40.235Z,2019-01-28T20:00:26.015Z,ps_calibevent_0061,61,61M00:00:00.016,61M21:58:30.937,60 23:07:36,61 21:06:09,331.455,331.97,331.52,35,44.516
urn:nasa:pds:insight_ps:data_calibrated:ps_calib_0061,2019-01-27T21:25:40.635Z,2019-01-28T22:05:15.007Z,ps_calib_0061,61,61M00:00:00.405,61M23:59:59.556,60 23:07:36,61 23:07:37,331.455,332.017,331.69,35,17.301
urn:nasa:pds:insight_ps:data_calibrated:ps_calib_0062,2019-01-28T22:05:15.507Z,2019-01-29T22:44:50.568Z,ps_calib_0062,62,62M00:00:00.043,62M23:59:59.865,61 23:07:38,62 23:07:40,332.017,332.578,332.23,35,17.301
urn:nasa:pds:insight_ps:data_calibrated:ps_calibevent_0062,2019-01-29T11:35:08.008Z,2019-01-29T22:44:50.668Z,ps_calibevent_0062,62,62M13:08:12.417,62M23:59:59.962,62 12:15:52,62 23:07:40,332.324,332.578,332.34,35,81.782
urn:nasa:pds:insight_ps:data_calibrated:ps_calibevent_0063,2019-01-29T22:44:50.718Z,2019-01-30T23:24:25.908Z,ps_calibevent_0063,63,63M00:00:00.011,63M23:59:59.958,62 23:07:40,63 23:07:43,332.578,333.139,332.78,35,58.407
urn:nasa:pds:insight_ps:data_calibrated:ps_calib_0063,2019-01-29T22:44:51.068Z,2019-01-30T23:24:25.808Z,ps_calib_0063,63,63M00:00:00.351,63M23:59:59.861,62 23:07:41,63 23:07:43,332.578,333.139,332.78,35,17.301
urn:nasa:pds:insight_ps:data_calibrated:ps_calibevent_0064,2019-01-30T23:24:26.008Z,2019-02-01T00:04:01.190Z,ps_calibevent_0064,64,64M00:00:00.055,64M23:59:59.995,63 23:07:43,64 23:07:46,333.139,333.698,333.32,35,82.055
urn:nasa:pds:insight_ps:data_calibrated:ps_calib_0064,2019-01-30T23:24:26.308Z,2019-02-01T00:04:01.090Z,ps_calib_0064,64,64M00:00:00.347,64M23:59:59.898,63 23:07:43,64 23:07:46,333.139,333.698,333.32,35,17.301
urn:nasa:pds:insight_ps:data_calibrated:ps_calibevent_0065,2019-02-01T00:04:01.290Z,2019-02-02T00:43:36.388Z,ps_calibevent_0065,65,65M00:00:00.093,65M23:59:59.951,64 23:07:46,65 23:07:50,333.698,334.257,333.87,35,54.575
urn:nasa:pds:insight_ps:data_calibrated:ps_calib_0065,2019-02-01T00:04:01.590Z,2019-02-02T00:43:36.288Z,ps_calib_0065,65,65M00:00:00.385,65M23:59:59.853,64 23:07:47,65 23:07:50,333.698,334.257,333.87,35,17.301
urn:nasa:pds:insight_ps:data_calibrated:ps_calibevent_0066,2019-02-02T00:43:36.488Z,2019-02-02T02:00:16.621Z,ps_calibevent_0066,66,66M00:00:00.048,66M01:14:37.101,65 23:07:50,66 00:22:27,334.257,334.285,334.09,35,4.621
urn:nasa:pds:insight_ps:data_calibrated:ps_calib_0066,2019-02-02T00:43:36.788Z,2019-02-03T01:23:11.532Z,ps_calib_0066,66,66M00:00:00.340,66M23:59:59.853,65 23:07:50,66 23:07:54,334.257,334.814,334.41,35,15.692
urn:nasa:pds:insight_ps:data_calibrated:ps_calib_0067,2019-02-03T01:23:12.032Z,2019-02-04T02:02:46.599Z,ps_calib_0067,67,67M00:00:00.340,67M23:59:59.681,66 23:07:54,67 23:07:58,334.814,335.37,334.95,35,17.293
urn:nasa:pds:insight_ps:data_calibrated:ps_calibevent_0067,2019-02-03T19:38:48.833Z,2019-02-03T22:10:44.705Z,ps_calibevent_0067,67,67M17:46:18.307,67M20:14:10.278,67 16:54:15,67 19:22:08,335.226,335.283,335.06,35,5.594
urn:nasa:pds:insight_ps:data_calibrated:ps_calib_0068,2019-02-04T02:02:47.099Z,2019-02-05T02:42:21.732Z,ps_calib_0068,68,68M00:00:00.168,68M23:59:59.573,67 23:07:58,68 23:08:02,335.37,335.926,335.5,35,17.301
urn:nasa:pds:insight_ps:data_calibrated:ps_calibevent_0068,2019-02-05T01:10:21.291Z,2019-02-05T01:20:45.234Z,ps_calibevent_0068,68,68M22:30:26.835,68M22:40:34.084,68 21:38:29,68 21:48:37,335.891,335.895,335.71,35,1.262
urn:nasa:pds:insight_ps:data_calibrated:ps_calib_0069,2019-02-05T02:42:22.232Z,2019-02-06T03:21:57.267Z,ps_calib_0069,69,69M00:00:00.060,69M23:59:59.857,68 23:08:03,69 23:08:08,335.926,336.48,336.14,35,17.301
urn:nasa:pds:insight_ps:data_calibrated:ps_calibevent_0069,2019-02-05T14:51:43.427Z,2019-02-05T14:55:11.372Z,ps_calibevent_0069,69,69M11:49:50.393,69M11:53:12.775,69 10:57:56,69 11:01:18,336.199,336.201,336.04,35,0.43
urn:nasa:pds:insight_ps:data_calibrated:ps_calib_0070,2019-02-06T03:21:57.767Z,2019-02-07T04:01:32.312Z,ps_calib_0070,70,70M00:00:00.343,70M23:59:59.662,69 23:08:08,70 23:08:13,336.48,337.034,336.68,35,17.301
urn:nasa:pds:insight_ps:data_calibrated:ps_calibevent_0070,2019-02-06T18:32:57.711Z,2019-02-07T04:01:32.612Z,ps_calibevent_0070,70,70M14:46:37.822,70M23:59:59.954,70 13:54:49,70 23:08:13,336.821,337.034,336.79,35,62.282
urn:nasa:pds:insight_ps:data_calibrated:ps_calibevent_0071,2019-02-07T04:01:32.662Z,2019-02-08T04:08:01.030Z,ps_calibevent_0071,71,71M00:00:00.003,71M23:27:46.287,70 23:08:14,71 22:36:06,337.034,337.574,337.22,35,144.414
urn:nasa:pds:insight_ps:data_calibrated:ps_calib_0071,2019-02-07T04:01:32.812Z,2019-02-08T04:41:07.558Z,ps_calib_0071,71,71M00:00:00.149,71M23:59:59.664,70 23:08:14,71 23:08:19,337.034,337.586,337.22,35,17.301
urn:nasa:pds:insight_ps:data_calibrated:ps_calib_0072,2019-02-08T04:41:08.058Z,2019-02-09T05:20:42.662Z,ps_calib_0072,72,72M00:00:00.151,72M23:59:59.528,71 23:08:20,72 23:08:25,337.586,338.138,337.76,35,17.301
urn:nasa:pds:insight_ps:data_calibrated:ps_calibevent_0072,2019-02-08T18:38:15.196Z,2019-02-08T18:41:51.143Z,ps_calibevent_0072,72,72M13:34:43.427,72M13:38:13.596,72 12:43:06,72 12:46:37,337.898,337.9,337.76,35,0.446
urn:nasa:pds:insight_ps:data_calibrated:ps_calib_0073,2019-02-09T05:20:43.162Z,2019-02-10T06:00:18.182Z,ps_calib_0073,73,73M00:00:00.015,73M23:59:59.797,72 23:08:26,73 23:08:32,338.138,338.688,338.29,35,17.301
urn:nasa:pds:insight_ps:data_calibrated:ps_calib_0074,2019-02-10T06:00:18.682Z,2019-02-11T06:39:53.209Z,ps_calib_0074,74,74M00:00:00.283,74M23:59:59.586,73 23:08:33,74 23:08:39,338.688,339.238,338.83,35,17.301
urn:nasa:pds:insight_ps:data_calibrated:ps_calibevent_0074,2019-02-10T14:22:02.598Z,2019-02-11T02:30:36.805Z,ps_calibevent_0074,74,74M08:08:18.749,74M19:57:23.351,74 07:16:54,74 19:06:02,338.874,339.145,338.83,35,74.496
urn:nasa:pds:insight_ps:data_calibrated:ps_calib_0075,2019-02-11T06:39:53.709Z,2019-02-12T07:19:28.632Z,ps_calib_0075,75,75M00:00:00.072,75M23:59:59.760,74 23:08:40,75 23:08:47,339.238,339.786,339.36,35,17.301
urn:nasa:pds:insight_ps:data_calibrated:ps_calibevent_0075,2019-02-11T18:44:54.846Z,2019-02-12T07:10:11.092Z,ps_calibevent_0075,75,75M11:45:37.306,75M23:50:57.137,75 10:54:20,75 22:59:44,339.506,339.783,339.47,35,17.43
urn:nasa:pds:insight_ps:data_calibrated:ps_calib_0076,2019-02-12T07:19:29.132Z,2019-02-13T07:59:03.943Z,ps_calib_0076,76,76M00:00:00.246,76M23:59:59.825,75 23:08:47,76 23:08:54,339.786,340.334,339.9,35,15.711
urn:nasa:pds:insight_ps:data_calibrated:ps_calibevent_0076,2019-02-12T22:40:15.912Z,2019-02-13T04:19:53.595Z,ps_calibevent_0076,76,76M14:56:08.860,76M20:26:41.324,76 14:05:01,76 19:35:35,340.127,340.253,340.16,35,2.098
urn:nasa:pds:insight_ps:data_calibrated:ps_calib_0077,2019-02-13T07:59:04.443Z,2019-02-14T08:38:39.302Z,ps_calib_0077,77,77M00:00:00.312,77M23:59:59.938,76 23:08:55,77 23:09:03,340.334,340.88,340.43,35,17.301
urn:nasa:pds:insight_ps:data_calibrated:ps_calibevent_0077,2019-02-13T21:10:36.426Z,2019-02-13T21:19:16.365Z,ps_calibevent_0077,77,77M12:50:21.614,77M12:58:47.641,77 11:59:21,77 12:07:47,340.626,340.629,340.54,35,1.055
urn:nasa:pds:insight_ps:data_calibrated:ps_calib_0078,2019-02-14T08:38:39.802Z,2019-02-15T09:18:14.186Z,ps_calib_0078,78,78M00:00:00.424,78M23:59:59.587,77 23:09:03,78 23:09:11,340.88,341.426,340.96,35,17.301
urn:nasa:pds:insight_ps:data_calibrated:ps_calibevent_0078,2019-02-14T22:10:10.864Z,2019-02-15T08:43:02.175Z,ps_calibevent_0078,78,78M13:09:48.722,78M23:25:44.084,78 12:18:56,78 22:34:55,341.18,341.413,341.23,35,4.387
urn:nasa:pds:insight_ps:data_calibrated:ps_calib_0079,2019-02-15T09:18:14.686Z,2019-02-16T09:57:49.538Z,ps_calib_0079,79,79M00:00:00.074,79M23:59:59.693,78 23:09:11,79 23:09:20,341.426,341.97,341.6,35,17.301
urn:nasa:pds:insight_ps:data_calibrated:ps_calibevent_0079,2019-02-15T20:53:41.288Z,2019-02-16T09:57:49.838Z,ps_calibevent_0079,79,79M11:16:50.251,79M23:59:59.984,79 10:26:06,79 23:09:20,341.682,341.97,341.76,35,94.242
urn:nasa:pds:insight_ps:data_calibrated:ps_calibevent_0080,2019-02-16T09:57:49.888Z,2019-02-17T02:53:29.270Z,ps_calibevent_0080,80,80M00:00:00.033,80M16:28:28.939,79 23:09:20,80 15:37:55,341.97,342.344,342.02,35,111.422
urn:nasa:pds:insight_ps:data_calibrated:ps_calib_0080,2019-02-16T09:57:50.038Z,2019-02-17T10:37:24.871Z,ps_calib_0080,80,80M00:00:00.179,80M23:59:59.779,79 23:09:20,80 23:09:29,341.97,342.514,342.13,35,17.301
urn:nasa:pds:insight_ps:data_calibrated:ps_calib_0081,2019-02-17T10:37:25.371Z,2019-02-18T11:17:00.217Z,ps_calib_0081,81,81M00:00:00.266,81M23:59:59.878,80 23:09:29,81 23:09:38,342.514,343.057,342.66,35,17.301
urn:nasa:pds:insight_ps:data_calibrated:ps_calibevent_0081,2019-02-18T00:02:47.816Z,2019-02-18T02:36:27.591Z,ps_calibevent_0081,81,81M13:03:49.810,81M15:33:22.903,81 12:13:24,81 14:42:58,342.81,342.866,342.66,35,5.356
urn:nasa:pds:insight_ps:data_calibrated:ps_calib_0082,2019-02-18T11:17:00.717Z,2019-02-19T11:56:35.566Z,ps_calib_0082,82,82M00:00:00.365,82M23:59:59.981,81 23:09:39,82 23:09:48,343.057,343.599,343.18,35,17.301
urn:nasa:pds:insight_ps:data_calibrated:ps_calibevent_0082,2019-02-19T00:58:53.229Z,2019-02-19T03:25:37.017Z,ps_calibevent_0082,82,82M13:19:53.486,82M15:42:41.722,82 12:29:37,82 14:52:27,343.358,343.412,343.34,35,1.367
urn:nasa:pds:insight_ps:data_calibrated:ps_calib_0083,2019-02-19T11:56:36.066Z,2019-02-20T12:36:10.460Z,ps_calib_0083,83,83M00:00:00.467,83M23:59:59.640,82 23:09:49,83 23:09:58,343.599,344.139,343.71,35,17.301
urn:nasa:pds:insight_ps:data_calibrated:ps_calibevent_0083,2019-02-20T01:06:59.567Z,2019-02-20T01:35:43.483Z,ps_calibevent_0083,83,83M12:49:15.119,83M13:17:12.910,83 11:59:09,83 12:27:07,343.888,343.898,343.71,35,3.465
urn:nasa:pds:insight_ps:data_calibrated:ps_calib_0084,2019-02-20T12:36:10.960Z,2019-02-21T13:15:45.732Z,ps_calib_0084,84,84M00:00:00.127,84M23:59:59.667,83 23:09:59,84 23:10:09,344.139,344.679,344.24,35,17.293
urn:nasa:pds:insight_ps:data_calibrated:ps_calibevent_0084,2019-02-20T23:59:46.100Z,2019-02-21T13:15:46.032Z,ps_calibevent_0084,84,84M11:05:17.878,84M23:59:59.959,84 10:15:21,84 23:10:09,344.389,344.679,344.4,35,95.664
urn:nasa:pds:insight_ps:data_calibrated:ps_calibevent_0085,2019-02-21T13:15:46.082Z,2019-02-22T00:00:34.363Z,ps_calibevent_0085,85,85M00:00:00.007,85M10:27:33.156,84 23:10:09,85 09:37:47,344.679,344.914,344.66,35,77.496
urn:nasa:pds:insight_ps:data_calibrated:ps_calib_0085,2019-02-21T13:15:46.232Z,2019-02-22T13:55:21.230Z,ps_calib_0085,85,85M00:00:00.153,85M23:59:59.914,84 23:10:09,85 23:10:20,344.679,345.218,344.76,35,17.301
urn:nasa:pds:insight_ps:data_calibrated:ps_calib_0086,2019-02-22T13:55:21.730Z,2019-02-23T14:34:56.358Z,ps_calib_0086,86,86M00:00:00.401,86M23:59:59.801,85 23:10:20,86 23:10:31,345.218,345.756,345.29,35,17.301
urn:nasa:pds:insight_ps:data_calibrated:ps_calibevent_0086,2019-02-23T13:52:21.393Z,2019-02-23T13:59:17.338Z,ps_calibevent_0086,86,86M23:18:33.196,86M23:25:18.012,86 22:29:04,86 22:35:49,345.74,345.743,345.6,35,0.848
urn:nasa:pds:insight_ps:data_calibrated:ps_calib_0087,2019-02-23T14:34:56.858Z,2019-02-24T15:14:31.461Z,ps_calib_0087,87,87M00:00:00.288,87M23:59:59.664,86 23:10:31,87 23:10:42,345.756,346.293,345.97,35,17.301
urn:nasa:pds:insight_ps:data_calibrated:ps_calib_0088,2019-02-24T15:14:31.961Z,2019-02-25T15:54:06.561Z,ps_calib_0088,88,88M00:00:00.151,88M23:59:59.524,87 23:10:42,88 23:10:53,346.293,346.829,346.49,35,17.301
urn:nasa:pds:insight_ps:data_calibrated:ps_calibevent_0088,2019-02-25T06:47:53.956Z,2019-02-25T06:52:13.902Z,ps_calibevent_0088,88,88M15:08:23.773,88M15:12:36.764,88 14:19:13,88 14:23:26,346.631,346.633,346.49,35,0.535
urn:nasa:pds:insight_ps:data_calibrated:ps_calib_0089,2019-02-25T15:54:07.061Z,2019-02-26T16:33:42.014Z,ps_calib_0089,89,89M00:00:00.010,89M23:59:59.727,88 23:10:54,89 23:11:05,346.829,347.364,347.01,35,17.301
urn:nasa:pds:insight_ps:data_calibrated:ps_calibevent_0089,2019-02-26T07:21:21.457Z,2019-02-26T07:37:49.391Z,ps_calibevent_0089,89,89M15:02:25.869,89M15:18:27.370,89 14:13:27,89 14:29:29,347.164,347.17,347.01,35,1.992
urn:nasa:pds:insight_ps:data_calibrated:ps_calib_0090,2019-02-26T16:33:42.514Z,2019-02-27T17:13:17.325Z,ps_calib_0090,90,90M00:00:00.214,90M23:59:59.793,89 23:11:06,90 23:11:18,347.364,347.898,347.53,35,17.301
urn:nasa:pds:insight_ps:data_calibrated:ps_calib_0091,2019-02-27T17:13:17.824Z,2019-02-28T17:52:52.672Z,ps_calib_0091,91,91M00:00:00.278,91M23:59:59.893,90 23:11:18,91 23:11:30,347.898,348.431,348.05,35,17.301
urn:nasa:pds:insight_ps:data_calibrated:ps_calibevent_0091,2019-02-28T07:47:13.186Z,2019-02-28T17:52:52.772Z,ps_calibevent_0091,91,91M14:10:32.695,91M23:59:59.990,91 13:21:58,91 23:11:31,348.213,348.431,348.21,35,43.758
urn:nasa:pds:insight_ps:data_calibrated:ps_calibevent_0092,2019-02-28T17:52:52.822Z,2019-03-01T12:18:12.257Z,ps_calibevent_0092,92,92M00:00:00.039,92M17:55:45.051,91 23:11:31,92 17:07:25,348.431,348.829,348.57,35,106.961
urn:nasa:pds:insight_ps:data_calibrated:ps_calib_0092,2019-02-28T17:52:53.172Z,2019-03-01T12:17:50.808Z,ps_calib_0092,92,92M00:00:00.380,92M17:55:24.176,91 23:11:31,92 17:07:04,348.431,348.829,348.57,35,12.926
urn:nasa:pds:insight_ps:data_calibrated:ps_calib_0094,2019-03-03T01:49:20.646Z,2019-03-03T19:51:38.175Z,ps_calib_0094,94,94M06:26:39.590,94M23:59:59.670,94 05:38:40,94 23:12:09,349.638,350.026,349.6,35,12.66
urn:nasa:pds:insight_ps:data_calibrated:ps_calibevent_0094,2019-03-03T16:55:55.769Z,2019-03-03T19:51:38.475Z,ps_calibevent_0094,94,94M21:08:59.334,94M23:59:59.962,94 20:21:08,94 23:12:10,349.963,350.026,349.86,35,21.129
urn:nasa:pds:insight_ps:data_calibrated:ps_calibevent_0095,2019-03-03T19:51:38.525Z,2019-03-04T20:31:13.716Z,ps_calibevent_0095,95,95M00:00:00.011,95M23:59:59.959,94 23:12:10,95 23:12:23,350.026,350.555,350.12,35,164.36
urn:nasa:pds:insight_ps:data_calibrated:ps_calib_0095,2019-03-03T19:51:38.675Z,2019-03-04T20:31:13.366Z,ps_calib_0095,95,95M00:00:00.157,95M23:59:59.619,94 23:12:10,95 23:12:23,350.026,350.555,350.12,35,17.301
urn:nasa:pds:insight_ps:data_calibrated:ps_calibevent_0096,2019-03-04T20:31:13.766Z,2019-03-05T21:10:48.982Z,ps_calibevent_0096,96,96M00:00:00.008,96M23:59:59.980,95 23:12:23,96 23:12:37,350.555,351.084,350.63,35,177.184
urn:nasa:pds:insight_ps:data_calibrated:ps_calib_0096,2019-03-04T20:31:13.866Z,2019-03-05T21:10:48.982Z,ps_calib_0096,96,96M00:00:00.105,96M23:59:59.980,95 23:12:24,96 23:12:37,350.555,351.084,350.63,35,17.301
urn:nasa:pds:insight_ps:data_calibrated:ps_calibevent_0097,2019-03-05T21:10:49.032Z,2019-03-06T21:50:24.209Z,ps_calibevent_0097,97,97M00:00:00.029,97M23:59:59.964,96 23:12:37,97 23:12:51,351.084,351.611,351.3,35,177.809
urn:nasa:pds:insight_ps:data_calibrated:ps_calib_0097,2019-03-05T21:10:49.482Z,2019-03-06T21:50:24.109Z,ps_calib_0097,97,97M00:00:00.467,97M23:59:59.866,96 23:12:38,97 23:12:51,351.084,351.611,351.3,35,17.301
urn:nasa:pds:insight_ps:data_calibrated:ps_calibevent_0098,2019-03-06T21:50:24.259Z,2019-03-07T00:00:22.447Z,ps_calibevent_0098,98,98M00:00:00.012,98M02:06:29.555,97 23:12:52,98 01:19:22,351.611,351.658,351.51,35,15.633
urn:nasa:pds:insight_ps:data_calibrated:ps_calib_0098,2019-03-06T21:50:24.609Z,2019-03-07T22:29:59.210Z,ps_calib_0098,98,98M00:00:00.353,98M23:59:59.728,97 23:12:52,98 23:13:06,351.611,352.138,351.82,35,17.301
urn:nasa:pds:insight_ps:data_calibrated:ps_calib_0099,2019-03-07T22:29:59.710Z,2019-03-08T23:09:34.685Z,ps_calib_0099,99,99M00:00:00.214,99M23:59:59.953,98 23:13:06,99 23:13:21,352.138,352.664,352.33,35,17.301
urn:nasa:pds:insight_ps:data_calibrated:ps_calibevent_0099,2019-03-08T19:34:38.867Z,2019-03-08T19:49:22.805Z,ps_calibevent_0099,99,99M20:30:49.171,99M20:45:09.459,99 19:44:08,99 19:58:28,352.588,352.593,352.43,35,1.785
urn:nasa:pds:insight_ps:data_calibrated:ps_calib_0100,2019-03-08T23:09:35.185Z,2019-03-09T23:49:09.693Z,ps_calib_0100,100,100M00:00:00.439,100M23:59:59.722,99 23:13:21,100 23:13:35,352.664,353.189,352.84,35,17.301
urn:nasa:pds:insight_ps:data_calibrated:ps_calibevent_0100,2019-03-09T11:14:04.802Z,2019-03-09T11:22:44.741Z,ps_calibevent_0100,100,100M11:45:06.996,100M11:53:33.023,100 10:58:35,100 11:07:01,352.921,352.924,352.84,35,1.055
urn:nasa:pds:insight_ps:data_calibrated:ps_calib_0101,2019-03-09T23:49:10.193Z,2019-03-11T00:28:45.024Z,ps_calib_0101,101,101M00:00:00.209,101M23:59:59.807,100 23:13:36,101 23:13:50,353.189,353.713,353.35,35,17.301
urn:nasa:pds:insight_ps:data_calibrated:ps_calib_0102,2019-03-11T00:28:45.524Z,2019-03-12T01:08:20.385Z,ps_calib_0102,102,102M00:00:00.294,102M23:59:59.921,101 23:13:51,102 23:14:06,353.713,354.237,353.86,35,17.301
urn:nasa:pds:insight_ps:data_calibrated:ps_calibevent_0102,2019-03-11T15:52:35.364Z,2019-03-11T15:55:11.312Z,ps_calibevent_0102,102,102M14:59:07.070,102M15:01:38.845,102 14:13:07,102 14:15:39,354.04,354.041,353.96,35,0.328
urn:nasa:pds:insight_ps:data_calibrated:ps_calib_0103,2019-03-12T01:08:20.885Z,2019-03-13T01:47:55.220Z,ps_calib_0103,103,103M00:00:00.408,103M23:59:59.523,102 23:14:06,103 23:14:21,354.237,354.759,354.37,35,17.301
urn:nasa:pds:insight_ps:data_calibrated:ps_calibevent_0103,2019-03-12T14:50:58.853Z,2019-03-13T01:47:55.670Z,ps_calibevent_0103,103,103M13:20:37.769,103M23:59:59.961,103 12:34:52,103 23:14:22,354.527,354.759,354.47,35,14.551
urn:nasa:pds:insight_ps:data_calibrated:ps_calib_0104,2019-03-13T01:47:55.720Z,2019-03-14T02:27:30.529Z,ps_calib_0104,104,104M00:00:00.010,104M23:59:59.586,103 23:14:22,104 23:14:37,354.759,355.28,354.88,35,17.301
urn:nasa:pds:insight_ps:data_calibrated:ps_calibevent_0104,2019-03-13T01:47:55.720Z,2019-03-14T00:00:46.621Z,ps_calibevent_0104,104,104M00:00:00.010,104M21:37:11.233,103 23:14:22,104 20:51:47,354.759,355.229,354.88,35,160.176
urn:nasa:pds:insight_ps:data_calibrated:ps_calib_0105,2019-03-14T02:27:31.029Z,2019-03-15T03:07:05.788Z,ps_calib_0105,105,105M00:00:00.073,105M23:59:59.601,104 23:14:37,105 23:14:53,355.28,355.801,355.49,35,17.301
urn:nasa:pds:insight_ps:data_calibrated:ps_calibevent_0105,2019-03-14T14:59:32.554Z,2019-03-15T03:07:06.188Z,ps_calibevent_0105,105,105M12:11:54.340,105M23:59:59.990,105 11:26:40,105 23:14:53,355.545,355.801,355.49,35,80.735
urn:nasa:pds:insight_ps:data_calibrated:ps_calibevent_0106,2019-03-15T03:07:06.238Z,2019-03-15T15:00:12.813Z,ps_calibevent_0106,106,106M00:00:00.039,106M11:34:01.829,105 23:14:53,106 10:49:03,355.801,356.051,355.89,35,72.36
urn:nasa:pds:insight_ps:data_calibrated:ps_calib_0106,2019-03-15T03:07:06.288Z,2019-03-16T03:46:41.145Z,ps_calib_0106,106,106M00:00:00.088,106M23:59:59.711,105 23:14:54,106 23:15:09,355.801,356.321,355.99,35,17.301
urn:nasa:pds:insight_ps:data_calibrated:ps_calib_0107,2019-03-16T03:46:41.645Z,2019-03-17T04:26:16.541Z,ps_calib_0107,107,107M00:00:00.198,107M23:59:59.859,106 23:15:10,107 23:15:26,356.321,356.839,356.5,35,17.301
urn:nasa:pds:insight_ps:data_calibrated:ps_calibevent_0107,2019-03-16T23:59:29.764Z,2019-03-17T04:26:16.641Z,ps_calibevent_0107,107,107M19:40:21.355,107M23:59:59.956,107 18:55:45,107 23:15:26,356.746,356.839,356.75,35,32.071
urn:nasa:pds:insight_ps:data_calibrated:ps_calibevent_0108,2019-03-17T04:26:16.691Z,2019-03-17T22:44:58.208Z,ps_calibevent_0108,108,108M00:00:00.005,108M17:49:17.745,107 23:15:26,108 17:04:56,356.839,357.224,357,35,132.039
urn:nasa:pds:insight_ps:data_calibrated:ps_calib_0108,2019-03-17T04:26:17.041Z,2019-03-17T22:44:36.758Z,ps_calib_0108,108,108M00:00:00.345,108M17:48:56.869,107 23:15:27,108 17:04:35,356.839,357.224,357,35,12.848
urn:nasa:pds:insight_ps:data_calibrated:ps_calib_0112,2019-03-21T16:20:30.197Z,2019-03-22T07:44:12.519Z,ps_calib_0112,112,112M09:01:00.164,112M23:59:59.623,112 08:17:41,112 23:16:51,359.099,359.421,359.11,35,10.809
urn:nasa:pds:insight_ps:data_calibrated:ps_calib_0113,2019-03-22T07:44:13.019Z,2019-03-23T08:23:47.799Z,ps_calib_0113,113,113M00:00:00.110,113M23:59:59.659,112 23:16:52,113 23:17:09,359.421,359.934,359.51,35,17.293
urn:nasa:pds:insight_ps:data_calibrated:ps_calibevent_0113,2019-03-22T10:37:33.799Z,2019-03-23T04:18:12.460Z,ps_calibevent_0113,113,113M02:48:42.609,113M20:00:58.574,113 02:05:36,113 19:18:05,359.481,359.849,359.51,35,17.856
urn:nasa:pds:insight_ps:data_calibrated:ps_calib_0114,2019-03-23T08:23:48.299Z,2019-03-24T09:03:23.183Z,ps_calib_0114,114,114M00:00:00.145,114M23:59:59.795,113 23:17:09,114 23:17:27,359.934,0.447,0.01,35,17.301
urn:nasa:pds:insight_ps:data_calibrated:ps_calibevent_0114,2019-03-23T21:45:26.289Z,2019-03-24T05:39:53.803Z,ps_calibevent_0114,114,114M13:00:11.240,114M20:41:57.086,114 12:17:30,114 19:59:22,0.212,0.377,0.26,35,9.403
urn:nasa:pds:insight_ps:data_calibrated:ps_calib_0115,2019-03-24T09:03:23.683Z,2019-03-25T09:42:58.164Z,ps_calib_0115,115,115M00:00:00.281,115M23:59:59.539,114 23:17:27,115 23:17:45,0.447,0.959,0.61,35,17.301
urn:nasa:pds:insight_ps:data_calibrated:ps_calibevent_0115,2019-03-24T23:41:25.619Z,2019-03-25T03:16:37.377Z,ps_calibevent_0115,115,115M14:14:32.675,115M17:43:58.970,115 13:32:11,115 17:01:39,0.751,0.826,0.76,35,2.098
urn:nasa:pds:insight_ps:data_calibrated:ps_calib_0116,2019-03-25T09:42:58.664Z,2019-03-26T10:22:33.619Z,ps_calib_0116,116,116M00:00:00.026,116M23:59:59.744,115 23:17:45,116 23:18:03,0.959,1.47,1.11,35,17.301
urn:nasa:pds:insight_ps:data_calibrated:ps_calibevent_0116,2019-03-25T22:41:05.247Z,2019-03-26T08:00:36.699Z,ps_calibevent_0116,116,116M12:37:17.476,116M21:41:50.700,116 11:55:12,116 20:59:52,1.228,1.421,1.26,35,24.625
urn:nasa:pds:insight_ps:data_calibrated:ps_calib_0117,2019-03-26T10:22:34.119Z,2019-03-27T11:02:08.635Z,ps_calib_0117,117,117M00:00:00.230,117M23:59:59.522,116 23:18:04,117 23:18:21,1.47,1.981,1.61,35,17.301
urn:nasa:pds:insight_ps:data_calibrated:ps_calibevent_0117,2019-03-26T20:41:51.851Z,2019-03-27T01:02:03.499Z,ps_calibevent_0117,117,117M10:02:43.781,117M14:15:57.729,117 09:20:55,117 13:34:12,1.684,1.774,1.51,35,5.325
urn:nasa:pds:insight_ps:data_calibrated:ps_calib_0118,2019-03-27T11:02:09.135Z,2019-03-28T11:41:44.182Z,ps_calib_0118,118,118M00:00:00.009,118M23:59:59.817,117 23:18:22,118 23:18:40,1.981,2.49,2.1,35,17.301
urn:nasa:pds:insight_ps:data_calibrated:ps_calibevent_0118,2019-03-27T19:00:33.602Z,2019-03-28T10:59:20.666Z,ps_calibevent_0118,118,118M07:45:36.468,118M23:18:44.355,118 07:04:04,118 22:37:24,2.146,2.476,2.25,35,12.735
urn:nasa:pds:insight_ps:data_calibrated:ps_calib_0119,2019-03-28T11:41:44.682Z,2019-03-29T12:21:19.139Z,ps_calib_0119,119,119M00:00:00.303,119M23:59:59.538,118 23:18:41,119 23:18:59,2.49,2.999,2.6,35,17.301
urn:nasa:pds:insight_ps:data_calibrated:ps_calibevent_0119,2019-03-28T23:10:05.855Z,2019-03-29T12:21:19.589Z,ps_calibevent_0119,119,119M11:09:56.435,119M23:59:59.976,119 10:28:45,119 23:18:59,2.727,2.999,2.75,35,81.227
urn:nasa:pds:insight_ps:data_calibrated:ps_calib_0120,2019-03-29T12:21:19.639Z,2019-03-29T18:31:16.216Z,ps_calib_0120,120,120M00:00:00.024,120M06:00:02.717,119 23:18:59,120 05:19:06,2.999,3.126,2.99,35,4.336
urn:nasa:pds:insight_ps:data_calibrated:ps_calibevent_0120,2019-03-29T12:21:19.639Z,2019-03-29T18:11:17.692Z,ps_calibevent_0120,120,120M00:00:00.024,120M05:40:36.260,119 23:18:59,120 04:59:40,2.999,3.119,2.99,35,42.067
urn:nasa:pds:insight_ps:data_calibrated:ps_calib_0123,2019-04-01T21:24:32.739Z,2019-04-02T14:59:40.351Z,ps_calib_0123,123,123M06:53:05.995,123M23:59:59.767,123 06:13:08,123 23:20:15,4.666,5.026,4.72,35,12.344
urn:nasa:pds:insight_ps:data_calibrated:ps_calibevent_0123,2019-04-02T02:39:00.233Z,2019-04-02T02:49:24.167Z,ps_calibevent_0123,123,123M11:59:08.676,123M12:09:15.916,123 11:19:14,123 11:29:22,4.773,4.777,4.57,35,1.262
urn:nasa:pds:insight_ps:data_calibrated:ps_calib_0124,2019-04-02T14:59:40.851Z,2019-04-03T15:39:15.453Z,ps_calib_0124,124,124M00:00:00.254,124M23:59:59.629,123 23:20:16,124 23:20:34,5.026,5.531,5.21,35,17.301
urn:nasa:pds:insight_ps:data_calibrated:ps_calibevent_0124,2019-04-03T04:21:39.198Z,2019-04-03T04:27:43.140Z,ps_calibevent_0124,124,124M13:00:31.161,124M13:06:25.365,124 12:20:57,124 12:26:51,5.3,5.302,5.21,35,0.742
urn:nasa:pds:insight_ps:data_calibrated:ps_calib_0125,2019-04-03T15:39:15.953Z,2019-04-04T16:18:50.616Z,ps_calib_0125,125,125M00:00:00.116,125M23:59:59.551,124 23:20:35,125 23:20:54,5.531,6.035,5.7,35,17.301
urn:nasa:pds:insight_ps:data_calibrated:ps_calib_0126,2019-04-04T16:18:51.116Z,2019-04-05T16:58:25.939Z,ps_calib_0126,126,126M00:00:00.038,126M23:59:59.627,125 23:20:54,126 23:21:14,6.035,6.538,6.19,35,17.301
urn:nasa:pds:insight_ps:data_calibrated:ps_calib_0127,2019-04-05T16:58:26.439Z,2019-04-06T17:38:01.402Z,ps_calib_0127,127,127M00:00:00.114,127M23:59:59.841,126 23:21:14,127 23:21:34,6.538,7.04,6.68,35,17.301
urn:nasa:pds:insight_ps:data_calibrated:ps_calibevent_0127,2019-04-06T00:43:01.414Z,2019-04-06T06:31:34.907Z,ps_calibevent_0127,127,127M07:32:09.275,127M13:11:23.212,127 06:53:30,127 12:32:48,6.696,6.814,6.68,35,10.981
urn:nasa:pds:insight_ps:data_calibrated:ps_calib_0128,2019-04-06T17:38:01.902Z,2019-04-07T18:17:36.439Z,ps_calib_0128,128,128M00:00:00.327,128M23:59:59.639,127 23:21:34,128 23:21:54,7.04,7.542,7.17,35,17.301
urn:nasa:pds:insight_ps:data_calibrated:ps_calibevent_0128,2019-04-07T07:59:41.368Z,2019-04-07T12:00:09.141Z,ps_calibevent_0128,128,128M13:58:36.537,128M17:52:38.285,128 13:20:22,128 17:14:27,7.332,7.414,7.17,35,28.91
urn:nasa:pds:insight_ps:data_calibrated:ps_calib_0129,2019-04-07T18:17:36.939Z,2019-04-08T18:57:11.824Z,ps_calib_0129,129,129M00:00:00.125,129M23:59:59.776,128 23:21:54,129 23:22:14,7.542,8.043,7.66,35,17.301
urn:nasa:pds:insight_ps:data_calibrated:ps_calibevent_0129,2019-04-08T08:27:51.896Z,2019-04-08T08:32:11.840Z,ps_calibevent_0129,129,129M13:47:30.142,129M13:51:43.131,129 13:09:36,129 13:13:49,7.83,7.831,7.66,35,0.535
urn:nasa:pds:insight_ps:data_calibrated:ps_calib_0130,2019-04-08T18:57:12.324Z,2019-04-09T19:36:47.129Z,ps_calib_0130,130,130M00:00:00.263,130M23:59:59.835,129 23:22:14,130 23:22:34,8.043,8.543,8.15,35,17.301
urn:nasa:pds:insight_ps:data_calibrated:ps_calibevent_0130,2019-04-09T07:01:28.416Z,2019-04-09T10:53:16.100Z,ps_calibevent_0130,130,130M11:44:53.657,130M15:30:29.230,130 11:07:18,130 14:52:56,8.288,8.366,8.15,35,9.09
urn:nasa:pds:insight_ps:data_calibrated:ps_calib_0131,2019-04-09T19:36:47.629Z,2019-04-10T20:16:22.331Z,ps_calib_0131,131,131M00:00:00.322,131M23:59:59.795,130 23:22:35,131 23:22:54,8.543,9.042,8.63,35,17.301
urn:nasa:pds:insight_ps:data_calibrated:ps_calibevent_0131,2019-04-10T00:52:38.239Z,2019-04-10T02:24:17.070Z,ps_calibevent_0131,131,131M05:07:23.895,131M06:36:35.601,131 04:30:02,131 05:59:15,8.649,8.68,8.49,35,11.028
urn:nasa:pds:insight_ps:data_calibrated:ps_calib_0132,2019-04-10T20:16:22.831Z,2019-04-11T20:55:57.668Z,ps_calib_0132,132,132M00:00:00.281,132M23:59:59.886,131 23:22:55,132 23:23:15,9.042,9.541,9.12,35,17.301
urn:nasa:pds:insight_ps:data_calibrated:ps_calibevent_0132,2019-04-11T12:29:48.535Z,2019-04-11T20:00:46.171Z,ps_calibevent_0132,132,132M15:47:23.300,132M23:06:16.990,132 15:10:31,132 22:29:31,9.37,9.522,9.36,35,54.203
urn:nasa:pds:insight_ps:data_calibrated:ps_calib_0133,2019-04-11T20:55:58.168Z,2019-04-12T21:35:32.804Z,ps_calib_0133,133,133M00:00:00.372,133M23:59:59.780,132 23:23:15,133 23:23:35,9.541,10.039,9.6,35,17.301
urn:nasa:pds:insight_ps:data_calibrated:ps_calibevent_0133,2019-04-12T05:59:09.535Z,2019-04-12T21:35:33.004Z,ps_calibevent_0133,133,133M08:48:39.734,133M23:59:59.975,133 08:12:02,133 23:23:35,9.724,10.039,9.85,35,113.649
urn:nasa:pds:insight_ps:data_calibrated:ps_calibevent_0134,2019-04-12T21:35:33.054Z,2019-04-13T14:16:53.575Z,ps_calibevent_0134,134,134M00:00:00.023,134M16:14:33.048,133 23:23:36,134 15:38:22,10.039,10.375,10.09,35,72.668
urn:nasa:pds:insight_ps:data_calibrated:ps_calib_0134,2019-04-12T21:35:33.304Z,2019-04-13T22:15:08.237Z,ps_calib_0134,134,134M00:00:00.267,134M23:59:59.964,133 23:23:36,134 23:23:56,10.039,10.536,10.23,35,17.301
urn:nasa:pds:insight_ps:data_calibrated:ps_calib_0135,2019-04-13T22:15:08.737Z,2019-04-14T22:54:43.103Z,ps_calib_0135,135,135M00:00:00.451,135M23:59:59.596,134 23:23:57,135 23:24:16,10.536,11.032,10.72,35,17.301
urn:nasa:pds:insight_ps:data_calibrated:ps_calibevent_0135,2019-04-14T13:33:25.064Z,2019-04-14T13:55:04.988Z,ps_calibevent_0135,135,135M14:53:42.637,135M15:14:47.781,135 14:17:52,135 14:38:57,10.844,10.851,10.72,35,1.16
urn:nasa:pds:insight_ps:data_calibrated:ps_calib_0136,2019-04-14T22:54:43.603Z,2019-04-15T23:34:18.572Z,ps_calib_0136,136,136M00:00:00.083,136M23:59:59.815,135 23:24:17,136 23:24:38,11.032,11.528,11.2,35,17.301
urn:nasa:pds:insight_ps:data_calibrated:ps_calib_0137,2019-04-15T23:34:19.072Z,2019-04-17T00:13:53.695Z,ps_calib_0137,137,137M00:00:00.302,137M23:59:59.697,136 23:24:38,137 23:24:58,11.528,12.023,11.68,35,17.301
urn:nasa:pds:insight_ps:data_calibrated:ps_calibevent_0137,2019-04-16T18:34:58.898Z,2019-04-16T18:46:14.843Z,ps_calibevent_0137,137,137M18:30:08.972,137M18:41:06.832,137 17:55:03,137 18:06:01,11.909,11.913,11.78,35,1.367
urn:nasa:pds:insight_ps:data_calibrated:ps_calib_0138,2019-04-17T00:13:54.195Z,2019-04-18T00:53:28.941Z,ps_calib_0138,138,138M00:00:00.184,138M23:59:59.699,137 23:24:59,138 23:25:19,12.023,12.517,12.16,35,17.301
urn:nasa:pds:insight_ps:data_calibrated:ps_calibevent_0138,2019-04-17T13:03:03.856Z,2019-04-17T15:17:31.694Z,ps_calibevent_0138,138,138M12:28:35.079,138M14:39:27.056,138 11:53:45,138 14:04:39,12.28,12.324,12.26,35,1.68
urn:nasa:pds:insight_ps:data_calibrated:ps_calib_0139,2019-04-18T00:53:29.441Z,2019-04-19T01:33:04.083Z,ps_calib_0139,139,139M00:00:00.186,139M23:59:59.600,138 23:25:20,139 23:25:40,12.517,13.01,12.64,35,17.301
urn:nasa:pds:insight_ps:data_calibrated:ps_calib_0140,2019-04-19T01:33:04.583Z,2019-04-20T02:12:39.558Z,ps_calib_0140,140,140M00:00:00.087,140M23:59:59.825,139 23:25:41,140 23:26:02,13.01,13.503,13.12,35,17.301
urn:nasa:pds:insight_ps:data_calibrated:ps_calibevent_0140,2019-04-19T03:04:11.996Z,2019-04-19T14:02:38.102Z,ps_calibevent_0140,140,140M01:28:41.215,140M12:09:30.308,140 00:54:23,140 11:35:22,13.041,13.26,12.98,35,38.36
urn:nasa:pds:insight_ps:data_calibrated:ps_calib_0141,2019-04-20T02:12:40.058Z,2019-04-21T02:52:14.628Z,ps_calib_0141,141,141M00:00:00.311,141M23:59:59.656,140 23:26:02,141 23:26:23,13.503,13.995,13.6,35,17.301
urn:nasa:pds:insight_ps:data_calibrated:ps_calibevent_0141,2019-04-20T13:09:35.787Z,2019-04-20T13:53:14.685Z,ps_calibevent_0141,141,141M10:39:21.445,141M11:21:50.272,141 10:05:33,141 10:48:02,13.722,13.736,13.6,35,1.367
urn:nasa:pds:insight_ps:data_calibrated:ps_calib_0142,2019-04-21T02:52:15.128Z,2019-04-22T03:31:50.051Z,ps_calib_0142,142,142M00:00:00.142,142M23:59:59.829,141 23:26:23,142 23:26:44,13.995,14.486,14.18,35,17.301
urn:nasa:pds:insight_ps:data_calibrated:ps_calibevent_0142,2019-04-21T04:08:44.056Z,2019-04-21T07:14:35.799Z,ps_calibevent_0142,142,142M01:14:26.290,142M04:15:19.661,142 00:40:51,142 03:41:47,14.021,14.082,13.94,35,22.348
urn:nasa:pds:insight_ps:data_calibrated:ps_calib_0143,2019-04-22T03:31:50.551Z,2019-04-23T04:11:25.374Z,ps_calib_0143,143,143M00:00:00.316,143M23:59:59.907,142 23:26:45,143 23:27:06,14.486,14.977,14.66,35,17.293
urn:nasa:pds:insight_ps:data_calibrated:ps_calibevent_0143,2019-04-22T04:16:12.511Z,2019-04-22T07:20:12.274Z,ps_calibevent_0143,143,143M00:43:11.054,143M03:42:15.441,143 00:09:56,143 03:09:03,14.501,14.562,14.42,35,22.125
urn:nasa:pds:insight_ps:data_calibrated:ps_calib_0144,2019-04-23T04:11:25.874Z,2019-04-24T04:51:00.228Z,ps_calib_0144,144,144M00:00:00.393,144M23:59:59.528,143 23:27:06,144 23:27:27,14.977,15.467,15.13,35,17.301
urn:nasa:pds:insight_ps:data_calibrated:ps_calibevent_0144,2019-04-23T05:45:28.767Z,2019-04-23T05:48:56.713Z,ps_calibevent_0144,144,144M01:31:32.307,144M01:34:54.689,144 00:58:40,144 01:02:02,15.008,15.009,14.89,35,0.43
urn:nasa:pds:insight_ps:data_calibrated:ps_calib_0145,2019-04-24T04:51:00.728Z,2019-04-25T05:30:35.693Z,ps_calib_0145,145,145M00:00:00.014,145M23:59:59.742,144 23:27:27,145 23:27:49,15.467,15.956,15.61,35,17.301
urn:nasa:pds:insight_ps:data_calibrated:ps_calibevent_0145,2019-04-24T17:09:49.302Z,2019-04-25T05:30:35.893Z,ps_calibevent_0145,145,145M11:59:02.546,145M23:59:59.937,145 11:26:41,145 23:27:49,15.712,15.956,15.7,35,44.52
urn:nasa:pds:insight_ps:data_calibrated:ps_calibevent_0146,2019-04-25T05:30:35.993Z,2019-04-26T06:10:11.180Z,ps_calibevent_0146,146,146M00:00:00.034,146M23:59:59.979,145 23:27:49,146 23:28:11,15.956,16.445,16.09,35,80.039
urn:nasa:pds:insight_ps:data_calibrated:ps_calib_0146,2019-04-25T05:30:36.193Z,2019-04-26T06:10:11.180Z,ps_calib_0146,146,146M00:00:00.229,146M23:59:59.979,145 23:27:49,146 23:28:11,15.956,16.445,16.09,35,17.301
urn:nasa:pds:insight_ps:data_calibrated:ps_calibevent_0147,2019-04-26T06:10:11.280Z,2019-04-27T06:49:46.396Z,ps_calibevent_0147,147,147M00:00:00.076,147M23:59:59.951,146 23:28:11,147 23:28:32,16.445,16.933,16.56,35,88.91
urn:nasa:pds:insight_ps:data_calibrated:ps_calib_0147,2019-04-26T06:10:11.680Z,2019-04-27T06:49:45.996Z,ps_calib_0147,147,147M00:00:00.466,147M23:59:59.562,146 23:28:11,147 23:28:32,16.445,16.933,16.56,35,17.301
urn:nasa:pds:insight_ps:data_calibrated:ps_calib_0148,2019-04-27T06:49:46.496Z,2019-04-28T07:29:21.308Z,ps_calib_0148,148,148M00:00:00.048,148M23:59:59.628,147 23:28:32,148 23:28:54,16.933,17.42,17.04,35,17.301
urn:nasa:pds:insight_ps:data_calibrated:ps_calibevent_0148,2019-04-27T06:49:46.496Z,2019-04-28T07:29:21.608Z,ps_calibevent_0148,148,148M00:00:00.048,148M23:59:59.920,147 23:28:32,148 23:28:54,16.933,17.42,17.04,35,89.582
urn:nasa:pds:insight_ps:data_calibrated:ps_calibevent_0149,2019-04-28T07:29:21.708Z,2019-04-29T08:08:56.925Z,ps_calibevent_0149,149,149M00:00:00.018,149M23:59:59.991,148 23:28:54,149 23:29:16,17.42,17.907,17.51,35,88.91
urn:nasa:pds:insight_ps:data_calibrated:ps_calib_0149,2019-04-28T07:29:21.808Z,2019-04-29T08:08:56.725Z,ps_calib_0149,149,149M00:00:00.115,149M23:59:59.796,148 23:28:54,149 23:29:15,17.42,17.907,17.51,35,17.301
urn:nasa:pds:insight_ps:data_calibrated:ps_calibevent_0150,2019-04-29T08:08:57.025Z,2019-04-30T08:48:32.100Z,ps_calibevent_0150,150,150M00:00:00.088,150M23:59:59.924,149 23:29:16,150 23:29:37,17.907,18.393,17.98,35,99.575
urn:nasa:pds:insight_ps:data_calibrated:ps_calib_0150,2019-04-29T08:08:57.225Z,2019-04-30T08:48:31.700Z,ps_calib_0150,150,150M00:00:00.283,150M23:59:59.535,149 23:29:16,150 23:29:37,17.907,18.393,17.98,35,17.301
urn:nasa:pds:insight_ps:data_calibrated:ps_calib_0151,2019-04-30T08:48:32.200Z,2019-05-01T09:28:07.061Z,ps_calib_0151,151,151M00:00:00.021,151M23:59:59.649,150 23:29:37,151 23:29:59,18.393,18.878,18.46,35,17.301
urn:nasa:pds:insight_ps:data_calibrated:ps_calibevent_0151,2019-04-30T08:48:32.200Z,2019-05-01T09:28:07.361Z,ps_calibevent_0151,151,151M00:00:00.021,151M23:59:59.941,150 23:29:37,151 23:29:59,18.393,18.878,18.46,35,88.91
urn:nasa:pds:insight_ps:data_calibrated:ps_calibevent_0152,2019-05-01T09:28:07.461Z,2019-05-02T10:07:42.658Z,ps_calibevent_0152,152,152M00:00:00.038,152M23:59:59.992,151 23:29:59,152 23:30:21,18.878,19.363,19.02,35,143.477
urn:nasa:pds:insight_ps:data_calibrated:ps_calib_0152,2019-05-01T09:28:07.561Z,2019-05-02T10:07:42.408Z,ps_calib_0152,152,152M00:00:00.136,152M23:59:59.749,151 23:29:59,152 23:30:21,18.878,19.363,19.02,35,17.301
urn:nasa:pds:insight_ps:data_calibrated:ps_calibevent_0153,2019-05-02T10:07:42.708Z,2019-05-03T10:47:17.893Z,ps_calibevent_0153,153,153M00:00:00.041,153M23:59:59.984,152 23:30:21,153 23:30:43,19.363,19.847,19.49,35,120.918
urn:nasa:pds:insight_ps:data_calibrated:ps_calib_0153,2019-05-02T10:07:42.908Z,2019-05-03T10:47:17.693Z,ps_calib_0153,153,153M00:00:00.235,153M23:59:59.789,152 23:30:21,153 23:30:43,19.363,19.847,19.49,35,17.301
urn:nasa:pds:insight_ps:data_calibrated:ps_calibevent_0154,2019-05-03T10:47:17.993Z,2019-05-04T11:26:53.110Z,ps_calibevent_0154,154,154M00:00:00.081,154M23:59:59.957,153 23:30:43,154 23:31:05,19.847,20.33,19.96,35,147.399
urn:nasa:pds:insight_ps:data_calibrated:ps_calib_0154,2019-05-03T10:47:18.193Z,2019-05-04T11:26:52.960Z,ps_calib_0154,154,154M00:00:00.276,154M23:59:59.811,153 23:30:43,154 23:31:05,19.847,20.33,19.96,35,17.301
urn:nasa:pds:insight_ps:data_calibrated:ps_calibevent_0155,2019-05-04T11:26:53.160Z,2019-05-05T12:06:28.340Z,ps_calibevent_0155,155,155M00:00:00.005,155M23:59:59.944,154 23:31:05,155 23:31:27,20.33,20.813,20.43,35,93.516
urn:nasa:pds:insight_ps:data_calibrated:ps_calib_0155,2019-05-04T11:26:53.460Z,2019-05-05T12:06:28.140Z,ps_calib_0155,155,155M00:00:00.297,155M23:59:59.749,154 23:31:05,155 23:31:27,20.33,20.813,20.43,35,17.301
urn:nasa:pds:insight_ps:data_calibrated:ps_calibevent_0156,2019-05-05T12:06:28.440Z,2019-05-06T12:46:03.543Z,ps_calibevent_0156,156,156M00:00:00.041,156M23:59:59.903,155 23:31:27,156 23:31:49,20.813,21.295,20.9,35,88.91
urn:nasa:pds:insight_ps:data_calibrated:ps_calib_0156,2019-05-05T12:06:28.640Z,2019-05-06T12:46:03.343Z,ps_calib_0156,156,156M00:00:00.236,156M23:59:59.708,155 23:31:27,156 23:31:49,20.813,21.295,20.9,35,17.301
urn:nasa:pds:insight_ps:data_calibrated:ps_calibevent_0157,2019-05-06T12:46:03.643Z,2019-05-07T13:25:38.875Z,ps_calibevent_0157,157,157M00:00:00.000,157M23:59:59.989,156 23:31:49,157 23:32:11,21.295,21.777,21.37,35,88.91
urn:nasa:pds:insight_ps:data_calibrated:ps_calib_0157,2019-05-06T12:46:03.843Z,2019-05-07T13:25:38.575Z,ps_calib_0157,157,157M00:00:00.195,157M23:59:59.697,156 23:31:49,157 23:32:11,21.295,21.777,21.37,35,17.301
urn:nasa:pds:insight_ps:data_calibrated:ps_calibevent_0158,2019-05-07T13:25:38.975Z,2019-05-08T14:05:14.056Z,ps_calibevent_0158,158,158M00:00:00.086,158M23:59:59.928,157 23:32:11,158 23:32:33,21.777,22.258,21.84,35,80.028
urn:nasa:pds:insight_ps:data_calibrated:ps_calib_0158,2019-05-07T13:25:39.075Z,2019-05-08T14:05:13.856Z,ps_calib_0158,158,158M00:00:00.184,158M23:59:59.734,157 23:32:11,158 23:32:33,21.777,22.258,21.84,35,17.301
urn:nasa:pds:insight_ps:data_calibrated:ps_calibevent_0159,2019-05-08T14:05:14.156Z,2019-05-09T14:44:49.316Z,ps_calibevent_0159,159,159M00:00:00.026,159M23:59:59.943,158 23:32:33,159 23:32:55,22.258,22.738,22.31,35,88.703
urn:nasa:pds:insight_ps:data_calibrated:ps_calib_0159,2019-05-08T14:05:14.356Z,2019-05-09T14:44:49.216Z,ps_calib_0159,159,159M00:00:00.220,159M23:59:59.846,158 23:32:33,159 23:32:55,22.258,22.738,22.31,35,17.301
urn:nasa:pds:insight_ps:data_calibrated:ps_calibevent_0160,2019-05-09T14:44:49.416Z,2019-05-10T15:24:24.567Z,ps_calibevent_0160,160,160M00:00:00.041,160M23:59:59.950,159 23:32:55,160 23:33:17,22.738,23.218,22.92,35,88.91
urn:nasa:pds:insight_ps:data_calibrated:ps_calib_0160,2019-05-09T14:44:49.716Z,2019-05-10T15:24:24.167Z,ps_calib_0160,160,160M00:00:00.333,160M23:59:59.561,159 23:32:55,160 23:33:17,22.738,23.218,22.92,35,17.301
urn:nasa:pds:insight_ps:data_calibrated:ps_calib_0161,2019-05-10T15:24:24.667Z,2019-05-11T16:03:59.566Z,ps_calib_0161,161,161M00:00:00.048,161M23:59:59.711,160 23:33:17,161 23:33:39,23.218,23.697,23.38,35,17.301
urn:nasa:pds:insight_ps:data_calibrated:ps_calibevent_0161,2019-05-10T15:24:24.667Z,2019-05-11T15:30:27.999Z,ps_calibevent_0161,161,161M00:00:00.048,161M23:27:21.966,160 23:33:17,161 23:01:01,23.218,23.686,23.38,35,87.914
urn:nasa:pds:insight_ps:data_calibrated:ps_calib_0162,2019-05-11T16:04:00.066Z,2019-05-12T16:43:34.946Z,ps_calib_0162,162,162M00:00:00.198,162M23:59:59.844,161 23:33:40,162 23:34:01,23.697,24.176,23.85,35,17.301
urn:nasa:pds:insight_ps:data_calibrated:ps_calibevent_0162,2019-05-11T18:04:57.935Z,2019-05-12T16:43:35.046Z,ps_calibevent_0162,162,162M01:57:43.878,162M23:59:59.942,162 01:31:25,162 23:34:01,23.736,24.176,23.85,35,82.485
urn:nasa:pds:insight_ps:data_calibrated:ps_calibevent_0163,2019-05-12T16:43:35.146Z,2019-05-13T17:23:10.273Z,ps_calibevent_0163,163,163M00:00:00.039,163M23:59:59.924,162 23:34:01,163 23:34:23,24.176,24.654,24.32,35,91.211
urn:nasa:pds:insight_ps:data_calibrated:ps_calib_0163,2019-05-12T16:43:35.446Z,2019-05-13T17:23:10.073Z,ps_calib_0163,163,163M00:00:00.331,163M23:59:59.730,162 23:34:02,163 23:34:23,24.176,24.654,24.32,35,17.301
urn:nasa:pds:insight_ps:data_calibrated:ps_calibevent_0164,2019-05-13T17:23:10.373Z,2019-05-14T18:02:45.547Z,ps_calibevent_0164,164,164M00:00:00.022,164M23:59:59.954,163 23:34:24,164 23:34:46,24.654,25.131,24.78,35,89.414
urn:nasa:pds:insight_ps:data_calibrated:ps_calib_0164,2019-05-13T17:23:10.573Z,2019-05-14T18:02:45.447Z,ps_calib_0164,164,164M00:00:00.216,164M23:59:59.857,163 23:34:24,164 23:34:46,24.654,25.131,24.78,35,17.301
urn:nasa:pds:insight_ps:data_calibrated:ps_calibevent_0165,2019-05-14T18:02:45.647Z,2019-05-15T18:42:20.825Z,ps_calibevent_0165,165,165M00:00:00.051,165M23:59:59.987,164 23:34:46,165 23:35:08,25.131,25.608,25.24,35,89.922
urn:nasa:pds:insight_ps:data_calibrated:ps_calib_0165,2019-05-14T18:02:45.947Z,2019-05-15T18:42:20.825Z,ps_calib_0165,165,165M00:00:00.343,165M23:59:59.987,164 23:34:46,165 23:35:08,25.131,25.608,25.24,35,17.301
urn:nasa:pds:insight_ps:data_calibrated:ps_calibevent_0166,2019-05-15T18:42:20.925Z,2019-05-16T19:21:56.065Z,ps_calibevent_0166,166,166M00:00:00.085,166M23:59:59.983,165 23:35:08,166 23:35:30,25.608,26.084,25.71,35,92.282
urn:nasa:pds:insight_ps:data_calibrated:ps_calib_0166,2019-05-15T18:42:21.325Z,2019-05-16T19:21:55.665Z,ps_calib_0166,166,166M00:00:00.474,166M23:59:59.594,165 23:35:08,166 23:35:29,25.608,26.084,25.71,35,17.301
urn:nasa:pds:insight_ps:data_calibrated:ps_calib_0167,2019-05-16T19:21:56.165Z,2019-05-17T20:01:30.960Z,ps_calib_0167,167,167M00:00:00.080,167M23:59:59.644,166 23:35:30,167 23:35:52,26.084,26.56,26.17,35,17.301
urn:nasa:pds:insight_ps:data_calibrated:ps_calibevent_0167,2019-05-16T19:21:56.165Z,2019-05-17T20:01:31.310Z,ps_calibevent_0167,167,167M00:00:00.080,167M23:59:59.985,166 23:35:30,167 23:35:52,26.084,26.56,26.17,35,92.559
urn:nasa:pds:insight_ps:data_calibrated:ps_calibevent_0168,2019-05-17T20:01:31.360Z,2019-05-18T10:20:10.283Z,ps_calibevent_0168,168,168M00:00:00.033,168M13:55:40.531,167 23:35:52,168 13:31:45,26.56,26.836,26.63,35,33.293
urn:nasa:pds:insight_ps:data_calibrated:ps_calib_0168,2019-05-17T20:01:31.460Z,2019-05-18T20:41:06.551Z,ps_calib_0168,168,168M00:00:00.131,168M23:59:59.981,167 23:35:52,168 23:36:14,26.56,27.035,26.63,35,68.664
urn:nasa:pds:insight_ps:data_calibrated:ps_calib_0169,2019-05-18T20:41:06.651Z,2019-05-19T21:20:41.725Z,ps_calib_0169,169,169M00:00:00.079,169M23:59:59.913,168 23:36:14,169 23:36:36,27.035,27.51,27.1,35,86.559
urn:nasa:pds:insight_ps:data_calibrated:ps_calibevent_0169,2019-05-19T08:02:00.975Z,2019-05-19T08:06:20.920Z,ps_calibevent_0169,169,169M11:02:41.317,169M11:06:54.306,169 10:39:06,169 10:43:19,27.253,27.255,27.1,35,0.535
urn:nasa:pds:insight_ps:data_calibrated:ps_calib_0170,2019-05-19T21:20:41.825Z,2019-05-20T22:00:16.985Z,ps_calib_0170,170,170M00:00:00.010,170M23:59:59.929,169 23:36:36,170 23:36:58,27.51,27.984,27.7,35,86.559
urn:nasa:pds:insight_ps:data_calibrated:ps_calibevent_0170,2019-05-20T07:19:25.422Z,2019-05-20T12:22:08.955Z,ps_calibevent_0170,170,170M09:42:42.446,170M14:37:20.002,170 09:19:28,170 14:14:10,27.701,27.798,27.56,35,2.2
urn:nasa:pds:insight_ps:data_calibrated:ps_calib_0171,2019-05-20T22:00:17.085Z,2019-05-21T16:13:27.063Z,ps_calib_0171,171,171M00:00:00.026,171M17:43:55.098,170 23:36:58,171 17:21:10,27.984,28.333,28.02,35,63.953
urn:nasa:pds:insight_ps:data_calibrated:ps_calibevent_0171,2019-05-21T08:38:03.651Z,2019-05-21T11:36:49.365Z,ps_calibevent_0171,171,171M10:20:42.743,171M13:14:41.483,171 09:57:50,171 12:51:52,28.188,28.245,28.02,35,1.907
urn:nasa:pds:insight_ps:data_calibrated:ps_calib_0172,2019-05-22T01:01:20.628Z,2019-05-22T23:19:27.447Z,ps_calib_0172,172,172M02:17:41.214,172M23:59:59.903,172 01:55:04,172 23:37:42,28.502,28.93,28.62,35,78.282
urn:nasa:pds:insight_ps:data_calibrated:ps_calibevent_0172,2019-05-22T11:37:07.776Z,2019-05-22T23:19:27.497Z,ps_calibevent_0172,172,172M12:36:27.709,172M23:59:59.952,172 12:14:00,172 23:37:42,28.706,28.93,28.71,35,45.852
urn:nasa:pds:insight_ps:data_calibrated:ps_calib_0173,2019-05-22T23:19:27.547Z,2019-05-23T23:59:02.776Z,ps_calib_0173,173,173M00:00:00.001,173M23:59:59.986,172 23:37:42,173 23:38:04,28.93,29.403,29.08,35,86.559
urn:nasa:pds:insight_ps:data_calibrated:ps_calibevent_0173,2019-05-22T23:19:27.547Z,2019-05-23T20:00:04.655Z,ps_calibevent_0173,173,173M00:00:00.001,173M20:07:25.492,172 23:37:42,173 19:45:26,28.93,29.326,28.94,35,149.094
urn:nasa:pds:insight_ps:data_calibrated:ps_calib_0174,2019-05-23T23:59:02.876Z,2019-05-25T00:38:38.031Z,ps_calib_0174,174,174M00:00:00.083,174M23:59:59.997,173 23:38:04,174 23:38:26,29.403,29.874,29.54,35,86.559
urn:nasa:pds:insight_ps:data_calibrated:ps_calib_0175,2019-05-25T00:38:38.131Z,2019-05-26T01:18:13.214Z,ps_calib_0175,175,175M00:00:00.094,175M23:59:59.937,174 23:38:26,175 23:38:48,29.874,30.346,30,35,86.559
urn:nasa:pds:insight_ps:data_calibrated:ps_calib_0176,2019-05-26T01:18:13.314Z,2019-05-27T01:57:48.426Z,ps_calib_0176,176,176M00:00:00.034,176M23:59:59.906,175 23:38:48,176 23:39:10,30.346,30.817,30.46,35,86.559
urn:nasa:pds:insight_ps:data_calibrated:ps_calibevent_0176,2019-05-26T13:33:11.145Z,2019-05-26T14:35:43.016Z,ps_calibevent_0176,176,176M11:55:17.997,176M12:56:09.484,176 11:34:17,176 12:35:10,30.58,30.6,30.46,35,7.528
urn:nasa:pds:insight_ps:data_calibrated:ps_calib_0177,2019-05-27T01:57:48.526Z,2019-05-28T02:37:23.671Z,ps_calib_0177,177,177M00:00:00.004,177M23:59:59.907,176 23:39:10,177 23:39:32,30.817,31.287,30.91,35,86.559
urn:nasa:pds:insight_ps:data_calibrated:ps_calibevent_0177,2019-05-27T13:42:14.518Z,2019-05-27T16:56:22.221Z,ps_calibevent_0177,177,177M11:25:35.139,177M14:34:31.199,177 11:04:56,177 14:13:55,31.041,31.103,31.01,35,23.34
urn:nasa:pds:insight_ps:data_calibrated:ps_calib_0178,2019-05-28T02:37:23.771Z,2019-05-29T03:16:58.965Z,ps_calib_0178,178,178M00:00:00.004,178M23:59:59.956,177 23:39:32,178 23:39:54,31.287,31.757,31.46,35,86.559
urn:nasa:pds:insight_ps:data_calibrated:ps_calibevent_0178,2019-05-28T17:19:10.605Z,2019-05-28T17:36:38.535Z,ps_calibevent_0178,178,178M14:18:11.279,178M14:35:11.171,178 13:57:56,178 14:14:57,31.567,31.573,31.46,35,2.114
urn:nasa:pds:insight_ps:data_calibrated:ps_calib_0179,2019-05-29T03:16:59.065Z,2019-05-30T03:56:34.168Z,ps_calib_0179,179,179M00:00:00.053,179M23:59:59.916,178 23:39:54,179 23:40:16,31.757,32.227,31.92,35,86.559
urn:nasa:pds:insight_ps:data_calibrated:ps_calibevent_0179,2019-05-29T14:49:03.151Z,2019-05-29T15:06:23.077Z,ps_calibevent_0179,179,179M11:13:33.133,179M11:30:25.235,179 10:53:37,179 11:10:30,31.977,31.982,31.92,35,2.098
urn:nasa:pds:insight_ps:data_calibrated:ps_calib_0180,2019-05-30T03:56:34.268Z,2019-05-31T04:36:09.457Z,ps_calib_0180,180,180M00:00:00.013,180M23:59:59.960,179 23:40:16,180 23:40:38,32.227,32.695,32.38,35,86.559
urn:nasa:pds:insight_ps:data_calibrated:ps_calibevent_0180,2019-05-30T16:46:24.295Z,2019-05-30T16:59:24.229Z,ps_calibevent_0180,180,180M12:29:14.194,180M12:41:53.259,180 12:09:41,180 12:22:21,32.471,32.475,32.38,35,1.575
urn:nasa:pds:insight_ps:data_calibrated:ps_calib_0181,2019-05-31T04:36:09.557Z,2019-06-01T05:15:44.649Z,ps_calib_0181,181,181M00:00:00.057,181M23:59:59.909,180 23:40:38,181 23:40:59,32.695,33.164,32.83,35,86.559
urn:nasa:pds:insight_ps:data_calibrated:ps_calib_0182,2019-06-01T05:15:44.749Z,2019-06-02T05:55:19.948Z,ps_calib_0182,182,182M00:00:00.006,182M23:59:59.963,181 23:40:59,182 23:41:21,33.164,33.632,33.29,35,86.551
urn:nasa:pds:insight_ps:data_calibrated:ps_calib_0183,2019-06-02T05:55:20.048Z,2019-06-03T06:34:55.173Z,ps_calib_0183,183,183M00:00:00.060,183M23:59:59.944,182 23:41:21,183 23:41:43,33.632,34.099,33.74,35,86.559
urn:nasa:pds:insight_ps:data_calibrated:ps_calib_0184,2019-06-03T06:34:55.273Z,2019-06-04T07:14:30.417Z,ps_calib_0184,184,184M00:00:00.041,184M23:59:59.943,183 23:41:43,184 23:42:04,34.099,34.566,34.2,35,86.559
urn:nasa:pds:insight_ps:data_calibrated:ps_calib_0185,2019-06-04T07:14:30.517Z,2019-06-05T07:54:05.623Z,ps_calib_0185,185,185M00:00:00.041,185M23:59:59.907,184 23:42:04,185 23:42:26,34.566,35.033,34.65,35,86.559
urn:nasa:pds:insight_ps:data_calibrated:ps_calib_0186,2019-06-05T07:54:05.723Z,2019-06-06T08:33:40.924Z,ps_calib_0186,186,186M00:00:00.004,186M23:59:59.962,185 23:42:26,186 23:42:47,35.033,35.499,35.11,35,86.559
urn:nasa:pds:insight_ps:data_calibrated:ps_calib_0187,2019-06-06T08:33:41.024Z,2019-06-07T09:13:16.202Z,ps_calib_0187,187,187M00:00:00.059,187M23:59:59.996,186 23:42:47,187 23:43:09,35.499,35.965,35.56,35,86.559
urn:nasa:pds:insight_ps:data_calibrated:ps_calib_0188,2019-06-07T09:13:16.302Z,2019-06-08T09:52:51.382Z,ps_calib_0188,188,188M00:00:00.093,188M23:59:59.933,187 23:43:09,188 23:43:30,35.965,36.43,36.1,35,86.559
urn:nasa:pds:insight_ps:data_calibrated:ps_calib_0189,2019-06-08T09:52:51.482Z,2019-06-09T10:32:26.684Z,ps_calib_0189,189,189M00:00:00.030,189M23:59:59.990,188 23:43:30,189 23:43:51,36.43,36.895,36.56,35,86.559
urn:nasa:pds:insight_ps:data_calibrated:ps_calib_0190,2019-06-09T10:32:26.784Z,2019-06-10T11:12:01.841Z,ps_calib_0190,190,190M00:00:00.087,190M23:59:59.905,189 23:43:51,190 23:44:13,36.895,37.359,37.01,35,86.559
urn:nasa:pds:insight_ps:data_calibrated:ps_calib_0191,2019-06-10T11:12:01.941Z,2019-06-11T11:51:37.152Z,ps_calib_0191,191,191M00:00:00.002,191M23:59:59.970,190 23:44:13,191 23:44:34,37.359,37.823,37.46,35,86.559
urn:nasa:pds:insight_ps:data_calibrated:ps_calib_0192,2019-06-11T11:51:37.252Z,2019-06-12T12:31:12.341Z,ps_calib_0192,192,192M00:00:00.068,192M23:59:59.916,191 23:44:34,192 23:44:55,37.823,38.287,37.91,35,86.559
urn:nasa:pds:insight_ps:data_calibrated:ps_calib_0193,2019-06-12T12:31:12.441Z,2019-06-13T13:10:47.668Z,ps_calib_0193,193,193M00:00:00.014,193M23:59:59.998,192 23:44:55,193 23:45:16,38.287,38.75,38.36,35,86.559
urn:nasa:pds:insight_ps:data_calibrated:ps_calib_0194,2019-06-13T13:10:47.768Z,2019-06-14T13:50:22.828Z,ps_calib_0194,194,194M00:00:00.095,194M23:59:59.915,193 23:45:16,194 23:45:37,38.75,39.212,38.81,35,86.559
urn:nasa:pds:insight_ps:data_calibrated:ps_calibevent_0194,2019-06-13T20:59:13.939Z,2019-06-14T13:50:22.878Z,ps_calibevent_0194,194,194M07:35:54.265,194M23:59:59.964,194 07:21:17,194 23:45:37,38.896,39.212,38.95,35,121.668
urn:nasa:pds:insight_ps:data_calibrated:ps_calib_0195,2019-06-14T13:50:22.928Z,2019-06-15T14:29:58.072Z,ps_calib_0195,195,195M00:00:00.013,195M23:59:59.916,194 23:45:37,195 23:45:58,39.212,39.675,39.26,35,86.559
urn:nasa:pds:insight_ps:data_calibrated:ps_calibevent_0195,2019-06-14T13:50:22.928Z,2019-06-15T01:00:22.783Z,ps_calibevent_0195,195,195M00:00:00.013,195M10:52:04.293,194 23:45:37,195 10:37:51,39.212,39.422,39.17,35,80.832
urn:nasa:pds:insight_ps:data_calibrated:ps_calib_0196,2019-06-15T14:29:58.172Z,2019-06-16T15:09:33.399Z,ps_calib_0196,196,196M00:00:00.013,196M23:59:59.996,195 23:45:58,196 23:46:19,39.675,40.137,39.85,35,86.559
urn:nasa:pds:insight_ps:data_calibrated:ps_calib_0197,2019-06-16T15:09:33.499Z,2019-06-17T15:49:08.560Z,ps_calib_0197,197,197M00:00:00.093,197M23:59:59.915,196 23:46:19,197 23:46:39,40.137,40.598,40.3,35,86.559
urn:nasa:pds:insight_ps:data_calibrated:ps_calib_0198,2019-06-17T15:49:08.659Z,2019-06-18T16:28:43.805Z,ps_calib_0198,198,198M00:00:00.012,198M23:59:59.916,197 23:46:39,198 23:47:00,40.598,41.059,40.75,35,86.559
urn:nasa:pds:insight_ps:data_calibrated:ps_calib_0199,2019-06-18T16:28:43.905Z,2019-06-19T17:08:19.074Z,ps_calib_0199,199,199M00:00:00.014,199M23:59:59.940,198 23:47:00,199 23:47:21,41.059,41.52,41.19,35,86.559
urn:nasa:pds:insight_ps:data_calibrated:ps_calib_0200,2019-06-19T17:08:19.173Z,2019-06-20T17:47:54.315Z,ps_calib_0200,200,200M00:00:00.036,200M23:59:59.938,199 23:47:21,200 23:47:41,41.52,41.981,41.64,35,86.559
urn:nasa:pds:insight_ps:data_calibrated:ps_calib_0201,2019-06-20T17:47:54.415Z,2019-06-21T18:27:29.565Z,ps_calib_0201,201,201M00:00:00.035,201M23:59:59.943,200 23:47:41,201 23:48:02,41.981,42.441,42.09,35,86.559
urn:nasa:pds:insight_ps:data_calibrated:ps_calib_0202,2019-06-21T18:27:29.665Z,2019-06-22T19:07:04.798Z,ps_calib_0202,202,202M00:00:00.040,202M23:59:59.933,201 23:48:02,202 23:48:22,42.441,42.9,42.54,35,86.559
urn:nasa:pds:insight_ps:data_calibrated:ps_calibevent_0202,2019-06-22T15:29:08.021Z,2019-06-22T16:30:39.916Z,ps_calibevent_0202,202,202M20:27:53.034,202M21:27:46.149,202 20:16:12,202 21:16:06,42.833,42.852,42.76,35,7.407
urn:nasa:pds:insight_ps:data_calibrated:ps_calib_0203,2019-06-22T19:07:04.898Z,2019-06-23T19:46:40.038Z,ps_calib_0203,203,203M00:00:00.030,203M23:59:59.928,202 23:48:22,203 23:48:42,42.9,43.36,42.99,35,86.559
urn:nasa:pds:insight_ps:data_calibrated:ps_calib_0204,2019-06-23T19:46:40.138Z,2019-06-24T20:26:15.352Z,ps_calib_0204,204,204M00:00:00.026,204M23:59:59.997,203 23:48:42,204 23:49:02,43.36,43.818,43.43,35,86.551
urn:nasa:pds:insight_ps:data_calibrated:ps_calib_0205,2019-06-24T20:26:15.452Z,2019-06-25T21:05:50.548Z,ps_calib_0205,205,205M00:00:00.094,205M23:59:59.950,204 23:49:02,205 23:49:22,43.818,44.277,43.88,35,86.559
urn:nasa:pds:insight_ps:data_calibrated:ps_calib_0206,2019-06-25T21:05:50.648Z,2019-06-26T21:45:25.774Z,ps_calib_0206,206,206M00:00:00.047,206M23:59:59.933,205 23:49:23,206 23:49:42,44.277,44.735,44.46,35,86.559
urn:nasa:pds:insight_ps:data_calibrated:ps_calib_0207,2019-06-26T21:45:25.874Z,2019-06-27T22:25:01.007Z,ps_calib_0207,207,207M00:00:00.030,207M23:59:59.922,206 23:49:42,207 23:50:02,44.735,45.193,44.91,35,86.559
urn:nasa:pds:insight_ps:data_calibrated:ps_calib_0208,2019-06-27T22:25:01.107Z,2019-06-28T23:04:36.278Z,ps_calib_0208,208,208M00:00:00.019,208M23:59:59.948,207 23:50:02,208 23:50:22,45.193,45.651,45.35,35,86.559
urn:nasa:pds:insight_ps:data_calibrated:ps_calib_0209,2019-06-28T23:04:36.378Z,2019-06-29T23:44:11.475Z,ps_calib_0209,209,209M00:00:00.046,209M23:59:59.902,208 23:50:22,209 23:50:42,45.651,46.108,45.8,35,86.559
urn:nasa:pds:insight_ps:data_calibrated:ps_calibevent_0209,2019-06-29T11:59:32.429Z,2019-06-29T14:00:08.217Z,ps_calibevent_0209,209,209M12:34:12.062,209M14:31:34.251,209 12:24:45,209 14:22:08,45.89,45.928,45.8,35,14.504
urn:nasa:pds:insight_ps:data_calibrated:ps_calib_0210,2019-06-29T23:44:11.575Z,2019-07-01T00:23:46.730Z,ps_calib_0210,210,210M00:00:00.000,210M23:59:59.913,209 23:50:42,210 23:51:01,46.108,46.565,46.24,35,86.559
urn:nasa:pds:insight_ps:data_calibrated:ps_calib_0211,2019-07-01T00:23:46.830Z,2019-07-02T01:03:21.988Z,ps_calib_0211,211,211M00:00:00.011,211M23:59:59.926,210 23:51:01,211 23:51:21,46.565,47.022,46.69,35,86.559
urn:nasa:pds:insight_ps:data_calibrated:ps_calibevent_0211,2019-07-01T23:59:38.767Z,2019-07-02T01:03:22.038Z,ps_calibevent_0211,211,211M22:57:58.999,211M23:59:59.975,211 22:49:19,211 23:51:21,47.002,47.022,46.86,35,7.672
urn:nasa:pds:insight_ps:data_calibrated:ps_calib_0212,2019-07-02T01:03:22.088Z,2019-07-03T01:42:57.272Z,ps_calib_0212,212,212M00:00:00.024,212M23:59:59.966,211 23:51:21,212 23:51:40,47.022,47.478,47.13,35,86.559
urn:nasa:pds:insight_ps:data_calibrated:ps_calibevent_0212,2019-07-02T01:03:22.088Z,2019-07-03T00:00:24.748Z,ps_calibevent_0212,212,212M00:00:00.024,212M22:20:12.056,211 23:51:21,212 22:11:51,47.022,47.447,47.13,35,165.489
urn:nasa:pds:insight_ps:data_calibrated:ps_calib_0213,2019-07-03T01:42:57.372Z,2019-07-04T02:22:32.526Z,ps_calib_0213,213,213M00:00:00.063,213M23:59:59.975,212 23:51:40,213 23:52:00,47.478,47.934,47.57,35,86.559
urn:nasa:pds:insight_ps:data_calibrated:ps_calib_0214,2019-07-04T02:22:32.626Z,2019-07-05T03:02:07.766Z,ps_calib_0214,214,214M00:00:00.073,214M23:59:59.971,213 23:52:00,214 23:52:19,47.934,48.39,48.11,35,86.559
urn:nasa:pds:insight_ps:data_calibrated:ps_calib_0215,2019-07-05T03:02:07.866Z,2019-07-06T03:41:42.943Z,ps_calib_0215,215,215M00:00:00.068,215M23:59:59.906,214 23:52:19,215 23:52:38,48.39,48.845,48.55,35,86.559
urn:nasa:pds:insight_ps:data_calibrated:ps_calib_0216,2019-07-06T03:41:43.043Z,2019-07-06T23:16:55.960Z,ps_calib_0216,216,216M00:00:00.003,216M19:03:46.297,215 23:52:38,216 18:56:39,48.845,49.207,48.99,35,68.754
urn:nasa:pds:insight_ps:data_calibrated:ps_calib_0217,2019-07-07T17:30:45.811Z,2019-07-08T05:00:53.497Z,ps_calib_0217,217,217M12:48:20.176,217M23:59:59.970,217 12:41:27,217 23:53:16,49.543,49.756,49.52,35,40.379
urn:nasa:pds:insight_ps:data_calibrated:ps_calib_0218,2019-07-08T05:00:53.597Z,2019-07-09T05:40:28.738Z,ps_calib_0218,218,218M00:00:00.068,218M23:59:59.967,217 23:53:16,218 23:53:34,49.756,50.21,49.88,35,86.559
urn:nasa:pds:insight_ps:data_calibrated:ps_calibevent_0218,2019-07-09T02:59:38.139Z,2019-07-09T05:40:28.738Z,ps_calibevent_0218,218,218M21:23:27.577,218M23:59:59.967,218 21:17:00,218 23:53:34,50.161,50.21,50.1,35,19.34
urn:nasa:pds:insight_ps:data_calibrated:ps_calibevent_0219,2019-07-09T05:40:28.788Z,2019-07-09T09:00:49.607Z,ps_calibevent_0219,219,219M00:00:00.016,219M03:14:59.209,218 23:53:34,219 03:08:36,50.21,50.272,50.1,35,24.09
urn:nasa:pds:insight_ps:data_calibrated:ps_calib_0219,2019-07-09T05:40:28.838Z,2019-07-10T06:20:04.008Z,ps_calib_0219,219,219M00:00:00.064,219M23:59:59.993,218 23:53:34,219 23:53:53,50.21,50.665,50.32,35,86.559
urn:nasa:pds:insight_ps:data_calibrated:ps_calib_0220,2019-07-10T06:20:04.108Z,2019-07-11T06:59:39.213Z,ps_calib_0220,220,220M00:00:00.090,220M23:59:59.955,219 23:53:53,220 23:54:11,50.665,51.119,50.76,35,86.559
urn:nasa:pds:insight_ps:data_calibrated:ps_calib_0221,2019-07-11T06:59:39.313Z,2019-07-12T07:39:14.500Z,ps_calib_0221,221,221M00:00:00.052,221M23:59:59.996,220 23:54:12,221 23:54:30,51.119,51.573,51.2,35,86.559
urn:nasa:pds:insight_ps:data_calibrated:ps_calib_0222,2019-07-12T07:39:14.600Z,2019-07-13T08:18:49.714Z,ps_calib_0222,222,222M00:00:00.093,222M23:59:59.967,221 23:54:30,222 23:54:48,51.573,52.026,51.65,35,86.559
urn:nasa:pds:insight_ps:data_calibrated:ps_calib_0223,2019-07-13T08:18:49.814Z,2019-07-14T08:58:24.989Z,ps_calib_0223,223,223M00:00:00.065,223M23:59:59.997,222 23:54:48,223 23:55:06,52.026,52.48,52.09,35,86.559
urn:nasa:pds:insight_ps:data_calibrated:ps_calib_0224,2019-07-14T08:58:25.089Z,2019-07-15T09:38:00.189Z,ps_calib_0224,224,224M00:00:00.094,224M23:59:59.955,223 23:55:07,224 23:55:24,52.48,52.933,52.53,35,86.559
urn:nasa:pds:insight_ps:data_calibrated:ps_calib_0225,2019-07-15T09:38:00.289Z,2019-07-16T10:17:35.435Z,ps_calib_0225,225,225M00:00:00.052,225M23:59:59.956,224 23:55:25,225 23:55:42,52.933,53.386,53.06,35,86.559
urn:nasa:pds:insight_ps:data_calibrated:ps_calib_0226,2019-07-16T10:17:35.535Z,2019-07-17T10:57:10.677Z,ps_calib_0226,226,226M00:00:00.054,226M23:59:59.955,225 23:55:42,226 23:56:00,53.386,53.838,53.5,35,86.559
urn:nasa:pds:insight_ps:data_calibrated:ps_calibevent_0226,2019-07-17T03:29:48.926Z,2019-07-17T07:30:16.595Z,ps_calibevent_0226,226,226M16:44:36.373,226M20:38:38.020,226 16:40:31,226 20:34:36,53.702,53.775,53.63,35,28.91
urn:nasa:pds:insight_ps:data_calibrated:ps_calib_0227,2019-07-17T10:57:10.777Z,2019-07-18T11:36:45.921Z,ps_calib_0227,227,227M00:00:00.052,227M23:59:59.954,226 23:56:00,227 23:56:18,53.838,54.291,53.94,35,86.559
urn:nasa:pds:insight_ps:data_calibrated:ps_calib_0228,2019-07-18T11:36:46.021Z,2019-07-19T12:16:21.162Z,ps_calib_0228,228,228M00:00:00.052,228M23:59:59.952,227 23:56:18,228 23:56:36,54.291,54.743,54.38,35,86.559
urn:nasa:pds:insight_ps:data_calibrated:ps_calib_0229,2019-07-19T12:16:21.262Z,2019-07-20T12:55:56.423Z,ps_calib_0229,229,229M00:00:00.049,229M23:59:59.968,228 23:56:36,229 23:56:53,54.743,55.195,54.82,35,86.559
urn:nasa:pds:insight_ps:data_calibrated:ps_calib_0230,2019-07-20T12:55:56.523Z,2019-07-21T13:35:31.674Z,ps_calib_0230,230,230M00:00:00.065,230M23:59:59.974,229 23:56:53,230 23:57:10,55.195,55.647,55.26,35,86.551
urn:nasa:pds:insight_ps:data_calibrated:ps_calib_0231,2019-07-21T13:35:31.774Z,2019-07-22T05:02:38.655Z,ps_calib_0231,231,231M00:00:00.072,231M15:02:18.617,230 23:57:10,231 14:59:40,55.647,55.93,55.61,35,54.242
urn:nasa:pds:insight_ps:data_calibrated:ps_calibevent_0231,2019-07-22T02:14:48.000Z,2019-07-22T02:55:31.887Z,ps_calibevent_0231,231,231M12:18:57.409,231M12:58:35.908,231 12:16:17,231 12:55:56,55.879,55.891,55.7,35,4.91
urn:nasa:pds:insight_ps:data_calibrated:ps_calib_0232,2019-07-23T06:19:01.725Z,2019-07-23T14:54:42.176Z,ps_calib_0232,232,232M15:38:07.370,232M23:59:59.988,232 15:35:46,232 23:57:45,56.393,56.55,56.27,35,30.176
urn:nasa:pds:insight_ps:data_calibrated:ps_calib_0233,2019-07-23T14:54:42.276Z,2019-07-24T15:34:17.334Z,ps_calib_0233,233,233M00:00:00.085,233M23:59:59.905,232 23:57:45,233 23:58:02,56.55,57.002,56.71,35,83.606
urn:nasa:pds:insight_ps:data_calibrated:ps_calibevent_0233,2019-07-24T11:16:44.266Z,2019-07-24T12:34:52.121Z,ps_calibevent_0233,233,233M19:49:20.295,233M21:05:22.722,233 19:47:19,233 21:03:22,56.923,56.947,56.84,35,9.403
urn:nasa:pds:insight_ps:data_calibrated:ps_calib_0234,2019-07-24T15:34:17.434Z,2019-07-25T16:13:52.587Z,ps_calib_0234,234,234M00:00:00.002,234M23:59:59.913,233 23:58:02,234 23:58:19,57.002,57.453,57.15,35,86.559
urn:nasa:pds:insight_ps:data_calibrated:ps_calib_0235,2019-07-25T16:13:52.687Z,2019-07-26T16:53:27.838Z,ps_calib_0235,235,235M00:00:00.011,235M23:59:59.921,234 23:58:19,235 23:58:35,57.453,57.904,57.59,35,86.559
urn:nasa:pds:insight_ps:data_calibrated:ps_calibevent_0235,2019-07-26T06:59:58.445Z,2019-07-26T16:53:27.888Z,ps_calibevent_0235,235,235M14:22:23.281,235M23:59:59.969,235 14:20:52,235 23:58:35,57.723,57.904,57.72,35,71.332
urn:nasa:pds:insight_ps:data_calibrated:ps_calib_0236,2019-07-26T16:53:27.938Z,2019-07-27T17:33:03.119Z,ps_calib_0236,236,236M00:00:00.018,236M23:59:59.956,235 23:58:35,236 23:58:52,57.904,58.354,58.03,35,86.559
urn:nasa:pds:insight_ps:data_calibrated:ps_calibevent_0236,2019-07-26T16:53:27.938Z,2019-07-27T07:00:49.369Z,ps_calibevent_0236,236,236M00:00:00.018,236M13:44:41.150,235 23:58:35,236 13:43:26,57.904,58.162,57.9,35,101.836
urn:nasa:pds:insight_ps:data_calibrated:ps_calib_0237,2019-07-27T17:33:03.219Z,2019-07-28T18:12:38.348Z,ps_calib_0237,237,237M00:00:00.053,237M23:59:59.941,236 23:58:52,237 23:59:08,58.354,58.805,58.47,35,86.559
urn:nasa:pds:insight_ps:data_calibrated:ps_calib_0238,2019-07-28T18:12:38.448Z,2019-07-29T18:52:13.561Z,ps_calib_0238,238,238M00:00:00.038,238M23:59:59.911,237 23:59:08,238 23:59:25,58.805,59.255,58.9,35,86.559
urn:nasa:pds:insight_ps:data_calibrated:ps_calib_0239,2019-07-29T18:52:13.661Z,2019-07-30T19:31:48.886Z,ps_calib_0239,239,239M00:00:00.009,239M23:59:59.990,238 23:59:25,239 23:59:41,59.255,59.706,59.34,35,86.559
urn:nasa:pds:insight_ps:data_calibrated:ps_calibevent_0239,2019-07-30T13:29:31.764Z,2019-07-30T15:30:07.561Z,ps_calibevent_0239,239,239M18:07:24.460,239M20:04:46.658,239 18:07:02,239 20:04:25,59.595,59.632,59.56,35,14.504
urn:nasa:pds:insight_ps:data_calibrated:ps_calib_0240,2019-07-30T19:31:48.986Z,2019-07-31T20:11:24.050Z,ps_calib_0240,240,240M00:00:00.087,240M23:59:59.912,239 23:59:41,240 23:59:57,59.706,60.156,59.78,35,86.559
urn:nasa:pds:insight_ps:data_calibrated:ps_calib_0241,2019-07-31T20:11:24.150Z,2019-08-01T20:50:59.317Z,ps_calib_0241,241,241M00:00:00.010,241M23:59:59.934,240 23:59:57,242 00:00:13,60.156,60.606,60.22,35,84.688
urn:nasa:pds:insight_ps:data_calibrated:ps_calibevent_0241,2019-07-31T21:13:43.163Z,2019-07-31T22:09:11.033Z,ps_calibevent_0241,241,241M01:00:38.982,241M01:54:37.813,241 01:00:37,241 01:54:36,60.175,60.192,60.09,35,6.68
urn:nasa:pds:insight_ps:data_calibrated:ps_calib_0242,2019-08-01T20:50:59.417Z,2019-08-02T21:30:34.548Z,ps_calib_0242,242,242M00:00:00.032,242M23:59:59.922,242 00:00:13,243 00:00:29,60.606,61.056,60.66,35,86.559
urn:nasa:pds:insight_ps:data_calibrated:ps_calib_0243,2019-08-02T21:30:34.648Z,2019-08-03T22:10:09.784Z,ps_calib_0243,243,243M00:00:00.020,243M23:59:59.914,243 00:00:29,244 00:00:45,61.056,61.506,61.23,35,86.559
urn:nasa:pds:insight_ps:data_calibrated:ps_calib_0244,2019-08-03T22:10:09.884Z,2019-08-04T22:49:45.021Z,ps_calib_0244,244,244M00:00:00.011,244M23:59:59.907,244 00:00:45,245 00:01:00,61.506,61.955,61.66,35,84.098
urn:nasa:pds:insight_ps:data_calibrated:ps_calibevent_0244,2019-08-04T12:32:40.560Z,2019-08-04T13:35:04.423Z,ps_calibevent_0244,244,244M13:59:26.061,244M15:00:09.755,244 14:00:20,244 15:01:04,61.768,61.787,61.66,35,7.512
urn:nasa:pds:insight_ps:data_calibrated:ps_calib_0245,2019-08-04T22:49:45.121Z,2019-08-05T23:29:20.289Z,ps_calib_0245,245,245M00:00:00.004,245M23:59:59.931,245 00:01:00,246 00:01:16,61.955,62.405,62.1,35,84.59
urn:nasa:pds:insight_ps:data_calibrated:ps_calibevent_0245,2019-08-05T09:19:57.712Z,2019-08-05T10:14:41.572Z,ps_calibevent_0245,245,245M10:13:20.894,245M11:06:36.891,245 10:14:28,245 11:07:44,62.147,62.163,62.1,35,6.59
urn:nasa:pds:insight_ps:data_calibrated:ps_calib_0246,2019-08-05T23:29:20.389Z,2019-08-06T15:52:57.468Z,ps_calib_0246,246,246M00:00:00.028,246M15:57:18.064,246 00:01:16,246 15:58:44,62.405,62.703,62.41,35,57.547
urn:nasa:pds:insight_ps:data_calibrated:ps_calibevent_0246,2019-08-06T15:33:38.991Z,2019-08-07T00:08:55.581Z,ps_calibevent_0246,246,246M15:38:30.582,246M23:59:59.977,246 15:39:56,247 00:01:31,62.698,62.854,62.63,35,4.223
urn:nasa:pds:insight_ps:data_calibrated:ps_calibevent_0247,2019-08-07T00:08:55.631Z,2019-08-07T00:46:31.260Z,ps_calibevent_0247,247,247M00:00:00.026,247M00:36:35.304,247 00:01:31,247 00:38:07,62.854,62.866,62.71,35,4.532
urn:nasa:pds:insight_ps:data_calibrated:ps_calib_0247,2019-08-07T00:09:07.831Z,2019-08-08T00:48:30.847Z,ps_calib_0247,247,247M00:00:11.899,247M23:59:59.999,247 00:01:43,248 00:01:46,62.854,63.303,62.98,35,84.473
urn:nasa:pds:insight_ps:data_calibrated:ps_calib_0248,2019-08-08T00:48:30.947Z,2019-08-09T01:28:06.026Z,ps_calib_0248,248,248M00:00:00.096,248M23:59:59.935,248 00:01:47,249 00:02:01,63.303,63.753,63.41,35,86.559
urn:nasa:pds:insight_ps:data_calibrated:ps_calib_0249,2019-08-09T01:28:06.126Z,2019-08-10T02:07:41.277Z,ps_calib_0249,249,249M00:00:00.033,249M23:59:59.943,249 00:02:02,250 00:02:16,63.753,64.202,63.85,35,86.559
urn:nasa:pds:insight_ps:data_calibrated:ps_calib_0250,2019-08-10T02:07:41.377Z,2019-08-11T02:47:16.518Z,ps_calib_0250,250,250M00:00:00.040,250M23:59:59.939,250 00:02:17,251 00:02:31,64.202,64.651,64.29,35,86.559
urn:nasa:pds:insight_ps:data_calibrated:ps_calibevent_0250,2019-08-11T00:10:39.119Z,2019-08-11T00:46:11.023Z,ps_calibevent_0250,250,250M21:27:33.974,250M22:02:08.837,250 21:30:04,250 22:04:39,64.603,64.614,64.46,35,4.285
urn:nasa:pds:insight_ps:data_calibrated:ps_calib_0251,2019-08-11T02:47:16.618Z,2019-08-12T03:26:51.767Z,ps_calib_0251,251,251M00:00:00.037,251M23:59:59.944,251 00:02:31,252 00:02:46,64.651,65.1,64.81,35,86.559
urn:nasa:pds:insight_ps:data_calibrated:ps_calibevent_0251,2019-08-11T22:29:21.205Z,2019-08-12T00:30:08.031Z,ps_calibevent_0251,251,251M19:10:26.986,251M21:07:59.919,251 19:13:10,251 21:10:44,65.009,65.046,64.9,35,14.528
urn:nasa:pds:insight_ps:data_calibrated:ps_calib_0252,2019-08-12T03:26:51.867Z,2019-08-13T04:06:27.031Z,ps_calib_0252,252,252M00:00:00.041,252M23:59:59.964,252 00:02:46,253 00:03:01,65.1,65.549,65.25,35,86.559
urn:nasa:pds:insight_ps:data_calibrated:ps_calibevent_0252,2019-08-12T21:12:09.320Z,2019-08-12T21:50:25.225Z,ps_calibevent_0252,252,252M17:16:47.338,252M17:54:01.814,252 17:19:44,252 17:56:59,65.423,65.434,65.34,35,4.614
urn:nasa:pds:insight_ps:data_calibrated:ps_calib_0253,2019-08-13T04:06:27.131Z,2019-08-14T04:46:02.237Z,ps_calib_0253,253,253M00:00:00.061,253M23:59:59.926,253 00:03:01,254 00:03:15,65.549,65.997,65.69,35,86.559
urn:nasa:pds:insight_ps:data_calibrated:ps_calib_0254,2019-08-14T04:46:02.337Z,2019-08-15T05:25:37.479Z,ps_calib_0254,254,254M00:00:00.023,254M23:59:59.925,254 00:03:15,255 00:03:29,65.997,66.446,66.12,35,81.457
urn:nasa:pds:insight_ps:data_calibrated:ps_calibevent_0254,2019-08-15T00:32:44.129Z,2019-08-15T02:22:55.953Z,ps_calibevent_0254,254,254M19:14:56.762,254M21:02:11.681,254 19:18:23,254 21:05:39,66.357,66.391,66.21,35,6.817
urn:nasa:pds:insight_ps:data_calibrated:ps_calib_0255,2019-08-15T05:25:37.579Z,2019-08-16T06:05:12.746Z,ps_calib_0255,255,255M00:00:00.022,255M23:59:59.947,255 00:03:30,256 00:03:44,66.446,66.895,66.56,35,86.559
urn:nasa:pds:insight_ps:data_calibrated:ps_calibevent_0255,2019-08-16T03:57:36.909Z,2019-08-16T04:36:36.810Z,ps_calibevent_0255,255,255M21:55:48.947,255M22:33:46.243,255 21:59:31,255 22:37:29,66.856,66.868,66.78,35,4.7
urn:nasa:pds:insight_ps:data_calibrated:ps_calib_0256,2019-08-16T06:05:12.846Z,2019-08-17T06:44:47.959Z,ps_calib_0256,256,256M00:00:00.044,256M23:59:59.917,256 00:03:44,257 00:03:58,66.895,67.343,67,35,86.551
urn:nasa:pds:insight_ps:data_calibrated:ps_calib_0257,2019-08-17T06:44:48.059Z,2019-08-18T07:24:23.222Z,ps_calib_0257,257,257M00:00:00.014,257M23:59:59.935,257 00:03:58,258 00:04:12,67.343,67.792,67.43,35,86.559
urn:nasa:pds:insight_ps:data_calibrated:ps_calibevent_0257,2019-08-17T23:59:16.136Z,2019-08-18T04:07:09.812Z,ps_calibevent_0257,257,257M16:46:47.416,257M20:48:03.136,257 16:50:55,257 20:52:13,67.657,67.732,67.65,35,19.059
urn:nasa:pds:insight_ps:data_calibrated:ps_calib_0258,2019-08-18T07:24:23.322Z,2019-08-19T08:03:58.452Z,ps_calib_0258,258,258M00:00:00.032,258M23:59:59.921,258 00:04:12,259 00:04:26,67.792,68.24,67.87,35,86.559
urn:nasa:pds:insight_ps:data_calibrated:ps_calib_0259,2019-08-19T08:03:58.552Z,2019-08-20T08:43:33.739Z,ps_calib_0259,259,259M00:00:00.018,259M23:59:59.963,259 00:04:26,260 00:04:39,68.24,68.689,68.31,35,86.559
urn:nasa:pds:insight_ps:data_calibrated:ps_calib_0260,2019-08-20T08:43:33.839Z,2019-08-21T09:23:09.005Z,ps_calib_0260,260,260M00:00:00.061,260M23:59:59.984,260 00:04:39,261 00:04:53,68.689,69.137,68.74,35,73.547
urn:nasa:pds:insight_ps:data_calibrated:ps_calibevent_0260,2019-08-21T04:59:42.930Z,2019-08-21T09:00:10.586Z,ps_calibevent_0260,260,260M19:43:36.812,260M23:37:38.446,260 19:48:27,260 23:42:31,69.057,69.13,68.96,35,28.91
urn:nasa:pds:insight_ps:data_calibrated:ps_calib_0261,2019-08-21T09:23:09.105Z,2019-08-22T10:02:43.978Z,ps_calib_0261,261,261M00:00:00.082,261M23:59:59.721,261 00:04:53,262 00:05:06,69.137,69.586,69.27,35,49.223
urn:nasa:pds:insight_ps:data_calibrated:ps_calibevent_0261,2019-08-21T20:47:49.550Z,2019-08-22T10:02:44.178Z,ps_calibevent_0261,261,261M11:06:21.391,261M23:59:59.916,261 11:11:21,262 00:05:06,69.345,69.586,69.4,35,47.938
urn:nasa:pds:insight_ps:data_calibrated:ps_calibevent_0262,2019-08-22T10:02:44.278Z,2019-08-23T10:42:19.459Z,ps_calibevent_0262,262,262M00:00:00.013,262M23:59:59.951,262 00:05:06,263 00:05:20,69.586,70.034,69.7,35,105.914
urn:nasa:pds:insight_ps:data_calibrated:ps_calib_0262,2019-08-22T10:02:44.478Z,2019-08-23T10:42:19.209Z,ps_calib_0262,262,262M00:00:00.208,262M23:59:59.708,262 00:05:07,263 00:05:19,69.586,70.034,69.7,35,17.301
urn:nasa:pds:insight_ps:data_calibrated:ps_calibevent_0263,2019-08-23T10:42:19.509Z,2019-08-24T11:21:54.720Z,ps_calibevent_0263,263,263M00:00:00.000,263M23:59:59.968,263 00:05:20,264 00:05:33,70.034,70.482,70.14,35,100.93
urn:nasa:pds:insight_ps:data_calibrated:ps_calib_0263,2019-08-23T10:42:19.709Z,2019-08-24T11:21:54.320Z,ps_calib_0263,263,263M00:00:00.195,263M23:59:59.579,263 00:05:20,264 00:05:33,70.034,70.482,70.14,35,17.301
urn:nasa:pds:insight_ps:data_calibrated:ps_calib_0264,2019-08-24T11:21:54.820Z,2019-08-25T12:01:29.909Z,ps_calib_0264,264,264M00:00:00.066,264M23:59:59.914,264 00:05:33,265 00:05:46,70.482,70.931,70.58,35,17.301
urn:nasa:pds:insight_ps:data_calibrated:ps_calibevent_0264,2019-08-24T11:21:54.820Z,2019-08-25T12:01:29.909Z,ps_calibevent_0264,264,264M00:00:00.066,264M23:59:59.914,264 00:05:33,265 00:05:46,70.482,70.931,70.58,35,96.793
urn:nasa:pds:insight_ps:data_calibrated:ps_calibevent_0265,2019-08-25T12:01:30.009Z,2019-08-26T12:41:05.177Z,ps_calibevent_0265,265,265M00:00:00.011,265M23:59:59.938,265 00:05:46,266 00:05:59,70.931,71.379,71.01,35,88.91
urn:nasa:pds:insight_ps:data_calibrated:ps_calib_0265,2019-08-25T12:01:30.409Z,2019-08-26T12:41:04.977Z,ps_calib_0265,265,265M00:00:00.401,265M23:59:59.743,265 00:05:47,266 00:05:59,70.931,71.379,71.01,35,17.301
urn:nasa:pds:insight_ps:data_calibrated:ps_calibevent_0266,2019-08-26T12:41:05.277Z,2019-08-27T13:20:40.453Z,ps_calibevent_0266,266,266M00:00:00.035,266M23:59:59.969,266 00:05:59,267 00:06:12,71.379,71.828,71.45,35,59.133
urn:nasa:pds:insight_ps:data_calibrated:ps_calib_0266,2019-08-26T12:41:05.477Z,2019-08-27T13:20:40.253Z,ps_calib_0266,266,266M00:00:00.230,266M23:59:59.775,266 00:05:59,267 00:06:12,71.379,71.828,71.45,35,11.504
urn:nasa:pds:insight_ps:data_calibrated:ps_calibevent_0267,2019-08-27T13:20:40.553Z,2019-08-28T14:00:15.648Z,ps_calibevent_0267,267,267M00:00:00.067,267M23:59:59.921,267 00:06:12,268 00:06:25,71.828,72.276,71.89,35,74.086
urn:nasa:pds:insight_ps:data_calibrated:ps_calib_0267,2019-08-27T13:20:40.753Z,2019-08-28T14:00:15.248Z,ps_calib_0267,267,267M00:00:00.261,267M23:59:59.532,267 00:06:12,268 00:06:24,71.828,72.276,71.89,35,17.313
urn:nasa:pds:insight_ps:data_calibrated:ps_calib_0268,2019-08-28T14:00:15.748Z,2019-08-29T14:39:50.678Z,ps_calib_0268,268,268M00:00:00.019,268M23:59:59.713,268 00:06:25,269 00:06:37,72.276,72.724,72.32,35,17.461
urn:nasa:pds:insight_ps:data_calibrated:ps_calibevent_0268,2019-08-28T14:00:15.748Z,2019-08-29T14:39:50.878Z,ps_calibevent_0268,268,268M00:00:00.019,268M23:59:59.908,268 00:06:25,269 00:06:37,72.276,72.724,72.32,35,93.657
urn:nasa:pds:insight_ps:data_calibrated:ps_calibevent_0269,2019-08-29T14:39:50.978Z,2019-08-29T20:27:11.460Z,ps_calibevent_0269,269,269M00:00:00.005,269M05:38:02.886,269 00:06:37,269 05:44:43,72.724,72.83,72.67,35,20.961
urn:nasa:pds:insight_ps:data_calibrated:ps_calib_0269,2019-08-29T14:39:51.178Z,2019-08-29T20:26:53.060Z,ps_calib_0269,269,269M00:00:00.200,269M05:37:44.978,269 00:06:38,269 05:44:25,72.724,72.83,72.67,35,4.071
urn:nasa:pds:insight_ps:data_calibrated:ps_calib_0284,2019-09-14T16:12:42.278Z,2019-09-15T01:13:14.795Z,ps_calib_0284,284,284M15:13:55.157,284M23:59:59.920,284 15:23:35,285 00:09:44,79.741,79.905,79.66,35,31.586
urn:nasa:pds:insight_ps:data_calibrated:ps_calib_0285,2019-09-15T01:13:14.895Z,2019-09-16T01:52:50.058Z,ps_calib_0285,285,285M00:00:00.017,285M23:59:59.938,285 00:09:44,286 00:09:55,79.905,80.355,80.01,35,86.559
urn:nasa:pds:insight_ps:data_calibrated:ps_calib_0286,2019-09-16T01:52:50.158Z,2019-09-17T02:32:25.267Z,ps_calib_0286,286,286M00:00:00.035,286M23:59:59.905,286 00:09:55,287 00:10:05,80.355,80.804,80.45,35,86.559
urn:nasa:pds:insight_ps:data_calibrated:ps_calib_0287,2019-09-17T02:32:25.367Z,2019-09-18T03:12:00.599Z,ps_calib_0287,287,287M00:00:00.002,287M23:59:59.990,287 00:10:06,288 00:10:16,80.804,81.254,80.97,35,86.559
urn:nasa:pds:insight_ps:data_calibrated:ps_calib_0288,2019-09-18T03:12:00.699Z,2019-09-19T03:51:35.828Z,ps_calib_0288,288,288M00:00:00.087,288M23:59:59.975,288 00:10:16,289 00:10:27,81.254,81.704,81.41,35,86.559
urn:nasa:pds:insight_ps:data_calibrated:ps_calibevent_0288,2019-09-18T14:47:40.107Z,2019-09-18T14:52:00.050Z,ps_calibevent_0288,288,288M11:17:02.728,288M11:21:15.716,288 11:27:24,288 11:31:37,81.466,81.467,81.32,35,0.535
urn:nasa:pds:insight_ps:data_calibrated:ps_calib_0289,2019-09-19T03:51:35.928Z,2019-09-20T04:31:11.066Z,ps_calib_0289,289,289M00:00:00.073,289M23:59:59.970,289 00:10:27,290 00:10:37,81.704,82.154,81.85,35,86.559
urn:nasa:pds:insight_ps:data_calibrated:ps_calibevent_0289,2019-09-19T14:25:59.168Z,2019-09-19T16:52:34.911Z,ps_calibevent_0289,289,289M10:17:24.904,289M12:40:05.311,289 10:27:56,289 12:50:37,81.897,81.942,81.85,35,0.95
urn:nasa:pds:insight_ps:data_calibrated:ps_calib_0290,2019-09-20T04:31:11.166Z,2019-09-21T05:10:46.305Z,ps_calib_0290,290,290M00:00:00.067,290M23:59:59.965,290 00:10:37,291 00:10:47,82.154,82.604,82.29,35,86.559
urn:nasa:pds:insight_ps:data_calibrated:ps_calibevent_0290,2019-09-20T18:08:41.914Z,2019-09-21T05:10:46.305Z,ps_calibevent_0290,290,290M13:15:38.428,290M23:59:59.965,290 13:26:21,291 00:10:47,82.403,82.604,82.37,35,14.95
urn:nasa:pds:insight_ps:data_calibrated:ps_calibevent_0291,2019-09-21T05:10:46.355Z,2019-09-22T04:30:00.872Z,ps_calibevent_0291,291,291M00:00:00.014,291M22:41:48.268,291 00:10:47,291 22:52:45,82.604,83.03,82.73,35,168.157
urn:nasa:pds:insight_ps:data_calibrated:ps_calib_0291,2019-09-21T05:10:46.405Z,2019-09-22T05:50:21.513Z,ps_calib_0291,291,291M00:00:00.062,291M23:59:59.930,291 00:10:47,292 00:10:57,82.604,83.054,82.73,35,86.559
urn:nasa:pds:insight_ps:data_calibrated:ps_calib_0292,2019-09-22T05:50:21.613Z,2019-09-23T06:29:56.790Z,ps_calib_0292,292,292M00:00:00.027,292M23:59:59.962,292 00:10:58,293 00:11:08,83.054,83.505,83.16,35,86.551
urn:nasa:pds:insight_ps:data_calibrated:ps_calibevent_0292,2019-09-22T23:18:21.217Z,2019-09-23T05:00:46.762Z,ps_calibevent_0292,292,292M16:59:57.243,292M22:33:13.078,292 17:11:02,292 22:44:20,83.373,83.478,83.38,35,41.16
urn:nasa:pds:insight_ps:data_calibrated:ps_calib_0293,2019-09-23T06:29:56.890Z,2019-09-24T07:09:31.974Z,ps_calib_0293,293,293M00:00:00.060,293M23:59:59.904,293 00:11:08,294 00:11:18,83.505,83.955,83.6,35,81.438
urn:nasa:pds:insight_ps:data_calibrated:ps_calibevent_0293,2019-09-23T21:17:53.300Z,2019-09-24T05:06:17.689Z,ps_calibevent_0293,293,293M14:24:11.022,293M22:00:03.458,293 14:35:25,293 22:11:20,83.775,83.918,83.82,35,51.446
urn:nasa:pds:insight_ps:data_calibrated:ps_calib_0294,2019-09-24T07:09:32.074Z,2019-09-25T07:49:07.285Z,ps_calib_0294,294,294M00:00:00.001,294M23:59:59.969,294 00:11:18,295 00:11:28,83.955,84.406,84.04,35,86.559
urn:nasa:pds:insight_ps:data_calibrated:ps_calibevent_0294,2019-09-25T00:37:15.004Z,2019-09-25T07:00:41.501Z,ps_calibevent_0294,294,294M16:59:40.989,294M23:12:51.931,294 17:11:06,294 23:24:19,84.275,84.391,84.26,35,41.7
urn:nasa:pds:insight_ps:data_calibrated:ps_calib_0295,2019-09-25T07:49:07.385Z,2019-09-26T07:32:19.938Z,ps_calib_0295,295,295M00:00:00.066,295M23:05:07.881,295 00:11:28,295 23:16:45,84.406,84.84,84.48,35,79.02
urn:nasa:pds:insight_ps:data_calibrated:ps_calibevent_0295,2019-09-25T11:55:53.121Z,2019-09-26T08:28:42.511Z,ps_calibevent_0295,295,295M04:00:09.664,295M23:59:59.952,295 04:11:39,296 00:11:37,84.481,84.857,84.48,35,60.703
urn:nasa:pds:insight_ps:data_calibrated:ps_calibevent_0296,2019-09-26T08:28:42.561Z,2019-09-27T07:05:01.342Z,ps_calibevent_0296,296,296M00:00:00.000,296M22:00:01.434,296 00:11:38,296 22:11:48,84.857,85.271,84.92,35,39.41
urn:nasa:pds:insight_ps:data_calibrated:ps_calib_0296,2019-09-26T08:41:49.843Z,2019-09-27T09:08:17.729Z,ps_calib_0296,296,296M00:12:46.217,296M23:59:59.926,296 00:24:24,297 00:11:47,84.861,85.308,84.92,35,85.703
urn:nasa:pds:insight_ps:data_calibrated:ps_calib_0297,2019-09-27T09:08:17.829Z,2019-09-28T09:47:53.020Z,ps_calib_0297,297,297M00:00:00.023,297M23:59:59.972,297 00:11:47,298 00:11:57,85.308,85.759,85.45,35,85.477
urn:nasa:pds:insight_ps:data_calibrated:ps_calibevent_0297,2019-09-27T12:56:32.894Z,2019-09-28T07:44:59.142Z,ps_calibevent_0297,297,297M03:42:08.668,297M22:00:23.386,297 03:53:57,297 22:12:20,85.378,85.722,85.36,35,42.883
urn:nasa:pds:insight_ps:data_calibrated:ps_calib_0298,2019-09-28T09:47:53.120Z,2019-09-29T10:27:28.232Z,ps_calib_0298,298,298M00:00:00.069,298M23:59:59.940,298 00:11:57,299 00:12:07,85.759,86.211,85.88,35,86.559
urn:nasa:pds:insight_ps:data_calibrated:ps_calibevent_0298,2019-09-29T10:11:13.855Z,2019-09-29T10:27:28.282Z,ps_calibevent_0298,298,298M23:44:11.634,298M23:59:59.989,298 23:56:18,299 00:12:07,86.206,86.211,86.15,35,1.965
urn:nasa:pds:insight_ps:data_calibrated:ps_calib_0299,2019-09-29T10:27:28.332Z,2019-09-30T11:07:03.521Z,ps_calib_0299,299,299M00:00:00.037,299M23:59:59.985,299 00:12:07,300 00:12:16,86.211,86.663,86.32,35,86.559
urn:nasa:pds:insight_ps:data_calibrated:ps_calibevent_0299,2019-09-29T10:27:28.332Z,2019-09-30T07:04:07.899Z,ps_calibevent_0299,299,299M00:00:00.037,299M20:03:34.343,299 00:12:07,299 20:15:49,86.211,86.588,86.24,35,13.196
urn:nasa:pds:insight_ps:data_calibrated:ps_calib_0300,2019-09-30T11:07:03.621Z,2019-10-01T11:46:38.720Z,ps_calib_0300,300,300M00:00:00.082,300M23:59:59.940,300 00:12:16,301 00:12:26,86.663,87.114,86.76,35,83.703
urn:nasa:pds:insight_ps:data_calibrated:ps_calibevent_0300,2019-10-01T03:28:12.075Z,2019-10-01T07:35:46.710Z,ps_calibevent_0300,300,300M15:54:53.469,300M19:55:50.657,300 16:07:16,300 20:08:15,86.962,87.038,86.9,35,9.594
urn:nasa:pds:insight_ps:data_calibrated:ps_calib_0301,2019-10-01T11:46:38.820Z,2019-10-02T12:26:13.953Z,ps_calib_0301,301,301M00:00:00.038,301M23:59:59.929,301 00:12:26,302 00:12:35,87.114,87.566,87.2,35,86.559
urn:nasa:pds:insight_ps:data_calibrated:ps_calibevent_0301,2019-10-01T14:56:10.139Z,2019-10-02T09:15:13.465Z,ps_calibevent_0301,301,301M03:04:27.109,301M20:54:06.075,301 03:16:54,301 21:06:40,87.172,87.508,87.2,35,12.735
urn:nasa:pds:insight_ps:data_calibrated:ps_calib_0302,2019-10-02T12:26:14.053Z,2019-10-03T13:05:49.203Z,ps_calib_0302,302,302M00:00:00.027,302M23:59:59.936,302 00:12:35,303 00:12:44,87.566,88.019,87.64,35,86.559
urn:nasa:pds:insight_ps:data_calibrated:ps_calibevent_0302,2019-10-03T08:12:40.478Z,2019-10-03T11:16:03.201Z,ps_calibevent_0302,302,302M19:14:41.809,302M22:13:10.147,302 19:27:24,302 22:25:54,87.929,87.985,87.78,35,12.645
urn:nasa:pds:insight_ps:data_calibrated:ps_calib_0303,2019-10-03T13:05:49.303Z,2019-10-04T13:45:24.493Z,ps_calib_0303,303,303M00:00:00.033,303M23:59:59.980,303 00:12:44,304 00:12:54,88.019,88.471,88.08,35,86.559
urn:nasa:pds:insight_ps:data_calibrated:ps_calibevent_0303,2019-10-03T17:08:26.751Z,2019-10-04T08:01:34.379Z,ps_calibevent_0303,303,303M03:56:07.986,303M18:25:21.840,303 04:08:54,303 18:38:13,88.093,88.366,88.08,35,8.242
urn:nasa:pds:insight_ps:data_calibrated:ps_calib_0304,2019-10-04T13:45:24.593Z,2019-10-05T14:24:59.749Z,ps_calib_0304,304,304M00:00:00.078,304M23:59:59.992,304 00:12:54,305 00:13:03,88.471,88.924,88.52,35,86.559
urn:nasa:pds:insight_ps:data_calibrated:ps_calibevent_0304,2019-10-04T17:52:41.618Z,2019-10-05T13:06:27.811Z,ps_calibevent_0304,304,304M04:00:40.128,304M22:43:34.125,304 04:13:35,304 22:56:36,88.547,88.9,88.66,35,19.035
urn:nasa:pds:insight_ps:data_calibrated:ps_calib_0305,2019-10-05T14:24:59.849Z,2019-10-06T15:04:34.989Z,ps_calib_0305,305,305M00:00:00.089,305M23:59:59.989,305 00:13:03,306 00:13:12,88.924,89.377,89.1,35,86.559
urn:nasa:pds:insight_ps:data_calibrated:ps_calibevent_0305,2019-10-06T11:49:41.847Z,2019-10-06T12:16:41.763Z,ps_calibevent_0305,305,305M20:50:19.704,305M21:16:36.279,305 21:03:30,305 21:29:47,89.317,89.325,89.23,35,3.258
urn:nasa:pds:insight_ps:data_calibrated:ps_calib_0306,2019-10-06T15:04:35.089Z,2019-10-07T15:44:10.201Z,ps_calib_0306,306,306M00:00:00.086,306M23:59:59.957,306 00:13:12,307 00:13:21,89.377,89.83,89.54,35,86.559
urn:nasa:pds:insight_ps:data_calibrated:ps_calibevent_0306,2019-10-06T18:14:42.319Z,2019-10-07T15:44:10.201Z,ps_calibevent_0306,306,306M03:05:02.107,306M23:59:59.957,306 03:18:15,307 00:13:21,89.435,89.83,89.54,35,21.129
urn:nasa:pds:insight_ps:data_calibrated:ps_calibevent_0307,2019-10-07T15:44:10.251Z,2019-10-07T16:00:06.429Z,ps_calibevent_0307,307,307M00:00:00.006,307M00:15:30.601,307 00:13:21,307 00:28:52,89.83,89.835,89.76,35,1.93
urn:nasa:pds:insight_ps:data_calibrated:ps_calib_0307,2019-10-07T15:44:10.301Z,2019-10-08T16:23:45.427Z,ps_calib_0307,307,307M00:00:00.054,307M23:59:59.939,307 00:13:21,308 00:13:30,89.83,90.283,89.98,35,86.559
urn:nasa:pds:insight_ps:data_calibrated:ps_calib_0308,2019-10-08T16:23:45.527Z,2019-10-09T17:03:20.694Z,ps_calib_0308,308,308M00:00:00.037,308M23:59:59.962,308 00:13:30,309 00:13:39,90.283,90.737,90.42,35,86.559
urn:nasa:pds:insight_ps:data_calibrated:ps_calib_0309,2019-10-09T17:03:20.794Z,2019-10-10T17:42:55.904Z,ps_calib_0309,309,309M00:00:00.059,309M23:59:59.928,309 00:13:39,310 00:13:48,90.737,91.191,90.86,35,86.559
urn:nasa:pds:insight_ps:data_calibrated:ps_calibevent_0309,2019-10-10T10:52:06.447Z,2019-10-10T15:55:32.007Z,ps_calibevent_0309,309,309M17:20:09.986,309M22:15:28.443,309 17:33:55,309 22:29:15,91.065,91.158,91.08,35,9.418
urn:nasa:pds:insight_ps:data_calibrated:ps_calib_0310,2019-10-10T17:42:56.004Z,2019-10-11T18:22:31.152Z,ps_calib_0310,310,310M00:00:00.026,310M23:59:59.932,310 00:13:48,311 00:13:56,91.191,91.645,91.3,35,84.785
urn:nasa:pds:insight_ps:data_calibrated:ps_calibevent_0310,2019-10-11T08:51:38.436Z,2019-10-11T11:46:06.132Z,ps_calibevent_0310,310,310M14:44:23.672,310M17:34:11.298,310 14:58:17,310 17:48:05,91.47,91.523,91.3,35,7.93
urn:nasa:pds:insight_ps:data_calibrated:ps_calib_0311,2019-10-11T18:22:31.252Z,2019-10-12T19:02:06.386Z,ps_calib_0311,311,311M00:00:00.030,311M23:59:59.923,311 00:13:56,312 00:14:05,91.645,92.099,91.75,35,86.559
urn:nasa:pds:insight_ps:data_calibrated:ps_calibevent_0311,2019-10-12T12:29:55.915Z,2019-10-12T16:38:00.544Z,ps_calibevent_0311,311,311M17:38:19.026,311M21:39:45.407,311 17:52:22,311 21:53:50,91.979,92.055,91.97,35,17.52
urn:nasa:pds:insight_ps:data_calibrated:ps_calib_0312,2019-10-12T19:02:06.486Z,2019-10-13T19:41:41.660Z,ps_calib_0312,312,312M00:00:00.021,312M23:59:59.952,312 00:14:05,313 00:14:14,92.099,92.554,92.19,35,86.559
urn:nasa:pds:insight_ps:data_calibrated:ps_calibevent_0312,2019-10-13T14:46:13.552Z,2019-10-13T17:03:17.327Z,ps_calibevent_0312,312,312M19:12:26.172,312M21:25:49.914,312 19:26:38,312 21:40:03,92.463,92.505,92.41,35,6.262
urn:nasa:pds:insight_ps:data_calibrated:ps_calib_0313,2019-10-13T19:41:41.760Z,2019-10-14T20:21:16.930Z,ps_calib_0313,313,313M00:00:00.050,313M23:59:59.978,313 00:14:14,314 00:14:22,92.554,93.009,92.63,35,86.559
urn:nasa:pds:insight_ps:data_calibrated:ps_calibevent_0313,2019-10-14T12:54:36.522Z,2019-10-14T13:20:36.436Z,ps_calibevent_0313,313,313M16:45:16.633,313M17:10:34.811,313 16:59:37,313 17:24:55,92.871,92.879,92.76,35,3.137
urn:nasa:pds:insight_ps:data_calibrated:ps_calib_0314,2019-10-14T20:21:17.030Z,2019-10-15T21:00:52.184Z,ps_calib_0314,314,314M00:00:00.075,314M23:59:59.987,314 00:14:23,315 00:14:31,93.009,93.464,93.07,35,86.559
urn:nasa:pds:insight_ps:data_calibrated:ps_calibevent_0314,2019-10-15T13:59:20.268Z,2019-10-15T16:30:19.006Z,ps_calibevent_0314,314,314M17:09:44.774,314M19:36:41.139,314 17:24:13,314 19:51:11,93.334,93.381,93.3,35,18.157
urn:nasa:pds:insight_ps:data_calibrated:ps_calib_0315,2019-10-15T21:00:52.284Z,2019-10-16T21:40:27.439Z,ps_calib_0315,315,315M00:00:00.085,315M23:59:59.998,315 00:14:31,316 00:14:40,93.464,93.919,93.65,35,84.196
urn:nasa:pds:insight_ps:data_calibrated:ps_calibevent_0315,2019-10-16T00:17:22.385Z,2019-10-16T17:42:20.728Z,ps_calibevent_0315,315,315M03:11:14.733,315M20:08:15.538,315 03:25:47,315 20:22:54,93.524,93.846,93.52,35,19.469
urn:nasa:pds:insight_ps:data_calibrated:ps_calib_0316,2019-10-16T21:40:27.539Z,2019-10-17T22:20:02.660Z,ps_calib_0316,316,316M00:00:00.095,316M23:59:59.976,316 00:14:40,317 00:14:48,93.919,94.375,94.09,35,86.559
urn:nasa:pds:insight_ps:data_calibrated:ps_calib_0317,2019-10-17T22:20:02.760Z,2019-10-18T22:59:37.849Z,ps_calib_0317,317,317M00:00:00.073,317M23:59:59.922,317 00:14:48,318 00:14:56,94.375,94.831,94.54,35,72.684
urn:nasa:pds:insight_ps:data_calibrated:ps_calibevent_0317,2019-10-17T23:58:59.008Z,2019-10-18T20:41:34.003Z,ps_calibevent_0317,317,317M01:36:17.492,317M21:45:37.716,317 01:51:06,317 22:00:34,94.405,94.788,94.4,35,34.43
urn:nasa:pds:insight_ps:data_calibrated:ps_calib_0318,2019-10-18T22:59:37.949Z,2019-10-19T23:39:13.088Z,ps_calib_0318,318,318M00:00:00.019,318M23:59:59.917,318 00:14:57,319 00:15:05,94.831,95.287,94.98,35,86.559
urn:nasa:pds:insight_ps:data_calibrated:ps_calib_0319,2019-10-19T23:39:13.188Z,2019-10-21T00:18:48.371Z,ps_calib_0319,319,319M00:00:00.014,319M23:59:59.955,319 00:15:05,320 00:15:13,95.287,95.744,95.43,35,86.559
urn:nasa:pds:insight_ps:data_calibrated:ps_calib_0320,2019-10-21T00:18:48.471Z,2019-10-22T00:58:23.583Z,ps_calib_0320,320,320M00:00:00.052,320M23:59:59.924,320 00:15:13,321 00:15:22,95.744,96.201,95.87,35,86.559
urn:nasa:pds:insight_ps:data_calibrated:ps_calibevent_0320,2019-10-21T04:49:21.957Z,2019-10-21T20:32:02.480Z,ps_calibevent_0320,320,320M04:23:19.200,320M19:40:46.406,320 04:38:34,320 19:56:07,95.827,96.119,95.87,35,5.742
urn:nasa:pds:insight_ps:data_calibrated:ps_calib_0321,2019-10-22T00:58:23.683Z,2019-10-23T01:37:58.807Z,ps_calib_0321,321,321M00:00:00.021,321M23:59:59.904,321 00:15:22,322 00:15:30,96.201,96.658,96.31,35,84.59
urn:nasa:pds:insight_ps:data_calibrated:ps_calibevent_0321,2019-10-22T19:35:12.478Z,2019-10-22T23:55:36.096Z,ps_calibevent_0321,321,321M18:06:55.949,321M22:20:21.546,321 18:22:24,321 22:35:51,96.546,96.627,96.4,35,8.301
urn:nasa:pds:insight_ps:data_calibrated:ps_calib_0322,2019-10-23T01:37:58.907Z,2019-10-24T02:17:34.133Z,ps_calib_0322,322,322M00:00:00.001,322M23:59:59.985,322 00:15:30,323 00:15:38,96.658,97.116,96.76,35,78.68
urn:nasa:pds:insight_ps:data_calibrated:ps_calibevent_0322,2019-10-23T02:03:15.971Z,2019-10-23T23:16:26.032Z,ps_calibevent_0322,322,322M00:24:36.475,322M21:03:42.667,322 00:40:07,322 21:19:20,96.666,97.06,96.76,35,26.539
urn:nasa:pds:insight_ps:data_calibrated:ps_calib_0323,2019-10-24T02:17:34.234Z,2019-10-25T02:57:09.303Z,ps_calib_0323,323,323M00:00:00.082,323M23:59:59.913,323 00:15:38,324 00:15:46,97.116,97.574,97.21,35,86.559
urn:nasa:pds:insight_ps:data_calibrated:ps_calibevent_0323,2019-10-24T21:08:24.088Z,2019-10-25T01:18:24.694Z,ps_calibevent_0323,323,323M18:20:34.566,323M22:23:53.820,323 18:36:19,323 22:39:40,97.466,97.543,97.38,35,9.317
urn:nasa:pds:insight_ps:data_calibrated:ps_calib_0324,2019-10-25T02:57:09.403Z,2019-10-26T03:36:44.587Z,ps_calib_0324,324,324M00:00:00.010,324M23:59:59.952,324 00:15:46,325 00:15:55,97.574,98.032,97.74,35,86.559
urn:nasa:pds:insight_ps:data_calibrated:ps_calibevent_0324,2019-10-25T05:15:24.396Z,2019-10-25T21:37:35.809Z,ps_calibevent_0324,324,324M02:14:33.065,324M18:10:27.726,324 02:30:20,324 18:26:20,97.616,97.921,97.74,35,11.262
urn:nasa:pds:insight_ps:data_calibrated:ps_calib_0325,2019-10-26T03:36:44.687Z,2019-10-27T04:16:19.812Z,ps_calib_0325,325,325M00:00:00.049,325M23:59:59.933,325 00:15:55,326 00:16:03,98.032,98.49,98.19,35,86.559
urn:nasa:pds:insight_ps:data_calibrated:ps_calibevent_0325,2019-10-27T00:56:04.475Z,2019-10-27T04:16:19.862Z,ps_calibevent_0325,325,325M20:45:06.074,325M23:59:59.982,325 21:01:08,326 00:16:03,98.428,98.49,98.41,35,18.926
urn:nasa:pds:insight_ps:data_calibrated:ps_calib_0326,2019-10-27T04:16:19.912Z,2019-10-28T04:55:55.041Z,ps_calib_0326,326,326M00:00:00.030,326M23:59:59.918,326 00:16:03,327 00:16:11,98.49,98.949,98.63,35,86.559
urn:nasa:pds:insight_ps:data_calibrated:ps_calibevent_0326,2019-10-27T04:16:19.912Z,2019-10-27T04:46:08.120Z,ps_calibevent_0326,326,326M00:00:00.030,326M00:29:00.393,326 00:16:03,326 00:45:03,98.49,98.5,98.41,35,3.61
urn:nasa:pds:insight_ps:data_calibrated:ps_calib_0327,2019-10-28T04:55:55.141Z,2019-10-29T05:35:30.287Z,ps_calib_0327,327,327M00:00:00.015,327M23:59:59.920,327 00:16:11,328 00:16:19,98.949,99.409,99.08,35,86.559
urn:nasa:pds:insight_ps:data_calibrated:ps_calibevent_0327,2019-10-28T22:59:00.392Z,2019-10-29T04:58:41.884Z,ps_calibevent_0327,327,327M17:34:06.540,327M23:24:10.605,327 17:50:23,327 23:40:29,99.286,99.397,99.3,35,28.18
urn:nasa:pds:insight_ps:data_calibrated:ps_calib_0328,2019-10-29T05:35:30.386Z,2019-10-30T06:15:05.514Z,ps_calib_0328,328,328M00:00:00.017,328M23:59:59.904,328 00:16:19,329 00:16:27,99.409,99.868,99.53,35,86.559
urn:nasa:pds:insight_ps:data_calibrated:ps_calib_0329,2019-10-30T06:15:05.614Z,2019-10-31T06:54:40.856Z,ps_calib_0329,329,329M00:00:00.001,329M23:59:59.999,329 00:16:27,330 00:16:35,99.868,100.328,99.97,35,86.559
urn:nasa:pds:insight_ps:data_calibrated:ps_calibevent_0329,2019-10-31T00:13:57.002Z,2019-10-31T05:28:13.531Z,ps_calibevent_0329,329,329M17:29:59.455,329M22:35:51.464,329 17:46:32,329 22:52:26,100.204,100.301,100.2,35,17.399
urn:nasa:pds:insight_ps:data_calibrated:ps_calib_0330,2019-10-31T06:54:40.956Z,2019-11-01T07:34:16.036Z,ps_calib_0330,330,330M00:00:00.096,330M23:59:59.937,330 00:16:35,331 00:16:43,100.328,100.789,100.42,35,86.559
urn:nasa:pds:insight_ps:data_calibrated:ps_calibevent_0330,2019-10-31T09:49:29.187Z,2019-10-31T11:10:13.011Z,ps_calibevent_0330,330,330M02:50:07.708,330M04:08:41.931,330 03:06:44,330 04:25:18,100.383,100.408,100.33,35,9.715
urn:nasa:pds:insight_ps:data_calibrated:ps_calib_0331,2019-11-01T07:34:16.136Z,2019-11-02T08:13:51.323Z,ps_calib_0331,331,331M00:00:00.034,331M23:59:59.979,331 00:16:43,332 00:16:51,100.789,101.249,100.87,35,86.559
urn:nasa:pds:insight_ps:data_calibrated:ps_calibevent_0331,2019-11-01T08:09:36.186Z,2019-11-02T07:38:40.025Z,ps_calibevent_0331,331,331M00:34:23.361,331M23:25:45.170,331 00:51:07,331 23:42:36,100.8,101.238,100.87,35,18.34
urn:nasa:pds:insight_ps:data_calibrated:ps_calib_0332,2019-11-02T08:13:51.423Z,2019-11-03T08:53:26.503Z,ps_calib_0332,332,332M00:00:00.076,332M23:59:59.916,332 00:16:51,333 00:16:59,101.249,101.71,101.32,35,86.559
urn:nasa:pds:insight_ps:data_calibrated:ps_calibevent_0332,2019-11-03T01:36:31.406Z,2019-11-03T02:52:03.271Z,ps_calibevent_0332,332,332M16:54:46.223,332M18:08:16.835,332 17:11:43,332 18:25:14,101.574,101.598,101.41,35,9.125
urn:nasa:pds:insight_ps:data_calibrated:ps_calib_0333,2019-11-03T08:53:26.603Z,2019-11-04T09:33:01.788Z,ps_calib_0333,333,333M00:00:00.013,333M23:59:59.956,333 00:16:59,334 00:17:07,101.71,102.172,101.77,35,86.559
urn:nasa:pds:insight_ps:data_calibrated:ps_calibevent_0333,2019-11-04T05:14:56.182Z,2019-11-04T06:31:20.052Z,ps_calibevent_0333,333,333M19:48:48.678,333M21:03:09.904,333 20:05:54,333 21:20:16,102.091,102.115,101.99,35,9.196
urn:nasa:pds:insight_ps:data_calibrated:ps_calib_0334,2019-11-04T09:33:01.888Z,2019-11-05T10:12:37.055Z,ps_calib_0334,334,334M00:00:00.054,334M23:59:59.978,334 00:17:07,335 00:17:15,102.172,102.634,102.31,35,86.559
urn:nasa:pds:insight_ps:data_calibrated:ps_calibevent_0334,2019-11-05T02:59:50.356Z,2019-11-05T10:00:34.820Z,ps_calibevent_0334,334,334M16:58:48.037,334M23:48:17.067,334 17:16:01,335 00:05:32,102.499,102.63,102.44,35,50.575
urn:nasa:pds:insight_ps:data_calibrated:ps_calib_0335,2019-11-05T10:12:37.155Z,2019-11-06T10:52:12.250Z,ps_calib_0335,335,335M00:00:00.076,335M23:59:59.931,335 00:17:15,336 00:17:23,102.634,103.096,102.76,35,86.559
urn:nasa:pds:insight_ps:data_calibrated:ps_calib_0336,2019-11-06T10:52:12.350Z,2019-11-07T11:31:47.493Z,ps_calib_0336,336,336M00:00:00.028,336M23:59:59.930,336 00:17:23,337 00:17:31,103.096,103.559,103.21,35,86.559
urn:nasa:pds:insight_ps:data_calibrated:ps_calib_0337,2019-11-07T11:31:47.593Z,2019-11-08T12:11:22.733Z,ps_calib_0337,337,337M00:00:00.027,337M23:59:59.926,337 00:17:31,338 00:17:39,103.559,104.022,103.66,35,86.559
urn:nasa:pds:insight_ps:data_calibrated:ps_calibevent_0337,2019-11-08T11:05:51.819Z,2019-11-08T12:11:22.783Z,ps_calibevent_0337,337,337M22:56:14.187,337M23:59:59.975,337 23:13:53,338 00:17:39,104.001,104.022,103.93,35,7.887
urn:nasa:pds:insight_ps:data_calibrated:ps_calib_0338,2019-11-08T12:11:22.833Z,2019-11-09T12:50:58.049Z,ps_calib_0338,338,338M00:00:00.023,338M23:59:59.997,338 00:17:39,339 00:17:47,104.022,104.485,104.11,35,86.559
urn:nasa:pds:insight_ps:data_calibrated:ps_calibevent_0338,2019-11-08T12:11:22.833Z,2019-11-09T08:10:14.964Z,ps_calibevent_0338,338,338M00:00:00.023,338M19:26:47.560,338 00:17:39,338 19:44:33,104.022,104.397,104.02,35,14.914
urn:nasa:pds:insight_ps:data_calibrated:ps_calib_0339,2019-11-09T12:50:58.149Z,2019-11-10T13:30:33.221Z,ps_calib_0339,339,339M00:00:00.094,339M23:59:59.926,339 00:17:47,340 00:17:55,104.485,104.949,104.56,35,86.559
urn:nasa:pds:insight_ps:data_calibrated:ps_calibevent_0339,2019-11-10T08:50:50.954Z,2019-11-10T10:49:42.773Z,ps_calibevent_0339,339,339M19:27:46.680,339M21:23:27.683,339 19:45:40,339 21:41:22,104.861,104.899,104.69,35,14.297
urn:nasa:pds:insight_ps:data_calibrated:ps_calib_0340,2019-11-10T13:30:33.321Z,2019-11-11T14:10:08.450Z,ps_calib_0340,340,340M00:00:00.023,340M23:59:59.912,340 00:17:55,341 00:18:03,104.949,105.413,105.01,35,86.551
urn:nasa:pds:insight_ps:data_calibrated:ps_calibevent_0340,2019-11-11T09:29:29.966Z,2019-11-11T11:00:37.824Z,ps_calibevent_0340,340,340M19:26:51.953,340M20:55:33.515,340 19:44:53,340 21:13:35,105.325,105.354,105.28,35,10.965
urn:nasa:pds:insight_ps:data_calibrated:ps_calib_0341,2019-11-11T14:10:08.550Z,2019-11-12T14:49:43.710Z,ps_calib_0341,341,341M00:00:00.009,341M23:59:59.927,341 00:18:03,342 00:18:10,105.413,105.878,105.46,35,80.848
urn:nasa:pds:insight_ps:data_calibrated:ps_calibevent_0341,2019-11-11T15:39:21.533Z,2019-11-11T17:40:49.314Z,ps_calibevent_0341,341,341M01:26:49.769,341M03:25:02.561,341 01:44:53,341 03:43:06,105.441,105.48,105.37,35,15.231
urn:nasa:pds:insight_ps:data_calibrated:ps_calib_0342,2019-11-12T14:49:43.810Z,2019-11-13T15:29:18.994Z,ps_calib_0342,342,342M00:00:00.024,342M23:59:59.966,342 00:18:11,343 00:18:18,105.878,106.343,106.05,35,86.559
urn:nasa:pds:insight_ps:data_calibrated:ps_calib_0343,2019-11-13T15:29:19.094Z,2019-11-14T16:08:54.224Z,ps_calib_0343,343,343M00:00:00.063,343M23:59:59.953,343 00:18:19,344 00:18:26,106.343,106.809,106.5,35,86.559
urn:nasa:pds:insight_ps:data_calibrated:ps_calib_0344,2019-11-14T16:08:54.324Z,2019-11-15T16:48:29.500Z,ps_calib_0344,344,344M00:00:00.050,344M23:59:59.984,344 00:18:26,345 00:18:34,106.809,107.275,106.96,35,86.559
urn:nasa:pds:insight_ps:data_calibrated:ps_calib_0345,2019-11-15T16:48:29.600Z,2019-11-16T17:28:04.752Z,ps_calib_0345,345,345M00:00:00.081,345M23:59:59.992,345 00:18:34,346 00:18:42,107.275,107.742,107.41,35,86.559
urn:nasa:pds:insight_ps:data_calibrated:ps_calib_0346,2019-11-16T17:28:04.852Z,2019-11-17T18:07:39.927Z,ps_calib_0346,346,346M00:00:00.089,346M23:59:59.924,346 00:18:42,347 00:18:50,107.742,108.209,107.86,35,86.559
urn:nasa:pds:insight_ps:data_calibrated:ps_calib_0347,2019-11-17T18:07:40.027Z,2019-11-18T18:47:15.247Z,ps_calib_0347,347,347M00:00:00.021,347M23:59:59.998,347 00:18:50,348 00:18:58,108.209,108.676,108.32,35,86.559
urn:nasa:pds:insight_ps:data_calibrated:ps_calibevent_0347,2019-11-18T05:54:50.056Z,2019-11-18T18:47:15.247Z,ps_calibevent_0347,347,347M11:28:14.806,347M23:59:59.998,347 11:47:09,348 00:18:58,108.432,108.676,108.46,35,92.832
urn:nasa:pds:insight_ps:data_calibrated:ps_calibevent_0348,2019-11-18T18:47:15.297Z,2019-11-19T18:29:02.139Z,ps_calibevent_0348,348,348M00:00:00.047,348M23:03:44.445,348 00:18:58,348 23:22:50,108.676,109.126,108.77,35,154.375
urn:nasa:pds:insight_ps:data_calibrated:ps_calib_0348,2019-11-18T18:47:15.347Z,2019-11-19T19:26:50.418Z,ps_calib_0348,348,348M00:00:00.096,348M23:59:59.927,348 00:18:58,349 00:19:06,108.676,109.144,108.77,35,86.559
urn:nasa:pds:insight_ps:data_calibrated:ps_calib_0349,2019-11-19T19:26:50.518Z,2019-11-20T20:06:25.726Z,ps_calib_0349,349,349M00:00:00.024,349M23:59:59.990,349 00:19:06,350 00:19:14,109.144,109.612,109.23,35,86.559
urn:nasa:pds:insight_ps:data_calibrated:ps_calibevent_0349,2019-11-19T22:22:15.887Z,2019-11-20T18:00:14.239Z,ps_calibevent_0349,349,349M02:50:43.780,349M21:57:11.083,349 03:09:51,349 22:16:24,109.2,109.572,109.23,35,20.547
urn:nasa:pds:insight_ps:data_calibrated:ps_calib_0350,2019-11-20T20:06:25.826Z,2019-11-21T20:46:00.894Z,ps_calib_0350,350,350M00:00:00.087,350M23:59:59.916,350 00:19:14,351 00:19:22,109.612,110.081,109.69,35,86.559
urn:nasa:pds:insight_ps:data_calibrated:ps_calibevent_0350,2019-11-21T05:13:48.317Z,2019-11-21T20:46:00.944Z,ps_calibevent_0350,350,350M08:52:43.854,350M23:59:59.965,350 09:12:01,351 00:19:22,109.786,110.081,109.82,35,15.336
urn:nasa:pds:insight_ps:data_calibrated:ps_calib_0351,2019-11-21T20:46:00.994Z,2019-11-22T21:25:36.184Z,ps_calib_0351,351,351M00:00:00.013,351M23:59:59.961,351 00:19:22,352 00:19:30,110.081,110.551,110.14,35,86.559
urn:nasa:pds:insight_ps:data_calibrated:ps_calibevent_0351,2019-11-21T20:46:00.994Z,2019-11-22T18:27:22.253Z,ps_calibevent_0351,351,351M00:00:00.013,351M21:06:32.153,351 00:19:22,351 21:26:01,110.081,110.494,110.14,35,19.114
urn:nasa:pds:insight_ps:data_calibrated:ps_calib_0352,2019-11-22T21:25:36.284Z,2019-11-23T22:05:11.368Z,ps_calib_0352,352,352M00:00:00.058,352M23:59:59.902,352 00:19:30,353 00:19:38,110.551,111.021,110.74,35,86.559
urn:nasa:pds:insight_ps:data_calibrated:ps_calibevent_0352,2019-11-23T17:47:37.380Z,2019-11-23T20:13:29.161Z,ps_calibevent_0352,352,352M19:49:19.397,352M22:11:17.017,352 20:08:56,352 22:30:54,110.939,110.985,110.83,35,17.543
urn:nasa:pds:insight_ps:data_calibrated:ps_calib_0353,2019-11-23T22:05:11.468Z,2019-11-24T22:44:46.659Z,ps_calib_0353,353,353M00:00:00.000,353M23:59:59.948,353 00:19:38,354 00:19:46,111.021,111.491,111.19,35,86.559
urn:nasa:pds:insight_ps:data_calibrated:ps_calibevent_0353,2019-11-24T01:52:52.747Z,2019-11-24T22:40:31.015Z,ps_calibevent_0353,353,353M03:41:35.762,353M23:55:51.144,353 04:01:15,354 00:15:37,111.093,111.49,111.19,35,52.981
urn:nasa:pds:insight_ps:data_calibrated:ps_calib_0354,2019-11-24T22:44:46.759Z,2019-11-25T23:24:21.858Z,ps_calib_0354,354,354M00:00:00.045,354M23:59:59.904,354 00:19:46,355 00:19:54,111.491,111.962,111.65,35,86.559
urn:nasa:pds:insight_ps:data_calibrated:ps_calibevent_0354,2019-11-25T00:53:22.893Z,2019-11-25T02:14:06.732Z,ps_calibevent_0354,354,354M02:05:09.728,354M03:23:43.967,354 02:24:56,354 03:43:31,111.532,111.558,111.38,35,9.715
urn:nasa:pds:insight_ps:data_calibrated:ps_calib_0355,2019-11-25T23:24:21.958Z,2019-11-27T00:03:57.109Z,ps_calib_0355,355,355M00:00:00.002,355M23:59:59.911,355 00:19:54,356 00:20:02,111.962,112.433,112.11,35,86.559
urn:nasa:pds:insight_ps:data_calibrated:ps_calibevent_0355,2019-11-26T12:20:08.939Z,2019-11-26T17:31:42.499Z,ps_calibevent_0355,355,355M12:35:01.585,355M17:38:14.986,355 12:55:00,355 17:58:15,112.209,112.308,112.2,35,10.446
urn:nasa:pds:insight_ps:data_calibrated:ps_calib_0356,2019-11-27T00:03:57.209Z,2019-11-28T00:43:32.406Z,ps_calib_0356,356,356M00:00:00.008,356M23:59:59.963,356 00:20:02,357 00:20:10,112.433,112.905,112.57,35,86.559
urn:nasa:pds:insight_ps:data_calibrated:ps_calibevent_0356,2019-11-27T07:39:34.447Z,2019-11-27T13:12:01.884Z,ps_calibevent_0356,356,356M07:23:25.820,356M12:46:59.549,356 07:43:30,356 13:07:06,112.578,112.684,112.43,35,1.367
urn:nasa:pds:insight_ps:data_calibrated:ps_calib_0357,2019-11-28T00:43:32.506Z,2019-11-29T01:23:07.630Z,ps_calib_0357,357,357M00:00:00.060,357M23:59:59.943,357 00:20:10,358 00:20:18,112.905,113.377,113.03,35,86.559
urn:nasa:pds:insight_ps:data_calibrated:ps_calibevent_0357,2019-11-28T18:54:21.569Z,2019-11-29T01:07:12.101Z,ps_calibevent_0357,357,357M17:41:37.987,357M23:44:29.980,357 18:01:54,358 00:04:48,113.253,113.372,113.12,35,19.461
urn:nasa:pds:insight_ps:data_calibrated:ps_calib_0358,2019-11-29T01:23:07.730Z,2019-11-30T02:02:42.928Z,ps_calib_0358,358,358M00:00:00.041,358M23:59:59.996,358 00:20:18,359 00:20:26,113.377,113.85,113.49,35,86.559
urn:nasa:pds:insight_ps:data_calibrated:ps_calibevent_0358,2019-11-29T21:18:27.468Z,2019-11-30T01:30:29.117Z,ps_calibevent_0358,358,358M19:23:20.866,358M23:28:37.925,358 19:43:45,358 23:49:04,113.759,113.84,113.67,35,25.926
urn:nasa:pds:insight_ps:data_calibrated:ps_calib_0359,2019-11-30T02:02:43.028Z,2019-12-01T02:42:18.092Z,ps_calib_0359,359,359M00:00:00.093,359M23:59:59.918,359 00:20:26,360 00:20:34,113.85,114.324,113.95,35,86.559
urn:nasa:pds:insight_ps:data_calibrated:ps_calibevent_0359,2019-11-30T14:13:42.059Z,2019-11-30T22:00:10.452Z,ps_calibevent_0359,359,359M11:51:25.645,359M19:25:25.189,359 12:11:56,359 19:45:58,114.084,114.234,114.04,35,10.133
urn:nasa:pds:insight_ps:data_calibrated:ps_calib_0360,2019-12-01T02:42:18.192Z,2019-12-02T03:21:53.349Z,ps_calib_0360,360,360M00:00:00.015,360M23:59:59.931,360 00:20:34,361 00:20:42,114.324,114.798,114.5,35,86.559
urn:nasa:pds:insight_ps:data_calibrated:ps_calibevent_0360,2019-12-01T12:44:18.310Z,2019-12-02T03:21:53.399Z,ps_calibevent_0360,360,360M09:45:53.714,360M23:59:59.979,360 10:06:31,361 00:20:42,114.517,114.798,114.5,35,25.602
urn:nasa:pds:insight_ps:data_calibrated:ps_calib_0361,2019-12-02T03:21:53.449Z,2019-12-03T04:01:28.622Z,ps_calib_0361,361,361M00:00:00.028,361M23:59:59.959,361 00:20:42,362 00:20:50,114.798,115.272,114.96,35,86.559
urn:nasa:pds:insight_ps:data_calibrated:ps_calibevent_0361,2019-12-02T03:21:53.449Z,2019-12-03T01:33:14.440Z,ps_calibevent_0361,361,361M00:00:00.028,361M21:35:43.747,361 00:20:42,361 21:56:33,114.798,115.225,114.96,35,23.95
urn:nasa:pds:insight_ps:data_calibrated:ps_calib_0362,2019-12-03T04:01:28.722Z,2019-12-04T04:41:03.905Z,ps_calib_0362,362,362M00:00:00.056,362M23:59:59.997,362 00:20:51,363 00:20:59,115.272,115.747,115.43,35,86.559
urn:nasa:pds:insight_ps:data_calibrated:ps_calibevent_0362,2019-12-03T21:36:08.871Z,2019-12-04T02:03:28.544Z,ps_calibevent_0362,362,362M17:06:27.100,362M21:26:37.620,362 17:27:23,362 21:47:35,115.611,115.697,115.52,35,26.098
urn:nasa:pds:insight_ps:data_calibrated:ps_calib_0363,2019-12-04T04:41:04.005Z,2019-12-05T05:20:39.057Z,ps_calib_0363,363,363M00:00:00.094,363M23:59:59.907,363 00:20:59,364 00:21:07,115.747,116.223,115.89,35,86.559
urn:nasa:pds:insight_ps:data_calibrated:ps_calibevent_0363,2019-12-04T13:22:29.645Z,2019-12-05T02:28:41.602Z,ps_calibevent_0363,363,363M08:27:28.665,363M21:12:38.503,363 08:48:30,363 21:33:44,115.915,116.168,115.89,35,30.27
urn:nasa:pds:insight_ps:data_calibrated:ps_calib_0364,2019-12-05T05:20:39.157Z,2019-12-06T06:00:14.385Z,ps_calib_0364,364,364M00:00:00.005,364M23:59:59.989,364 00:21:07,365 00:21:15,116.223,116.699,116.35,35,86.559
urn:nasa:pds:insight_ps:data_calibrated:ps_calibevent_0364,2019-12-05T18:22:39.322Z,2019-12-06T03:43:33.596Z,ps_calibevent_0364,364,364M12:41:04.787,364M21:46:58.618,364 13:02:16,364 22:08:13,116.475,116.655,116.44,35,10.563
urn:nasa:pds:insight_ps:data_calibrated:ps_calib_0365,2019-12-06T06:00:14.485Z,2019-12-07T06:39:49.592Z,ps_calib_0365,365,365M00:00:00.086,365M23:59:59.953,365 00:21:15,366 00:21:23,116.699,117.176,116.82,35,86.551
urn:nasa:pds:insight_ps:data_calibrated:ps_calib_0366,2019-12-07T06:39:49.692Z,2019-12-08T00:34:40.839Z,ps_calib_0366,366,366M00:00:00.050,366M17:26:05.691,366 00:21:23,366 17:47:35,117.176,117.523,117.28,35,62.883
urn:nasa:pds:insight_ps:data_calibrated:ps_calibevent_0366,2019-12-07T18:15:20.449Z,2019-12-08T00:34:43.889Z,ps_calibevent_0366,366,366M11:16:54.272,366M17:26:08.660,366 11:38:22,366 17:47:38,117.4,117.523,117.28,35,5.891
urn:nasa:pds:insight_ps:data_calibrated:ps_calib_0367,2019-12-08T09:21:59.961Z,2019-12-09T07:59:00.031Z,ps_calib_0367,367,367M01:59:18.286,367M23:59:59.905,367 02:20:51,368 00:21:40,117.693,118.131,117.74,35,79.387
urn:nasa:pds:insight_ps:data_calibrated:ps_calibevent_0367,2019-12-08T16:54:49.255Z,2019-12-09T05:27:55.257Z,ps_calibevent_0367,367,367M09:20:00.647,367M21:32:57.666,367 09:41:36,367 21:54:37,117.839,118.083,117.84,35,34.653
urn:nasa:pds:insight_ps:data_calibrated:ps_calib_0368,2019-12-09T07:59:00.131Z,2019-12-10T08:38:35.291Z,ps_calib_0368,368,368M00:00:00.003,368M23:59:59.921,368 00:21:40,369 00:21:48,118.131,118.61,118.21,35,86.559
urn:nasa:pds:insight_ps:data_calibrated:ps_calibevent_0368,2019-12-09T19:15:14.143Z,2019-12-10T07:54:19.197Z,ps_calibevent_0368,368,368M10:58:08.429,368M23:16:54.892,368 11:19:52,368 23:38:43,118.35,118.596,118.3,35,9.508
urn:nasa:pds:insight_ps:data_calibrated:ps_calib_0369,2019-12-10T08:38:35.391Z,2019-12-11T09:18:10.589Z,ps_calib_0369,369,369M00:00:00.018,369M23:59:59.973,369 00:21:48,370 00:21:57,118.61,119.089,118.68,35,81.438
urn:nasa:pds:insight_ps:data_calibrated:ps_calibevent_0369,2019-12-10T17:52:51.375Z,2019-12-11T08:46:42.181Z,ps_calibevent_0369,369,369M08:59:26.216,369M23:29:22.091,369 09:21:18,369 23:51:19,118.789,119.079,118.77,35,28.422
urn:nasa:pds:insight_ps:data_calibrated:ps_calib_0370,2019-12-11T09:18:10.689Z,2019-12-12T09:57:45.779Z,ps_calib_0370,370,370M00:00:00.071,370M23:59:59.921,370 00:21:57,371 00:22:05,119.089,119.569,119.24,35,72.332
urn:nasa:pds:insight_ps:data_calibrated:ps_calibevent_0370,2019-12-11T14:26:57.735Z,2019-12-11T16:23:13.496Z,ps_calibevent_0370,370,370M05:00:31.412,370M06:53:40.532,370 05:22:30,370 07:15:40,119.189,119.227,119.14,35,7.547
urn:nasa:pds:insight_ps:data_calibrated:ps_calib_0371,2019-12-12T09:57:45.879Z,2019-12-13T10:37:21.049Z,ps_calib_0371,371,371M00:00:00.018,371M23:59:59.946,371 00:22:05,372 00:22:14,119.569,120.049,119.7,35,81.434
urn:nasa:pds:insight_ps:data_calibrated:ps_calibevent_0371,2019-12-12T17:50:17.985Z,2019-12-13T09:20:19.691Z,ps_calibevent_0371,371,371M07:39:53.543,371M22:45:02.236,371 08:02:01,371 23:07:15,119.722,120.024,119.84,35,26.844
urn:nasa:pds:insight_ps:data_calibrated:ps_calib_0372,2019-12-13T10:37:21.149Z,2019-12-14T11:16:56.347Z,ps_calib_0372,372,372M00:00:00.044,372M23:59:59.999,372 00:22:14,373 00:22:22,120.049,120.53,120.17,35,86.559
urn:nasa:pds:insight_ps:data_calibrated:ps_calibevent_0372,2019-12-14T07:06:28.948Z,2019-12-14T08:27:12.807Z,ps_calibevent_0372,372,372M19:56:14.668,372M21:14:48.927,372 20:18:35,372 21:37:10,120.448,120.475,120.31,35,9.715
urn:nasa:pds:insight_ps:data_calibrated:ps_calib_0373,2019-12-14T11:16:56.447Z,2019-12-15T11:10:50.161Z,ps_calib_0373,373,373M00:00:00.096,373M23:15:31.918,373 00:22:22,373 23:38:02,120.53,120.997,120.64,35,83.883
urn:nasa:pds:insight_ps:data_calibrated:ps_calibevent_0373,2019-12-15T02:31:12.273Z,2019-12-15T11:10:50.161Z,ps_calibevent_0373,373,373M14:49:48.216,373M23:15:31.918,373 15:12:16,373 23:38:02,120.827,120.997,120.78,35,19.782
urn:nasa:pds:insight_ps:data_calibrated:ps_calibevent_0374,2019-12-15T12:04:25.092Z,2019-12-16T12:30:12.557Z,ps_calibevent_0374,374,374M00:07:40.831,374M23:54:15.200,374 00:30:11,375 00:16:54,121.014,121.492,121.11,35,21.926
urn:nasa:pds:insight_ps:data_calibrated:ps_calib_0374,2019-12-15T12:20:20.071Z,2019-12-16T12:36:06.800Z,ps_calib_0374,374,374M00:23:10.259,374M23:59:59.965,374 00:45:41,375 00:22:39,121.019,121.494,121.11,35,84.414
urn:nasa:pds:insight_ps:data_calibrated:ps_calib_0375,2019-12-16T12:36:06.900Z,2019-12-17T13:15:42.027Z,ps_calib_0375,375,375M00:00:00.062,375M23:59:59.948,375 00:22:39,376 00:22:48,121.494,121.976,121.58,35,82.942
urn:nasa:pds:insight_ps:data_calibrated:ps_calibevent_0375,2019-12-16T15:50:48.327Z,2019-12-17T11:00:54.656Z,ps_calibevent_0375,375,375M03:09:28.944,375M21:48:48.960,375 03:32:09,375 22:11:36,121.557,121.932,121.72,35,25.727
urn:nasa:pds:insight_ps:data_calibrated:ps_calib_0376,2019-12-17T13:15:42.127Z,2019-12-18T13:55:17.246Z,ps_calib_0376,376,376M00:00:00.045,376M23:59:59.924,376 00:22:48,377 00:22:56,121.976,122.46,122.05,35,86.559
urn:nasa:pds:insight_ps:data_calibrated:ps_calibevent_0376,2019-12-17T16:02:02.285Z,2019-12-18T12:32:05.505Z,ps_calibevent_0376,376,376M02:41:53.177,376M22:39:01.740,376 03:04:42,376 23:01:58,122.031,122.432,122.19,35,16.813
urn:nasa:pds:insight_ps:data_calibrated:ps_calib_0377,2019-12-18T13:55:17.346Z,2019-12-19T14:34:52.476Z,ps_calib_0377,377,377M00:00:00.021,377M23:59:59.910,377 00:22:56,378 00:23:05,122.46,122.944,122.52,35,82.407
urn:nasa:pds:insight_ps:data_calibrated:ps_calibevent_0377,2019-12-19T09:34:42.427Z,2019-12-19T12:40:26.166Z,ps_calibevent_0377,377,377M19:07:51.733,377M22:08:37.313,377 19:30:55,377 22:31:42,122.845,122.906,122.8,35,22.332
urn:nasa:pds:insight_ps:data_calibrated:ps_calib_0378,2019-12-19T14:34:52.576Z,2019-12-20T15:14:27.785Z,ps_calib_0378,378,378M00:00:00.008,378M23:59:59.973,378 00:23:05,379 00:23:14,122.944,123.428,123.13,35,86.559
urn:nasa:pds:insight_ps:data_calibrated:ps_calibevent_0378,2019-12-20T07:25:22.626Z,2019-12-20T13:58:30.127Z,ps_calibevent_0378,378,378M16:23:27.859,378M22:46:04.259,378 16:46:39,378 23:09:17,123.275,123.403,123.13,35,18.27
urn:nasa:pds:insight_ps:data_calibrated:ps_calib_0379,2019-12-20T15:14:27.885Z,2019-12-21T15:54:03.053Z,ps_calib_0379,379,379M00:00:00.071,379M23:59:59.997,379 00:23:14,380 00:23:22,123.428,123.914,123.6,35,86.559
urn:nasa:pds:insight_ps:data_calibrated:ps_calibevent_0379,2019-12-21T11:57:59.352Z,2019-12-21T14:31:39.114Z,ps_calibevent_0379,379,379M20:10:15.256,379M22:39:48.336,379 20:33:36,379 23:03:10,123.836,123.887,123.74,35,17.543
urn:nasa:pds:insight_ps:data_calibrated:ps_calib_0380,2019-12-21T15:54:03.153Z,2019-12-22T16:33:38.218Z,ps_calib_0380,380,380M00:00:00.094,380M23:59:59.920,380 00:23:22,381 00:23:31,123.914,124.4,124.07,35,86.559
urn:nasa:pds:insight_ps:data_calibrated:ps_calibevent_0380,2019-12-22T05:08:10.861Z,2019-12-22T16:04:10.104Z,ps_calibevent_0380,380,380M12:52:52.955,380M23:31:19.113,380 13:16:20,380 23:54:50,124.174,124.39,124.22,35,9.821
urn:nasa:pds:insight_ps:data_calibrated:ps_calib_0381,2019-12-22T16:33:38.318Z,2019-12-23T17:13:13.449Z,ps_calib_0381,381,381M00:00:00.017,381M23:59:59.907,381 00:23:31,382 00:23:40,124.4,124.886,124.55,35,86.559
urn:nasa:pds:insight_ps:data_calibrated:ps_calibevent_0381,2019-12-23T09:31:00.715Z,2019-12-23T14:30:52.375Z,ps_calibevent_0381,381,381M16:30:09.182,381M21:21:59.463,381 16:53:46,381 21:45:38,124.734,124.833,124.69,35,32.508
urn:nasa:pds:insight_ps:data_calibrated:ps_calib_0382,2019-12-23T17:13:13.549Z,2019-12-24T17:52:48.734Z,ps_calib_0382,382,382M00:00:00.005,382M23:59:59.947,382 00:23:40,383 00:23:49,124.886,125.373,125.02,35,86.559
urn:nasa:pds:insight_ps:data_calibrated:ps_calibevent_0382,2019-12-24T03:19:52.407Z,2019-12-24T15:20:08.564Z,ps_calibevent_0382,382,382M09:50:24.986,382M21:31:24.864,382 10:14:08,382 21:55:13,125.086,125.323,125.16,35,9.821
urn:nasa:pds:insight_ps:data_calibrated:ps_calib_0383,2019-12-24T17:52:48.834Z,2019-12-25T18:32:24.028Z,ps_calib_0383,383,383M00:00:00.045,383M23:59:59.996,383 00:23:49,384 00:23:58,125.373,125.861,125.5,35,86.559
urn:nasa:pds:insight_ps:data_calibrated:ps_calibevent_0383,2019-12-25T08:31:22.221Z,2019-12-25T16:32:22.711Z,ps_calibevent_0383,383,383M14:15:03.049,383M22:03:11.356,383 14:38:57,383 22:27:08,125.663,125.822,125.64,35,18.27
urn:nasa:pds:insight_ps:data_calibrated:ps_calib_0384,2019-12-25T18:32:24.128Z,2019-12-26T19:11:59.195Z,ps_calib_0384,384,384M00:00:00.093,384M23:59:59.922,384 00:23:58,385 00:24:06,125.861,126.35,125.97,35,68.606
urn:nasa:pds:insight_ps:data_calibrated:ps_calibevent_0384,2019-12-26T05:26:50.723Z,2019-12-26T17:31:04.952Z,ps_calibevent_0384,384,384M10:36:56.083,384M22:21:47.664,384 11:00:58,384 22:45:53,126.077,126.317,126.11,35,41.871
urn:nasa:pds:insight_ps:data_calibrated:ps_calib_0385,2019-12-26T19:11:59.296Z,2019-12-27T15:04:59.353Z,ps_calib_0385,385,385M00:00:00.019,385M19:21:04.902,385 00:24:06,385 19:45:19,126.35,126.744,126.45,35,69.793
urn:nasa:pds:insight_ps:data_calibrated:ps_calibevent_0385,2019-12-27T07:19:09.923Z,2019-12-27T15:05:02.403Z,ps_calibevent_0385,385,385M11:47:43.278,385M19:21:07.870,385 12:11:54,385 19:45:21,126.59,126.744,126.59,35,47.457
urn:nasa:pds:insight_ps:data_calibrated:ps_calib_0386,2019-12-27T22:33:59.681Z,2019-12-28T20:31:09.759Z,ps_calib_0386,386,386M02:38:04.423,386M23:59:59.996,386 03:02:21,387 00:24:24,126.893,127.329,126.92,35,77.059
urn:nasa:pds:insight_ps:data_calibrated:ps_calibevent_0386,2019-12-28T14:24:37.456Z,2019-12-28T18:54:27.124Z,ps_calibevent_0386,386,386M18:03:16.112,386M22:25:52.614,386 18:27:38,386 22:50:16,127.208,127.297,127.16,35,18.867
urn:nasa:pds:insight_ps:data_calibrated:ps_calib_0387,2019-12-28T20:31:09.859Z,2019-12-29T21:10:44.916Z,ps_calib_0387,387,387M00:00:00.093,387M23:59:59.911,387 00:24:24,388 00:24:33,127.329,127.82,127.4,35,86.559
urn:nasa:pds:insight_ps:data_calibrated:ps_calibevent_0387,2019-12-29T07:21:54.118Z,2019-12-29T15:27:17.458Z,ps_calibevent_0387,387,387M10:33:19.696,387M18:25:43.820,387 10:57:48,387 18:50:15,127.545,127.706,127.54,35,9.938
urn:nasa:pds:insight_ps:data_calibrated:ps_calib_0388,2019-12-29T21:10:45.016Z,2019-12-30T21:50:20.199Z,ps_calib_0388,388,388M00:00:00.009,388M23:59:59.949,388 00:24:33,389 00:24:42,127.82,128.311,128.02,35,86.559
urn:nasa:pds:insight_ps:data_calibrated:ps_calibevent_0388,2019-12-30T08:55:12.072Z,2019-12-30T19:09:24.324Z,ps_calibevent_0388,388,388M11:25:36.179,388M21:23:22.423,388 11:50:14,388 21:48:04,128.054,128.258,128.02,35,18.629
urn:nasa:pds:insight_ps:data_calibrated:ps_calib_0389,2019-12-30T21:50:20.299Z,2019-12-31T22:29:55.494Z,ps_calib_0389,389,389M00:00:00.046,389M23:59:59.999,389 00:24:42,390 00:24:51,128.311,128.803,128.5,35,84.883
urn:nasa:pds:insight_ps:data_calibrated:ps_calibevent_0389,2019-12-31T05:18:00.597Z,2019-12-31T18:19:14.599Z,ps_calibevent_0389,389,389M07:15:41.678,389M19:56:01.533,389 07:40:27,389 20:20:51,128.46,128.72,128.5,35,15.442
urn:nasa:pds:insight_ps:data_calibrated:ps_calib_0390,2019-12-31T22:29:55.594Z,2020-01-01T23:09:30.669Z,ps_calib_0390,390,390M00:00:00.096,390M23:59:59.932,390 00:24:51,391 00:25:00,128.803,129.296,128.98,35,81.446
urn:nasa:pds:insight_ps:data_calibrated:ps_calibevent_0390,2020-01-01T10:14:08.427Z,2020-01-01T20:45:38.689Z,ps_calibevent_0390,390,390M11:25:22.425,390M21:39:58.906,390 11:50:18,390 22:04:58,129.038,129.248,129.08,35,23.262
urn:nasa:pds:insight_ps:data_calibrated:ps_calib_0391,2020-01-01T23:09:30.769Z,2020-01-02T23:49:05.971Z,ps_calib_0391,391,391M00:00:00.029,391M23:59:59.988,391 00:25:00,392 00:25:10,129.296,129.789,129.46,35,86.559
urn:nasa:pds:insight_ps:data_calibrated:ps_calib_0392,2020-01-02T23:49:06.071Z,2020-01-04T00:28:41.129Z,ps_calib_0392,392,392M00:00:00.085,392M23:59:59.904,392 00:25:10,393 00:25:19,129.789,130.283,129.94,35,86.559
urn:nasa:pds:insight_ps:data_calibrated:ps_calibevent_0392,2020-01-03T16:55:05.467Z,2020-01-03T18:05:25.358Z,ps_calibevent_0392,392,392M16:38:32.417,392M17:46:59.401,392 17:03:48,392 18:12:16,130.132,130.155,130.04,35,8.465
urn:nasa:pds:insight_ps:data_calibrated:ps_calib_0393,2020-01-04T00:28:41.229Z,2020-01-05T01:08:16.380Z,ps_calib_0393,393,393M00:00:00.002,393M23:59:59.911,393 00:25:19,394 00:25:28,130.283,130.778,130.42,35,86.559
urn:nasa:pds:insight_ps:data_calibrated:ps_calibevent_0393,2020-01-04T18:36:53.672Z,2020-01-04T19:39:01.561Z,ps_calibevent_0393,393,393M17:39:05.500,393M18:39:33.646,393 18:04:31,393 19:05:00,130.647,130.668,130.52,35,7.481
urn:nasa:pds:insight_ps:data_calibrated:ps_calib_0394,2020-01-05T01:08:16.480Z,2020-01-06T01:47:51.697Z,ps_calib_0394,394,394M00:00:00.009,394M23:59:59.982,394 00:25:28,395 00:25:37,130.778,131.274,130.9,35,86.559
urn:nasa:pds:insight_ps:data_calibrated:ps_calibevent_0394,2020-01-05T11:56:26.379Z,2020-01-05T20:39:52.736Z,ps_calibevent_0394,394,394M10:30:49.381,394M19:00:15.439,394 10:56:21,394 19:25:51,130.995,131.171,131,35,10.485
urn:nasa:pds:insight_ps:data_calibrated:ps_calib_0395,2020-01-06T01:47:51.797Z,2020-01-07T02:27:26.928Z,ps_calib_0395,395,395M00:00:00.079,395M23:59:59.970,395 00:25:37,396 00:25:46,131.274,131.77,131.39,35,86.559
urn:nasa:pds:insight_ps:data_calibrated:ps_calibevent_0395,2020-01-06T13:16:41.560Z,2020-01-06T23:47:59.850Z,ps_calibevent_0395,395,395M11:10:24.036,395M21:24:48.865,395 11:36:05,395 21:50:34,131.505,131.717,131.48,35,14.192
urn:nasa:pds:insight_ps:data_calibrated:ps_calib_0396,2020-01-07T02:27:27.028Z,2020-01-08T03:07:02.202Z,ps_calib_0396,396,396M00:00:00.067,396M23:59:59.999,396 00:25:46,397 00:25:56,131.77,132.267,131.97,35,83.684
urn:nasa:pds:insight_ps:data_calibrated:ps_calibevent_0396,2020-01-07T08:55:24.214Z,2020-01-08T02:30:37.893Z,ps_calibevent_0396,396,396M06:17:34.455,396M23:24:34.133,396 06:43:23,396 23:50:30,131.9,132.255,131.97,35,20.742
urn:nasa:pds:insight_ps:data_calibrated:ps_calib_0397,2020-01-08T03:07:02.302Z,2020-01-09T03:46:37.433Z,ps_calib_0397,397,397M00:00:00.096,397M23:59:59.986,397 00:25:56,398 00:26:05,132.267,132.765,132.45,35,86.559
urn:nasa:pds:insight_ps:data_calibrated:ps_calibevent_0397,2020-01-08T15:41:23.836Z,2020-01-09T02:26:06.081Z,ps_calibevent_0397,397,397M12:14:10.626,397M22:41:37.900,397 12:40:11,397 23:07:42,132.521,132.738,132.45,35,36.012
urn:nasa:pds:insight_ps:data_calibrated:ps_calib_0398,2020-01-09T03:46:37.533Z,2020-01-10T04:26:12.599Z,ps_calib_0398,398,398M00:00:00.084,398M23:59:59.910,398 00:26:05,399 00:26:14,132.765,133.264,132.93,35,84.59
urn:nasa:pds:insight_ps:data_calibrated:ps_calibevent_0398,2020-01-09T12:35:30.277Z,2020-01-10T03:54:39.088Z,ps_calibevent_0398,398,398M08:34:43.796,398M23:29:17.061,398 09:00:52,398 23:55:31,132.943,133.253,132.93,35,27.746
urn:nasa:pds:insight_ps:data_calibrated:ps_calib_0399,2020-01-10T04:26:12.699Z,2020-01-11T05:05:47.891Z,ps_calib_0399,399,399M00:00:00.008,399M23:59:59.957,399 00:26:14,400 00:26:24,133.264,133.763,133.42,35,86.559
urn:nasa:pds:insight_ps:data_calibrated:ps_calibevent_0399,2020-01-10T14:33:26.227Z,2020-01-10T16:36:14.002Z,ps_calibevent_0399,399,399M09:50:58.731,399M11:50:29.376,399 10:17:17,399 12:16:48,133.468,133.51,133.42,35,2.153
urn:nasa:pds:insight_ps:data_calibrated:ps_calib_0400,2020-01-11T05:05:47.991Z,2020-01-12T05:45:23.159Z,ps_calib_0400,400,400M00:00:00.055,400M23:59:59.981,400 00:26:24,401 00:26:33,133.763,134.263,133.91,35,86.559
urn:nasa:pds:insight_ps:data_calibrated:ps_calibevent_0400,2020-01-11T14:46:12.330Z,2020-01-11T23:13:44.681Z,ps_calibevent_0400,400,400M09:24:52.643,400M17:38:50.220,400 09:51:20,400 18:05:21,133.959,134.131,133.91,35,12.11
urn:nasa:pds:insight_ps:data_calibrated:ps_calib_0401,2020-01-12T05:45:23.259Z,2020-01-13T06:24:58.397Z,ps_calib_0401,401,401M00:00:00.078,401M23:59:59.975,401 00:26:33,402 00:26:43,134.263,134.764,134.39,35,86.559
urn:nasa:pds:insight_ps:data_calibrated:ps_calibevent_0401,2020-01-12T15:45:38.555Z,2020-01-13T01:57:48.897Z,ps_calibevent_0401,401,401M09:44:11.759,401M19:39:59.355,401 10:10:49,401 20:06:40,134.466,134.673,134.39,35,16.797
urn:nasa:pds:insight_ps:data_calibrated:ps_calib_0402,2020-01-13T06:24:58.497Z,2020-01-14T07:04:33.645Z,ps_calib_0402,402,402M00:00:00.072,402M23:59:59.979,402 00:26:43,403 00:26:52,134.764,135.265,134.88,35,86.559
urn:nasa:pds:insight_ps:data_calibrated:ps_calibevent_0402,2020-01-13T19:39:43.625Z,2020-01-13T19:45:47.569Z,ps_calibevent_0402,402,402M12:53:29.351,402M12:59:23.557,402 13:20:17,402 13:26:11,135.033,135.035,134.88,35,0.742
urn:nasa:pds:insight_ps:data_calibrated:ps_calib_0403,2020-01-14T07:04:33.745Z,2020-01-15T07:44:08.832Z,ps_calib_0403,403,403M00:00:00.076,403M23:59:59.922,403 00:26:52,404 00:27:01,135.265,135.768,135.37,35,86.559
urn:nasa:pds:insight_ps:data_calibrated:ps_calibevent_0403,2020-01-14T20:36:58.047Z,2020-01-15T03:22:28.704Z,ps_calibevent_0403,403,403M13:10:40.190,403M19:45:19.863,403 13:37:37,403 20:12:20,135.541,135.679,135.47,35,9.821
urn:nasa:pds:insight_ps:data_calibrated:ps_calib_0404,2020-01-15T07:44:08.932Z,2020-01-16T08:23:44.088Z,ps_calib_0404,404,404M00:00:00.020,404M23:59:59.934,404 00:27:01,405 00:27:11,135.768,136.271,135.86,35,86.559
urn:nasa:pds:insight_ps:data_calibrated:ps_calib_0405,2020-01-16T08:23:44.188Z,2020-01-17T09:03:19.326Z,ps_calib_0405,405,405M00:00:00.032,405M23:59:59.928,405 00:27:11,406 00:27:20,136.271,136.775,136.35,35,86.559
urn:nasa:pds:insight_ps:data_calibrated:ps_calibevent_0405,2020-01-16T10:01:05.679Z,2020-01-17T06:35:27.118Z,ps_calibevent_0405,405,405M01:34:45.230,405M21:36:05.103,405 02:01:57,405 22:03:25,136.304,136.724,136.35,35,47.672
urn:nasa:pds:insight_ps:data_calibrated:ps_calib_0406,2020-01-17T09:03:19.426Z,2020-01-18T09:42:54.549Z,ps_calib_0406,406,406M00:00:00.026,406M23:59:59.908,406 00:27:21,407 00:27:30,136.775,137.28,136.94,35,86.559
urn:nasa:pds:insight_ps:data_calibrated:ps_calibevent_0406,2020-01-17T21:55:37.005Z,2020-01-17T22:01:40.948Z,ps_calibevent_0406,406,406M12:31:37.811,406M12:37:32.016,406 12:59:03,406 13:04:58,137.038,137.04,136.94,35,0.742
urn:nasa:pds:insight_ps:data_calibrated:ps_calib_0407,2020-01-18T09:42:54.649Z,2020-01-19T10:22:29.826Z,ps_calib_0407,407,407M00:00:00.005,407M23:59:59.940,407 00:27:30,408 00:27:40,137.28,137.785,137.43,35,86.559
urn:nasa:pds:insight_ps:data_calibrated:ps_calibevent_0407,2020-01-18T21:40:32.216Z,2020-01-19T10:22:29.876Z,ps_calibevent_0407,407,407M11:38:25.537,407M23:59:59.989,407 12:06:00,408 00:27:40,137.525,137.785,137.58,35,8.086
urn:nasa:pds:insight_ps:data_calibrated:ps_calib_0408,2020-01-19T10:22:29.926Z,2020-01-20T11:02:05.122Z,ps_calib_0408,408,408M00:00:00.038,408M23:59:59.991,408 00:27:40,409 00:27:49,137.785,138.291,137.92,35,86.559
urn:nasa:pds:insight_ps:data_calibrated:ps_calibevent_0408,2020-01-19T10:22:29.926Z,2020-01-20T06:50:05.850Z,ps_calibevent_0408,408,408M00:00:00.038,408M19:54:45.246,408 00:27:40,408 20:22:33,137.785,138.205,137.82,35,26.575
urn:nasa:pds:insight_ps:data_calibrated:ps_calib_0409,2020-01-20T11:02:05.222Z,2020-01-21T11:41:40.325Z,ps_calib_0409,409,409M00:00:00.088,409M23:59:59.951,409 00:27:49,410 00:27:59,138.291,138.798,138.41,35,86.559
urn:nasa:pds:insight_ps:data_calibrated:ps_calibevent_0409,2020-01-21T01:00:42.477Z,2020-01-21T11:41:40.325Z,ps_calibevent_0409,409,409M13:36:11.070,409M23:59:59.951,409 14:04:06,410 00:27:59,138.579,138.798,138.56,35,28.559
urn:nasa:pds:insight_ps:data_calibrated:ps_calibevent_0410,2020-01-21T11:41:40.375Z,2020-01-22T00:49:22.668Z,ps_calibevent_0410,410,410M00:00:00.000,410M12:46:37.757,410 00:27:59,410 13:14:42,138.798,139.069,138.81,35,6.328
urn:nasa:pds:insight_ps:data_calibrated:ps_calib_0410,2020-01-21T11:41:40.425Z,2020-01-22T12:21:15.549Z,ps_calib_0410,410,410M00:00:00.049,410M23:59:59.932,410 00:27:59,411 00:28:08,138.798,139.306,138.91,35,86.559
urn:nasa:pds:insight_ps:data_calibrated:ps_calib_0411,2020-01-22T12:21:15.649Z,2020-01-23T13:00:50.799Z,ps_calib_0411,411,411M00:00:00.029,411M23:59:59.938,411 00:28:08,412 00:28:18,139.306,139.815,139.4,35,86.555
urn:nasa:pds:insight_ps:data_calibrated:ps_calibevent_0411,2020-01-22T23:54:19.917Z,2020-01-23T13:00:50.849Z,ps_calibevent_0411,411,411M11:14:31.681,411M23:59:59.986,411 11:42:45,412 00:28:18,139.545,139.815,139.55,35,28.461
urn:nasa:pds:insight_ps:data_calibrated:ps_calib_0412,2020-01-23T13:00:50.899Z,2020-01-24T13:40:21.803Z,ps_calib_0412,412,412M00:00:00.035,412M23:59:55.811,412 00:28:18,413 00:28:23,139.815,140.325,139.9,35,71.856
urn:nasa:pds:insight_ps:data_calibrated:ps_calibevent_0412,2020-01-23T13:00:50.899Z,2020-01-24T13:40:26.103Z,ps_calibevent_0412,412,412M00:00:00.035,412M23:59:59.996,412 00:28:18,413 00:28:28,139.815,140.325,139.9,35,11.313
urn:nasa:pds:insight_ps:data_calibrated:ps_calibevent_0413,2020-01-24T13:40:26.253Z,2020-01-25T08:35:28.811Z,ps_calibevent_0413,413,413M00:00:00.142,413M18:24:40.569,413 00:28:28,413 18:53:16,140.325,140.716,140.29,35,15.36
urn:nasa:pds:insight_ps:data_calibrated:ps_calib_0413,2020-01-24T13:40:26.803Z,2020-01-25T14:20:01.309Z,ps_calib_0413,413,413M00:00:00.677,413M23:59:59.959,413 00:28:28,414 00:28:37,140.325,140.835,140.39,35,84.203
urn:nasa:pds:insight_ps:data_calibrated:ps_calib_0414,2020-01-25T14:20:01.409Z,2020-01-26T14:59:36.502Z,ps_calib_0414,414,414M00:00:00.057,414M23:59:59.910,414 00:28:37,415 00:28:47,140.835,141.346,140.89,35,86.559
urn:nasa:pds:insight_ps:data_calibrated:ps_calibevent_0414,2020-01-26T00:41:29.630Z,2020-01-26T13:02:22.772Z,ps_calibevent_0414,414,414M10:04:50.605,414M22:05:54.372,414 10:33:32,414 22:34:41,141.05,141.306,141.04,35,11.274
urn:nasa:pds:insight_ps:data_calibrated:ps_calib_0415,2020-01-26T14:59:36.602Z,2020-01-27T15:39:11.782Z,ps_calib_0415,415,415M00:00:00.007,415M23:59:59.945,415 00:28:47,416 00:28:57,141.346,141.858,141.54,35,86.559
urn:nasa:pds:insight_ps:data_calibrated:ps_calibevent_0415,2020-01-26T16:01:10.632Z,2020-01-27T06:02:45.452Z,ps_calibevent_0415,415,415M00:59:55.201,415M14:38:58.996,415 01:28:43,415 15:07:52,141.367,141.658,141.39,35,11.383
urn:nasa:pds:insight_ps:data_calibrated:ps_calib_0416,2020-01-27T15:39:11.882Z,2020-01-28T16:18:47.012Z,ps_calib_0416,416,416M00:00:00.042,416M23:59:59.931,416 00:28:57,417 00:29:06,141.858,142.371,142.04,35,86.551
urn:nasa:pds:insight_ps:data_calibrated:ps_calibevent_0416,2020-01-28T02:34:57.122Z,2020-01-28T05:29:32.863Z,ps_calibevent_0416,416,416M10:38:12.573,416M13:28:08.027,416 11:07:14,416 13:57:10,142.085,142.146,142.04,35,1.68
urn:nasa:pds:insight_ps:data_calibrated:ps_calib_0417,2020-01-28T16:18:47.112Z,2020-01-29T16:58:22.231Z,ps_calib_0417,417,417M00:00:00.029,417M23:59:59.907,417 00:29:06,418 00:29:16,142.371,142.885,142.54,35,86.559
urn:nasa:pds:insight_ps:data_calibrated:ps_calibevent_0417,2020-01-28T17:07:09.265Z,2020-01-29T11:51:39.958Z,ps_calibevent_0417,417,417M00:47:04.532,417M19:01:30.000,417 01:16:11,417 19:30:44,142.388,142.778,142.54,35,21.434
urn:nasa:pds:insight_ps:data_calibrated:ps_calib_0418,2020-01-29T16:58:22.331Z,2020-01-30T17:37:57.502Z,ps_calib_0418,418,418M00:00:00.004,418M23:59:59.933,418 00:29:16,419 00:29:26,142.885,143.399,143.04,35,86.559
urn:nasa:pds:insight_ps:data_calibrated:ps_calibevent_0418,2020-01-30T11:24:53.426Z,2020-01-30T12:45:37.315Z,ps_calibevent_0418,418,418M17:56:54.758,418M19:15:29.046,418 18:26:18,418 19:44:53,143.269,143.297,143.19,35,9.715
urn:nasa:pds:insight_ps:data_calibrated:ps_calib_0419,2020-01-30T17:37:57.602Z,2020-01-31T18:17:32.737Z,ps_calib_0419,419,419M00:00:00.031,419M23:59:59.925,419 00:29:26,420 00:29:35,143.399,143.914,143.54,35,86.559
urn:nasa:pds:insight_ps:data_calibrated:ps_calibevent_0419,2020-01-31T03:55:43.293Z,2020-01-31T18:17:32.787Z,ps_calibevent_0419,419,419M10:01:14.002,419M23:59:59.973,419 10:30:44,420 00:29:35,143.614,143.914,143.69,35,14.223
urn:nasa:pds:insight_ps:data_calibrated:ps_calib_0420,2020-01-31T18:17:32.837Z,2020-02-01T18:57:08.017Z,ps_calib_0420,420,420M00:00:00.022,420M23:59:59.960,420 00:29:35,421 00:29:45,143.914,144.431,144.04,35,86.559
urn:nasa:pds:insight_ps:data_calibrated:ps_calibevent_0420,2020-01-31T18:17:32.837Z,2020-02-01T06:02:04.600Z,ps_calibevent_0420,420,420M00:00:00.022,420M11:25:40.774,420 00:29:35,420 11:55:21,143.914,144.16,143.89,35,14.805
urn:nasa:pds:insight_ps:data_calibrated:ps_calib_0421,2020-02-01T18:57:08.117Z,2020-02-02T14:50:34.528Z,ps_calib_0421,421,421M00:00:00.057,421M19:21:30.588,421 00:29:45,421 19:51:24,144.431,144.848,144.54,35,69.821
urn:nasa:pds:insight_ps:data_calibrated:ps_calibevent_0421,2020-02-02T05:42:34.175Z,2020-02-02T14:50:37.578Z,ps_calibevent_0421,421,421M10:28:09.972,421M19:21:33.556,421 10:57:59,421 19:51:27,144.656,144.848,144.54,35,6.121
urn:nasa:pds:insight_ps:data_calibrated:ps_calib_0422,2020-02-02T22:23:57.995Z,2020-02-03T20:16:18.521Z,ps_calib_0422,422,422M02:42:46.207,422M23:59:59.975,422 03:12:42,423 00:30:05,145.006,145.466,145.05,35,76.774
urn:nasa:pds:insight_ps:data_calibrated:ps_calibevent_0422,2020-02-03T12:12:04.977Z,2020-02-03T13:32:48.853Z,ps_calibevent_0422,422,422M16:08:43.779,422M17:27:18.054,422 16:38:45,422 17:57:20,145.296,145.324,145.2,35,9.715
urn:nasa:pds:insight_ps:data_calibrated:ps_calib_0423,2020-02-03T20:16:18.621Z,2020-02-04T20:55:53.762Z,ps_calib_0423,423,423M00:00:00.072,423M23:59:59.972,423 00:30:05,424 00:30:14,145.466,145.985,145.55,35,86.559
urn:nasa:pds:insight_ps:data_calibrated:ps_calibevent_0423,2020-02-03T20:38:08.496Z,2020-02-04T20:55:53.762Z,ps_calibevent_0423,423,423M00:21:14.900,423M23:59:59.972,423 00:51:20,424 00:30:14,145.473,145.985,145.55,35,35.024
urn:nasa:pds:insight_ps:data_calibrated:ps_calibevent_0424,2020-02-04T20:55:53.812Z,2020-02-05T18:17:07.197Z,ps_calibevent_0424,424,424M00:00:00.020,424M20:46:56.604,424 00:30:14,424 21:17:19,145.985,146.434,146.05,35,24.25
urn:nasa:pds:insight_ps:data_calibrated:ps_calib_0424,2020-02-04T20:55:53.862Z,2020-02-05T21:35:28.960Z,ps_calib_0424,424,424M00:00:00.069,424M23:59:59.927,424 00:30:14,425 00:30:24,145.985,146.504,146.05,35,86.559
urn:nasa:pds:insight_ps:data_calibrated:ps_calib_0425,2020-02-05T21:35:29.060Z,2020-02-06T22:15:04.180Z,ps_calib_0425,425,425M00:00:00.024,425M23:59:59.904,425 00:30:24,426 00:30:33,146.504,147.025,146.71,35,80.422
urn:nasa:pds:insight_ps:data_calibrated:ps_calibevent_0425,2020-02-06T07:16:21.299Z,2020-02-06T20:17:57.440Z,ps_calibevent_0425,425,425M09:25:19.768,425M22:06:01.169,425 09:55:47,425 22:36:34,146.708,146.984,146.71,35,21.5
urn:nasa:pds:insight_ps:data_calibrated:ps_calib_0426,2020-02-06T22:15:04.280Z,2020-02-07T22:54:39.470Z,ps_calib_0426,426,426M00:00:00.001,426M23:59:59.949,426 00:30:34,427 00:30:43,147.025,147.546,147.22,35,84.59
urn:nasa:pds:insight_ps:data_calibrated:ps_calibevent_0426,2020-02-07T05:15:29.877Z,2020-02-07T09:10:45.502Z,ps_calibevent_0426,426,426M06:49:10.670,426M10:38:08.621,426 07:19:47,426 11:08:46,147.173,147.256,147.07,35,7.633
urn:nasa:pds:insight_ps:data_calibrated:ps_calib_0427,2020-02-07T22:54:39.570Z,2020-02-08T23:34:14.721Z,ps_calib_0427,427,427M00:00:00.046,427M23:59:59.955,427 00:30:43,428 00:30:53,147.546,148.069,147.73,35,86.559
urn:nasa:pds:insight_ps:data_calibrated:ps_calibevent_0427,2020-02-08T10:13:38.902Z,2020-02-08T23:34:14.721Z,ps_calibevent_0427,427,427M11:00:49.369,427M23:59:59.955,427 11:31:37,428 00:30:53,147.786,148.069,147.83,35,13.313
urn:nasa:pds:insight_ps:data_calibrated:ps_calib_0428,2020-02-08T23:34:14.821Z,2020-02-10T00:13:50.004Z,ps_calib_0428,428,428M00:00:00.053,428M23:59:59.994,428 00:30:53,429 00:31:03,148.069,148.592,148.24,35,86.559
urn:nasa:pds:insight_ps:data_calibrated:ps_calibevent_0428,2020-02-08T23:34:15.021Z,2020-02-09T21:13:43.622Z,ps_calibevent_0428,428,428M00:00:00.247,428M21:04:42.744,428 00:30:53,428 21:35:44,148.069,148.528,148.24,35,33.66
urn:nasa:pds:insight_ps:data_calibrated:ps_calib_0429,2020-02-10T00:13:50.104Z,2020-02-11T00:53:25.213Z,ps_calib_0429,429,429M00:00:00.091,429M23:59:59.960,429 00:31:03,430 00:31:12,148.592,149.116,148.75,35,84.59
urn:nasa:pds:insight_ps:data_calibrated:ps_calibevent_0429,2020-02-10T08:29:00.872Z,2020-02-11T00:53:25.213Z,ps_calibevent_0429,429,429M08:01:55.926,429M23:59:59.960,429 08:33:02,430 00:31:12,148.767,149.116,148.85,35,39.239
urn:nasa:pds:insight_ps:data_calibrated:ps_calibevent_0430,2020-02-11T00:53:25.263Z,2020-02-11T22:55:11.404Z,ps_calibevent_0430,430,430M00:00:00.008,430M21:26:24.258,430 00:31:12,430 21:57:45,149.116,149.585,149.26,35,46.907
urn:nasa:pds:insight_ps:data_calibrated:ps_calib_0430,2020-02-11T00:53:25.313Z,2020-02-12T01:33:00.405Z,ps_calib_0430,430,430M00:00:00.057,430M23:59:59.909,430 00:31:12,431 00:31:22,149.116,149.641,149.26,35,86.559
urn:nasa:pds:insight_ps:data_calibrated:ps_calib_0431,2020-02-12T01:33:00.505Z,2020-02-13T02:12:35.645Z,ps_calib_0431,431,431M00:00:00.006,431M23:59:59.905,431 00:31:22,432 00:31:31,149.641,150.167,149.77,35,86.559
urn:nasa:pds:insight_ps:data_calibrated:ps_calibevent_0431,2020-02-12T09:46:36.667Z,2020-02-13T01:16:57.649Z,ps_calibevent_0431,431,431M08:00:23.767,431M23:05:51.220,431 08:31:49,431 23:37:22,149.816,150.147,149.87,35,40.739
urn:nasa:pds:insight_ps:data_calibrated:ps_calib_0432,2020-02-13T02:12:35.745Z,2020-02-14T02:52:10.895Z,ps_calib_0432,432,432M00:00:00.003,432M23:59:59.911,432 00:31:31,433 00:31:41,150.167,150.693,150.28,35,86.559
urn:nasa:pds:insight_ps:data_calibrated:ps_calibevent_0432,2020-02-14T01:22:23.081Z,2020-02-14T02:40:30.956Z,ps_calibevent_0432,432,432M22:32:36.252,432M23:48:38.699,432 23:04:17,433 00:20:19,150.661,150.689,150.48,35,9.403
urn:nasa:pds:insight_ps:data_calibrated:ps_calib_0433,2020-02-14T02:52:10.995Z,2020-02-15T03:31:46.143Z,ps_calib_0433,433,433M00:00:00.008,433M23:59:59.915,433 00:31:41,434 00:31:50,150.693,151.221,150.9,35,84.309
urn:nasa:pds:insight_ps:data_calibrated:ps_calibevent_0433,2020-02-14T14:26:52.106Z,2020-02-14T22:04:09.611Z,ps_calibevent_0433,433,433M11:16:05.912,433M18:41:09.307,433 11:47:51,433 19:12:58,150.941,151.104,150.9,35,19.149
urn:nasa:pds:insight_ps:data_calibrated:ps_calib_0434,2020-02-15T03:31:46.243Z,2020-02-16T04:11:21.400Z,ps_calib_0434,434,434M00:00:00.012,434M23:59:59.928,434 00:31:50,435 00:32:00,151.221,151.75,151.41,35,86.551
urn:nasa:pds:insight_ps:data_calibrated:ps_calibevent_0434,2020-02-15T13:39:24.524Z,2020-02-15T23:12:14.900Z,ps_calibevent_0434,434,434M09:51:22.827,434M19:08:53.599,434 10:23:17,434 19:40:52,151.438,151.643,151.41,35,22.508
urn:nasa:pds:insight_ps:data_calibrated:ps_calib_0435,2020-02-16T04:11:21.500Z,2020-02-17T04:50:56.650Z,ps_calib_0435,435,435M00:00:00.025,435M23:59:59.934,435 00:32:00,436 00:32:09,151.75,152.279,151.92,35,71.336
urn:nasa:pds:insight_ps:data_calibrated:ps_calibevent_0435,2020-02-16T15:53:22.753Z,2020-02-16T21:31:45.199Z,ps_calibevent_0435,435,435M11:23:14.294,435M16:52:33.534,435 11:55:19,435 17:24:40,152.001,152.122,151.92,35,7.512
urn:nasa:pds:insight_ps:data_calibrated:ps_calib_0436,2020-02-17T04:50:56.750Z,2020-02-18T05:30:31.901Z,ps_calib_0436,436,436M00:00:00.031,436M23:59:59.941,436 00:32:09,437 00:32:19,152.279,152.81,152.44,35,86.559
urn:nasa:pds:insight_ps:data_calibrated:ps_calibevent_0436,2020-02-17T05:59:28.765Z,2020-02-18T02:51:31.140Z,ps_calibevent_0436,436,436M01:06:42.026,436M21:25:14.449,436 01:38:52,436 21:57:32,152.304,152.753,152.44,35,39.95
urn:nasa:pds:insight_ps:data_calibrated:ps_calib_0437,2020-02-18T05:30:32.001Z,2020-02-19T06:10:07.201Z,ps_calib_0437,437,437M00:00:00.038,437M23:59:59.995,437 00:32:19,438 00:32:28,152.81,153.341,152.96,35,86.559
urn:nasa:pds:insight_ps:data_calibrated:ps_calibevent_0437,2020-02-18T21:16:10.665Z,2020-02-19T00:35:29.418Z,ps_calibevent_0437,437,437M15:20:20.618,437M18:34:19.407,437 15:52:45,437 19:06:45,153.149,153.221,153.06,35,14.367
urn:nasa:pds:insight_ps:data_calibrated:ps_calib_0438,2020-02-19T06:10:07.301Z,2020-02-20T06:49:42.437Z,ps_calib_0438,438,438M00:00:00.092,438M23:59:59.987,438 00:32:28,439 00:32:37,153.341,153.873,153.47,35,86.559
urn:nasa:pds:insight_ps:data_calibrated:ps_calibevent_0438,2020-02-19T18:15:00.082Z,2020-02-19T22:38:51.756Z,ps_calibevent_0438,438,438M11:45:29.194,438M16:02:17.280,438 12:18:02,438 16:34:52,153.602,153.697,153.47,35,8.344
urn:nasa:pds:insight_ps:data_calibrated:ps_calib_0439,2020-02-20T06:49:42.537Z,2020-02-21T07:29:17.671Z,ps_calib_0439,439,439M00:00:00.085,439M23:59:59.978,439 00:32:37,440 00:32:47,153.873,154.407,153.99,35,86.559
urn:nasa:pds:insight_ps:data_calibrated:ps_calibevent_0439,2020-02-20T08:09:31.243Z,2020-02-21T01:58:44.913Z,ps_calibevent_0439,439,439M01:17:40.666,439M18:38:17.859,439 01:50:19,439 19:11:02,153.902,154.287,153.99,35,21.883
urn:nasa:pds:insight_ps:data_calibrated:ps_calib_0440,2020-02-21T07:29:17.771Z,2020-02-22T08:08:52.901Z,ps_calib_0440,440,440M00:00:00.075,440M23:59:59.964,440 00:32:47,441 00:32:56,154.407,154.941,154.51,35,86.559
urn:nasa:pds:insight_ps:data_calibrated:ps_calibevent_0440,2020-02-21T18:20:23.807Z,2020-02-22T03:34:37.195Z,ps_calibevent_0440,440,440M10:33:40.871,440M19:33:04.542,440 11:06:32,440 20:05:59,154.642,154.842,154.62,35,12.942
urn:nasa:pds:insight_ps:data_calibrated:ps_calib_0441,2020-02-22T08:08:53.002Z,2020-02-23T08:48:28.098Z,ps_calib_0441,441,441M00:00:00.062,441M23:59:59.918,441 00:32:56,442 00:33:05,154.941,155.476,155.03,35,86.559
urn:nasa:pds:insight_ps:data_calibrated:ps_calibevent_0441,2020-02-22T17:23:26.295Z,2020-02-23T05:23:38.536Z,ps_calibevent_0441,441,441M08:59:43.105,441M20:40:39.172,441 09:32:42,441 21:13:43,155.141,155.402,155.14,35,25.578
urn:nasa:pds:insight_ps:data_calibrated:ps_calib_0442,2020-02-23T08:48:28.198Z,2020-02-24T09:28:03.393Z,ps_calib_0442,442,442M00:00:00.015,442M23:59:59.967,442 00:33:05,443 00:33:14,155.476,156.012,155.55,35,86.559
urn:nasa:pds:insight_ps:data_calibrated:ps_calibevent_0442,2020-02-23T18:56:09.582Z,2020-02-24T04:52:00.889Z,ps_calibevent_0442,442,442M09:51:25.849,442M19:31:20.605,442 10:24:35,442 20:04:33,155.696,155.912,155.66,35,19.672
urn:nasa:pds:insight_ps:data_calibrated:ps_calib_0443,2020-02-24T09:28:03.493Z,2020-02-25T10:07:38.598Z,ps_calib_0443,443,443M00:00:00.065,443M23:59:59.929,443 00:33:14,444 00:33:23,156.012,156.549,156.18,35,86.559
urn:nasa:pds:insight_ps:data_calibrated:ps_calibevent_0443,2020-02-24T09:47:12.673Z,2020-02-25T03:50:45.312Z,ps_calibevent_0443,443,443M00:18:38.497,443M17:53:11.678,443 00:51:53,443 18:26:33,156.019,156.412,156.07,35,21.809
urn:nasa:pds:insight_ps:data_calibrated:ps_calib_0444,2020-02-25T10:07:38.698Z,2020-02-26T10:47:13.883Z,ps_calib_0444,444,444M00:00:00.027,444M23:59:59.969,444 00:33:23,445 00:33:32,156.549,157.087,156.7,35,86.559
urn:nasa:pds:insight_ps:data_calibrated:ps_calibevent_0444,2020-02-25T20:17:01.147Z,2020-02-26T06:10:04.418Z,ps_calibevent_0444,444,444M09:53:04.222,444M19:30:15.437,444 10:26:31,444 20:03:46,156.77,156.986,156.7,35,9.957
urn:nasa:pds:insight_ps:data_calibrated:ps_calib_0445,2020-02-26T10:47:13.983Z,2020-02-27T11:26:49.143Z,ps_calib_0445,445,445M00:00:00.067,445M23:59:59.985,445 00:33:32,446 00:33:41,157.087,157.626,157.23,35,86.559
urn:nasa:pds:insight_ps:data_calibrated:ps_calibevent_0445,2020-02-27T11:17:55.454Z,2020-02-27T11:26:49.143Z,ps_calibevent_0445,445,445M23:51:20.575,445M23:59:59.985,446 00:25:02,446 00:33:41,157.623,157.626,157.54,35,1.082
urn:nasa:pds:insight_ps:data_calibrated:ps_calibevent_0446,2020-02-27T11:26:49.193Z,2020-02-28T08:19:30.928Z,ps_calibevent_0446,446,446M00:00:00.034,446M20:19:10.764,446 00:33:41,446 20:53:00,157.626,158.083,157.65,35,32.317
urn:nasa:pds:insight_ps:data_calibrated:ps_calib_0446,2020-02-27T11:26:49.243Z,2020-02-28T12:06:24.373Z,ps_calib_0446,446,446M00:00:00.082,446M23:59:59.971,446 00:33:41,447 00:33:50,157.626,158.166,157.75,35,86.559
urn:nasa:pds:insight_ps:data_calibrated:ps_calib_0447,2020-02-28T12:06:24.473Z,2020-02-29T12:45:59.569Z,ps_calib_0447,447,447M00:00:00.069,447M23:59:59.925,447 00:33:50,448 00:33:59,158.166,158.706,158.28,35,86.559
urn:nasa:pds:insight_ps:data_calibrated:ps_calibevent_0447,2020-02-29T00:18:54.825Z,2020-02-29T08:29:31.363Z,ps_calibevent_0447,447,447M11:52:54.498,447M19:50:23.441,447 12:26:49,447 20:24:21,158.433,158.613,158.43,35,6.278
urn:nasa:pds:insight_ps:data_calibrated:ps_calib_0448,2020-02-29T12:45:59.669Z,2020-03-01T13:25:34.872Z,ps_calib_0448,448,448M00:00:00.022,448M23:59:59.982,448 00:33:59,449 00:34:08,158.706,159.248,158.8,35,86.559
urn:nasa:pds:insight_ps:data_calibrated:ps_calibevent_0448,2020-02-29T23:57:39.270Z,2020-03-01T13:17:20.530Z,ps_calibevent_0448,448,448M10:53:41.379,448M23:51:58.867,448 11:27:44,449 00:26:07,158.952,159.245,158.96,35,17.528
urn:nasa:pds:insight_ps:data_calibrated:ps_calib_0449,2020-03-01T13:25:34.972Z,2020-03-02T14:05:10.112Z,ps_calib_0449,449,449M00:00:00.080,449M23:59:59.978,449 00:34:08,450 00:34:17,159.248,159.791,159.33,35,86.559
urn:nasa:pds:insight_ps:data_calibrated:ps_calibevent_0449,2020-03-02T01:59:56.589Z,2020-03-02T10:21:30.077Z,ps_calibevent_0449,449,449M12:14:10.690,449M20:22:19.006,449 12:48:23,449 20:56:34,159.525,159.709,159.49,35,9.18
urn:nasa:pds:insight_ps:data_calibrated:ps_calib_0450,2020-03-02T14:05:10.212Z,2020-03-03T14:44:45.352Z,ps_calib_0450,450,450M00:00:00.076,450M23:59:59.975,450 00:34:17,451 00:34:25,159.791,160.335,159.86,35,86.559
urn:nasa:pds:insight_ps:data_calibrated:ps_calibevent_0450,2020-03-03T00:19:38.096Z,2020-03-03T11:36:23.370Z,ps_calibevent_0450,450,450M09:58:01.534,450M20:56:40.385,450 10:32:22,450 21:31:04,160.017,160.265,160.02,35,18.086
urn:nasa:pds:insight_ps:data_calibrated:ps_calib_0451,2020-03-03T14:44:45.452Z,2020-03-04T15:24:20.543Z,ps_calib_0451,451,451M00:00:00.072,451M23:59:59.923,451 00:34:25,452 00:34:34,160.335,160.879,160.55,35,86.559
urn:nasa:pds:insight_ps:data_calibrated:ps_calibevent_0451,2020-03-04T00:52:45.502Z,2020-03-04T03:25:45.255Z,ps_calibevent_0451,451,451M09:51:44.073,451M12:20:38.215,451 10:26:13,451 12:55:08,160.558,160.615,160.55,35,2.512
urn:nasa:pds:insight_ps:data_calibrated:ps_calib_0452,2020-03-04T15:24:20.643Z,2020-03-05T16:03:55.805Z,ps_calib_0452,452,452M00:00:00.020,452M23:59:59.941,452 00:34:34,453 00:34:42,160.879,161.425,161.08,35,86.559
urn:nasa:pds:insight_ps:data_calibrated:ps_calibevent_0452,2020-03-05T02:56:38.895Z,2020-03-05T03:03:34.836Z,ps_calibevent_0452,452,452M11:13:46.887,452M11:20:31.699,452 11:48:25,452 11:55:09,161.134,161.137,161.08,35,0.848
urn:nasa:pds:insight_ps:data_calibrated:ps_calib_0453,2020-03-05T16:03:55.905Z,2020-03-06T16:43:31.015Z,ps_calib_0453,453,453M00:00:00.038,453M23:59:59.908,453 00:34:42,454 00:34:50,161.425,161.971,161.61,35,86.559
urn:nasa:pds:insight_ps:data_calibrated:ps_calibevent_0453,2020-03-06T01:29:47.505Z,2020-03-06T15:16:09.654Z,ps_calibevent_0453,453,453M09:10:43.239,453M22:34:58.783,453 09:45:29,453 23:09:49,161.634,161.939,161.61,35,18.879
urn:nasa:pds:insight_ps:data_calibrated:ps_calib_0454,2020-03-06T16:43:31.115Z,2020-03-07T17:23:06.344Z,ps_calib_0454,454,454M00:00:00.005,454M23:59:59.990,454 00:34:51,455 00:34:59,161.971,162.519,162.14,35,86.559
urn:nasa:pds:insight_ps:data_calibrated:ps_calibevent_0454,2020-03-07T01:12:56.969Z,2020-03-07T12:04:35.266Z,ps_calibevent_0454,454,454M08:15:48.047,454M18:50:00.243,454 08:50:41,454 19:24:57,162.16,162.401,162.14,35,8.762
urn:nasa:pds:insight_ps:data_calibrated:ps_calib_0455,2020-03-07T17:23:06.444Z,2020-03-08T18:02:41.518Z,ps_calib_0455,455,455M00:00:00.088,455M23:59:59.922,455 00:34:59,456 00:35:07,162.519,163.068,162.67,35,86.559
urn:nasa:pds:insight_ps:data_calibrated:ps_calibevent_0455,2020-03-08T02:07:45.367Z,2020-03-08T07:42:44.912Z,ps_calibevent_0455,455,455M08:30:36.770,455M13:56:38.537,455 09:05:38,455 14:31:42,162.713,162.838,162.67,35,5.637
urn:nasa:pds:insight_ps:data_calibrated:ps_calib_0456,2020-03-08T18:02:41.618Z,2020-03-09T18:42:16.785Z,ps_calib_0456,456,456M00:00:00.020,456M23:59:59.945,456 00:35:07,457 00:35:15,163.068,163.617,163.21,35,86.559
urn:nasa:pds:insight_ps:data_calibrated:ps_calibevent_0456,2020-03-09T02:00:08.800Z,2020-03-09T14:07:01.926Z,ps_calibevent_0456,456,456M07:44:40.726,456M19:32:06.952,456 08:19:50,456 20:07:21,163.245,163.515,163.21,35,11.321
urn:nasa:pds:insight_ps:data_calibrated:ps_calib_0457,2020-03-09T18:42:16.885Z,2020-03-10T19:21:52.076Z,ps_calib_0457,457,457M00:00:00.042,457M23:59:59.991,457 00:35:15,458 00:35:23,163.617,164.168,163.74,35,86.559
urn:nasa:pds:insight_ps:data_calibrated:ps_calibevent_0457,2020-03-10T03:09:16.990Z,2020-03-10T07:42:05.546Z,ps_calibevent_0457,457,457M08:13:26.236,457M12:38:56.839,457 08:48:44,457 13:14:16,163.806,163.907,163.74,35,7.321
urn:nasa:pds:insight_ps:data_calibrated:ps_calib_0458,2020-03-10T19:21:52.176Z,2020-03-11T20:01:27.303Z,ps_calib_0458,458,458M00:00:00.088,458M23:59:59.974,458 00:35:23,459 00:35:31,164.168,164.719,164.28,35,86.559
urn:nasa:pds:insight_ps:data_calibrated:ps_calibevent_0458,2020-03-11T04:34:25.095Z,2020-03-11T19:07:44.103Z,ps_calibevent_0458,458,458M08:57:45.977,458M23:07:43.013,458 09:33:12,458 23:43:14,164.373,164.699,164.44,35,23.492
urn:nasa:pds:insight_ps:data_calibrated:ps_calib_0459,2020-03-11T20:01:27.403Z,2020-03-12T20:41:02.501Z,ps_calib_0459,459,459M00:00:00.072,459M23:59:59.929,459 00:35:31,460 00:35:39,164.719,165.272,164.82,35,86.559
urn:nasa:pds:insight_ps:data_calibrated:ps_calibevent_0459,2020-03-12T04:38:34.426Z,2020-03-12T20:41:02.551Z,ps_calibevent_0459,459,459M08:23:16.944,459M23:59:59.977,459 08:58:51,460 00:35:39,164.912,165.272,164.98,35,17.766
urn:nasa:pds:insight_ps:data_calibrated:ps_calib_0460,2020-03-12T20:41:02.601Z,2020-03-13T21:20:37.747Z,ps_calib_0460,460,460M00:00:00.026,460M23:59:59.931,460 00:35:39,461 00:35:46,165.272,165.825,165.35,35,86.559
urn:nasa:pds:insight_ps:data_calibrated:ps_calibevent_0460,2020-03-12T20:41:02.601Z,2020-03-13T19:31:08.719Z,ps_calibevent_0460,460,460M00:00:00.026,460M22:13:26.661,460 00:35:39,460 22:49:12,165.272,165.784,165.35,35,20.446
urn:nasa:pds:insight_ps:data_calibrated:ps_calib_0461,2020-03-13T21:20:37.847Z,2020-03-14T22:00:13.017Z,ps_calib_0461,461,461M00:00:00.028,461M23:59:59.956,461 00:35:46,462 00:35:54,165.825,166.379,166.05,35,86.559
urn:nasa:pds:insight_ps:data_calibrated:ps_calibevent_0461,2020-03-14T05:48:49.971Z,2020-03-14T16:19:07.190Z,ps_calibevent_0461,461,461M08:14:36.314,461M18:28:01.707,461 08:50:25,461 19:03:54,166.015,166.252,166.05,35,23.789
urn:nasa:pds:insight_ps:data_calibrated:ps_calib_0462,2020-03-14T22:00:13.117Z,2020-03-15T22:39:48.226Z,ps_calib_0462,462,462M00:00:00.053,462M23:59:59.922,462 00:35:54,463 00:36:01,166.379,166.935,166.59,35,86.559
urn:nasa:pds:insight_ps:data_calibrated:ps_calibevent_0462,2020-03-15T11:13:48.834Z,2020-03-15T19:27:31.365Z,ps_calibevent_0462,462,462M12:52:21.778,462M20:52:51.738,462 13:28:20,462 21:28:52,166.677,166.863,166.7,35,13.672
urn:nasa:pds:insight_ps:data_calibrated:ps_calib_0463,2020-03-15T22:39:48.326Z,2020-03-16T23:19:21.514Z,ps_calib_0463,463,463M00:00:00.019,463M23:59:58.018,463 00:36:01,464 00:36:07,166.935,167.491,167.14,35,86.555
urn:nasa:pds:insight_ps:data_calibrated:ps_calibevent_0463,2020-03-16T08:15:01.451Z,2020-03-16T12:11:29.117Z,ps_calibevent_0463,463,463M09:19:49.721,463M13:09:57.787,463 09:55:54,463 13:46:03,167.151,167.24,166.97,35,5.239
urn:nasa:pds:insight_ps:data_calibrated:ps_calib_0464,2020-03-16T23:19:23.613Z,2020-03-17T23:58:58.781Z,ps_calib_0464,464,464M00:00:00.061,464M23:59:59.987,464 00:36:09,465 00:36:16,167.491,168.049,167.68,35,86.559
urn:nasa:pds:insight_ps:data_calibrated:ps_calibevent_0464,2020-03-17T09:58:31.744Z,2020-03-17T12:29:39.501Z,ps_calibevent_0464,464,464M10:22:02.161,464M12:49:07.304,464 10:58:14,464 13:25:20,167.732,167.789,167.68,35,2.41
urn:nasa:pds:insight_ps:data_calibrated:ps_calib_0465,2020-03-17T23:58:58.881Z,2020-03-19T00:38:31.397Z,ps_calib_0465,465,465M00:00:00.085,465M23:59:57.430,465 00:36:16,466 00:36:20,168.049,168.607,168.22,35,86.555
urn:nasa:pds:insight_ps:data_calibrated:ps_calibevent_0465,2020-03-18T11:27:22.907Z,2020-03-18T13:01:58.741Z,ps_calibevent_0465,465,465M11:09:58.993,465M12:42:02.965,465 11:46:18,465 13:18:23,168.308,168.344,168.22,35,3.242
urn:nasa:pds:insight_ps:data_calibrated:ps_calib_0466,2020-03-19T00:38:34.097Z,2020-03-20T01:18:09.233Z,ps_calib_0466,466,466M00:00:00.057,466M23:59:59.952,466 00:36:23,467 00:36:30,168.607,169.167,168.76,35,86.559
urn:nasa:pds:insight_ps:data_calibrated:ps_calibevent_0466,2020-03-19T11:48:39.314Z,2020-03-19T22:17:06.668Z,ps_calibevent_0466,466,466M10:52:09.556,466M21:03:48.023,466 11:28:36,466 21:40:17,168.86,169.098,168.87,35,15.34
urn:nasa:pds:insight_ps:data_calibrated:ps_calib_0467,2020-03-20T01:18:09.333Z,2020-03-21T01:57:44.457Z,ps_calib_0467,467,467M00:00:00.050,467M23:59:59.933,467 00:36:30,468 00:36:36,169.167,169.727,169.31,35,86.551
urn:nasa:pds:insight_ps:data_calibrated:ps_calibevent_0467,2020-03-20T12:40:27.583Z,2020-03-20T18:56:46.108Z,ps_calibevent_0467,467,467M11:04:02.968,467M17:10:17.388,467 11:40:36,467 17:46:52,169.425,169.568,169.42,35,11.547
urn:nasa:pds:insight_ps:data_calibrated:ps_calib_0468,2020-03-21T01:57:44.557Z,2020-03-22T02:37:19.759Z,ps_calib_0468,468,468M00:00:00.030,468M23:59:59.989,468 00:36:37,469 00:36:43,169.727,170.289,169.85,35,86.559
urn:nasa:pds:insight_ps:data_calibrated:ps_calibevent_0468,2020-03-21T12:01:35.962Z,2020-03-21T16:25:23.570Z,ps_calibevent_0468,468,468M09:47:42.038,468M14:04:26.168,468 10:24:21,468 14:41:07,169.956,170.056,169.96,35,5.012
urn:nasa:pds:insight_ps:data_calibrated:ps_calib_0469,2020-03-22T02:37:19.859Z,2020-03-23T03:16:54.929Z,ps_calib_0469,469,469M00:00:00.087,469M23:59:59.917,469 00:36:43,470 00:36:50,170.289,170.851,170.51,35,86.559
urn:nasa:pds:insight_ps:data_calibrated:ps_calibevent_0469,2020-03-22T13:16:03.169Z,2020-03-22T15:18:12.968Z,ps_calibevent_0469,469,469M10:21:38.030,469M12:20:31.714,469 10:58:24,469 12:57:18,170.531,170.578,170.51,35,2.512
urn:nasa:pds:insight_ps:data_calibrated:ps_calib_0470,2020-03-23T03:16:55.029Z,2020-03-24T03:56:30.194Z,ps_calib_0470,470,470M00:00:00.015,470M23:59:59.938,470 00:36:50,471 00:36:56,170.851,171.414,171.06,35,86.559
urn:nasa:pds:insight_ps:data_calibrated:ps_calibevent_0470,2020-03-23T13:39:33.666Z,2020-03-23T21:23:38.175Z,ps_calibevent_0470,470,470M10:05:59.095,470M17:37:38.604,470 10:42:51,470 18:14:33,171.088,171.265,171.06,35,10.028
urn:nasa:pds:insight_ps:data_calibrated:ps_calib_0471,2020-03-24T03:56:30.294Z,2020-03-25T04:36:05.432Z,ps_calib_0471,471,471M00:00:00.035,471M23:59:59.932,471 00:36:56,472 00:37:02,171.414,171.979,171.61,35,86.559
urn:nasa:pds:insight_ps:data_calibrated:ps_calibevent_0471,2020-03-25T02:38:12.352Z,2020-03-25T04:36:05.482Z,ps_calibevent_0471,471,471M22:05:16.097,471M23:59:59.981,471 22:42:18,472 00:37:02,171.934,171.979,171.88,35,6.25
urn:nasa:pds:insight_ps:data_calibrated:ps_calib_0472,2020-03-25T04:36:05.532Z,2020-03-26T05:15:40.682Z,ps_calib_0472,472,472M00:00:00.029,472M23:59:59.938,472 00:37:02,473 00:37:08,171.979,172.544,172.16,35,86.551
urn:nasa:pds:insight_ps:data_calibrated:ps_calibevent_0472,2020-03-25T04:36:05.532Z,2020-03-25T23:21:15.811Z,ps_calibevent_0472,472,472M00:00:00.029,472M18:15:04.023,472 00:37:02,472 18:52:11,171.979,172.409,172.16,35,14.313
urn:nasa:pds:insight_ps:data_calibrated:ps_calib_0473,2020-03-26T05:15:40.782Z,2020-03-27T05:55:15.935Z,ps_calib_0473,473,473M00:00:00.035,473M23:59:59.947,473 00:37:08,474 00:37:14,172.544,173.111,172.71,35,86.559
urn:nasa:pds:insight_ps:data_calibrated:ps_calibevent_0473,2020-03-26T21:05:15.412Z,2020-03-26T23:48:36.226Z,ps_calibevent_0473,473,473M15:24:10.269,473M18:03:08.856,473 16:01:22,473 18:40:21,172.908,172.97,172.82,35,7.407
urn:nasa:pds:insight_ps:data_calibrated:ps_calib_0474,2020-03-27T05:55:16.435Z,2020-03-28T06:34:51.216Z,ps_calib_0474,474,474M00:00:00.433,474M23:59:59.983,474 00:37:14,475 00:37:20,173.111,173.678,173.26,35,86.559
urn:nasa:pds:insight_ps:data_calibrated:ps_calibevent_0474,2020-03-27T16:59:48.016Z,2020-03-28T06:04:49.200Z,ps_calibevent_0474,474,474M10:46:45.222,474M23:30:46.181,474 11:24:02,475 00:08:06,173.366,173.667,173.37,35,28.328
urn:nasa:pds:insight_ps:data_calibrated:ps_calib_0475,2020-03-28T06:34:51.316Z,2020-03-29T07:14:26.465Z,ps_calib_0475,475,475M00:00:00.080,475M23:59:59.988,475 00:37:20,476 00:37:25,173.678,174.247,173.81,35,86.551
urn:nasa:pds:insight_ps:data_calibrated:ps_calibevent_0475,2020-03-28T17:59:40.259Z,2020-03-28T21:38:27.950Z,ps_calibevent_0475,475,475M11:06:29.660,475M14:39:26.110,475 11:43:52,475 15:16:49,173.941,174.025,173.81,35,1.68
urn:nasa:pds:insight_ps:data_calibrated:ps_calib_0476,2020-03-29T07:14:26.565Z,2020-03-30T07:54:01.696Z,ps_calib_0476,476,476M00:00:00.085,476M23:59:59.975,476 00:37:25,477 00:37:31,174.247,174.816,174.37,35,86.559
urn:nasa:pds:insight_ps:data_calibrated:ps_calibevent_0476,2020-03-29T15:41:05.793Z,2020-03-29T21:47:17.263Z,ps_calibevent_0476,476,476M08:13:05.961,476M14:09:29.568,476 08:50:33,476 14:46:58,174.442,174.583,174.37,35,18.367
urn:nasa:pds:insight_ps:data_calibrated:ps_calib_0477,2020-03-30T07:54:01.796Z,2020-03-31T08:33:36.937Z,ps_calib_0477,477,477M00:00:00.073,477M23:59:59.972,477 00:37:31,478 00:37:36,174.816,175.387,174.92,35,86.559
urn:nasa:pds:insight_ps:data_calibrated:ps_calib_0478,2020-03-31T08:33:37.036Z,2020-04-01T09:13:12.123Z,ps_calib_0478,478,478M00:00:00.068,478M23:59:59.915,478 00:37:36,479 00:37:41,175.387,175.958,175.47,35,86.559
urn:nasa:pds:insight_ps:data_calibrated:ps_calibevent_0478,2020-03-31T18:02:25.377Z,2020-03-31T22:36:51.969Z,ps_calibevent_0478,478,478M09:13:35.282,478M13:40:41.298,478 09:51:13,478 14:18:20,175.606,175.712,175.47,35,10.133
urn:nasa:pds:insight_ps:data_calibrated:ps_calib_0479,2020-04-01T09:13:12.223Z,2020-04-02T09:52:47.441Z,ps_calib_0479,479,479M00:00:00.013,479M23:59:59.987,479 00:37:41,480 00:37:46,175.958,176.531,176.14,35,86.559
urn:nasa:pds:insight_ps:data_calibrated:ps_calibevent_0479,2020-04-01T18:07:57.702Z,2020-04-01T23:47:21.233Z,ps_calibevent_0479,479,479M08:40:27.022,479M14:10:45.713,479 09:18:10,479 14:48:29,176.165,176.296,176.03,35,15.325
urn:nasa:pds:insight_ps:data_calibrated:ps_calib_0480,2020-04-02T09:52:47.541Z,2020-04-03T10:32:22.619Z,ps_calib_0480,480,480M00:00:00.085,480M23:59:59.923,480 00:37:46,481 00:37:50,176.531,177.104,176.7,35,86.559
urn:nasa:pds:insight_ps:data_calibrated:ps_calibevent_0480,2020-04-02T18:52:30.023Z,2020-04-03T00:10:56.586Z,ps_calibevent_0480,480,480M08:45:16.151,480M13:55:11.505,480 09:23:03,480 14:33:00,176.74,176.863,176.59,35,11.696
urn:nasa:pds:insight_ps:data_calibrated:ps_calib_0481,2020-04-03T10:32:22.719Z,2020-04-04T11:11:57.842Z,ps_calib_0481,481,481M00:00:00.020,481M23:59:59.903,481 00:37:50,482 00:37:55,177.104,177.679,177.26,35,86.559
urn:nasa:pds:insight_ps:data_calibrated:ps_calibevent_0481,2020-04-03T19:34:30.411Z,2020-04-04T01:14:45.975Z,ps_calibevent_0481,481,481M08:47:37.412,481M14:18:46.742,481 09:25:29,481 14:56:40,177.315,177.447,177.15,35,10.86
urn:nasa:pds:insight_ps:data_calibrated:ps_calib_0482,2020-04-04T11:11:57.942Z,2020-04-05T11:51:33.156Z,ps_calib_0482,482,482M00:00:00.000,482M23:59:59.971,482 00:37:55,483 00:37:59,177.679,178.254,177.82,35,86.551
urn:nasa:pds:insight_ps:data_calibrated:ps_calib_0483,2020-04-05T11:51:33.256Z,2020-04-06T12:31:08.391Z,ps_calib_0483,483,483M00:00:00.068,483M23:59:59.962,483 00:37:59,484 00:38:03,178.254,178.831,178.38,35,86.559
urn:nasa:pds:insight_ps:data_calibrated:ps_calibevent_0483,2020-04-05T20:43:58.394Z,2020-04-06T02:07:45.946Z,ps_calibevent_0483,483,483M08:38:10.491,483M13:53:18.246,483 09:16:11,483 14:31:19,178.462,178.588,178.27,35,8.672
urn:nasa:pds:insight_ps:data_calibrated:ps_calib_0484,2020-04-06T12:31:08.491Z,2020-04-07T13:10:43.591Z,ps_calib_0484,484,484M00:00:00.059,484M23:59:59.919,484 00:38:03,485 00:38:07,178.831,179.408,178.94,35,86.559
urn:nasa:pds:insight_ps:data_calibrated:ps_calibevent_0484,2020-04-06T21:02:12.858Z,2020-04-07T04:41:17.272Z,ps_calibevent_0484,484,484M08:17:23.980,484M15:44:11.423,484 08:55:28,484 16:22:17,179.03,179.209,179.11,35,4.821
urn:nasa:pds:insight_ps:data_calibrated:ps_calib_0485,2020-04-07T13:10:43.691Z,2020-04-08T13:50:18.477Z,ps_calib_0485,485,485M00:00:00.017,485M23:59:59.571,485 00:38:07,486 00:38:10,179.408,179.987,179.5,35,86.559
urn:nasa:pds:insight_ps:data_calibrated:ps_calibevent_0485,2020-04-07T21:56:38.223Z,2020-04-08T01:56:01.855Z,ps_calibevent_0485,485,485M08:31:50.285,485M12:24:49.608,485 09:09:58,485 13:02:58,179.614,179.707,179.5,35,7.008
urn:nasa:pds:insight_ps:data_calibrated:ps_calib_0486,2020-04-08T13:50:18.977Z,2020-04-09T14:29:54.088Z,ps_calib_0486,486,486M00:00:00.058,486M23:59:59.928,486 00:38:10,487 00:38:13,179.987,180.566,180.07,35,86.559
urn:nasa:pds:insight_ps:data_calibrated:ps_calibevent_0486,2020-04-08T22:09:06.637Z,2020-04-09T02:25:50.230Z,ps_calibevent_0486,486,486M08:05:26.982,486M12:15:18.441,486 08:43:38,486 12:53:30,180.182,180.283,180.07,35,9.594
urn:nasa:pds:insight_ps:data_calibrated:ps_calib_0487,2020-04-09T14:29:54.188Z,2020-04-10T15:09:29.388Z,ps_calib_0487,487,487M00:00:00.025,487M23:59:59.983,487 00:38:14,488 00:38:17,180.566,181.147,180.8,35,81.403
urn:nasa:pds:insight_ps:data_calibrated:ps_calibevent_0487,2020-04-09T19:32:12.293Z,2020-04-10T03:41:54.741Z,ps_calibevent_0487,487,487M04:54:12.833,487M12:50:49.132,487 05:32:27,487 13:29:04,180.685,180.877,180.63,35,9.469
urn:nasa:pds:insight_ps:data_calibrated:ps_calib_0488,2020-04-10T15:09:29.488Z,2020-04-11T15:49:04.576Z,ps_calib_0488,488,488M00:00:00.080,488M23:59:59.928,488 00:38:17,489 00:38:20,181.147,181.729,181.36,35,66.117
urn:nasa:pds:insight_ps:data_calibrated:ps_calibevent_0488,2020-04-10T23:49:59.667Z,2020-04-11T02:00:15.443Z,ps_calibevent_0488,488,488M08:26:34.673,488M10:33:21.333,488 09:04:52,488 11:11:39,181.351,181.403,181.19,35,4.18
urn:nasa:pds:insight_ps:data_calibrated:ps_calib_0489,2020-04-11T15:49:04.676Z,2020-04-12T16:28:39.853Z,ps_calib_0489,489,489M00:00:00.026,489M23:59:59.960,489 00:38:20,490 00:38:22,181.729,182.311,181.93,35,84.09
urn:nasa:pds:insight_ps:data_calibrated:ps_calibevent_0489,2020-04-11T23:16:51.869Z,2020-04-12T01:45:26.545Z,ps_calibevent_0489,489,489M07:15:48.368,489M09:40:24.526,489 07:54:09,489 10:18:45,181.905,181.963,181.76,35,5.567
urn:nasa:pds:insight_ps:data_calibrated:ps_calib_0490,2020-04-12T16:28:39.953Z,2020-04-13T17:08:15.070Z,ps_calib_0490,490,490M00:00:00.058,490M23:59:59.934,490 00:38:22,491 00:38:25,182.311,182.895,182.5,35,84.196
urn:nasa:pds:insight_ps:data_calibrated:ps_calibevent_0490,2020-04-13T03:20:00.888Z,2020-04-13T08:30:45.483Z,ps_calibevent_0490,490,490M10:33:55.354,490M15:36:21.100,490 11:12:19,490 16:14:45,182.568,182.69,182.5,35,8.157
urn:nasa:pds:insight_ps:data_calibrated:ps_calib_0491,2020-04-13T17:08:15.170Z,2020-04-14T17:47:50.381Z,ps_calib_0491,491,491M00:00:00.031,491M23:59:59.999,491 00:38:25,492 00:38:27,182.895,183.479,183.07,35,86.559
urn:nasa:pds:insight_ps:data_calibrated:ps_calibevent_0491,2020-04-14T02:29:03.468Z,2020-04-14T07:10:23.074Z,ps_calibevent_0491,491,491M09:05:48.045,491M13:39:36.026,491 09:44:14,491 14:18:02,183.116,183.227,183.07,35,8.153
urn:nasa:pds:insight_ps:data_calibrated:ps_calib_0492,2020-04-14T17:47:50.481Z,2020-04-15T18:27:25.531Z,ps_calib_0492,492,492M00:00:00.097,492M23:59:59.908,492 00:38:27,493 00:38:29,183.479,184.065,183.64,35,86.559
urn:nasa:pds:insight_ps:data_calibrated:ps_calibevent_0492,2020-04-15T04:17:17.762Z,2020-04-15T13:28:12.159Z,ps_calibevent_0492,492,492M10:12:36.887,492M19:08:46.891,492 10:51:05,492 19:47:15,183.728,183.946,183.64,35,17.391
urn:nasa:pds:insight_ps:data_calibrated:ps_calib_0493,2020-04-15T18:27:25.631Z,2020-04-16T19:07:00.863Z,ps_calib_0493,493,493M00:00:00.005,493M23:59:59.994,493 00:38:29,494 00:38:31,184.065,184.651,184.21,35,86.559
urn:nasa:pds:insight_ps:data_calibrated:ps_calibevent_0493,2020-04-16T03:22:40.239Z,2020-04-16T16:59:49.348Z,ps_calibevent_0493,493,493M08:40:55.364,493M21:56:12.665,493 09:19:25,493 22:34:43,184.277,184.601,184.38,35,21.34
urn:nasa:pds:insight_ps:data_calibrated:ps_calib_0494,2020-04-16T19:07:00.963Z,2020-04-17T19:46:36.086Z,ps_calib_0494,494,494M00:00:00.091,494M23:59:59.973,494 00:38:31,495 00:38:32,184.651,185.239,184.78,35,86.559
urn:nasa:pds:insight_ps:data_calibrated:ps_calibevent_0494,2020-04-17T04:20:44.510Z,2020-04-17T13:21:00.887Z,ps_calibevent_0494,494,494M08:58:54.718,494M17:44:43.773,494 09:37:26,494 18:23:16,184.871,185.086,184.78,35,16.364
urn:nasa:pds:insight_ps:data_calibrated:ps_calib_0495,2020-04-17T19:46:36.185Z,2020-04-18T20:26:11.303Z,ps_calib_0495,495,495M00:00:00.069,495M23:59:59.947,495 00:38:32,496 00:38:33,185.239,185.827,185.35,35,86.559
urn:nasa:pds:insight_ps:data_calibrated:ps_calibevent_0495,2020-04-18T04:29:18.897Z,2020-04-18T14:28:24.226Z,ps_calibevent_0495,495,495M08:28:43.650,495M18:11:47.237,495 09:07:16,495 18:50:20,185.447,185.685,185.35,35,16.586
urn:nasa:pds:insight_ps:data_calibrated:ps_calib_0496,2020-04-18T20:26:11.403Z,2020-04-19T21:05:46.515Z,ps_calib_0496,496,496M00:00:00.044,496M23:59:59.916,496 00:38:33,497 00:38:34,185.827,186.417,185.92,35,86.559
urn:nasa:pds:insight_ps:data_calibrated:ps_calibevent_0496,2020-04-19T04:50:56.370Z,2020-04-19T13:27:54.799Z,ps_calibevent_0496,496,496M08:11:14.715,496M16:34:23.224,496 08:49:48,496 17:12:57,186.028,186.234,185.92,35,10.653
urn:nasa:pds:insight_ps:data_calibrated:ps_calib_0497,2020-04-19T21:05:46.615Z,2020-04-20T21:45:21.773Z,ps_calib_0497,497,497M00:00:00.013,497M23:59:59.929,497 00:38:34,498 00:38:35,186.417,187.007,186.67,35,86.559
urn:nasa:pds:insight_ps:data_calibrated:ps_calibevent_0497,2020-04-20T07:13:46.764Z,2020-04-20T16:23:50.262Z,ps_calibevent_0497,497,497M09:51:44.110,497M18:47:04.575,497 10:30:19,497 19:25:39,186.659,186.879,186.67,35,13.239
urn:nasa:pds:insight_ps:data_calibrated:ps_calib_0498,2020-04-20T21:45:21.873Z,2020-04-21T22:24:56.994Z,ps_calib_0498,498,498M00:00:00.026,498M23:59:59.906,498 00:38:35,499 00:38:35,187.007,187.599,187.24,35,86.559
urn:nasa:pds:insight_ps:data_calibrated:ps_calibevent_0498,2020-04-21T06:03:22.457Z,2020-04-21T17:00:38.719Z,ps_calibevent_0498,498,498M08:04:41.134,498M18:44:22.252,498 08:43:16,498 19:22:57,187.206,187.469,187.24,35,14.922
urn:nasa:pds:insight_ps:data_calibrated:ps_calib_0499,2020-04-21T22:24:57.094Z,2020-04-22T23:04:32.281Z,ps_calib_0499,499,499M00:00:00.004,499M23:59:59.949,499 00:38:35,500 00:38:35,187.599,188.191,187.82,35,86.559
urn:nasa:pds:insight_ps:data_calibrated:ps_calibevent_0499,2020-04-22T08:15:12.727Z,2020-04-22T14:02:24.302Z,ps_calibevent_0499,499,499M09:34:28.066,499M15:12:22.278,499 10:13:03,499 15:50:58,187.835,187.974,187.65,35,5.012
urn:nasa:pds:insight_ps:data_calibrated:ps_calib_0500,2020-04-22T23:04:32.381Z,2020-04-23T23:44:07.577Z,ps_calib_0500,500,500M00:00:00.046,500M23:59:59.999,500 00:38:35,501 00:38:35,188.191,188.785,188.4,35,86.559
urn:nasa:pds:insight_ps:data_calibrated:ps_calibevent_0500,2020-04-23T07:18:31.376Z,2020-04-23T23:26:30.444Z,ps_calibevent_0500,500,500M08:00:46.029,500M23:42:51.150,500 08:39:21,501 00:21:26,188.389,188.778,188.51,35,31.641
urn:nasa:pds:insight_ps:data_calibrated:ps_calib_0501,2020-04-23T23:44:07.677Z,2020-04-25T00:23:42.803Z,ps_calib_0501,501,501M00:00:00.097,501M23:59:59.981,501 00:38:35,502 00:38:35,188.785,189.379,188.97,35,86.559
urn:nasa:pds:insight_ps:data_calibrated:ps_calibevent_0501,2020-04-24T06:23:50.998Z,2020-04-25T00:08:58.969Z,ps_calibevent_0501,501,501M06:29:01.727,501M23:45:39.795,501 07:07:37,502 00:24:15,188.945,189.373,189.09,35,20.039
urn:nasa:pds:insight_ps:data_calibrated:ps_calib_0502,2020-04-25T00:23:42.903Z,2020-04-26T01:03:17.966Z,ps_calib_0502,502,502M00:00:00.078,502M23:59:59.902,502 00:38:35,503 00:38:34,189.379,189.975,189.55,35,86.559
urn:nasa:pds:insight_ps:data_calibrated:ps_calibevent_0502,2020-04-25T09:54:47.290Z,2020-04-25T10:26:59.197Z,ps_calibevent_0502,502,502M09:15:47.698,502M09:47:07.915,502 09:54:22,502 10:25:42,189.609,189.622,189.55,35,3.883
urn:nasa:pds:insight_ps:data_calibrated:ps_calib_0503,2020-04-26T01:03:18.066Z,2020-04-27T01:42:53.284Z,ps_calib_0503,503,503M00:00:00.000,503M23:59:59.975,503 00:38:34,504 00:38:33,189.975,190.571,190.13,35,86.559
urn:nasa:pds:insight_ps:data_calibrated:ps_calibevent_0503,2020-04-26T12:32:52.580Z,2020-04-26T13:04:04.492Z,ps_calibevent_0503,503,503M11:11:07.510,503M11:41:29.337,503 11:49:41,503 12:20:03,190.253,190.265,190.13,35,3.762
urn:nasa:pds:insight_ps:data_calibrated:ps_calib_0504,2020-04-27T01:42:53.384Z,2020-04-28T02:22:28.465Z,ps_calib_0504,504,504M00:00:00.072,504M23:59:59.914,504 00:38:33,505 00:38:32,190.571,191.169,190.71,35,86.559
urn:nasa:pds:insight_ps:data_calibrated:ps_calibevent_0504,2020-04-27T11:30:13.116Z,2020-04-27T16:49:17.725Z,ps_calibevent_0504,504,504M09:31:36.941,504M14:42:09.322,504 10:10:09,504 15:20:42,190.808,190.937,190.83,35,8.032
urn:nasa:pds:insight_ps:data_calibrated:ps_calib_0505,2020-04-28T02:22:28.565Z,2020-04-29T03:02:03.756Z,ps_calib_0505,505,505M00:00:00.011,505M23:59:59.959,505 00:38:32,506 00:38:30,191.169,191.767,191.41,35,86.559
urn:nasa:pds:insight_ps:data_calibrated:ps_calibevent_0505,2020-04-28T11:03:20.709Z,2020-04-28T19:33:27.133Z,ps_calibevent_0505,505,505M08:26:55.982,505M16:43:23.509,505 09:05:27,505 17:21:54,191.379,191.585,191.41,35,11.727
urn:nasa:pds:insight_ps:data_calibrated:ps_calib_0506,2020-04-29T03:02:03.856Z,2020-04-30T03:41:38.971Z,ps_calib_0506,506,506M00:00:00.056,506M23:59:59.931,506 00:38:30,507 00:38:28,191.767,192.366,191.99,35,86.559
urn:nasa:pds:insight_ps:data_calibrated:ps_calibevent_0506,2020-04-29T12:01:32.216Z,2020-04-29T20:03:52.682Z,ps_calibevent_0506,506,506M08:45:02.378,506M16:34:28.522,506 09:23:32,506 17:12:57,191.985,192.181,191.99,35,12.336
urn:nasa:pds:insight_ps:data_calibrated:ps_calib_0507,2020-04-30T03:41:39.071Z,2020-05-01T04:21:14.278Z,ps_calib_0507,507,507M00:00:00.028,507M23:59:59.992,507 00:38:28,508 00:38:26,192.366,192.966,192.58,35,86.559
urn:nasa:pds:insight_ps:data_calibrated:ps_calibevent_0507,2020-04-30T12:01:46.743Z,2020-05-01T04:21:14.278Z,ps_calibevent_0507,507,507M08:06:44.823,507M23:59:59.992,507 08:45:12,508 00:38:26,192.569,192.966,192.58,35,29.91
urn:nasa:pds:insight_ps:data_calibrated:ps_calibevent_0508,2020-05-01T04:21:14.328Z,2020-05-01T21:30:35.705Z,ps_calibevent_0508,508,508M00:00:00.041,508M16:41:48.949,508 00:38:26,508 17:20:13,192.966,193.384,193.16,35,14.598
urn:nasa:pds:insight_ps:data_calibrated:ps_calib_0508,2020-05-01T04:21:14.378Z,2020-05-02T05:00:49.434Z,ps_calib_0508,508,508M00:00:00.090,508M23:59:59.907,508 00:38:26,509 00:38:23,192.966,193.568,193.16,35,86.559
urn:nasa:pds:insight_ps:data_calibrated:ps_calib_0509,2020-05-02T05:00:49.534Z,2020-05-03T05:40:24.692Z,ps_calib_0509,509,509M00:00:00.004,509M23:59:59.920,509 00:38:23,510 00:38:20,193.568,194.17,193.75,35,86.559
urn:nasa:pds:insight_ps:data_calibrated:ps_calibevent_0509,2020-05-02T14:09:23.762Z,2020-05-02T17:07:39.497Z,ps_calibevent_0509,509,509M08:53:53.588,509M11:47:23.151,509 09:32:16,509 12:25:45,193.791,193.863,193.75,35,4.91
urn:nasa:pds:insight_ps:data_calibrated:ps_calib_0510,2020-05-03T05:40:24.792Z,2020-05-04T06:19:59.941Z,ps_calib_0510,510,510M00:00:00.017,510M23:59:59.925,510 00:38:20,511 00:38:17,194.17,194.773,194.33,35,86.559
urn:nasa:pds:insight_ps:data_calibrated:ps_calibevent_0510,2020-05-04T03:51:15.670Z,2020-05-04T05:04:11.561Z,ps_calibevent_0510,510,510M21:35:14.429,510M22:46:13.240,510 22:13:32,510 23:24:30,194.712,194.742,194.63,35,8.778
urn:nasa:pds:insight_ps:data_calibrated:ps_calib_0511,2020-05-04T06:20:00.041Z,2020-05-05T06:59:35.193Z,ps_calib_0511,511,511M00:00:00.022,511M23:59:59.933,511 00:38:17,512 00:38:13,194.773,195.377,194.92,35,86.559
urn:nasa:pds:insight_ps:data_calibrated:ps_calibevent_0511,2020-05-04T15:27:48.860Z,2020-05-04T21:17:32.445Z,ps_calibevent_0511,511,511M08:53:09.413,511M14:33:31.568,511 09:31:25,511 15:11:46,194.996,195.139,194.92,35,7.008
urn:nasa:pds:insight_ps:data_calibrated:ps_calib_0512,2020-05-05T06:59:35.293Z,2020-05-06T07:39:10.444Z,ps_calib_0512,512,512M00:00:00.030,512M23:59:59.940,512 00:38:13,513 00:38:09,195.377,195.982,195.51,35,86.559
urn:nasa:pds:insight_ps:data_calibrated:ps_calibevent_0512,2020-05-05T15:57:45.426Z,2020-05-06T00:06:22.903Z,ps_calibevent_0512,512,512M08:43:46.218,512M16:39:19.285,512 09:21:58,512 17:17:30,195.597,195.797,195.51,35,11.16
urn:nasa:pds:insight_ps:data_calibrated:ps_calib_0513,2020-05-06T07:39:10.544Z,2020-05-07T08:18:45.698Z,ps_calib_0513,513,513M00:00:00.037,513M23:59:59.949,513 00:38:10,514 00:38:05,195.982,196.588,196.1,35,86.559
urn:nasa:pds:insight_ps:data_calibrated:ps_calibevent_0513,2020-05-06T16:23:39.028Z,2020-05-07T02:47:26.340Z,ps_calibevent_0513,513,513M08:30:26.559,513M18:37:32.477,513 09:08:35,513 19:15:39,196.196,196.452,196.1,35,14.832
urn:nasa:pds:insight_ps:data_calibrated:ps_calib_0514,2020-05-07T08:18:45.798Z,2020-05-08T08:58:20.924Z,ps_calib_0514,514,514M00:00:00.046,514M23:59:59.932,514 00:38:05,515 00:38:01,196.588,197.194,196.69,35,86.559
urn:nasa:pds:insight_ps:data_calibrated:ps_calibevent_0514,2020-05-07T17:29:00.392Z,2020-05-07T23:09:21.947Z,ps_calibevent_0514,514,514M08:55:31.312,514M14:26:46.474,514 09:33:35,514 15:04:49,196.813,196.953,196.69,35,12.645
urn:nasa:pds:insight_ps:data_calibrated:ps_calib_0515,2020-05-08T08:58:21.024Z,2020-05-09T09:37:56.091Z,ps_calib_0515,515,515M00:00:00.029,515M23:59:59.857,515 00:38:01,516 00:37:56,197.194,197.802,197.28,35,86.559
urn:nasa:pds:insight_ps:data_calibrated:ps_calibevent_0515,2020-05-08T17:40:17.870Z,2020-05-09T00:29:54.334Z,ps_calibevent_0515,515,515M08:27:58.971,515M15:06:37.874,515 09:05:58,515 15:44:35,197.409,197.577,197.28,35,8.657
urn:nasa:pds:insight_ps:data_calibrated:ps_calib_0516,2020-05-09T09:37:56.291Z,2020-05-10T10:17:31.457Z,ps_calib_0516,516,516M00:00:00.051,516M23:59:59.976,516 00:37:56,517 00:37:50,197.802,198.411,197.99,35,86.551
urn:nasa:pds:insight_ps:data_calibrated:ps_calibevent_0516,2020-05-09T18:45:11.169Z,2020-05-09T23:53:59.744Z,ps_calibevent_0516,516,516M08:52:36.409,516M13:53:09.239,516 09:30:30,516 14:31:02,198.027,198.154,197.87,35,6.262
urn:nasa:pds:insight_ps:data_calibrated:ps_calib_0517,2020-05-10T10:17:31.557Z,2020-05-11T10:57:06.637Z,ps_calib_0517,517,517M00:00:00.073,517M23:59:59.913,517 00:37:50,518 00:37:45,198.411,199.02,198.58,35,86.559
urn:nasa:pds:insight_ps:data_calibrated:ps_calibevent_0517,2020-05-10T21:02:58.540Z,2020-05-11T00:39:10.277Z,ps_calibevent_0517,517,517M10:28:10.888,517M13:58:35.557,517 11:05:59,517 14:36:23,198.677,198.766,198.58,35,4.508
urn:nasa:pds:insight_ps:data_calibrated:ps_calib_0518,2020-05-11T10:57:06.737Z,2020-05-12T11:36:41.886Z,ps_calib_0518,518,518M00:00:00.010,518M23:59:59.918,518 00:37:45,519 00:37:39,199.02,199.631,199.17,35,86.559
urn:nasa:pds:insight_ps:data_calibrated:ps_calibevent_0518,2020-05-11T11:33:28.907Z,2020-05-12T04:06:28.779Z,ps_calibevent_0518,518,518M00:35:23.795,518M16:41:49.566,518 01:13:08,518 17:19:30,199.035,199.445,199.06,35,19.535
urn:nasa:pds:insight_ps:data_calibrated:ps_calib_0519,2020-05-12T11:36:41.986Z,2020-05-13T12:16:17.190Z,ps_calib_0519,519,519M00:00:00.015,519M23:59:59.976,519 00:37:39,520 00:37:32,199.631,200.242,199.77,35,86.559
urn:nasa:pds:insight_ps:data_calibrated:ps_calibevent_0519,2020-05-12T20:42:46.799Z,2020-05-13T00:43:17.457Z,ps_calibevent_0519,519,519M08:51:28.183,519M12:45:32.739,519 09:29:05,519 13:23:08,199.856,199.956,199.65,35,3.348
urn:nasa:pds:insight_ps:data_calibrated:ps_calib_0520,2020-05-13T12:16:17.290Z,2020-05-14T12:55:52.399Z,ps_calib_0520,520,520M00:00:00.074,520M23:59:59.943,520 00:37:32,521 00:37:25,200.242,200.855,200.36,35,86.559
urn:nasa:pds:insight_ps:data_calibrated:ps_calibevent_0520,2020-05-14T03:28:29.947Z,2020-05-14T03:35:25.891Z,ps_calibevent_0520,520,520M14:47:48.320,520M14:54:33.135,520 15:25:17,520 15:32:01,200.62,200.622,200.54,35,0.848
urn:nasa:pds:insight_ps:data_calibrated:ps_calib_0521,2020-05-14T12:55:52.499Z,2020-05-15T13:35:27.647Z,ps_calib_0521,521,521M00:00:00.040,521M23:59:59.946,521 00:37:26,522 00:37:18,200.855,201.468,200.96,35,86.551
urn:nasa:pds:insight_ps:data_calibrated:ps_calibevent_0521,2020-05-14T23:01:22.741Z,2020-05-15T04:23:18.342Z,ps_calibevent_0521,521,521M09:49:18.240,521M15:02:37.039,521 10:26:41,521 15:39:58,201.105,201.239,201.14,35,9.387
urn:nasa:pds:insight_ps:data_calibrated:ps_calib_0522,2020-05-15T13:35:27.747Z,2020-05-16T14:15:02.588Z,ps_calib_0522,522,522M00:00:00.043,522M23:59:59.651,522 00:37:18,523 00:37:11,201.468,202.082,201.56,35,86.559
urn:nasa:pds:insight_ps:data_calibrated:ps_calibevent_0522,2020-05-15T22:38:21.259Z,2020-05-16T05:21:05.768Z,ps_calibevent_0522,522,522M08:48:22.028,522M15:20:19.999,522 09:25:38,522 15:57:34,201.693,201.86,201.74,35,10.34
urn:nasa:pds:insight_ps:data_calibrated:ps_calib_0523,2020-05-16T14:15:02.988Z,2020-05-17T14:54:38.164Z,ps_calib_0523,523,523M00:00:00.040,523M23:59:59.974,523 00:37:11,524 00:37:03,202.082,202.697,202.15,35,86.551
urn:nasa:pds:insight_ps:data_calibrated:ps_calibevent_0523,2020-05-16T22:45:42.730Z,2020-05-17T06:01:20.187Z,ps_calibevent_0523,523,523M08:16:59.994,523M15:20:58.126,523 08:54:08,523 15:58:04,202.294,202.475,202.33,35,19.582
urn:nasa:pds:insight_ps:data_calibrated:ps_calib_0524,2020-05-17T14:54:38.264Z,2020-05-18T15:34:13.403Z,ps_calib_0524,524,524M00:00:00.072,524M23:59:59.970,524 00:37:03,525 00:36:55,202.697,203.312,202.93,35,86.559
urn:nasa:pds:insight_ps:data_calibrated:ps_calibevent_0524,2020-05-17T23:21:12.248Z,2020-05-18T10:28:10.651Z,ps_calibevent_0524,524,524M08:13:00.843,524M19:02:08.526,524 08:50:01,524 19:39:05,202.907,203.185,202.93,35,12.926
urn:nasa:pds:insight_ps:data_calibrated:ps_calib_0525,2020-05-18T15:34:13.503Z,2020-05-19T16:13:48.653Z,ps_calib_0525,525,525M00:00:00.067,525M23:59:59.975,525 00:36:55,526 00:36:46,203.312,203.929,203.53,35,86.559
urn:nasa:pds:insight_ps:data_calibrated:ps_calibevent_0525,2020-05-19T01:32:08.814Z,2020-05-19T07:31:05.422Z,ps_calibevent_0525,525,525M09:41:55.509,525M15:31:15.889,525 10:18:47,525 16:08:05,203.561,203.711,203.53,35,12.094
urn:nasa:pds:insight_ps:data_calibrated:ps_calib_0526,2020-05-19T16:13:48.753Z,2020-05-20T16:53:23.746Z,ps_calib_0526,526,526M00:00:00.072,526M23:59:59.828,526 00:36:46,527 00:36:37,203.929,204.547,204.13,35,86.559
urn:nasa:pds:insight_ps:data_calibrated:ps_calibevent_0526,2020-05-20T01:35:56.484Z,2020-05-20T07:22:07.046Z,ps_calibevent_0526,526,526M09:07:05.394,526M14:44:00.226,526 09:43:48,526 15:20:41,204.164,204.308,204.13,35,10.95
urn:nasa:pds:insight_ps:data_calibrated:ps_calib_0527,2020-05-20T16:53:23.946Z,2020-05-21T17:32:59.112Z,ps_calib_0527,527,527M00:00:00.023,527M23:59:59.947,527 00:36:37,528 00:36:27,204.547,205.165,204.73,35,86.559
urn:nasa:pds:insight_ps:data_calibrated:ps_calibevent_0527,2020-05-21T01:20:10.995Z,2020-05-21T08:16:12.449Z,ps_calibevent_0527,527,527M08:13:13.510,527M14:58:07.103,527 08:49:47,527 15:34:38,204.758,204.932,204.73,35,12.961
urn:nasa:pds:insight_ps:data_calibrated:ps_calib_0528,2020-05-21T17:32:59.212Z,2020-05-22T18:12:34.322Z,ps_calib_0528,528,528M00:00:00.045,528M23:59:59.914,528 00:36:27,529 00:36:17,205.165,205.784,205.34,35,86.559
urn:nasa:pds:insight_ps:data_calibrated:ps_calibevent_0528,2020-05-22T02:29:30.281Z,2020-05-22T09:56:00.711Z,ps_calibevent_0528,528,528M08:42:09.819,528M15:56:43.452,528 09:18:34,528 16:33:04,205.389,205.576,205.34,35,25.336
urn:nasa:pds:insight_ps:data_calibrated:ps_calib_0529,2020-05-22T18:12:34.422Z,2020-05-23T18:52:09.391Z,ps_calib_0529,529,529M00:00:00.012,529M23:59:59.743,529 00:36:17,530 00:36:07,205.784,206.404,205.94,35,86.559
urn:nasa:pds:insight_ps:data_calibrated:ps_calibevent_0529,2020-05-23T03:27:42.566Z,2020-05-23T09:00:50.096Z,ps_calibevent_0529,529,529M09:00:16.972,529M14:24:29.722,529 09:36:31,529 15:00:41,206.017,206.156,205.94,35,4.18
urn:nasa:pds:insight_ps:data_calibrated:ps_calib_0530,2020-05-23T18:52:09.691Z,2020-05-24T19:31:44.887Z,ps_calib_0530,530,530M00:00:00.035,530M23:59:59.989,530 00:36:07,531 00:35:56,206.404,207.025,206.54,35,86.559
urn:nasa:pds:insight_ps:data_calibrated:ps_calibevent_0530,2020-05-24T03:45:16.853Z,2020-05-24T10:39:08.325Z,ps_calibevent_0530,530,530M08:38:51.358,530M15:21:38.447,530 09:14:55,530 15:57:39,206.628,206.801,206.54,35,15.129
urn:nasa:pds:insight_ps:data_calibrated:ps_calib_0531,2020-05-24T19:31:44.987Z,2020-05-25T20:11:20.009Z,ps_calib_0531,531,531M00:00:00.086,531M23:59:59.870,531 00:35:56,532 00:35:45,207.025,207.647,207.15,35,86.559
urn:nasa:pds:insight_ps:data_calibrated:ps_calibevent_0531,2020-05-25T05:04:33.251Z,2020-05-25T12:14:54.736Z,ps_calibevent_0531,531,531M09:17:28.803,531M16:16:19.416,531 09:53:21,531 16:52:08,207.266,207.446,207.15,35,22.297
urn:nasa:pds:insight_ps:data_calibrated:ps_calib_0532,2020-05-25T20:11:20.409Z,2020-05-26T20:50:55.383Z,ps_calib_0532,532,532M00:00:00.260,532M23:59:59.997,532 00:35:45,533 00:35:34,207.647,208.269,207.75,35,86.559
urn:nasa:pds:insight_ps:data_calibrated:ps_calibevent_0532,2020-05-26T04:33:03.746Z,2020-05-26T20:50:55.383Z,ps_calibevent_0532,532,532M08:08:18.161,532M23:59:59.997,532 08:44:00,533 00:35:34,207.858,208.269,207.93,35,30.864
urn:nasa:pds:insight_ps:data_calibrated:ps_calibevent_0533,2020-05-26T20:50:55.433Z,2020-05-27T14:25:39.384Z,ps_calibevent_0533,533,533M00:00:00.046,533M17:06:30.790,533 00:35:34,533 17:41:56,208.269,208.713,208.36,35,32.883
urn:nasa:pds:insight_ps:data_calibrated:ps_calib_0533,2020-05-26T20:50:55.483Z,2020-05-27T21:30:30.446Z,ps_calib_0533,533,533M00:00:00.094,533M23:59:59.820,533 00:35:34,534 00:35:21,208.269,208.892,208.36,35,86.551
urn:nasa:pds:insight_ps:data_calibrated:ps_calib_0534,2020-05-27T21:30:30.646Z,2020-05-28T22:10:05.820Z,ps_calib_0534,534,534M00:00:00.015,534M23:59:59.947,534 00:35:22,535 00:35:09,208.892,209.517,209.15,35,86.551
urn:nasa:pds:insight_ps:data_calibrated:ps_calibevent_0534,2020-05-28T05:45:20.370Z,2020-05-28T14:11:55.669Z,ps_calibevent_0534,534,534M08:01:35.370,534M16:14:37.421,534 08:36:53,534 16:49:51,209.101,209.315,208.96,35,17.957
urn:nasa:pds:insight_ps:data_calibrated:ps_calib_0535,2020-05-28T22:10:05.920Z,2020-05-29T22:49:41.053Z,ps_calib_0535,535,535M00:00:00.044,535M23:59:59.936,535 00:35:09,536 00:34:56,209.517,210.141,209.75,35,86.559
urn:nasa:pds:insight_ps:data_calibrated:ps_calibevent_0535,2020-05-29T06:47:00.481Z,2020-05-29T13:40:18.909Z,ps_calibevent_0535,535,535M08:23:04.789,535M15:05:19.718,535 08:58:10,535 15:40:21,209.735,209.909,209.57,35,9.075
urn:nasa:pds:insight_ps:data_calibrated:ps_calib_0536,2020-05-29T22:49:41.153Z,2020-05-30T23:29:16.277Z,ps_calib_0536,536,536M00:00:00.034,536M23:59:59.917,536 00:34:56,537 00:34:43,210.141,210.767,210.36,35,86.559
urn:nasa:pds:insight_ps:data_calibrated:ps_calibevent_0536,2020-05-30T08:06:43.686Z,2020-05-30T15:23:51.081Z,ps_calibevent_0536,536,536M09:02:08.323,536M16:07:33.986,536 09:37:00,536 16:42:22,210.377,210.562,210.36,35,24.27
urn:nasa:pds:insight_ps:data_calibrated:ps_calib_0537,2020-05-30T23:29:16.377Z,2020-06-01T00:08:51.490Z,ps_calib_0537,537,537M00:00:00.014,537M23:59:59.886,537 00:34:43,538 00:34:29,210.767,211.393,210.97,35,86.559
urn:nasa:pds:insight_ps:data_calibrated:ps_calibevent_0537,2020-05-31T08:25:27.935Z,2020-05-31T15:00:53.405Z,ps_calibevent_0537,537,537M08:41:50.799,537M15:06:41.478,537 09:16:29,537 15:41:16,210.994,211.161,210.97,35,14.035
urn:nasa:pds:insight_ps:data_calibrated:ps_calib_0538,2020-06-01T00:08:51.790Z,2020-06-02T00:48:26.793Z,ps_calib_0538,538,538M00:00:00.178,538M23:59:59.944,538 00:34:30,539 00:34:15,211.393,212.021,211.58,35,86.559
urn:nasa:pds:insight_ps:data_calibrated:ps_calibevent_0538,2020-06-01T08:38:58.327Z,2020-06-01T16:35:50.738Z,ps_calibevent_0538,538,538M08:16:27.816,538M16:00:34.682,538 08:50:52,538 16:34:55,211.61,211.812,211.58,35,20.805
urn:nasa:pds:insight_ps:data_calibrated:ps_calib_0539,2020-06-02T00:48:26.893Z,2020-06-03T01:28:02.055Z,ps_calib_0539,539,539M00:00:00.041,539M23:59:59.962,539 00:34:15,540 00:34:01,212.021,212.649,212.19,35,86.559
urn:nasa:pds:insight_ps:data_calibrated:ps_calibevent_0539,2020-06-02T08:57:43.790Z,2020-06-02T17:13:48.158Z,ps_calibevent_0539,539,539M07:56:11.473,539M15:58:59.475,539 08:30:22,539 16:33:05,212.228,212.439,212.19,35,25.348
urn:nasa:pds:insight_ps:data_calibrated:ps_calib_0540,2020-06-03T01:28:02.155Z,2020-06-04T02:07:37.337Z,ps_calib_0540,540,540M00:00:00.059,540M23:59:59.999,540 00:34:01,541 00:33:46,212.649,213.277,212.8,35,86.559
urn:nasa:pds:insight_ps:data_calibrated:ps_calibevent_0540,2020-06-03T09:57:57.065Z,2020-06-03T16:30:50.539Z,ps_calibevent_0540,540,540M08:16:16.380,540M14:38:39.130,540 08:50:12,540 15:12:31,212.865,213.032,212.93,35,8.258
urn:nasa:pds:insight_ps:data_calibrated:ps_calib_0541,2020-06-04T02:07:37.437Z,2020-06-05T02:47:12.565Z,ps_calib_0541,541,541M00:00:00.096,541M23:59:59.982,541 00:33:46,542 00:33:30,213.277,213.907,213.42,35,86.559
urn:nasa:pds:insight_ps:data_calibrated:ps_calibevent_0541,2020-06-04T10:53:38.482Z,2020-06-04T17:41:21.950Z,ps_calibevent_0541,541,541M08:31:56.702,541M15:08:45.634,541 09:05:37,541 15:42:22,213.501,213.674,213.54,35,14.282
urn:nasa:pds:insight_ps:data_calibrated:ps_calib_0542,2020-06-05T02:47:12.665Z,2020-06-06T03:26:47.767Z,ps_calib_0542,542,542M00:00:00.080,542M23:59:59.942,542 00:33:30,543 00:33:14,213.907,214.537,214.15,35,86.559
urn:nasa:pds:insight_ps:data_calibrated:ps_calibevent_0542,2020-06-05T10:45:37.930Z,2020-06-05T13:58:33.596Z,ps_calibevent_0542,542,542M07:45:37.316,542M10:53:23.267,542 08:19:02,542 11:26:46,214.11,214.193,214.03,35,11.918
urn:nasa:pds:insight_ps:data_calibrated:ps_calib_0543,2020-06-06T03:26:47.867Z,2020-06-07T04:06:23.058Z,ps_calib_0543,543,543M00:00:00.039,543M23:59:59.988,543 00:33:14,544 00:32:58,214.537,215.168,214.76,35,86.559
urn:nasa:pds:insight_ps:data_calibrated:ps_calibevent_0543,2020-06-06T14:03:55.998Z,2020-06-06T20:09:40.523Z,ps_calibevent_0543,543,543M10:20:05.350,543M16:16:02.733,543 10:53:13,543 16:49:06,214.809,214.964,214.76,35,25.914
urn:nasa:pds:insight_ps:data_calibrated:ps_calib_0544,2020-06-07T04:06:23.158Z,2020-06-08T04:45:58.217Z,ps_calib_0544,544,544M00:00:00.085,544M23:59:59.905,544 00:32:58,545 00:32:41,215.168,215.799,215.38,35,86.559
urn:nasa:pds:insight_ps:data_calibrated:ps_calibevent_0544,2020-06-07T12:07:34.523Z,2020-06-07T20:46:43.824Z,ps_calibevent_0544,544,544M07:48:18.976,544M16:13:34.856,544 08:21:11,544 16:46:21,215.373,215.595,215.38,35,27.328
urn:nasa:pds:insight_ps:data_calibrated:ps_calib_0545,2020-06-08T04:45:58.317Z,2020-06-09T05:25:33.474Z,ps_calib_0545,545,545M00:00:00.003,545M23:59:59.917,545 00:32:41,546 00:32:24,215.799,216.432,215.99,35,86.559
urn:nasa:pds:insight_ps:data_calibrated:ps_calibevent_0545,2020-06-08T13:54:27.643Z,2020-06-08T20:15:54.078Z,ps_calibevent_0545,545,545M08:53:48.816,545M15:05:02.908,545 09:26:23,545 15:37:33,216.034,216.197,215.99,35,11.055
urn:nasa:pds:insight_ps:data_calibrated:ps_calib_0546,2020-06-09T05:25:33.574Z,2020-06-10T06:05:08.753Z,ps_calib_0546,546,546M00:00:00.014,546M23:59:59.951,546 00:32:24,547 00:32:06,216.432,217.065,216.61,35,86.559
urn:nasa:pds:insight_ps:data_calibrated:ps_calibevent_0546,2020-06-09T13:14:26.922Z,2020-06-09T21:35:04.224Z,ps_calibevent_0546,546,546M07:36:20.636,546M15:43:34.268,546 08:08:39,546 16:15:46,216.632,216.846,216.61,35,21.188
urn:nasa:pds:insight_ps:data_calibrated:ps_calib_0547,2020-06-10T06:05:08.853Z,2020-06-11T06:44:43.983Z,ps_calib_0547,547,547M00:00:00.049,547M23:59:59.938,547 00:32:06,548 00:31:48,217.065,217.698,217.23,35,86.559
urn:nasa:pds:insight_ps:data_calibrated:ps_calibevent_0547,2020-06-10T18:04:28.745Z,2020-06-10T21:20:36.463Z,ps_calibevent_0547,547,547M11:40:05.168,547M14:50:58.032,547 12:12:02,547 15:22:53,217.373,217.457,217.23,35,5.239
urn:nasa:pds:insight_ps:data_calibrated:ps_calib_0548,2020-06-11T06:44:44.083Z,2020-06-12T07:24:19.190Z,ps_calib_0548,548,548M00:00:00.035,548M23:59:59.902,548 00:31:48,549 00:31:29,217.698,218.333,217.84,35,86.559
urn:nasa:pds:insight_ps:data_calibrated:ps_calibevent_0548,2020-06-11T15:17:07.294Z,2020-06-11T21:18:12.761Z,ps_calibevent_0548,548,548M08:18:40.690,548M14:10:06.482,548 08:50:22,548 14:41:43,217.918,218.073,217.84,35,10.434
urn:nasa:pds:insight_ps:data_calibrated:ps_calib_0549,2020-06-12T07:24:19.490Z,2020-06-13T08:03:54.509Z,ps_calib_0549,549,549M00:00:00.194,549M23:59:59.974,549 00:31:29,550 00:31:10,218.333,218.968,218.46,35,86.559
urn:nasa:pds:insight_ps:data_calibrated:ps_calibevent_0549,2020-06-12T19:13:28.171Z,2020-06-12T19:44:40.079Z,ps_calibevent_0549,549,549M11:30:10.455,549M12:00:32.279,549 12:01:30,549 12:31:52,218.637,218.65,218.46,35,3.762
urn:nasa:pds:insight_ps:data_calibrated:ps_calib_0550,2020-06-13T08:03:54.609Z,2020-06-14T08:43:29.728Z,ps_calib_0550,550,550M00:00:00.072,550M23:59:59.950,550 00:31:10,551 00:30:50,218.968,219.603,219.08,35,86.559
urn:nasa:pds:insight_ps:data_calibrated:ps_calibevent_0550,2020-06-13T19:40:57.453Z,2020-06-13T20:22:33.350Z,ps_calibevent_0550,550,550M11:18:23.917,550M11:58:53.034,550 11:49:24,550 12:29:53,219.267,219.285,219.08,35,2.2
urn:nasa:pds:insight_ps:data_calibrated:ps_calib_0551,2020-06-14T08:43:29.828Z,2020-06-15T09:23:04.935Z,ps_calib_0551,551,551M00:00:00.048,551M23:59:59.915,551 00:30:50,552 00:30:30,219.603,220.24,219.7,35,86.559
urn:nasa:pds:insight_ps:data_calibrated:ps_calib_0552,2020-06-15T09:23:05.035Z,2020-06-16T10:02:40.203Z,ps_calib_0552,552,552M00:00:00.012,552M23:59:59.938,552 00:30:30,553 00:30:09,220.24,220.876,220.44,35,86.559
urn:nasa:pds:insight_ps:data_calibrated:ps_calibevent_0552,2020-06-15T18:10:32.825Z,2020-06-15T22:28:04.464Z,ps_calibevent_0552,552,552M08:33:21.043,552M12:43:59.263,552 09:03:44,552 13:14:18,220.466,220.577,220.32,35,8.571
urn:nasa:pds:insight_ps:data_calibrated:ps_calib_0553,2020-06-16T10:02:40.303Z,2020-06-17T10:42:15.505Z,ps_calib_0553,553,553M00:00:00.035,553M23:59:59.994,553 00:30:09,554 00:29:48,220.876,221.514,221.06,35,86.559
urn:nasa:pds:insight_ps:data_calibrated:ps_calibevent_0553,2020-06-16T19:15:07.456Z,2020-06-17T02:35:36.966Z,ps_calibevent_0553,553,553M08:57:40.313,553M16:06:22.683,553 09:27:42,553 16:36:18,221.114,221.304,220.94,35,9.922
urn:nasa:pds:insight_ps:data_calibrated:ps_calib_0554,2020-06-17T10:42:15.605Z,2020-06-18T11:21:50.665Z,ps_calib_0554,554,554M00:00:00.091,554M23:59:59.912,554 00:29:49,555 00:29:27,221.514,222.152,221.68,35,86.559
urn:nasa:pds:insight_ps:data_calibrated:ps_calibevent_0554,2020-06-17T20:04:09.983Z,2020-06-18T02:45:59.472Z,ps_calibevent_0554,554,554M09:06:52.417,554M15:37:56.840,554 09:36:33,554 16:07:31,221.756,221.93,221.56,35,12.942
urn:nasa:pds:insight_ps:data_calibrated:ps_calib_0555,2020-06-18T11:21:50.765Z,2020-06-19T12:01:25.925Z,ps_calib_0555,555,555M00:00:00.010,555M23:59:59.928,555 00:29:27,556 00:29:05,222.152,222.791,222.3,35,86.559
urn:nasa:pds:insight_ps:data_calibrated:ps_calibevent_0555,2020-06-18T20:04:21.344Z,2020-06-19T03:48:40.708Z,ps_calibevent_0555,555,555M08:28:31.782,555M16:00:25.749,555 08:57:51,555 16:29:38,222.378,222.578,222.3,35,18.582
urn:nasa:pds:insight_ps:data_calibrated:ps_calib_0556,2020-06-19T12:01:26.025Z,2020-06-20T12:41:01.177Z,ps_calib_0556,556,556M00:00:00.025,556M23:59:59.936,556 00:29:05,557 00:28:42,222.791,223.43,222.92,35,86.559
urn:nasa:pds:insight_ps:data_calibrated:ps_calibevent_0556,2020-06-19T20:50:29.585Z,2020-06-20T04:37:57.925Z,ps_calibevent_0556,556,556M08:34:54.264,556M16:09:52.151,556 09:03:51,556 16:38:42,223.019,223.221,222.92,35,29.207
urn:nasa:pds:insight_ps:data_calibrated:ps_calib_0557,2020-06-20T12:41:01.277Z,2020-06-21T13:20:36.329Z,ps_calib_0557,557,557M00:00:00.033,557M23:59:59.846,557 00:28:43,558 00:28:19,223.43,224.07,223.55,35,86.559
urn:nasa:pds:insight_ps:data_calibrated:ps_calibevent_0557,2020-06-20T20:41:43.783Z,2020-06-21T04:42:55.105Z,ps_calibevent_0557,557,557M07:47:50.838,557M15:36:09.687,557 08:16:26,557 16:04:37,223.638,223.846,223.55,35,10.446
urn:nasa:pds:insight_ps:data_calibrated:ps_calib_0558,2020-06-21T13:20:36.529Z,2020-06-22T14:00:11.705Z,ps_calib_0558,558,558M00:00:00.040,558M23:59:59.974,558 00:28:20,559 00:27:56,224.07,224.71,224.17,35,86.559
urn:nasa:pds:insight_ps:data_calibrated:ps_calibevent_0558,2020-06-21T22:42:16.049Z,2020-06-22T05:46:28.603Z,ps_calibevent_0558,558,558M09:06:37.906,558M15:59:29.459,558 09:34:49,558 16:27:33,224.313,224.497,224.36,35,14.399
urn:nasa:pds:insight_ps:data_calibrated:ps_calib_0559,2020-06-22T14:00:11.805Z,2020-06-23T14:39:46.875Z,ps_calib_0559,559,559M00:00:00.072,559M23:59:59.903,559 00:27:56,560 00:27:32,224.71,225.351,224.79,35,86.559
urn:nasa:pds:insight_ps:data_calibrated:ps_calibevent_0559,2020-06-22T22:29:18.656Z,2020-06-23T05:58:58.097Z,ps_calibevent_0559,559,559M08:15:29.620,559M15:33:07.208,559 08:43:18,559 16:00:48,224.931,225.126,224.98,35,10.028
urn:nasa:pds:insight_ps:data_calibrated:ps_calib_0560,2020-06-23T14:39:46.975Z,2020-06-24T15:19:22.182Z,ps_calib_0560,560,560M00:00:00.000,560M23:59:59.964,560 00:27:32,561 00:27:08,225.351,225.993,225.6,35,86.559
urn:nasa:pds:insight_ps:data_calibrated:ps_calibevent_0560,2020-06-24T00:29:05.169Z,2020-06-24T06:48:16.676Z,ps_calibevent_0560,560,560M09:33:32.160,560M15:42:34.935,560 10:00:55,560 16:09:51,225.607,225.771,225.6,35,25.578
urn:nasa:pds:insight_ps:data_calibrated:ps_calib_0561,2020-06-24T15:19:22.282Z,2020-06-25T15:58:57.452Z,ps_calib_0561,561,561M00:00:00.062,561M23:59:59.989,561 00:27:08,562 00:26:43,225.993,226.635,226.23,35,86.559
urn:nasa:pds:insight_ps:data_calibrated:ps_calibevent_0561,2020-06-25T01:03:54.467Z,2020-06-25T06:17:39.004Z,ps_calibevent_0561,561,561M09:28:53.865,561M14:34:14.738,561 09:55:52,561 15:01:08,226.246,226.383,226.23,35,10.219
urn:nasa:pds:insight_ps:data_calibrated:ps_calib_0562,2020-06-25T15:58:57.552Z,2020-06-26T16:38:32.694Z,ps_calib_0562,562,562M00:00:00.086,562M23:59:59.987,562 00:26:43,563 00:26:18,226.635,227.277,226.85,35,86.559
urn:nasa:pds:insight_ps:data_calibrated:ps_calibevent_0562,2020-06-26T00:51:28.721Z,2020-06-26T08:58:57.037Z,ps_calibevent_0562,562,562M08:38:16.379,562M16:32:42.136,562 09:04:51,562 16:59:08,226.866,227.078,226.85,35,44.828
urn:nasa:pds:insight_ps:data_calibrated:ps_calib_0563,2020-06-26T16:38:32.794Z,2020-06-27T17:18:07.875Z,ps_calib_0563,563,563M00:00:00.084,563M23:59:59.926,563 00:26:18,564 00:25:52,227.277,227.92,227.48,35,86.559
urn:nasa:pds:insight_ps:data_calibrated:ps_calibevent_0563,2020-06-27T01:31:32.174Z,2020-06-27T09:11:32.707Z,ps_calibevent_0563,563,563M08:38:43.834,563M16:06:25.895,563 09:04:53,563 16:32:27,227.509,227.709,227.48,35,21.41
urn:nasa:pds:insight_ps:data_calibrated:ps_calib_0564,2020-06-27T17:18:07.975Z,2020-06-28T17:57:43.179Z,ps_calib_0564,564,564M00:00:00.023,564M23:59:59.985,564 00:25:52,565 00:25:26,227.92,228.564,228.1,35,86.559
urn:nasa:pds:insight_ps:data_calibrated:ps_calibevent_0564,2020-06-28T02:03:56.673Z,2020-06-28T08:07:31.148Z,ps_calibevent_0564,564,564M08:31:44.613,564M14:25:35.427,564 08:57:28,564 14:51:12,228.149,228.307,228.1,35,11.59
urn:nasa:pds:insight_ps:data_calibrated:ps_calib_0565,2020-06-28T17:57:43.279Z,2020-06-29T18:37:18.347Z,ps_calib_0565,565,565M00:00:00.082,565M23:59:59.910,565 00:25:26,566 00:24:59,228.564,229.208,228.73,35,86.559
urn:nasa:pds:insight_ps:data_calibrated:ps_calibevent_0565,2020-06-29T02:19:21.992Z,2020-06-29T08:44:02.436Z,ps_calibevent_0565,565,565M08:08:13.483,565M14:22:36.392,565 08:33:30,565 14:47:46,228.782,228.95,228.73,35,23.27
urn:nasa:pds:insight_ps:data_calibrated:ps_calib_0566,2020-06-29T18:37:18.447Z,2020-06-30T19:16:53.654Z,ps_calib_0566,566,566M00:00:00.007,566M23:59:59.971,566 00:24:59,567 00:24:32,229.208,229.853,229.36,35,86.559
urn:nasa:pds:insight_ps:data_calibrated:ps_calibevent_0566,2020-06-30T03:25:35.245Z,2020-06-30T08:52:28.774Z,ps_calibevent_0566,566,566M08:34:08.736,566M13:52:17.490,566 08:58:58,566 14:17:01,229.438,229.58,229.36,35,8.344
urn:nasa:pds:insight_ps:data_calibrated:ps_calib_0567,2020-06-30T19:16:53.754Z,2020-07-01T05:25:38.323Z,ps_calib_0567,567,567M00:00:00.069,567M09:52:27.397,567 00:24:32,567 10:16:48,229.853,230.118,229.8,35,35.621
urn:nasa:pds:insight_ps:data_calibrated:ps_calib_0577,2020-07-11T11:17:40.534Z,2020-07-12T02:32:21.340Z,ps_calib_0577,577,577M09:09:47.541,577M23:59:59.973,577 09:29:11,578 00:19:04,236.568,236.969,236.6,35,53.516
urn:nasa:pds:insight_ps:data_calibrated:ps_calibevent_0577,2020-07-11T11:45:21.483Z,2020-07-11T16:51:13.947Z,ps_calibevent_0577,577,577M09:36:44.050,577M14:34:25.482,577 09:56:07,577 14:53:42,236.58,236.714,236.6,35,5.34
urn:nasa:pds:insight_ps:data_calibrated:ps_calib_0578,2020-07-12T02:32:21.440Z,2020-07-13T03:11:56.528Z,ps_calib_0578,578,578M00:00:00.071,578M23:59:59.919,578 00:19:04,579 00:18:31,236.969,237.618,237.23,35,86.559
urn:nasa:pds:insight_ps:data_calibrated:ps_calibevent_0578,2020-07-12T15:40:58.957Z,2020-07-12T17:20:02.761Z,ps_calibevent_0578,578,578M12:47:31.574,578M14:23:56.347,578 13:06:18,578 14:42:41,237.315,237.358,237.23,35,5.34
urn:nasa:pds:insight_ps:data_calibrated:ps_calib_0579,2020-07-13T03:11:56.628Z,2020-07-14T03:51:30.254Z,ps_calib_0579,579,579M00:00:00.016,579M23:59:58.441,579 00:18:31,580 00:17:57,237.618,238.267,237.86,35,86.555
urn:nasa:pds:insight_ps:data_calibrated:ps_calibevent_0579,2020-07-13T15:05:44.890Z,2020-07-13T18:45:16.522Z,ps_calibevent_0579,579,579M11:34:42.378,579M15:08:21.594,579 11:52:58,579 15:26:32,237.931,238.027,237.86,35,8.032
urn:nasa:pds:insight_ps:data_calibrated:ps_calib_0580,2020-07-14T03:51:31.953Z,2020-07-15T04:31:07.067Z,ps_calib_0580,580,580M00:00:00.095,580M23:59:59.968,580 00:17:59,581 00:17:25,238.267,238.917,238.49,35,86.559
urn:nasa:pds:insight_ps:data_calibrated:ps_calibevent_0580,2020-07-14T15:09:58.753Z,2020-07-14T20:37:14.229Z,ps_calibevent_0580,580,580M11:00:17.756,580M16:18:47.871,580 11:18:01,580 16:36:24,238.565,238.709,238.49,35,15.012
urn:nasa:pds:insight_ps:data_calibrated:ps_calib_0581,2020-07-15T04:31:07.167Z,2020-07-16T05:10:42.275Z,ps_calib_0581,581,581M00:00:00.065,581M23:59:59.933,581 00:17:25,582 00:16:51,238.917,239.567,239.12,35,86.559
urn:nasa:pds:insight_ps:data_calibrated:ps_calibevent_0581,2020-07-15T13:15:19.836Z,2020-07-15T20:20:54.124Z,ps_calibevent_0581,581,581M08:30:11.197,581M15:24:22.297,581 08:47:25,581 15:41:26,239.147,239.334,239.12,35,14.61
urn:nasa:pds:insight_ps:data_calibrated:ps_calib_0582,2020-07-16T05:10:42.375Z,2020-07-17T05:50:17.561Z,ps_calib_0582,582,582M00:00:00.030,582M23:59:59.974,582 00:16:52,583 00:16:17,239.567,240.217,239.76,35,86.559
urn:nasa:pds:insight_ps:data_calibrated:ps_calibevent_0582,2020-07-16T16:22:49.379Z,2020-07-16T20:12:00.974Z,ps_calibevent_0582,582,582M10:54:08.057,582M14:37:11.719,582 11:10:44,582 14:53:42,239.862,239.963,239.76,35,7.719
urn:nasa:pds:insight_ps:data_calibrated:ps_calib_0583,2020-07-17T05:50:17.661Z,2020-07-18T06:29:52.782Z,ps_calib_0583,583,583M00:00:00.072,583M23:59:59.952,583 00:16:17,584 00:15:43,240.217,240.867,240.39,35,86.559
urn:nasa:pds:insight_ps:data_calibrated:ps_calibevent_0583,2020-07-17T15:01:32.375Z,2020-07-17T21:00:44.771Z,ps_calibevent_0583,583,583M08:56:29.848,583M14:46:05.594,583 09:12:34,583 15:02:02,240.459,240.617,240.39,35,9.492
urn:nasa:pds:insight_ps:data_calibrated:ps_calib_0584,2020-07-18T06:29:52.882Z,2020-07-19T07:09:28.007Z,ps_calib_0584,584,584M00:00:00.049,584M23:59:59.933,584 00:15:43,585 00:15:08,240.867,241.518,241.02,35,86.559
urn:nasa:pds:insight_ps:data_calibrated:ps_calibevent_0584,2020-07-18T18:12:29.953Z,2020-07-18T22:44:14.509Z,ps_calibevent_0584,584,584M11:23:49.178,584M15:48:17.494,584 11:39:16,584 16:03:37,241.176,241.296,241.02,35,4.387
urn:nasa:pds:insight_ps:data_calibrated:ps_calib_0585,2020-07-19T07:09:28.107Z,2020-07-20T01:35:39.104Z,ps_calib_0585,585,585M00:00:00.030,585M17:56:35.225,585 00:15:08,585 18:11:17,241.518,242.004,241.65,35,64.715
urn:nasa:pds:insight_ps:data_calibrated:ps_calibevent_0585,2020-07-19T20:52:40.579Z,2020-07-19T23:37:36.305Z,ps_calibevent_0585,585,585M13:21:10.971,585M16:01:41.931,585 13:35:59,585 16:16:26,241.88,241.952,241.65,35,3.571
urn:nasa:pds:insight_ps:data_calibrated:ps_calib_0586,2020-07-20T07:50:28.556Z,2020-07-21T08:28:38.528Z,ps_calib_0586,586,586M00:01:22.955,586M23:59:59.965,586 00:15:56,587 00:13:57,242.169,242.819,242.29,35,86.477
urn:nasa:pds:insight_ps:data_calibrated:ps_calibevent_0586,2020-07-20T17:08:13.651Z,2020-07-20T22:40:17.072Z,ps_calibevent_0586,586,586M09:04:12.669,586M14:27:23.024,586 09:18:32,586 14:41:34,242.414,242.561,242.29,35,5.864
urn:nasa:pds:insight_ps:data_calibrated:ps_calib_0587,2020-07-21T08:28:38.628Z,2020-07-22T09:08:13.414Z,ps_calib_0587,587,587M00:00:00.062,587M23:59:59.617,587 00:13:57,588 00:13:21,242.819,243.471,242.92,35,86.559
urn:nasa:pds:insight_ps:data_calibrated:ps_calibevent_0587,2020-07-21T20:02:35.194Z,2020-07-22T01:18:41.674Z,ps_calibevent_0587,587,587M11:15:22.613,587M16:23:01.631,587 11:29:03,587 16:36:34,243.125,243.264,242.92,35,13.184
urn:nasa:pds:insight_ps:data_calibrated:ps_calib_0588,2020-07-22T09:08:14.014Z,2020-07-23T09:47:48.972Z,ps_calib_0588,588,588M00:00:00.201,588M23:59:59.922,588 00:13:21,589 00:12:45,243.471,244.122,243.68,35,86.559
urn:nasa:pds:insight_ps:data_calibrated:ps_calibevent_0588,2020-07-22T18:42:35.179Z,2020-07-23T01:02:52.531Z,ps_calibevent_0588,588,588M09:18:59.333,588M15:29:06.191,588 09:32:06,588 15:42:04,243.723,243.891,243.56,35,17.094
urn:nasa:pds:insight_ps:data_calibrated:ps_calib_0589,2020-07-23T09:47:49.072Z,2020-07-24T10:27:24.253Z,ps_calib_0589,589,589M00:00:00.020,589M23:59:59.958,589 00:12:45,590 00:12:08,244.122,244.774,244.32,35,86.559
urn:nasa:pds:insight_ps:data_calibrated:ps_calibevent_0589,2020-07-23T19:16:45.954Z,2020-07-24T02:25:38.244Z,ps_calibevent_0589,589,589M09:13:43.546,589M16:11:07.349,589 09:26:14,589 16:23:27,244.373,244.561,244.19,35,20.766
urn:nasa:pds:insight_ps:data_calibrated:ps_calib_0590,2020-07-24T10:27:24.353Z,2020-07-25T11:06:59.503Z,ps_calib_0590,590,590M00:00:00.055,590M23:59:59.964,590 00:12:08,591 00:11:31,244.774,245.425,244.95,35,86.559
urn:nasa:pds:insight_ps:data_calibrated:ps_calibevent_0590,2020-07-24T20:46:09.647Z,2020-07-25T03:12:54.011Z,ps_calibevent_0590,590,590M10:02:12.036,590M16:18:35.551,590 10:14:04,590 16:30:18,245.046,245.216,244.95,35,28.782
urn:nasa:pds:insight_ps:data_calibrated:ps_calib_0591,2020-07-25T11:06:59.603Z,2020-07-26T11:46:34.595Z,ps_calib_0591,591,591M00:00:00.061,591M23:59:59.816,591 00:11:31,592 00:10:53,245.425,246.077,245.58,35,86.559
urn:nasa:pds:insight_ps:data_calibrated:ps_calibevent_0591,2020-07-25T21:15:08.389Z,2020-07-26T03:55:57.703Z,ps_calibevent_0591,591,591M09:51:52.564,591M16:21:58.422,591 10:03:08,591 16:33:04,245.693,245.87,245.77,35,35.371
urn:nasa:pds:insight_ps:data_calibrated:ps_calib_0592,2020-07-26T11:46:34.995Z,2020-07-27T12:26:09.971Z,ps_calib_0592,592,592M00:00:00.205,592M23:59:59.945,592 00:10:54,593 00:10:16,246.077,246.729,246.22,35,86.559
urn:nasa:pds:insight_ps:data_calibrated:ps_calibevent_0592,2020-07-26T21:28:33.113Z,2020-07-27T04:28:00.397Z,ps_calibevent_0592,592,592M09:26:24.064,592M16:14:37.980,592 09:37:03,592 16:25:06,246.333,246.518,246.41,35,31.61
urn:nasa:pds:insight_ps:data_calibrated:ps_calib_0593,2020-07-27T12:26:10.071Z,2020-07-28T13:05:45.197Z,ps_calib_0593,593,593M00:00:00.042,593M23:59:59.927,593 00:10:16,594 00:09:37,246.729,247.381,246.85,35,86.559
urn:nasa:pds:insight_ps:data_calibrated:ps_calibevent_0593,2020-07-27T22:09:54.787Z,2020-07-28T05:23:18.035Z,ps_calibevent_0593,593,593M09:28:07.647,593M16:29:55.159,593 09:38:08,593 16:39:45,246.986,247.177,247.04,35,26.547
urn:nasa:pds:insight_ps:data_calibrated:ps_calib_0594,2020-07-28T13:05:45.297Z,2020-07-29T13:45:20.509Z,ps_calib_0594,594,594M00:00:00.024,594M23:59:59.993,594 00:09:38,595 00:08:59,247.381,248.033,247.49,35,86.559
urn:nasa:pds:insight_ps:data_calibrated:ps_calibevent_0594,2020-07-28T22:16:48.471Z,2020-07-29T05:57:44.660Z,ps_calibevent_0594,594,594M08:56:18.570,594M16:24:54.798,594 09:05:42,594 16:34:06,247.624,247.827,247.68,35,32.43
urn:nasa:pds:insight_ps:data_calibrated:ps_calib_0595,2020-07-29T13:45:20.609Z,2020-07-30T14:24:55.702Z,ps_calib_0595,595,595M00:00:00.090,595M23:59:59.944,595 00:08:59,596 00:08:20,248.033,248.685,248.12,35,86.559
urn:nasa:pds:insight_ps:data_calibrated:ps_calibevent_0595,2020-07-29T23:04:41.046Z,2020-07-30T06:36:50.255Z,ps_calibevent_0595,595,595M09:04:22.594,595M16:24:25.942,595 09:13:07,595 16:32:59,248.279,248.479,248.31,35,31.422
urn:nasa:pds:insight_ps:data_calibrated:ps_calib_0596,2020-07-30T14:24:55.802Z,2020-07-31T15:04:30.995Z,ps_calib_0596,596,596M00:00:00.041,596M23:59:59.991,596 00:08:21,597 00:07:42,248.685,249.337,248.95,35,86.559
urn:nasa:pds:insight_ps:data_calibrated:ps_calibevent_0596,2020-07-30T23:04:19.711Z,2020-07-31T07:19:07.843Z,ps_calibevent_0596,596,596M08:25:30.138,596M16:27:03.942,596 08:33:37,596 16:34:58,248.914,249.132,248.95,35,35.801
urn:nasa:pds:insight_ps:data_calibrated:ps_calib_0597,2020-07-31T15:04:31.095Z,2020-08-01T15:44:06.181Z,ps_calib_0597,597,597M00:00:00.088,597M23:59:59.934,597 00:07:42,598 00:07:02,249.337,249.989,249.58,35,86.559
urn:nasa:pds:insight_ps:data_calibrated:ps_calibevent_0597,2020-07-31T23:34:54.320Z,2020-08-01T06:18:33.592Z,ps_calibevent_0597,597,597M08:16:43.968,597M14:49:35.236,597 08:24:12,597 14:56:53,249.562,249.74,249.58,35,30.696
urn:nasa:pds:insight_ps:data_calibrated:ps_calib_0598,2020-08-01T15:44:06.281Z,2020-08-02T16:23:41.483Z,ps_calib_0598,598,598M00:00:00.032,598M23:59:59.991,598 00:07:02,599 00:06:23,249.989,250.642,250.22,35,86.559
urn:nasa:pds:insight_ps:data_calibrated:ps_calibevent_0598,2020-08-02T05:47:28.318Z,2020-08-02T07:52:00.076Z,ps_calibevent_0598,598,598M13:40:48.176,598M15:42:00.022,598 13:47:28,598 15:48:36,250.361,250.416,250.22,35,8.969
urn:nasa:pds:insight_ps:data_calibrated:ps_calib_0599,2020-08-02T16:23:41.583Z,2020-08-03T17:03:16.661Z,ps_calib_0599,599,599M00:00:00.088,599M23:59:59.927,599 00:06:23,600 00:05:43,250.642,251.294,250.85,35,86.559
urn:nasa:pds:insight_ps:data_calibrated:ps_calibevent_0599,2020-08-03T01:31:05.443Z,2020-08-03T07:19:14.786Z,ps_calibevent_0599,599,599M08:52:45.188,599M14:31:35.622,599 08:58:53,599 14:37:34,250.883,251.036,250.85,35,7.321
urn:nasa:pds:insight_ps:data_calibrated:ps_calib_0600,2020-08-03T17:03:16.761Z,2020-08-04T17:42:51.926Z,ps_calib_0600,600,600M00:00:00.024,600M23:59:59.947,600 00:05:43,601 00:05:03,251.294,251.946,251.49,35,86.559
urn:nasa:pds:insight_ps:data_calibrated:ps_calibevent_0600,2020-08-04T03:50:04.841Z,2020-08-04T09:47:18.236Z,ps_calibevent_0600,600,600M10:29:29.766,600M16:17:09.696,600 10:34:55,600 16:22:26,251.579,251.736,251.49,35,11.172
urn:nasa:pds:insight_ps:data_calibrated:ps_calib_0601,2020-08-04T17:42:52.026Z,2020-08-05T18:22:27.203Z,ps_calib_0601,601,601M00:00:00.044,601M23:59:59.979,601 00:05:03,602 00:04:23,251.946,252.598,252.12,35,86.559
urn:nasa:pds:insight_ps:data_calibrated:ps_calibevent_0601,2020-08-05T03:00:40.696Z,2020-08-05T10:33:04.923Z,ps_calibevent_0601,601,601M09:02:53.237,601M16:23:11.201,601 09:07:41,601 16:27:47,252.192,252.391,252.12,35,25.039
urn:nasa:pds:insight_ps:data_calibrated:ps_calib_0602,2020-08-05T18:22:27.303Z,2020-08-06T19:02:02.407Z,ps_calib_0602,602,602M00:00:00.076,602M23:59:59.941,602 00:04:23,603 00:03:42,252.598,253.25,252.76,35,86.559
urn:nasa:pds:insight_ps:data_calibrated:ps_calibevent_0602,2020-08-06T04:31:07.279Z,2020-08-06T10:47:02.604Z,ps_calibevent_0602,602,602M09:52:22.934,602M15:58:14.776,602 09:56:29,602 16:02:10,252.866,253.032,252.76,35,9.211
urn:nasa:pds:insight_ps:data_calibrated:ps_calib_0603,2020-08-06T19:02:02.507Z,2020-08-07T19:41:37.691Z,ps_calib_0603,603,603M00:00:00.038,603M23:59:59.979,603 00:03:42,604 00:03:01,253.25,253.903,253.39,35,86.559
urn:nasa:pds:insight_ps:data_calibrated:ps_calibevent_0603,2020-08-07T04:31:32.934Z,2020-08-07T12:07:12.126Z,ps_calibevent_0603,603,603M09:14:16.210,603M16:37:43.924,603 09:17:43,603 16:40:58,253.501,253.702,253.39,35,25.961
urn:nasa:pds:insight_ps:data_calibrated:ps_calib_0604,2020-08-07T19:41:37.791Z,2020-08-08T20:21:12.867Z,ps_calib_0604,604,604M00:00:00.077,604M23:59:59.913,604 00:03:01,605 00:02:20,253.903,254.555,254.03,35,86.559
urn:nasa:pds:insight_ps:data_calibrated:ps_calibevent_0604,2020-08-08T04:54:46.563Z,2020-08-08T13:27:20.720Z,ps_calibevent_0604,604,604M08:58:20.860,604M17:17:12.167,604 09:01:07,604 17:19:44,254.146,254.372,254.03,35,46.164
urn:nasa:pds:insight_ps:data_calibrated:ps_calib_0605,2020-08-08T20:21:12.967Z,2020-08-09T21:00:48.171Z,ps_calib_0605,605,605M00:00:00.010,605M23:59:59.971,605 00:02:20,606 00:01:39,254.555,255.207,254.66,35,86.559
urn:nasa:pds:insight_ps:data_calibrated:ps_calibevent_0605,2020-08-09T04:50:12.305Z,2020-08-09T13:58:42.346Z,ps_calibevent_0605,605,605M08:15:22.247,605M17:09:11.757,605 08:17:29,605 17:11:03,254.779,255.021,254.66,35,53.414
urn:nasa:pds:insight_ps:data_calibrated:ps_calib_0606,2020-08-09T21:00:48.271Z,2020-08-10T21:40:23.351Z,ps_calib_0606,606,606M00:00:00.068,606M23:59:59.909,606 00:01:39,607 00:00:58,255.207,255.858,255.49,35,86.559
urn:nasa:pds:insight_ps:data_calibrated:ps_calibevent_0606,2020-08-10T05:40:06.882Z,2020-08-10T14:08:45.980Z,ps_calibevent_0606,606,606M08:25:25.009,606M16:40:27.547,606 08:26:50,606 16:41:38,255.435,255.66,255.29,35,42.895
urn:nasa:pds:insight_ps:data_calibrated:ps_calib_0607,2020-08-10T21:40:23.451Z,2020-08-11T22:19:58.655Z,ps_calib_0607,607,607M00:00:00.007,607M23:59:59.967,607 00:00:58,608 00:00:16,255.858,256.51,256.12,35,86.559
urn:nasa:pds:insight_ps:data_calibrated:ps_calibevent_0607,2020-08-11T06:07:19.498Z,2020-08-11T15:45:39.493Z,ps_calibevent_0607,607,607M08:13:22.250,607M17:36:13.823,607 08:14:06,607 17:36:41,256.082,256.337,256.12,35,45.942
urn:nasa:pds:insight_ps:data_calibrated:ps_calib_0608,2020-08-11T22:19:58.755Z,2020-08-12T22:59:33.651Z,ps_calib_0608,608,608M00:00:00.065,608M23:59:59.726,608 00:00:17,608 23:59:35,256.51,257.162,256.75,35,86.559
urn:nasa:pds:insight_ps:data_calibrated:ps_calibevent_0608,2020-08-12T06:37:51.111Z,2020-08-12T15:43:46.146Z,ps_calibevent_0608,608,608M08:04:33.164,608M16:55:51.816,608 08:04:36,608 16:55:39,256.73,256.97,256.75,35,59.055
urn:nasa:pds:insight_ps:data_calibrated:ps_calib_0609,2020-08-12T22:59:34.051Z,2020-08-13T23:39:09.099Z,ps_calib_0609,609,609M00:00:00.115,609M23:59:59.924,608 23:59:35,609 23:58:53,257.162,257.813,257.39,35,86.559
urn:nasa:pds:insight_ps:data_calibrated:ps_calibevent_0609,2020-08-13T08:02:02.640Z,2020-08-13T16:26:11.776Z,ps_calibevent_0609,609,609M08:47:57.844,609M16:58:37.643,609 08:47:17,609 16:57:43,257.401,257.623,257.39,35,42.86
urn:nasa:pds:insight_ps:data_calibrated:ps_calib_0610,2020-08-13T23:39:09.199Z,2020-08-15T00:18:44.339Z,ps_calib_0610,610,610M00:00:00.021,610M23:59:59.921,609 23:58:53,610 23:58:11,257.813,258.465,258.02,35,86.559
urn:nasa:pds:insight_ps:data_calibrated:ps_calibevent_0610,2020-08-14T08:43:20.286Z,2020-08-15T00:18:44.389Z,ps_calibevent_0610,610,610M08:49:37.506,610M23:59:59.970,610 08:48:15,610 23:58:11,258.053,258.465,258.15,35,36.676
urn:nasa:pds:insight_ps:data_calibrated:ps_calib_0611,2020-08-15T00:18:44.439Z,2020-08-16T00:58:19.613Z,ps_calib_0611,611,611M00:00:00.018,611M23:59:59.950,610 23:58:11,611 23:57:29,258.465,259.116,258.66,35,86.559
urn:nasa:pds:insight_ps:data_calibrated:ps_calibevent_0611,2020-08-15T00:18:44.439Z,2020-08-16T00:58:19.663Z,ps_calibevent_0611,611,611M00:00:00.018,611M23:59:59.998,610 23:58:11,611 23:57:29,258.465,259.116,258.66,35,191.356
urn:nasa:pds:insight_ps:data_calibrated:ps_calib_0612,2020-08-16T00:58:19.713Z,2020-08-16T06:50:42.758Z,ps_calib_0612,612,612M00:00:00.047,612M05:42:57.395,611 23:57:29,612 05:40:16,259.116,259.271,259.1,35,39.16
urn:nasa:pds:insight_ps:data_calibrated:ps_calibevent_0612,2020-08-16T00:58:19.713Z,2020-08-16T02:35:32.150Z,ps_calibevent_0612,612,612M00:00:00.047,612M01:34:36.434,611 23:57:29,612 01:32:03,259.116,259.159,258.91,35,12.563
urn:nasa:pds:insight_ps:data_calibrated:ps_calib_0633,2020-09-06T23:00:14.846Z,2020-09-07T15:29:15.030Z,ps_calib_0633,633,633M07:57:27.501,633M23:59:59.997,633 07:39:53,633 23:41:58,272.943,273.374,272.98,35,57.864
urn:nasa:pds:insight_ps:data_calibrated:ps_calibevent_0633,2020-09-07T00:42:46.662Z,2020-09-07T07:42:01.896Z,ps_calibevent_0633,633,633M09:37:14.721,633M16:25:16.909,633 09:19:38,633 16:07:28,272.988,273.171,272.98,35,18.27
urn:nasa:pds:insight_ps:data_calibrated:ps_calib_0634,2020-09-07T15:29:15.130Z,2020-09-08T16:08:50.265Z,ps_calib_0634,634,634M00:00:00.095,634M23:59:59.988,633 23:41:58,634 23:41:17,273.374,274.018,273.61,35,86.559
urn:nasa:pds:insight_ps:data_calibrated:ps_calib_0635,2020-09-08T16:08:50.365Z,2020-09-09T16:48:25.496Z,ps_calib_0635,635,635M00:00:00.085,635M23:59:59.976,634 23:41:17,635 23:40:36,274.018,274.661,274.23,35,86.559
urn:nasa:pds:insight_ps:data_calibrated:ps_calibevent_0635,2020-09-09T00:49:57.851Z,2020-09-09T09:40:16.900Z,ps_calibevent_0635,635,635M08:27:10.988,635M17:03:18.696,635 08:08:13,635 16:44:06,274.244,274.475,274.23,35,36.375
urn:nasa:pds:insight_ps:data_calibrated:ps_calib_0636,2020-09-09T16:48:25.596Z,2020-09-10T17:28:00.715Z,ps_calib_0636,636,636M00:00:00.073,636M23:59:59.951,635 23:40:36,636 23:39:55,274.661,275.304,274.86,35,86.559
urn:nasa:pds:insight_ps:data_calibrated:ps_calib_0637,2020-09-10T17:28:00.815Z,2020-09-11T18:07:35.938Z,ps_calib_0637,637,637M00:00:00.048,637M23:59:59.931,636 23:39:55,637 23:39:14,275.304,275.946,275.48,35,53.149
urn:nasa:pds:insight_ps:data_calibrated:ps_calibevent_0637,2020-09-11T03:17:13.787Z,2020-09-11T05:38:45.486Z,ps_calibevent_0637,637,637M09:33:27.127,637M11:51:11.625,637 09:13:06,637 11:30:46,275.559,275.621,275.48,35,5.43
urn:nasa:pds:insight_ps:data_calibrated:ps_calib_0638,2020-09-11T18:07:36.038Z,2020-09-12T18:47:11.185Z,ps_calib_0638,638,638M00:00:00.028,638M23:59:59.934,637 23:39:14,638 23:38:33,275.946,276.587,276.11,35,86.559
urn:nasa:pds:insight_ps:data_calibrated:ps_calibevent_0638,2020-09-12T04:23:20.973Z,2020-09-12T11:20:52.219Z,ps_calibevent_0638,638,638M09:59:16.476,638M16:45:37.458,638 09:38:14,638 16:24:23,276.213,276.394,276.11,35,25.578
urn:nasa:pds:insight_ps:data_calibrated:ps_calib_0639,2020-09-12T18:47:11.285Z,2020-09-13T19:26:46.411Z,ps_calib_0639,639,639M00:00:00.031,639M23:59:59.917,638 23:38:33,639 23:37:53,276.587,277.229,276.73,35,86.559
urn:nasa:pds:insight_ps:data_calibrated:ps_calibevent_0639,2020-09-13T04:27:59.601Z,2020-09-13T10:46:30.925Z,ps_calibevent_0639,639,639M09:25:15.956,639M15:33:39.622,639 09:03:34,639 15:11:47,276.839,277.003,276.73,35,15.668
urn:nasa:pds:insight_ps:data_calibrated:ps_calib_0640,2020-09-13T19:26:46.511Z,2020-09-14T20:06:21.722Z,ps_calib_0640,640,640M00:00:00.014,640M23:59:59.981,639 23:37:53,640 23:37:13,277.229,277.869,277.36,35,86.559
urn:nasa:pds:insight_ps:data_calibrated:ps_calibevent_0640,2020-09-14T05:22:03.188Z,2020-09-14T12:26:33.438Z,ps_calibevent_0640,640,640M09:39:21.066,640M16:32:29.841,640 09:16:58,640 16:09:55,277.486,277.67,277.36,35,11.903
urn:nasa:pds:insight_ps:data_calibrated:ps_calib_0641,2020-09-14T20:06:21.822Z,2020-09-15T20:45:56.915Z,ps_calib_0641,641,641M00:00:00.079,641M23:59:59.932,640 23:37:13,641 23:36:33,277.869,278.509,277.98,35,86.559
urn:nasa:pds:insight_ps:data_calibrated:ps_calibevent_0641,2020-09-15T06:49:15.720Z,2020-09-15T12:32:07.104Z,ps_calibevent_0641,641,641M10:25:41.905,641M15:59:22.887,641 10:02:38,641 15:36:09,278.147,278.296,277.98,35,17.66
urn:nasa:pds:insight_ps:data_calibrated:ps_calib_0642,2020-09-15T20:45:57.015Z,2020-09-16T21:25:32.195Z,ps_calib_0642,642,642M00:00:00.030,642M23:59:59.967,641 23:36:33,642 23:35:54,278.509,279.149,278.6,35,86.559
urn:nasa:pds:insight_ps:data_calibrated:ps_calib_0643,2020-09-16T21:25:32.295Z,2020-09-17T22:05:07.462Z,ps_calib_0643,643,643M00:00:00.064,643M23:59:59.989,642 23:35:54,643 23:35:15,279.149,279.788,279.41,35,86.559
urn:nasa:pds:insight_ps:data_calibrated:ps_calibevent_0643,2020-09-17T06:38:49.040Z,2020-09-17T14:52:44.163Z,ps_calibevent_0643,643,643M08:58:28.607,643M16:59:10.822,643 08:34:08,643 16:34:37,279.388,279.601,279.23,35,31.426
urn:nasa:pds:insight_ps:data_calibrated:ps_calib_0644,2020-09-17T22:05:07.562Z,2020-09-18T22:44:42.657Z,ps_calib_0644,644,644M00:00:00.086,644M23:59:59.942,643 23:35:15,644 23:34:36,279.788,280.426,280.03,35,86.559
urn:nasa:pds:insight_ps:data_calibrated:ps_calibevent_0644,2020-09-18T08:16:45.506Z,2020-09-18T15:58:01.705Z,ps_calibevent_0644,644,644M09:55:16.151,644M17:24:11.855,644 09:30:15,644 16:58:58,280.052,280.251,280.03,35,24.36
urn:nasa:pds:insight_ps:data_calibrated:ps_calib_0645,2020-09-18T22:44:42.757Z,2020-09-19T23:24:17.946Z,ps_calib_0645,645,645M00:00:00.039,645M23:59:59.985,644 23:34:36,645 23:33:57,280.426,281.064,280.66,35,86.559
urn:nasa:pds:insight_ps:data_calibrated:ps_calibevent_0645,2020-09-19T08:44:18.134Z,2020-09-19T08:51:14.073Z,ps_calibevent_0645,645,645M09:43:32.870,645M09:50:17.679,645 09:17:53,645 09:24:38,280.684,280.687,280.47,35,0.848
urn:nasa:pds:insight_ps:data_calibrated:ps_calib_0646,2020-09-19T23:24:18.046Z,2020-09-21T00:03:53.199Z,ps_calib_0646,646,646M00:00:00.082,646M23:59:59.994,645 23:33:57,646 23:33:19,281.064,281.701,281.28,35,86.559
urn:nasa:pds:insight_ps:data_calibrated:ps_calibevent_0646,2020-09-20T08:17:07.818Z,2020-09-20T17:03:56.873Z,ps_calibevent_0646,646,646M08:38:34.481,646M17:11:17.813,646 08:12:18,646 16:44:47,281.293,281.52,281.28,35,32.766
urn:nasa:pds:insight_ps:data_calibrated:ps_calib_0647,2020-09-21T00:03:53.299Z,2020-09-22T00:43:28.369Z,ps_calib_0647,647,647M00:00:00.092,647M23:59:59.922,646 23:33:19,647 23:32:41,281.701,282.337,281.9,35,86.559
urn:nasa:pds:insight_ps:data_calibrated:ps_calibevent_0647,2020-09-21T10:18:31.240Z,2020-09-21T17:47:06.441Z,ps_calibevent_0647,647,647M09:58:11.338,647M17:14:46.403,647 09:31:14,647 16:47:38,281.965,282.158,282.02,35,25.664
urn:nasa:pds:insight_ps:data_calibrated:ps_calib_0648,2020-09-22T00:43:28.469Z,2020-09-23T01:23:03.666Z,ps_calib_0648,648,648M00:00:00.019,648M23:59:59.974,647 23:32:41,648 23:32:03,282.337,282.973,282.51,35,86.559
urn:nasa:pds:insight_ps:data_calibrated:ps_calibevent_0648,2020-09-22T09:59:07.916Z,2020-09-22T18:22:18.039Z,ps_calibevent_0648,648,648M09:00:47.446,648M17:10:29.811,648 08:33:14,648 16:42:44,282.576,282.792,282.64,35,43.782
urn:nasa:pds:insight_ps:data_calibrated:ps_calib_0649,2020-09-23T01:23:03.766Z,2020-09-24T02:02:38.911Z,ps_calib_0649,649,649M00:00:00.071,649M23:59:59.974,648 23:32:03,649 23:31:26,282.973,283.608,283.13,35,86.559
urn:nasa:pds:insight_ps:data_calibrated:ps_calibevent_0649,2020-09-23T10:54:49.480Z,2020-09-23T19:33:52.555Z,ps_calibevent_0649,649,649M09:16:27.911,649M17:41:37.732,649 08:48:17,649 17:13:13,283.219,283.441,283.26,35,53.157
urn:nasa:pds:insight_ps:data_calibrated:ps_calib_0650,2020-09-24T02:02:39.011Z,2020-09-25T02:42:14.143Z,ps_calib_0650,650,650M00:00:00.072,650M23:59:59.963,649 23:31:26,650 23:30:49,283.608,284.243,283.75,35,86.559
urn:nasa:pds:insight_ps:data_calibrated:ps_calib_0651,2020-09-25T02:42:14.243Z,2020-09-26T03:21:49.383Z,ps_calib_0651,651,651M00:00:00.061,651M23:59:59.959,650 23:30:49,651 23:30:12,284.243,284.877,284.49,35,86.559
urn:nasa:pds:insight_ps:data_calibrated:ps_calibevent_0651,2020-09-25T11:56:02.580Z,2020-09-25T20:23:49.671Z,ps_calibevent_0651,651,651M08:58:59.350,651M17:13:11.272,651 08:29:34,651 16:43:34,284.48,284.698,284.49,35,18.481
urn:nasa:pds:insight_ps:data_calibrated:ps_calib_0652,2020-09-26T03:21:49.483Z,2020-09-27T04:01:24.628Z,ps_calib_0652,652,652M00:00:00.056,652M23:59:59.960,651 23:30:12,652 23:29:36,284.877,285.51,285.11,35,86.559
urn:nasa:pds:insight_ps:data_calibrated:ps_calibevent_0652,2020-09-26T14:06:53.955Z,2020-09-26T20:08:56.279Z,ps_calibevent_0652,652,652M10:27:48.963,652M16:20:10.091,652 09:57:45,652 15:49:58,285.153,285.308,285.11,35,22.778
urn:nasa:pds:insight_ps:data_calibrated:ps_calib_0653,2020-09-27T04:01:24.728Z,2020-09-28T04:40:59.833Z,ps_calib_0653,653,653M00:00:00.057,653M23:59:59.922,652 23:29:36,653 23:29:00,285.51,286.142,285.73,35,86.559
urn:nasa:pds:insight_ps:data_calibrated:ps_calibevent_0653,2020-09-27T13:21:55.668Z,2020-09-27T23:58:38.598Z,ps_calibevent_0653,653,653M09:05:31.178,653M19:25:11.962,653 08:34:54,653 18:54:19,285.75,286.022,285.73,35,31.891
urn:nasa:pds:insight_ps:data_calibrated:ps_calib_0654,2020-09-28T04:40:59.933Z,2020-09-29T05:20:35.109Z,ps_calib_0654,654,654M00:00:00.019,654M23:59:59.953,653 23:29:00,654 23:28:25,286.142,286.774,286.34,35,86.559
urn:nasa:pds:insight_ps:data_calibrated:ps_calibevent_0654,2020-09-28T14:18:49.244Z,2020-09-28T22:50:04.324Z,ps_calibevent_0654,654,654M09:22:21.729,654M17:39:56.075,654 08:51:08,654 17:08:30,286.389,286.608,286.34,35,36.422
urn:nasa:pds:insight_ps:data_calibrated:ps_calib_0655,2020-09-29T05:20:35.209Z,2020-09-30T06:00:10.362Z,ps_calib_0655,655,655M00:00:00.050,655M23:59:59.962,654 23:28:25,655 23:27:50,286.774,287.405,286.96,35,86.559
urn:nasa:pds:insight_ps:data_calibrated:ps_calibevent_0655,2020-09-29T14:37:47.859Z,2020-09-29T23:49:10.876Z,ps_calibevent_0655,655,655M09:02:18.187,655M17:58:56.044,655 08:30:30,655 17:26:55,287.012,287.247,286.96,35,45.188
urn:nasa:pds:insight_ps:data_calibrated:ps_calib_0656,2020-09-30T06:00:10.461Z,2020-10-01T06:39:45.581Z,ps_calib_0656,656,656M00:00:00.058,656M23:59:59.937,655 23:27:50,656 23:27:15,287.405,288.036,287.57,35,86.559
urn:nasa:pds:insight_ps:data_calibrated:ps_calibevent_0656,2020-09-30T15:17:54.397Z,2020-09-30T22:35:21.580Z,ps_calibevent_0656,656,656M09:02:48.643,656M16:08:33.565,656 08:30:25,656 15:36:00,287.643,287.829,287.57,35,15.356
urn:nasa:pds:insight_ps:data_calibrated:ps_calib_0657,2020-10-01T06:39:45.681Z,2020-10-02T07:19:20.805Z,ps_calib_0657,657,657M00:00:00.035,657M23:59:59.918,656 23:27:15,657 23:26:41,288.036,288.665,288.18,35,86.559
urn:nasa:pds:insight_ps:data_calibrated:ps_calib_0658,2020-10-02T07:19:20.905Z,2020-10-03T07:58:56.047Z,ps_calib_0658,658,658M00:00:00.016,658M23:59:59.916,657 23:26:41,658 23:26:07,288.665,289.294,288.8,35,86.559
urn:nasa:pds:insight_ps:data_calibrated:ps_calibevent_0658,2020-10-02T19:49:38.091Z,2020-10-02T20:50:25.932Z,ps_calibevent_0658,658,658M12:10:12.735,658M13:09:22.976,658 11:36:37,658 12:35:45,288.984,289.01,288.8,35,7.321
urn:nasa:pds:insight_ps:data_calibrated:ps_calib_0659,2020-10-03T07:58:56.147Z,2020-10-04T08:38:31.367Z,ps_calib_0659,659,659M00:00:00.014,659M23:59:59.990,658 23:26:07,659 23:25:34,289.294,289.923,289.41,35,86.559
urn:nasa:pds:insight_ps:data_calibrated:ps_calibevent_0659,2020-10-03T23:00:17.408Z,2020-10-03T23:16:45.331Z,ps_calibevent_0659,659,659M14:37:14.292,659M14:53:15.783,659 14:03:01,659 14:19:02,289.677,289.684,289.53,35,1.992
urn:nasa:pds:insight_ps:data_calibrated:ps_calib_0660,2020-10-04T08:38:31.467Z,2020-10-05T09:18:06.620Z,ps_calib_0660,660,660M00:00:00.087,660M23:59:59.999,659 23:25:34,660 23:25:01,289.923,290.55,290.02,35,86.559
urn:nasa:pds:insight_ps:data_calibrated:ps_calib_0661,2020-10-05T09:18:06.720Z,2020-10-06T09:57:41.782Z,ps_calib_0661,661,661M00:00:00.097,661M23:59:59.919,660 23:25:01,661 23:24:28,290.55,291.177,290.75,35,86.559
urn:nasa:pds:insight_ps:data_calibrated:ps_calibevent_0661,2020-10-05T16:29:26.514Z,2020-10-05T17:30:33.359Z,ps_calibevent_0661,661,661M06:59:47.459,661M07:59:16.194,661 06:24:39,661 07:24:06,290.733,290.759,290.63,35,7.36
urn:nasa:pds:insight_ps:data_calibrated:ps_calib_0662,2020-10-06T09:57:41.882Z,2020-10-07T10:37:17.013Z,ps_calib_0662,662,662M00:00:00.016,662M23:59:59.907,661 23:24:29,662 23:23:56,291.177,291.803,291.36,35,86.559
urn:nasa:pds:insight_ps:data_calibrated:ps_calib_0663,2020-10-07T10:37:17.113Z,2020-10-08T11:16:52.311Z,ps_calib_0663,663,663M00:00:00.004,663M23:59:59.959,662 23:23:57,663 23:23:25,291.803,292.428,291.97,35,86.559
urn:nasa:pds:insight_ps:data_calibrated:ps_calib_0664,2020-10-08T11:16:52.411Z,2020-10-09T11:56:27.551Z,ps_calib_0664,664,664M00:00:00.056,664M23:59:59.956,663 23:23:25,664 23:22:54,292.428,293.052,292.58,35,86.559
urn:nasa:pds:insight_ps:data_calibrated:ps_calib_0665,2020-10-09T11:56:27.651Z,2020-10-10T12:36:02.750Z,ps_calib_0665,665,665M00:00:00.053,665M23:59:59.911,664 23:22:54,665 23:22:23,293.052,293.676,293.19,35,65.867
urn:nasa:pds:insight_ps:data_calibrated:ps_calib_0666,2020-10-10T12:36:02.850Z,2020-10-11T13:15:38.079Z,ps_calib_0666,666,666M00:00:00.009,666M23:59:59.994,665 23:22:23,666 23:21:53,293.676,294.299,293.79,35,86.559
urn:nasa:pds:insight_ps:data_calibrated:ps_calib_0667,2020-10-11T13:15:38.179Z,2020-10-12T13:55:13.287Z,ps_calib_0667,667,667M00:00:00.092,667M23:59:59.959,666 23:21:53,667 23:21:23,294.299,294.921,294.4,35,86.559
urn:nasa:pds:insight_ps:data_calibrated:ps_calib_0668,2020-10-12T13:55:13.387Z,2020-10-13T14:34:47.616Z,ps_calib_0668,668,668M00:00:00.056,668M23:59:59.068,667 23:21:24,668 23:20:53,294.921,295.542,295,35,86.559
urn:nasa:pds:insight_ps:data_calibrated:ps_calibevent_0668,2020-10-13T03:33:27.593Z,2020-10-13T03:44:43.524Z,ps_calibevent_0668,668,668M13:16:20.712,668M13:27:18.558,668 12:37:28,668 12:48:26,295.264,295.269,295.19,35,1.367
urn:nasa:pds:insight_ps:data_calibrated:ps_calib_0669,2020-10-13T14:34:48.617Z,2020-10-14T15:14:23.750Z,ps_calib_0669,669,669M00:00:00.043,669M23:59:59.934,668 23:20:54,669 23:20:26,295.542,296.162,295.79,35,86.559
urn:nasa:pds:insight_ps:data_calibrated:ps_calib_0670,2020-10-14T15:14:23.850Z,2020-10-15T15:53:59.031Z,ps_calib_0670,670,670M00:00:00.032,670M23:59:59.971,669 23:20:26,670 23:19:58,296.162,296.782,296.39,35,86.559
urn:nasa:pds:insight_ps:data_calibrated:ps_calibevent_0670,2020-10-15T00:57:20.261Z,2020-10-15T09:16:27.376Z,ps_calibevent_0670,670,670M09:27:20.624,670M17:33:06.484,670 08:47:35,670 16:53:12,296.406,296.615,296.39,35,37.985
urn:nasa:pds:insight_ps:data_calibrated:ps_calib_0671,2020-10-15T15:53:59.131Z,2020-10-16T16:33:34.249Z,ps_calib_0671,671,671M00:00:00.068,671M23:59:59.945,670 23:19:58,671 23:19:30,296.782,297.4,297,35,86.559
urn:nasa:pds:insight_ps:data_calibrated:ps_calibevent_0671,2020-10-16T04:03:54.575Z,2020-10-16T08:56:22.059Z,ps_calibevent_0671,671,671M11:50:23.735,671M16:35:01.723,671 11:10:08,671 15:54:40,297.087,297.209,297,35,15.145
urn:nasa:pds:insight_ps:data_calibrated:ps_calib_0672,2020-10-16T16:33:34.349Z,2020-10-17T17:13:09.484Z,ps_calib_0672,672,672M00:00:00.043,672M23:59:59.936,671 23:19:30,672 23:19:03,297.4,298.018,297.6,35,86.559
urn:nasa:pds:insight_ps:data_calibrated:ps_calibevent_0672,2020-10-17T02:26:23.446Z,2020-10-17T12:17:03.458Z,ps_calibevent_0672,672,672M09:36:57.463,672M19:11:49.253,672 08:56:16,672 18:30:57,297.648,297.894,297.6,35,17.801
urn:nasa:pds:insight_ps:data_calibrated:ps_calib_0673,2020-10-17T17:13:09.584Z,2020-10-18T17:52:44.749Z,ps_calib_0673,673,673M00:00:00.033,673M23:59:59.957,672 23:19:03,673 23:18:36,298.018,298.635,298.2,35,86.559
urn:nasa:pds:insight_ps:data_calibrated:ps_calibevent_0673,2020-10-18T02:29:15.157Z,2020-10-18T17:52:43.899Z,ps_calibevent_0673,673,673M09:01:12.888,673M23:59:59.130,673 08:20:06,673 23:18:35,298.25,298.635,298.2,35,110.985
urn:nasa:pds:insight_ps:data_calibrated:ps_calibevent_0674,2020-10-18T17:52:44.799Z,2020-10-19T13:10:56.780Z,ps_calibevent_0674,674,674M00:00:00.006,674M18:47:12.680,673 23:18:36,674 18:05:28,298.635,299.117,298.8,35,133.047
urn:nasa:pds:insight_ps:data_calibrated:ps_calib_0674,2020-10-18T17:52:44.849Z,2020-10-19T18:32:19.059Z,ps_calib_0674,674,674M00:00:00.055,674M23:59:59.048,673 23:18:36,674 23:18:09,298.635,299.251,298.8,35,86.559
urn:nasa:pds:insight_ps:data_calibrated:ps_calib_0675,2020-10-19T18:32:20.059Z,2020-10-20T19:11:55.207Z,ps_calib_0675,675,675M00:00:00.021,675M23:59:59.928,674 23:18:10,675 23:17:44,299.251,299.866,299.4,35,86.559
urn:nasa:pds:insight_ps:data_calibrated:ps_calibevent_0675,2020-10-20T06:34:45.136Z,2020-10-20T12:16:44.550Z,ps_calibevent_0675,675,675M11:43:05.371,675M17:15:55.773,675 11:01:03,675 16:33:47,299.552,299.694,299.4,35,10.133
urn:nasa:pds:insight_ps:data_calibrated:ps_calib_0676,2020-10-20T19:11:55.307Z,2020-10-21T19:51:30.503Z,ps_calib_0676,676,676M00:00:00.026,676M23:59:59.979,675 23:17:44,676 23:17:19,299.866,300.481,300,35,86.559
urn:nasa:pds:insight_ps:data_calibrated:ps_calibevent_0676,2020-10-21T05:05:18.998Z,2020-10-21T12:40:05.199Z,ps_calibevent_0676,676,676M09:37:31.115,676M17:00:07.254,676 08:55:05,676 16:17:34,300.113,300.302,300,35,26.481
urn:nasa:pds:insight_ps:data_calibrated:ps_calib_0677,2020-10-21T19:51:30.603Z,2020-10-22T20:31:05.679Z,ps_calib_0677,677,677M00:00:00.076,677M23:59:59.912,676 23:17:19,677 23:16:55,300.481,301.094,300.6,35,86.559
urn:nasa:pds:insight_ps:data_calibrated:ps_calibevent_0677,2020-10-22T07:31:11.394Z,2020-10-22T12:46:18.824Z,ps_calibevent_0677,677,677M11:20:57.642,677M16:27:39.190,677 10:38:05,677 15:44:42,300.771,300.901,300.6,35,16.051
urn:nasa:pds:insight_ps:data_calibrated:ps_calib_0678,2020-10-22T20:31:05.779Z,2020-10-23T21:10:40.972Z,ps_calib_0678,678,678M00:00:00.009,678M23:59:59.960,677 23:16:55,678 23:16:31,301.094,301.707,301.19,35,86.559
urn:nasa:pds:insight_ps:data_calibrated:ps_calib_0679,2020-10-23T21:10:41.072Z,2020-10-24T21:50:16.182Z,ps_calib_0679,679,679M00:00:00.058,679M23:59:59.927,678 23:16:31,679 23:16:07,301.707,302.318,301.97,35,86.559
urn:nasa:pds:insight_ps:data_calibrated:ps_calib_0680,2020-10-24T21:50:16.282Z,2020-10-25T22:29:51.405Z,ps_calib_0680,680,680M00:00:00.024,680M23:59:59.906,679 23:16:07,680 23:15:44,302.318,302.929,302.56,35,86.559
urn:nasa:pds:insight_ps:data_calibrated:ps_calibevent_0680,2020-10-25T12:08:55.933Z,2020-10-25T15:23:31.584Z,ps_calibevent_0680,680,680M13:55:41.231,680M17:05:04.492,680 13:11:35,680 16:20:55,302.673,302.753,302.68,35,2.617
urn:nasa:pds:insight_ps:data_calibrated:ps_calib_0681,2020-10-25T22:29:51.505Z,2020-10-26T23:09:26.656Z,ps_calib_0681,681,681M00:00:00.004,681M23:59:59.914,680 23:15:44,681 23:15:22,302.929,303.539,303.16,35,86.559
urn:nasa:pds:insight_ps:data_calibrated:ps_calib_0682,2020-10-26T23:09:26.756Z,2020-10-27T15:56:19.720Z,ps_calib_0682,682,682M00:00:00.011,682M16:19:56.584,681 23:15:22,682 15:35:03,303.539,303.954,303.57,35,58.91
urn:nasa:pds:insight_ps:data_calibrated:ps_calib_0683,2020-10-28T22:49:12.627Z,2020-10-29T00:28:37.155Z,ps_calib_0683,683,683M22:23:14.981,683M23:59:59.924,683 21:37:55,683 23:14:38,304.715,304.756,304.58,35,5.828
urn:nasa:pds:insight_ps:data_calibrated:ps_calib_0684,2020-10-29T00:28:37.255Z,2020-10-30T01:08:12.413Z,ps_calib_0684,684,684M00:00:00.021,684M23:59:59.938,683 23:14:38,684 23:14:17,304.756,305.363,304.93,35,86.559
urn:nasa:pds:insight_ps:data_calibrated:ps_calibevent_0684,2020-10-29T11:52:22.263Z,2020-10-29T17:43:01.632Z,ps_calibevent_0684,684,684M11:05:27.376,684M16:46:43.823,684 10:19:56,684 16:01:08,305.037,305.181,305.05,35,18.153
urn:nasa:pds:insight_ps:data_calibrated:ps_calib_0685,2020-10-30T01:08:12.513Z,2020-10-31T01:47:47.708Z,ps_calib_0685,685,685M00:00:00.035,685M23:59:59.987,684 23:14:18,685 23:13:57,305.363,305.97,305.52,35,86.559
urn:nasa:pds:insight_ps:data_calibrated:ps_calibevent_0685,2020-10-30T12:01:32.887Z,2020-10-30T16:20:12.404Z,ps_calibevent_0685,685,685M10:35:51.576,685M14:47:35.857,685 09:50:00,685 14:01:41,305.631,305.737,305.64,35,5.356
urn:nasa:pds:insight_ps:data_calibrated:ps_calib_0686,2020-10-31T01:47:47.808Z,2020-11-01T02:27:22.924Z,ps_calib_0686,686,686M00:00:00.085,686M23:59:59.960,685 23:13:57,686 23:13:37,305.97,306.575,306.11,35,86.559
urn:nasa:pds:insight_ps:data_calibrated:ps_calibevent_0686,2020-10-31T13:16:33.425Z,2020-10-31T18:09:00.886Z,ps_calibevent_0686,686,686M11:10:20.006,686M15:54:57.972,686 10:24:08,686 15:08:42,306.252,306.371,306.23,35,7.617
urn:nasa:pds:insight_ps:data_calibrated:ps_calib_0687,2020-11-01T02:27:23.024Z,2020-11-02T03:06:58.208Z,ps_calib_0687,687,687M00:00:00.057,687M23:59:59.999,686 23:13:37,687 23:13:18,306.575,307.179,306.82,35,86.559
urn:nasa:pds:insight_ps:data_calibrated:ps_calibevent_0687,2020-11-01T11:58:00.242Z,2020-11-01T18:29:31.516Z,ps_calibevent_0687,687,687M09:15:21.235,687M15:36:23.984,687 08:28:51,687 14:49:49,306.808,306.968,306.82,35,5.879
urn:nasa:pds:insight_ps:data_calibrated:ps_calib_0688,2020-11-02T03:06:58.308Z,2020-11-03T03:46:33.372Z,ps_calib_0688,688,688M00:00:00.097,688M23:59:59.921,687 23:13:18,688 23:12:59,307.179,307.783,307.41,35,86.559
urn:nasa:pds:insight_ps:data_calibrated:ps_calibevent_0688,2020-11-02T13:51:15.728Z,2020-11-02T20:53:07.012Z,ps_calibevent_0688,688,688M10:27:03.210,688M17:17:37.273,688 09:40:13,688 16:30:42,307.442,307.614,307.41,35,9.09
urn:nasa:pds:insight_ps:data_calibrated:ps_calib_0689,2020-11-03T03:46:33.472Z,2020-11-04T04:26:08.597Z,ps_calib_0689,689,689M00:00:00.018,689M23:59:59.902,688 23:12:59,689 23:12:41,307.783,308.385,308,35,86.559
urn:nasa:pds:insight_ps:data_calibrated:ps_calibevent_0689,2020-11-03T13:54:42.451Z,2020-11-03T21:00:53.703Z,ps_calibevent_0689,689,689M09:51:52.709,689M16:46:39.784,689 09:04:45,689 15:59:27,308.031,308.204,308,35,27.836
urn:nasa:pds:insight_ps:data_calibrated:ps_calib_0690,2020-11-04T04:26:08.697Z,2020-11-05T05:05:43.892Z,ps_calib_0690,690,690M00:00:00.000,690M23:59:59.953,689 23:12:41,690 23:12:24,308.385,308.987,308.58,35,86.559
urn:nasa:pds:insight_ps:data_calibrated:ps_calibevent_0690,2020-11-04T15:09:07.993Z,2020-11-04T21:45:27.292Z,ps_calibevent_0690,690,690M10:25:47.080,690M16:51:30.147,690 09:38:21,690 16:03:59,308.647,308.808,308.58,35,13.551
urn:nasa:pds:insight_ps:data_calibrated:ps_calib_0691,2020-11-05T05:05:43.992Z,2020-11-06T05:45:18.190Z,ps_calib_0691,691,691M00:00:00.050,691M23:59:59.032,690 23:12:24,691 23:12:06,308.987,309.587,309.17,35,86.559
urn:nasa:pds:insight_ps:data_calibrated:ps_calibevent_0691,2020-11-05T15:10:02.659Z,2020-11-05T22:00:37.929Z,ps_calibevent_0691,691,691M09:48:08.591,691M16:27:44.726,691 09:00:25,691 15:39:57,309.232,309.399,309.17,35,10.235
urn:nasa:pds:insight_ps:data_calibrated:ps_calib_0692,2020-11-06T05:45:19.190Z,2020-11-07T06:24:54.408Z,ps_calib_0692,692,692M00:00:00.005,692M23:59:59.979,691 23:12:07,692 23:11:50,309.587,310.187,309.75,35,86.559
urn:nasa:pds:insight_ps:data_calibrated:ps_calibevent_0692,2020-11-06T16:50:08.151Z,2020-11-06T22:09:27.578Z,ps_calibevent_0692,692,692M10:47:01.709,692M15:57:48.512,692 09:59:01,692 15:09:44,309.857,309.986,309.75,35,5.742
urn:nasa:pds:insight_ps:data_calibrated:ps_calib_0693,2020-11-07T06:24:54.508Z,2020-11-08T07:04:29.626Z,ps_calib_0693,693,693M00:00:00.077,693M23:59:59.955,692 23:11:50,693 23:11:34,310.187,310.786,310.34,35,86.559
urn:nasa:pds:insight_ps:data_calibrated:ps_calibevent_0693,2020-11-07T16:42:36.864Z,2020-11-07T23:08:41.180Z,ps_calibevent_0693,693,693M10:01:10.804,693M16:16:55.342,693 09:12:54,693 15:28:34,310.437,310.593,310.34,35,11.203
urn:nasa:pds:insight_ps:data_calibrated:ps_calib_0694,2020-11-08T07:04:29.726Z,2020-11-09T07:44:04.842Z,ps_calib_0694,694,694M00:00:00.052,694M23:59:59.927,693 23:11:34,694 23:11:18,310.786,311.384,310.92,35,86.559
urn:nasa:pds:insight_ps:data_calibrated:ps_calibevent_0694,2020-11-08T18:38:02.333Z,2020-11-08T23:13:09.826Z,ps_calibevent_0694,694,694M11:14:59.284,694M15:42:45.108,694 10:26:26,694 14:54:09,311.066,311.177,310.92,35,4.18
urn:nasa:pds:insight_ps:data_calibrated:ps_calib_0695,2020-11-09T07:44:04.942Z,2020-11-10T08:23:40.085Z,ps_calib_0695,695,695M00:00:00.024,695M23:59:59.926,694 23:11:19,695 23:11:04,311.384,311.98,311.5,35,86.559
urn:nasa:pds:insight_ps:data_calibrated:ps_calibevent_0695,2020-11-09T19:26:28.955Z,2020-11-09T23:15:03.534Z,ps_calibevent_0695,695,695M11:23:36.445,695M15:06:04.080,695 10:34:48,695 14:17:13,311.667,311.759,311.5,35,4.614
urn:nasa:pds:insight_ps:data_calibrated:ps_calib_0696,2020-11-10T08:23:40.185Z,2020-11-11T02:25:51.843Z,ps_calib_0696,696,696M00:00:00.023,696M17:33:14.390,695 23:11:04,696 16:44:07,311.98,312.416,312.08,35,63.313
urn:nasa:pds:insight_ps:data_calibrated:ps_calibevent_0696,2020-11-10T19:35:43.631Z,2020-11-11T02:25:54.893Z,ps_calibevent_0696,696,696M10:54:04.587,696M17:33:17.358,696 10:05:02,696 16:44:10,312.251,312.416,312.08,35,5.793
urn:nasa:pds:insight_ps:data_calibrated:ps_calibevent_0697,2020-11-11T15:12:57.961Z,2020-11-12T02:13:03.798Z,ps_calibevent_0697,697,697M05:59:49.046,697M16:42:15.201,697 05:10:35,697 15:52:55,312.725,312.99,312.66,35,9.578
urn:nasa:pds:insight_ps:data_calibrated:ps_calib_0697,2020-11-11T15:13:00.961Z,2020-11-12T09:42:50.604Z,ps_calib_0697,697,697M05:59:51.966,697M23:59:59.956,697 05:10:38,697 23:10:35,312.725,313.171,312.95,35,64.93
urn:nasa:pds:insight_ps:data_calibrated:ps_calib_0698,2020-11-12T09:42:50.704Z,2020-11-13T10:22:25.836Z,ps_calib_0698,698,698M00:00:00.054,698M23:59:59.945,697 23:10:35,698 23:10:22,313.171,313.765,313.35,35,83.051
urn:nasa:pds:insight_ps:data_calibrated:ps_calibevent_0698,2020-11-12T21:48:28.977Z,2020-11-13T02:46:36.734Z,ps_calibevent_0698,698,698M11:46:13.429,698M16:36:22.587,698 10:56:42,698 15:46:49,313.462,313.582,313.35,35,6.575
urn:nasa:pds:insight_ps:data_calibrated:ps_calib_0699,2020-11-13T10:22:25.936Z,2020-11-14T11:02:01.089Z,ps_calib_0699,699,699M00:00:00.043,699M23:59:59.954,698 23:10:22,699 23:10:09,313.765,314.358,313.93,35,86.559
urn:nasa:pds:insight_ps:data_calibrated:ps_calibevent_0699,2020-11-13T21:26:09.019Z,2020-11-14T00:54:32.623Z,ps_calibevent_0699,699,699M10:45:57.630,699M14:08:46.692,699 09:56:14,699 13:19:01,314.031,314.114,313.93,35,4.196
urn:nasa:pds:insight_ps:data_calibrated:ps_calib_0700,2020-11-14T11:02:01.189Z,2020-11-15T11:41:36.288Z,ps_calib_0700,700,700M00:00:00.051,700M23:59:59.910,699 23:10:09,700 23:09:57,314.358,314.95,314.51,35,86.559
urn:nasa:pds:insight_ps:data_calibrated:ps_calibevent_0700,2020-11-14T21:51:59.704Z,2020-11-15T03:20:02.123Z,ps_calibevent_0700,700,700M10:32:35.133,700M15:51:50.935,700 09:42:39,700 15:01:52,314.618,314.749,314.68,35,5.535
urn:nasa:pds:insight_ps:data_calibrated:ps_calib_0701,2020-11-15T11:41:36.388Z,2020-11-16T12:21:11.580Z,ps_calib_0701,701,701M00:00:00.008,701M23:59:59.956,700 23:09:57,701 23:09:45,314.95,315.541,315.08,35,86.559
urn:nasa:pds:insight_ps:data_calibrated:ps_calibevent_0701,2020-11-15T22:20:20.435Z,2020-11-16T01:52:04.031Z,ps_calibevent_0701,701,701M10:21:38.668,701M13:47:42.369,701 09:31:30,701 12:57:32,315.205,315.289,315.08,35,2.512
urn:nasa:pds:insight_ps:data_calibrated:ps_calib_0702,2020-11-16T12:21:11.680Z,2020-11-17T13:00:46.789Z,ps_calib_0702,702,702M00:00:00.053,702M23:59:59.922,701 23:09:45,702 23:09:34,315.541,316.13,315.66,35,41.871
urn:nasa:pds:insight_ps:data_calibrated:ps_calibevent_0702,2020-11-16T17:51:39.656Z,2020-11-17T06:40:45.363Z,ps_calibevent_0702,702,702M05:21:37.518,702M17:50:08.564,702 04:31:20,702 16:59:45,315.672,315.979,315.66,35,4.434
urn:nasa:pds:insight_ps:data_calibrated:ps_calib_0703,2020-11-17T13:00:46.889Z,2020-11-18T13:40:22.079Z,ps_calib_0703,703,703M00:00:00.019,703M23:59:59.967,702 23:09:34,703 23:09:23,316.13,316.719,316.23,35,86.559
urn:nasa:pds:insight_ps:data_calibrated:ps_calibevent_0703,2020-11-17T23:41:51.837Z,2020-11-18T05:35:59.216Z,ps_calibevent_0703,703,703M10:23:55.811,703M16:08:34.701,703 09:33:25,703 15:18:01,316.386,316.527,316.41,35,4.91
urn:nasa:pds:insight_ps:data_calibrated:ps_calib_0704,2020-11-18T13:40:22.179Z,2020-11-19T14:19:57.355Z,ps_calib_0704,704,704M00:00:00.064,704M23:59:59.998,703 23:09:23,704 23:09:13,316.719,317.307,316.81,35,86.559
urn:nasa:pds:insight_ps:data_calibrated:ps_calibevent_0704,2020-11-19T00:05:06.539Z,2020-11-19T04:48:01.011Z,ps_calibevent_0704,704,704M10:08:01.504,704M14:43:21.813,704 09:17:20,704 13:52:39,316.968,317.08,316.98,35,3.867
urn:nasa:pds:insight_ps:data_calibrated:ps_calib_0705,2020-11-19T14:19:57.455Z,2020-11-20T14:59:32.540Z,ps_calib_0705,705,705M00:00:00.096,705M23:59:59.941,704 23:09:13,705 23:09:03,317.307,317.894,317.38,35,86.559
urn:nasa:pds:insight_ps:data_calibrated:ps_calibevent_0705,2020-11-20T02:10:08.086Z,2020-11-20T05:01:59.757Z,ps_calibevent_0705,705,705M11:31:10.650,705M14:18:26.425,705 10:40:19,705 13:27:33,317.589,317.657,317.55,35,4.926
urn:nasa:pds:insight_ps:data_calibrated:ps_calib_0706,2020-11-20T14:59:32.640Z,2020-11-21T15:39:07.832Z,ps_calib_0706,706,706M00:00:00.038,706M23:59:59.988,705 23:09:03,706 23:08:54,317.894,318.48,318.12,35,86.559
urn:nasa:pds:insight_ps:data_calibrated:ps_calibevent_0706,2020-11-21T01:08:53.941Z,2020-11-21T07:00:07.310Z,ps_calibevent_0706,706,706M09:53:03.116,706M15:34:52.652,706 09:02:02,706 14:43:50,318.136,318.275,318.12,35,6.696
urn:nasa:pds:insight_ps:data_calibrated:ps_calib_0707,2020-11-21T15:39:07.932Z,2020-11-22T16:18:43.066Z,ps_calib_0707,707,707M00:00:00.085,707M23:59:59.978,706 23:08:54,707 23:08:45,318.48,319.065,318.69,35,86.559
urn:nasa:pds:insight_ps:data_calibrated:ps_calibevent_0707,2020-11-22T07:57:19.040Z,2020-11-22T08:04:14.981Z,ps_calibevent_0707,707,707M15:52:00.871,707M15:58:45.683,707 15:00:49,707 15:07:34,318.867,318.87,318.69,35,0.848
urn:nasa:pds:insight_ps:data_calibrated:ps_calib_0708,2020-11-22T16:18:43.166Z,2020-11-23T16:58:18.245Z,ps_calib_0708,708,708M00:00:00.076,708M23:59:59.914,707 23:08:45,708 23:08:37,319.065,319.649,319.26,35,86.559
urn:nasa:pds:insight_ps:data_calibrated:ps_calibevent_0708,2020-11-23T05:08:31.107Z,2020-11-23T09:35:50.643Z,ps_calibevent_0708,708,708M12:29:12.226,708M16:49:22.612,708 11:37:53,708 15:58:02,319.369,319.475,319.26,35,4.196
urn:nasa:pds:insight_ps:data_calibrated:ps_calib_0709,2020-11-23T16:58:18.345Z,2020-11-24T17:37:53.553Z,ps_calib_0709,709,709M00:00:00.012,709M23:59:59.977,708 23:08:37,709 23:08:30,319.649,320.232,319.83,35,86.559
urn:nasa:pds:insight_ps:data_calibrated:ps_calib_0710,2020-11-24T17:37:53.653Z,2020-11-25T18:17:28.730Z,ps_calib_0710,710,710M00:00:00.074,710M23:59:59.912,709 23:08:30,710 23:08:22,320.232,320.814,320.4,35,86.559
urn:nasa:pds:insight_ps:data_calibrated:ps_calib_0711,2020-11-25T18:17:28.830Z,2020-11-26T18:57:03.482Z,ps_calib_0711,711,711M00:00:00.009,711M23:59:59.433,710 23:08:22,711 23:08:15,320.814,321.395,320.96,35,86.559
urn:nasa:pds:insight_ps:data_calibrated:ps_calib_0712,2020-11-26T18:57:04.281Z,2020-11-27T19:36:39.240Z,ps_calib_0712,712,712M00:00:00.210,712M23:59:59.933,711 23:08:16,712 23:08:10,321.395,321.975,321.53,35,86.559
urn:nasa:pds:insight_ps:data_calibrated:ps_calibevent_0712,2020-11-27T08:31:56.030Z,2020-11-27T09:39:39.861Z,ps_calibevent_0712,712,712M13:13:03.827,712M14:18:58.927,712 12:21:16,712 13:27:11,321.715,321.741,321.53,35,8.153
urn:nasa:pds:insight_ps:data_calibrated:ps_calib_0713,2020-11-27T19:36:39.340Z,2020-11-28T20:16:14.490Z,ps_calib_0713,713,713M00:00:00.031,713M23:59:59.939,712 23:08:10,713 23:08:04,321.975,322.554,322.09,35,86.559
urn:nasa:pds:insight_ps:data_calibrated:ps_calibevent_0713,2020-11-28T11:29:24.245Z,2020-11-28T13:30:07.994Z,ps_calibevent_0713,713,713M15:27:15.449,713M17:24:45.386,713 14:35:21,713 16:32:51,322.348,322.395,322.26,35,14.52
urn:nasa:pds:insight_ps:data_calibrated:ps_calib_0714,2020-11-28T20:16:14.590Z,2020-11-29T11:25:08.663Z,ps_calib_0714,714,714M00:00:00.036,714M14:44:35.012,713 23:08:04,714 13:52:36,322.554,322.909,322.65,35,53.176
urn:nasa:pds:insight_ps:data_calibrated:ps_calib_0715,2020-11-29T22:32:52.165Z,2020-11-30T21:35:24.996Z,ps_calib_0715,715,715M01:34:26.587,715M23:59:59.957,715 00:42:25,715 23:07:54,323.17,323.709,323.39,35,80.742
urn:nasa:pds:insight_ps:data_calibrated:ps_calib_0716,2020-11-30T21:35:25.096Z,2020-12-01T22:15:00.252Z,ps_calib_0716,716,716M00:00:00.054,716M23:59:59.968,715 23:07:54,716 23:07:50,323.709,324.285,323.95,35,86.559
urn:nasa:pds:insight_ps:data_calibrated:ps_calib_0717,2020-12-01T22:15:00.452Z,2020-12-02T22:54:35.493Z,ps_calib_0717,717,717M00:00:00.163,717M23:59:59.965,716 23:07:50,717 23:07:46,324.285,324.86,324.51,35,86.559
urn:nasa:pds:insight_ps:data_calibrated:ps_calib_0718,2020-12-02T22:54:35.593Z,2020-12-03T23:34:10.720Z,ps_calib_0718,718,718M00:00:00.062,718M23:59:59.949,717 23:07:46,718 23:07:43,324.86,325.434,325.07,35,86.559
urn:nasa:pds:insight_ps:data_calibrated:ps_calib_0719,2020-12-03T23:34:10.820Z,2020-12-05T00:13:45.936Z,ps_calib_0719,719,719M00:00:00.046,719M23:59:59.922,718 23:07:43,719 23:07:40,325.434,326.007,325.62,35,86.559
urn:nasa:pds:insight_ps:data_calibrated:ps_calib_0720,2020-12-05T00:13:46.036Z,2020-12-05T08:32:43.035Z,ps_calib_0720,720,720M00:00:00.019,720M08:05:36.033,719 23:07:40,720 07:13:15,326.007,326.2,326.01,35,29.2
urn:nasa:pds:insight_ps:data_calibrated:ps_calib_0724,2020-12-09T23:18:53.626Z,2020-12-10T03:31:42.227Z,ps_calib_0724,724,724M19:53:57.237,724M23:59:59.991,724 19:01:30,724 23:07:33,328.76,328.857,328.79,35,14.801
urn:nasa:pds:insight_ps:data_calibrated:ps_calib_0725,2020-12-10T03:31:42.327Z,2020-12-10T16:24:51.774Z,ps_calib_0725,725,725M00:00:00.089,725M12:32:28.353,724 23:07:33,725 11:40:01,328.857,329.153,328.95,35,45.239
urn:nasa:pds:insight_ps:data_calibrated:ps_calib_0726,2020-12-12T02:33:12.352Z,2020-12-12T04:50:52.626Z,ps_calib_0726,726,726M21:46:00.640,726M23:59:59.904,726 20:53:34,726 23:07:33,329.937,329.989,329.89,35,8.067
urn:nasa:pds:insight_ps:data_calibrated:ps_calib_0727,2020-12-12T04:50:52.726Z,2020-12-13T05:30:27.874Z,ps_calib_0727,727,727M00:00:00.001,727M23:59:59.908,726 23:07:33,727 23:07:34,329.989,330.554,330.17,35,56.16
urn:nasa:pds:insight_ps:data_calibrated:ps_calib_0728,2020-12-13T05:30:27.974Z,2020-12-13T18:44:39.055Z,ps_calib_0728,728,728M00:00:00.006,728M12:52:56.149,727 23:07:34,728 12:00:31,330.554,330.857,330.61,35,46.469
urn:nasa:pds:insight_ps:data_calibrated:ps_calib_0729,2020-12-15T04:00:37.478Z,2020-12-15T06:49:38.395Z,ps_calib_0729,729,729M21:15:30.351,729M23:59:59.941,729 20:23:07,729 23:07:37,331.617,331.681,331.54,35,9.899
urn:nasa:pds:insight_ps:data_calibrated:ps_calib_0730,2020-12-15T06:49:38.495Z,2020-12-15T20:03:49.680Z,ps_calib_0730,730,730M00:00:00.038,730M12:52:56.282,729 23:07:37,730 12:00:34,331.681,331.983,331.7,35,46.469
urn:nasa:pds:insight_ps:data_calibrated:ps_calib_0735,2020-12-21T03:28:36.193Z,2020-12-21T10:47:09.914Z,ps_calib_0735,735,735M16:53:10.315,735M23:59:59.994,735 16:01:05,735 23:07:56,334.873,335.038,334.81,35,25.668
urn:nasa:pds:insight_ps:data_calibrated:ps_calib_0736,2020-12-21T10:47:10.014Z,2020-12-22T11:26:45.100Z,ps_calib_0736,736,736M00:00:00.091,736M23:59:59.938,735 23:07:56,736 23:08:00,335.038,335.594,335.19,35,86.559
urn:nasa:pds:insight_ps:data_calibrated:ps_calib_0737,2020-12-22T11:26:45.200Z,2020-12-23T12:06:20.343Z,ps_calib_0737,737,737M00:00:00.036,737M23:59:59.937,736 23:08:01,737 23:08:05,335.594,336.148,335.73,35,86.559
urn:nasa:pds:insight_ps:data_calibrated:ps_calib_0738,2020-12-23T12:06:20.443Z,2020-12-24T12:45:55.644Z,ps_calib_0738,738,738M00:00:00.034,738M23:59:59.992,737 23:08:06,738 23:08:11,336.148,336.702,336.27,35,86.559
urn:nasa:pds:insight_ps:data_calibrated:ps_calib_0739,2020-12-24T12:45:55.744Z,2020-12-25T13:25:30.849Z,ps_calib_0739,739,739M00:00:00.089,739M23:59:59.954,738 23:08:11,739 23:08:17,336.702,337.255,336.8,35,86.559
urn:nasa:pds:insight_ps:data_calibrated:ps_calib_0740,2020-12-25T13:25:30.949Z,2020-12-26T14:05:06.046Z,ps_calib_0740,740,740M00:00:00.052,740M23:59:59.909,739 23:08:17,740 23:08:23,337.255,337.807,337.34,35,86.551
urn:nasa:pds:insight_ps:data_calibrated:ps_calib_0741,2020-12-26T14:05:06.146Z,2020-12-27T14:44:41.362Z,ps_calib_0741,741,741M00:00:00.006,741M23:59:59.979,740 23:08:23,741 23:08:29,337.807,338.358,337.88,35,86.559
urn:nasa:pds:insight_ps:data_calibrated:ps_calib_0742,2020-12-27T14:44:41.462Z,2020-12-28T15:24:16.564Z,ps_calib_0742,742,742M00:00:00.077,742M23:59:59.938,741 23:08:29,742 23:08:36,338.358,338.908,338.58,35,86.559
urn:nasa:pds:insight_ps:data_calibrated:ps_calib_0743,2020-12-28T15:24:16.664Z,2020-12-29T16:03:51.863Z,ps_calib_0743,743,743M00:00:00.035,743M23:59:59.991,742 23:08:36,743 23:08:43,338.908,339.457,339.11,35,86.559
urn:nasa:pds:insight_ps:data_calibrated:ps_calib_0744,2020-12-29T16:03:51.963Z,2020-12-30T16:43:27.052Z,ps_calib_0744,744,744M00:00:00.089,744M23:59:59.938,743 23:08:43,744 23:08:51,339.457,340.005,339.65,35,86.559
urn:nasa:pds:insight_ps:data_calibrated:ps_calib_0745,2020-12-30T16:43:27.152Z,2020-12-31T17:23:02.327Z,ps_calib_0745,745,745M00:00:00.036,745M23:59:59.969,744 23:08:51,745 23:08:59,340.005,340.552,340.18,35,86.559
urn:nasa:pds:insight_ps:data_calibrated:ps_calib_0746,2020-12-31T17:23:02.427Z,2021-01-01T18:02:37.602Z,ps_calib_0746,746,746M00:00:00.066,746M23:59:59.998,745 23:08:59,746 23:09:07,340.552,341.099,340.71,36,86.559
urn:nasa:pds:insight_ps:data_calibrated:ps_calib_0747,2021-01-01T18:02:37.702Z,2021-01-02T18:42:12.784Z,ps_calib_0747,747,747M00:00:00.096,747M23:59:59.938,746 23:09:07,747 23:09:15,341.099,341.644,341.24,36,86.559
urn:nasa:pds:insight_ps:data_calibrated:ps_calib_0748,2021-01-02T18:42:12.884Z,2021-01-03T19:21:48.069Z,ps_calib_0748,748,748M00:00:00.035,748M23:59:59.978,747 23:09:16,748 23:09:24,341.644,342.188,341.77,36,86.559
urn:nasa:pds:insight_ps:data_calibrated:ps_calibevent_0748,2021-01-03T13:44:53.334Z,2021-01-03T14:56:05.169Z,ps_calibevent_0748,748,748M18:32:06.103,748M19:41:23.642,748 17:41:29,748 18:50:46,342.064,342.09,341.93,36,8.571
urn:nasa:pds:insight_ps:data_calibrated:ps_calib_0749,2021-01-03T19:21:48.169Z,2021-01-04T20:01:23.256Z,ps_calib_0749,749,749M00:00:00.076,749M23:59:59.922,748 23:09:25,749 23:09:34,342.188,342.731,342.3,36,86.559
urn:nasa:pds:insight_ps:data_calibrated:ps_calib_0750,2021-01-04T20:01:23.356Z,2021-01-05T20:40:58.529Z,ps_calib_0750,750,750M00:00:00.020,750M23:59:59.951,749 23:09:34,750 23:09:43,342.731,343.273,342.83,36,86.559
urn:nasa:pds:insight_ps:data_calibrated:ps_calib_0751,2021-01-05T20:40:58.629Z,2021-01-06T21:20:33.802Z,ps_calib_0751,751,751M00:00:00.048,751M23:59:59.979,750 23:09:43,751 23:09:53,343.273,343.815,343.36,36,86.559
urn:nasa:pds:insight_ps:data_calibrated:ps_calib_0752,2021-01-06T21:20:33.902Z,2021-01-07T22:00:08.980Z,ps_calib_0752,752,752M00:00:00.077,752M23:59:59.915,751 23:09:53,752 23:10:04,343.815,344.355,344.04,36,86.559
urn:nasa:pds:insight_ps:data_calibrated:ps_calib_0753,2021-01-07T22:00:09.080Z,2021-01-08T22:39:44.263Z,ps_calib_0753,753,753M00:00:00.013,753M23:59:59.953,752 23:10:04,753 23:10:14,344.355,344.894,344.57,36,86.559
urn:nasa:pds:insight_ps:data_calibrated:ps_calib_0754,2021-01-08T22:39:44.363Z,2021-01-09T06:26:37.717Z,ps_calib_0754,754,754M00:00:00.050,754M07:34:23.887,753 23:10:14,754 06:44:41,344.894,345.064,344.93,36,27.325
urn:nasa:pds:insight_ps:data_calibrated:ps_calib_0756,2021-01-11T01:32:46.356Z,2021-01-12T00:38:29.965Z,ps_calib_0756,756,756M01:31:20.880,756M23:59:59.923,756 00:41:58,756 23:10:48,346.004,346.507,346.14,36,81.067
urn:nasa:pds:insight_ps:data_calibrated:ps_calib_0757,2021-01-12T00:38:30.065Z,2021-01-13T01:18:05.202Z,ps_calib_0757,757,757M00:00:00.021,757M23:59:59.917,756 23:10:48,757 23:10:59,346.507,347.042,346.66,36,86.559
urn:nasa:pds:insight_ps:data_calibrated:ps_calib_0758,2021-01-13T01:18:05.302Z,2021-01-14T01:57:40.438Z,ps_calib_0758,758,758M00:00:00.014,758M23:59:59.909,757 23:11:00,758 23:11:12,347.042,347.577,347.18,36,86.559
urn:nasa:pds:insight_ps:data_calibrated:ps_calibevent_0758,2021-01-13T23:50:39.052Z,2021-01-14T01:10:30.869Z,ps_calibevent_0758,758,758M21:56:22.439,758M23:14:06.048,758 21:07:33,758 22:25:17,347.531,347.56,347.39,36,9.61
urn:nasa:pds:insight_ps:data_calibrated:ps_calib_0759,2021-01-14T01:57:40.538Z,2021-01-15T02:37:15.730Z,ps_calib_0759,759,759M00:00:00.007,759M23:59:59.956,758 23:11:12,759 23:11:24,347.577,348.111,347.7,36,86.559
urn:nasa:pds:insight_ps:data_calibrated:ps_calib_0760,2021-01-15T02:37:15.830Z,2021-01-16T03:16:51.001Z,ps_calib_0760,760,760M00:00:00.054,760M23:59:59.982,759 23:11:24,760 23:11:37,348.111,348.643,348.32,36,86.559
urn:nasa:pds:insight_ps:data_calibrated:ps_calib_0761,2021-01-16T03:16:51.101Z,2021-01-17T03:56:26.186Z,ps_calib_0761,761,761M00:00:00.080,761M23:59:59.925,760 23:11:37,761 23:11:50,348.643,349.175,348.84,36,86.559
urn:nasa:pds:insight_ps:data_calibrated:ps_calib_0762,2021-01-17T03:56:26.286Z,2021-01-18T04:36:01.462Z,ps_calib_0762,762,762M00:00:00.023,762M23:59:59.956,761 23:11:50,762 23:12:03,349.175,349.706,349.36,36,86.559
urn:nasa:pds:insight_ps:data_calibrated:ps_calib_0763,2021-01-18T04:36:01.562Z,2021-01-19T05:15:36.736Z,ps_calib_0763,763,763M00:00:00.053,763M23:59:59.985,762 23:12:03,763 23:12:16,349.706,350.236,349.88,36,86.559
urn:nasa:pds:insight_ps:data_calibrated:ps_calibevent_0763,2021-01-19T00:29:28.224Z,2021-01-19T04:30:47.765Z,ps_calibevent_0763,763,763M19:21:30.829,763M23:16:22.960,763 18:33:45,763 22:28:39,350.134,350.22,350.13,36,29.012
urn:nasa:pds:insight_ps:data_calibrated:ps_calib_0764,2021-01-19T05:15:36.836Z,2021-01-20T05:55:11.926Z,ps_calib_0764,764,764M00:00:00.082,764M23:59:59.933,763 23:12:16,764 23:12:30,350.236,350.765,350.39,36,86.559
urn:nasa:pds:insight_ps:data_calibrated:ps_calibevent_0764,2021-01-19T23:35:21.754Z,2021-01-20T00:43:38.589Z,ps_calibevent_0764,764,764M17:50:19.528,764M18:56:46.749,764 17:02:46,764 18:09:14,350.63,350.654,350.49,36,8.219
urn:nasa:pds:insight_ps:data_calibrated:ps_calib_0765,2021-01-20T05:55:12.026Z,2021-01-21T06:34:47.214Z,ps_calib_0765,765,765M00:00:00.030,765M23:59:59.975,764 23:12:30,765 23:12:44,350.765,351.294,350.91,36,86.559
urn:nasa:pds:insight_ps:data_calibrated:ps_calib_0766,2021-01-21T06:34:47.314Z,2021-01-22T07:14:22.395Z,ps_calib_0766,766,766M00:00:00.073,766M23:59:59.915,765 23:12:44,766 23:12:58,351.294,351.821,351.42,36,86.559
urn:nasa:pds:insight_ps:data_calibrated:ps_calib_0767,2021-01-22T07:14:22.495Z,2021-01-23T07:53:57.672Z,ps_calib_0767,767,767M00:00:00.012,767M23:59:59.946,766 23:12:58,767 23:13:13,351.821,352.347,351.93,36,86.559
urn:nasa:pds:insight_ps:data_calibrated:ps_calib_0768,2021-01-23T07:53:57.772Z,2021-01-24T08:33:32.954Z,ps_calib_0768,768,768M00:00:00.044,768M23:59:59.984,767 23:13:13,768 23:13:28,352.347,352.873,352.45,36,86.559
urn:nasa:pds:insight_ps:data_calibrated:ps_calib_0769,2021-01-24T08:33:33.054Z,2021-01-25T09:13:08.170Z,ps_calib_0769,769,769M00:00:00.081,769M23:59:59.956,768 23:13:28,769 23:13:43,352.873,353.397,352.96,36,56.84
urn:nasa:pds:insight_ps:data_calibrated:ps_calib_0770,2021-01-25T09:13:08.270Z,2021-01-26T09:52:43.366Z,ps_calib_0770,770,770M00:00:00.053,770M23:59:59.910,769 23:13:43,770 23:13:58,353.397,353.921,353.57,36,86.559
urn:nasa:pds:insight_ps:data_calibrated:ps_calib_0771,2021-01-26T09:52:43.466Z,2021-01-27T10:32:18.665Z,ps_calib_0771,771,771M00:00:00.007,771M23:59:59.963,770 23:13:58,771 23:14:13,353.921,354.444,354.08,36,86.559
urn:nasa:pds:insight_ps:data_calibrated:ps_calib_0772,2021-01-27T10:32:18.765Z,2021-01-28T11:11:53.927Z,ps_calib_0772,772,772M00:00:00.060,772M23:59:59.981,771 23:14:13,772 23:14:29,354.444,354.966,354.59,36,71.285
urn:nasa:pds:insight_ps:data_calibrated:ps_calib_0773,2021-01-28T11:11:54.027Z,2021-01-29T11:51:29.155Z,ps_calib_0773,773,773M00:00:00.078,773M23:59:59.966,772 23:14:29,773 23:14:45,354.966,355.487,355.09,36,77.11
urn:nasa:pds:insight_ps:data_calibrated:ps_calib_0774,2021-01-29T11:51:29.255Z,2021-01-30T12:31:04.361Z,ps_calib_0774,774,774M00:00:00.063,774M23:59:59.928,773 23:14:45,774 23:15:01,355.487,356.007,355.6,36,45.407
urn:nasa:pds:insight_ps:data_calibrated:ps_calib_0775,2021-01-30T12:31:04.461Z,2021-01-31T13:10:39.600Z,ps_calib_0775,775,775M00:00:00.025,775M23:59:59.924,774 23:15:01,775 23:15:17,356.007,356.526,356.11,36,86.559
urn:nasa:pds:insight_ps:data_calibrated:ps_calib_0776,2021-01-31T13:10:39.700Z,2021-02-01T13:50:14.830Z,ps_calib_0776,776,776M00:00:00.021,776M23:59:59.909,775 23:15:18,776 23:15:34,356.526,357.045,356.61,36,86.559
urn:nasa:pds:insight_ps:data_calibrated:ps_calib_0777,2021-02-01T13:50:14.930Z,2021-02-02T14:29:50.122Z,ps_calib_0777,777,777M00:00:00.007,777M23:59:59.957,776 23:15:34,777 23:15:51,357.045,357.562,357.12,36,86.559
urn:nasa:pds:insight_ps:data_calibrated:ps_calib_0778,2021-02-02T14:29:50.222Z,2021-02-03T15:09:25.312Z,ps_calib_0778,778,778M00:00:00.054,778M23:59:59.904,777 23:15:51,778 23:16:08,357.562,358.079,357.77,36,86.559
urn:nasa:pds:insight_ps:data_calibrated:ps_calib_0779,2021-02-03T15:09:25.412Z,2021-02-04T15:49:00.606Z,ps_calib_0779,779,779M00:00:00.002,779M23:59:59.953,778 23:16:08,779 23:16:25,358.079,358.595,358.27,36,86.559
urn:nasa:pds:insight_ps:data_calibrated:ps_calib_0780,2021-02-04T15:49:00.706Z,2021-02-05T16:28:34.606Z,ps_calib_0780,780,780M00:00:00.050,780M23:59:58.742,779 23:16:25,780 23:16:41,358.595,359.11,358.78,36,86.559
urn:nasa:pds:insight_ps:data_calibrated:ps_calib_0781,2021-02-05T16:28:36.006Z,2021-02-06T17:08:11.062Z,ps_calib_0781,781,781M00:00:00.105,781M23:59:59.921,780 23:16:43,781 23:17:00,359.11,359.624,359.28,36,80.289
urn:nasa:pds:insight_ps:data_calibrated:ps_calib_0782,2021-02-06T17:08:11.162Z,2021-02-07T17:47:46.355Z,ps_calib_0782,782,782M00:00:00.019,782M23:59:59.969,781 23:17:00,782 23:17:18,359.624,0.137,359.78,36,86.559
urn:nasa:pds:insight_ps:data_calibrated:ps_calib_0783,2021-02-07T17:47:46.455Z,2021-02-08T18:27:21.564Z,ps_calib_0783,783,783M00:00:00.067,783M23:59:59.935,782 23:17:18,783 23:17:36,0.137,0.65,0.28,36,86.559
urn:nasa:pds:insight_ps:data_calibrated:ps_calib_0784,2021-02-08T18:27:21.664Z,2021-02-09T19:06:56.839Z,ps_calib_0784,784,784M00:00:00.032,784M23:59:59.965,783 23:17:36,784 23:17:54,0.65,1.161,0.77,36,86.559
urn:nasa:pds:insight_ps:data_calibrated:ps_calibevent_0784,2021-02-09T11:45:25.195Z,2021-02-09T13:07:53.004Z,ps_calibevent_0784,784,784M16:50:17.124,784M18:10:32.551,784 16:08:06,784 17:28:22,1.009,1.037,0.92,36,9.922
urn:nasa:pds:insight_ps:data_calibrated:ps_calib_0785,2021-02-09T19:06:56.939Z,2021-02-10T19:46:32.043Z,ps_calib_0785,785,785M00:00:00.063,785M23:59:59.927,784 23:17:54,785 23:18:12,1.161,1.672,1.27,36,86.559
urn:nasa:pds:insight_ps:data_calibrated:ps_calib_0786,2021-02-10T19:46:32.143Z,2021-02-11T20:26:07.326Z,ps_calib_0786,786,786M00:00:00.024,786M23:59:59.964,785 23:18:12,786 23:18:30,1.672,2.182,1.77,36,86.559
urn:nasa:pds:insight_ps:data_calibrated:ps_calibevent_0786,2021-02-11T19:49:08.291Z,2021-02-11T20:26:07.326Z,ps_calibevent_0786,786,786M23:24:00.301,786M23:59:59.964,786 22:42:30,786 23:18:30,2.169,2.182,2.02,36,4.457
urn:nasa:pds:insight_ps:data_calibrated:ps_calibevent_0787,2021-02-11T20:26:07.376Z,2021-02-11T21:03:48.108Z,ps_calibevent_0787,787,787M00:00:00.013,787M00:36:40.258,786 23:18:31,786 23:55:11,2.182,2.195,2.02,36,4.543
urn:nasa:pds:insight_ps:data_calibrated:ps_calib_0787,2021-02-11T20:26:07.426Z,2021-02-12T21:05:42.595Z,ps_calib_0787,787,787M00:00:00.062,787M23:59:59.989,786 23:18:31,787 23:18:49,2.182,2.691,2.27,36,86.559
urn:nasa:pds:insight_ps:data_calibrated:ps_calib_0788,2021-02-12T21:05:42.695Z,2021-02-13T21:45:17.779Z,ps_calib_0788,788,788M00:00:00.086,788M23:59:59.930,787 23:18:49,788 23:19:08,2.691,3.2,2.91,36,86.559
urn:nasa:pds:insight_ps:data_calibrated:ps_calib_0789,2021-02-13T21:45:17.879Z,2021-02-14T03:53:13.209Z,ps_calib_0789,789,789M00:00:00.028,789M05:58:04.717,788 23:19:08,789 05:17:17,3.2,3.326,3.26,36,21.535
urn:nasa:pds:insight_ps:data_calibrated:ps_calibevent_0793,2021-02-18T19:48:46.910Z,2021-02-19T01:03:14.057Z,ps_calibevent_0793,793,793M18:53:57.643,793M23:59:59.987,793 18:14:38,793 23:20:44,5.623,5.73,5.47,36,37.801
urn:nasa:pds:insight_ps:data_calibrated:ps_calib_0793,2021-02-18T19:48:49.910Z,2021-02-19T01:03:14.057Z,ps_calib_0793,793,793M18:54:00.563,793M23:59:59.987,793 18:14:40,793 23:20:44,5.623,5.73,5.47,36,18.403
urn:nasa:pds:insight_ps:data_calibrated:ps_calibevent_0794,2021-02-19T01:03:14.107Z,2021-02-19T08:15:06.511Z,ps_calibevent_0794,794,794M00:00:00.036,794M07:00:19.135,793 23:20:44,794 06:21:09,5.73,5.877,5.72,36,51.91
urn:nasa:pds:insight_ps:data_calibrated:ps_calib_0794,2021-02-19T01:03:14.157Z,2021-02-19T08:18:19.455Z,ps_calib_0794,794,794M00:00:00.084,794M07:03:26.917,793 23:20:44,794 06:24:17,5.73,5.878,5.72,36,25.465
urn:nasa:pds:insight_ps:data_calibrated:ps_calib_0802,2021-02-28T01:22:30.267Z,2021-02-28T06:59:31.254Z,ps_calib_0802,802,802M18:32:00.028,802M23:59:59.988,802 17:55:41,802 23:23:45,10.121,10.235,10.1,36,19.727
urn:nasa:pds:insight_ps:data_calibrated:ps_calibevent_0802,2021-02-28T05:41:05.797Z,2021-02-28T06:50:25.622Z,ps_calibevent_0802,802,802M22:43:40.429,802M23:51:08.955,802 22:07:25,802 23:14:54,10.208,10.232,10.1,36,8.344
urn:nasa:pds:insight_ps:data_calibrated:ps_calib_0803,2021-02-28T06:59:31.354Z,2021-02-28T23:36:34.695Z,ps_calib_0803,803,803M00:00:00.086,803M16:10:22.811,802 23:23:45,803 15:34:22,10.235,10.569,10.34,36,58.332
urn:nasa:pds:insight_ps:data_calibrated:ps_calib_0804,2021-03-01T10:42:18.329Z,2021-03-02T08:18:41.660Z,ps_calib_0804,804,804M02:58:17.725,804M23:59:59.908,804 02:22:26,804 23:24:27,10.793,11.227,10.83,36,75.84
urn:nasa:pds:insight_ps:data_calibrated:ps_calib_0805,2021-03-02T08:18:41.760Z,2021-03-03T08:58:16.961Z,ps_calib_0805,805,805M00:00:00.006,805M23:59:59.963,804 23:24:27,805 23:24:48,11.227,11.723,11.31,36,86.559
urn:nasa:pds:insight_ps:data_calibrated:ps_calib_0806,2021-03-03T08:58:17.061Z,2021-03-04T09:37:52.172Z,ps_calib_0806,806,806M00:00:00.061,806M23:59:59.932,805 23:24:48,806 23:25:08,11.723,12.217,11.79,36,86.559
urn:nasa:pds:insight_ps:data_calibrated:ps_calib_0807,2021-03-04T09:37:52.272Z,2021-03-05T10:17:27.465Z,ps_calib_0807,807,807M00:00:00.029,807M23:59:59.979,806 23:25:09,807 23:25:30,12.217,12.711,12.37,36,86.559
urn:nasa:pds:insight_ps:data_calibrated:ps_calib_0808,2021-03-05T10:17:27.565Z,2021-03-06T10:57:02.656Z,ps_calib_0808,808,808M00:00:00.077,808M23:59:59.928,807 23:25:30,808 23:25:51,12.711,13.204,12.85,36,86.559
urn:nasa:pds:insight_ps:data_calibrated:ps_calib_0809,2021-03-06T10:57:02.756Z,2021-03-07T11:36:37.946Z,ps_calib_0809,809,809M00:00:00.025,809M23:59:59.973,808 23:25:51,809 23:26:12,13.204,13.697,13.33,36,86.559
urn:nasa:pds:insight_ps:data_calibrated:ps_calibevent_0809,2021-03-07T10:43:03.544Z,2021-03-07T11:36:37.946Z,ps_calibevent_0809,809,809M23:07:51.574,809M23:59:59.973,809 22:34:03,809 23:26:12,13.679,13.697,13.62,36,6.453
urn:nasa:pds:insight_ps:data_calibrated:ps_calibevent_0810,2021-03-07T11:36:37.996Z,2021-03-07T12:10:43.333Z,ps_calibevent_0810,810,810M00:00:00.022,810M00:33:10.634,809 23:26:12,809 23:59:23,13.697,13.708,13.62,36,4.11
urn:nasa:pds:insight_ps:data_calibrated:ps_calib_0810,2021-03-07T11:36:38.046Z,2021-03-08T12:16:13.139Z,ps_calib_0810,810,810M00:00:00.070,810M23:59:59.923,809 23:26:12,810 23:26:33,13.697,14.189,13.81,36,86.559
urn:nasa:pds:insight_ps:data_calibrated:ps_calib_0811,2021-03-08T12:16:13.239Z,2021-03-09T12:55:48.436Z,ps_calib_0811,811,811M00:00:00.020,811M23:59:59.974,810 23:26:33,811 23:26:55,14.189,14.68,14.29,36,86.559
urn:nasa:pds:insight_ps:data_calibrated:ps_calib_0812,2021-03-09T12:55:48.536Z,2021-03-10T13:35:23.633Z,ps_calib_0812,812,812M00:00:00.072,812M23:59:59.929,811 23:26:55,812 23:27:16,14.68,15.17,14.77,36,86.559
urn:nasa:pds:insight_ps:data_calibrated:ps_calib_0813,2021-03-10T13:35:23.733Z,2021-03-11T14:14:58.916Z,ps_calib_0813,813,813M00:00:00.027,813M23:59:59.967,812 23:27:16,813 23:27:38,15.17,15.66,15.24,36,86.559
urn:nasa:pds:insight_ps:data_calibrated:ps_calib_0814,2021-03-11T14:14:59.016Z,2021-03-12T14:54:34.097Z,ps_calib_0814,814,814M00:00:00.064,814M23:59:59.905,813 23:27:38,814 23:27:59,15.66,16.149,15.72,36,86.559
urn:nasa:pds:insight_ps:data_calibrated:ps_calib_0815,2021-03-12T14:54:34.197Z,2021-03-13T15:34:09.382Z,ps_calib_0815,815,815M00:00:00.003,815M23:59:59.946,814 23:27:59,815 23:28:21,16.149,16.637,16.34,36,86.559
urn:nasa:pds:insight_ps:data_calibrated:ps_calibevent_0815,2021-03-13T10:19:40.737Z,2021-03-13T11:38:32.553Z,ps_calibevent_0815,815,815M18:53:56.144,815M20:10:41.357,815 18:22:12,815 19:38:59,16.534,16.56,16.48,36,9.492
urn:nasa:pds:insight_ps:data_calibrated:ps_calib_0816,2021-03-13T15:34:09.482Z,2021-03-13T23:31:41.189Z,ps_calib_0816,816,816M00:00:00.043,816M07:44:45.154,815 23:28:21,816 07:13:13,16.637,16.795,16.57,36,27.946
urn:nasa:pds:insight_ps:data_calibrated:ps_calib_0818,2021-03-15T20:02:22.968Z,2021-03-16T17:32:55.092Z,ps_calib_0818,818,818M03:03:59.551,818M23:59:59.924,818 02:33:06,818 23:29:26,17.674,18.098,17.76,36,75.5
urn:nasa:pds:insight_ps:data_calibrated:ps_calib_0819,2021-03-16T17:32:55.192Z,2021-03-17T18:12:30.362Z,ps_calib_0819,819,819M00:00:00.022,819M23:59:59.949,818 23:29:26,819 23:29:48,18.098,18.584,18.23,36,86.559
urn:nasa:pds:insight_ps:data_calibrated:ps_calib_0820,2021-03-17T18:12:30.462Z,2021-03-18T18:52:05.623Z,ps_calib_0820,820,820M00:00:00.047,820M23:59:59.966,819 23:29:48,820 23:30:10,18.584,19.069,18.71,36,86.559
urn:nasa:pds:insight_ps:data_calibrated:ps_calibevent_0820,2021-03-18T14:24:45.610Z,2021-03-18T15:34:13.437Z,ps_calibevent_0820,820,820M19:39:49.115,820M20:47:25.429,820 19:09:55,820 20:17:32,18.982,19.004,18.94,36,8.36
urn:nasa:pds:insight_ps:data_calibrated:ps_calib_0821,2021-03-18T18:52:05.723Z,2021-03-19T19:31:40.888Z,ps_calib_0821,821,821M00:00:00.063,821M23:59:59.986,820 23:30:10,821 23:30:31,19.069,19.554,19.18,36,86.559
urn:nasa:pds:insight_ps:data_calibrated:ps_calib_0822,2021-03-19T19:31:40.988Z,2021-03-20T20:11:16.107Z,ps_calib_0822,822,822M00:00:00.083,822M23:59:59.962,821 23:30:32,822 23:30:53,19.554,20.037,19.65,36,55.766
urn:nasa:pds:insight_ps:data_calibrated:ps_calib_0823,2021-03-20T20:11:16.207Z,2021-03-21T20:50:51.362Z,ps_calib_0823,823,823M00:00:00.060,823M23:59:59.973,822 23:30:53,823 23:31:15,20.037,20.521,20.12,36,42.008
urn:nasa:pds:insight_ps:data_calibrated:ps_calib_0824,2021-03-21T20:50:51.462Z,2021-03-22T21:30:26.616Z,ps_calib_0824,824,824M00:00:00.070,824M23:59:59.982,823 23:31:15,824 23:31:37,20.521,21.003,20.59,36,86.559
urn:nasa:pds:insight_ps:data_calibrated:ps_calib_0825,2021-03-22T21:30:26.716Z,2021-03-23T22:10:01.812Z,ps_calib_0825,825,825M00:00:00.080,825M23:59:59.935,824 23:31:37,825 23:31:59,21.003,21.485,21.2,36,36.91
urn:nasa:pds:insight_ps:data_calibrated:ps_calib_0826,2021-03-23T22:10:01.912Z,2021-03-24T00:16:04.375Z,ps_calib_0826,826,826M00:00:00.033,826M02:02:40.158,825 23:31:59,826 01:34:41,21.485,21.526,21.39,36,7.387
urn:nasa:pds:insight_ps:data_calibrated:ps_calib_0828,2021-03-26T00:49:40.318Z,2021-03-27T00:08:47.515Z,ps_calib_0828,828,828M01:18:18.777,828M23:59:59.907,828 00:51:03,828 23:33:05,22.473,22.927,22.6,36,81.852
urn:nasa:pds:insight_ps:data_calibrated:ps_calib_0829,2021-03-27T00:08:47.615Z,2021-03-27T15:26:27.844Z,ps_calib_0829,829,829M00:00:00.005,829M14:53:07.059,828 23:33:06,829 14:26:26,22.927,23.225,22.93,36,53.692
urn:nasa:pds:insight_ps:data_calibrated:ps_calib_0831,2021-03-29T04:29:59.442Z,2021-03-30T02:07:33.261Z,ps_calib_0831,831,831M02:57:09.136,831M23:59:59.921,831 02:31:02,831 23:34:12,23.944,24.364,24.1,36,34.426
urn:nasa:pds:insight_ps:data_calibrated:ps_calibevent_0831,2021-03-29T23:34:47.446Z,2021-03-30T00:48:28.258Z,ps_calibevent_0831,831,831M21:31:19.345,831M22:43:01.874,831 21:05:29,831 22:17:13,24.315,24.338,24.19,36,8.867
urn:nasa:pds:insight_ps:data_calibrated:ps_calib_0832,2021-03-30T02:07:33.361Z,2021-03-30T19:29:15.107Z,ps_calib_0832,832,832M00:00:00.019,832M16:53:49.486,831 23:34:12,832 16:28:17,24.364,24.7,24.33,36,60.946
urn:nasa:pds:insight_ps:data_calibrated:ps_calib_0833,2021-03-31T05:51:36.475Z,2021-04-01T03:26:43.763Z,ps_calib_0833,833,833M02:59:31.760,833M23:59:59.935,833 02:34:08,833 23:34:56,24.901,25.319,25.03,36,75.766
urn:nasa:pds:insight_ps:data_calibrated:ps_calibevent_0833,2021-03-31T22:37:24.597Z,2021-03-31T23:46:44.422Z,ps_calibevent_0833,833,833M19:18:25.226,833M20:25:53.751,833 18:53:17,833 20:00:46,25.226,25.248,25.12,36,8.344
urn:nasa:pds:insight_ps:data_calibrated:ps_calib_0834,2021-04-01T03:26:43.863Z,2021-04-01T20:48:25.002Z,ps_calib_0834,834,834M00:00:00.032,834M16:53:48.909,833 23:34:56,834 16:29:01,25.319,25.654,25.4,36,60.946
urn:nasa:pds:insight_ps:data_calibrated:ps_calib_0835,2021-04-02T07:13:07.520Z,2021-04-03T04:45:54.218Z,ps_calib_0835,835,835M03:01:48.556,835M23:59:59.903,835 02:37:09,835 23:35:40,25.856,26.272,25.95,36,75.629
urn:nasa:pds:insight_ps:data_calibrated:ps_calib_0836,2021-04-03T04:45:54.318Z,2021-04-03T23:21:12.840Z,ps_calib_0836,836,836M00:00:00.001,836M18:05:28.070,835 23:35:40,836 17:41:25,26.272,26.63,26.42,36,65.25
urn:nasa:pds:insight_ps:data_calibrated:ps_calib_0837,2021-04-04T06:25:19.593Z,2021-04-05T06:05:04.759Z,ps_calib_0837,837,837M00:58:13.977,837M23:59:59.954,837 00:34:17,837 23:36:24,26.766,27.222,26.88,36,25.457
urn:nasa:pds:insight_ps:data_calibrated:ps_calib_0838,2021-04-05T06:05:04.859Z,2021-04-06T06:44:40.006Z,ps_calib_0838,838,838M00:00:00.052,838M23:59:59.958,837 23:36:24,838 23:36:46,27.222,27.696,27.34,36,86.559
urn:nasa:pds:insight_ps:data_calibrated:ps_calib_0839,2021-04-06T06:44:40.106Z,2021-04-07T07:24:15.271Z,ps_calib_0839,839,839M00:00:00.055,839M23:59:59.978,838 23:36:47,839 23:37:09,27.696,28.17,27.8,36,29.617
urn:nasa:pds:insight_ps:data_calibrated:ps_calib_0840,2021-04-07T07:24:15.371Z,2021-04-08T08:03:50.514Z,ps_calib_0840,840,840M00:00:00.076,840M23:59:59.977,839 23:37:09,840 23:37:31,28.17,28.644,28.26,36,86.559
urn:nasa:pds:insight_ps:data_calibrated:ps_calibevent_0840,2021-04-07T10:35:44.010Z,2021-04-08T03:51:13.036Z,ps_calibevent_0840,840,840M03:06:21.328,840M19:54:08.048,840 02:43:33,840 19:31:35,28.231,28.563,28.26,36,16.606
urn:nasa:pds:insight_ps:data_calibrated:ps_calib_0841,2021-04-08T08:03:50.614Z,2021-04-09T08:43:25.758Z,ps_calib_0841,841,841M00:00:00.074,841M23:59:59.977,840 23:37:31,841 23:37:53,28.644,29.116,28.72,36,86.559
urn:nasa:pds:insight_ps:data_calibrated:ps_calibevent_0841,2021-04-08T22:10:40.022Z,2021-04-08T23:18:15.845Z,ps_calibevent_0841,841,841M13:44:10.040,841M14:49:57.347,841 13:21:53,841 14:27:42,28.914,28.936,28.82,36,8.137
urn:nasa:pds:insight_ps:data_calibrated:ps_calib_0842,2021-04-09T08:43:25.858Z,2021-04-10T09:23:00.997Z,ps_calib_0842,842,842M00:00:00.074,842M23:59:59.972,841 23:37:53,842 23:38:15,29.116,29.589,29.18,36,86.559
urn:nasa:pds:insight_ps:data_calibrated:ps_calibevent_0842,2021-04-09T11:28:33.548Z,2021-04-09T13:13:33.298Z,ps_calibevent_0842,842,842M02:40:42.676,842M04:22:53.873,842 02:18:38,842 04:00:51,29.169,29.203,29.09,36,12.633
urn:nasa:pds:insight_ps:data_calibrated:ps_calib_0843,2021-04-10T09:23:01.097Z,2021-04-11T03:43:10.235Z,ps_calib_0843,843,843M00:00:00.070,843M17:50:43.086,842 23:38:15,843 17:29:14,29.589,29.939,29.64,36,41.461
urn:nasa:pds:insight_ps:data_calibrated:ps_calib_0844,2021-04-11T18:47:48.728Z,2021-04-12T10:42:11.436Z,ps_calib_0844,844,844M08:31:09.321,844M23:59:59.924,844 08:09:54,844 23:38:58,30.228,30.532,30.33,36,20.606
urn:nasa:pds:insight_ps:data_calibrated:ps_calib_0845,2021-04-12T10:42:11.536Z,2021-04-13T11:21:46.728Z,ps_calib_0845,845,845M00:00:00.021,845M23:59:59.971,844 23:38:59,845 23:39:20,30.532,31.002,30.65,36,59.535
urn:nasa:pds:insight_ps:data_calibrated:ps_calib_0846,2021-04-13T11:21:46.828Z,2021-04-14T02:30:43.519Z,ps_calib_0846,846,846M00:00:00.068,846M14:44:37.592,845 23:39:21,846 14:24:11,31.002,31.291,31.02,36,53.18
urn:nasa:pds:insight_ps:data_calibrated:ps_calib_0847,2021-04-15T10:25:46.800Z,2021-04-15T12:40:57.244Z,ps_calib_0847,847,847M21:48:26.555,847M23:59:59.998,847 21:28:29,847 23:40:04,31.899,31.942,31.84,36,7.922
urn:nasa:pds:insight_ps:data_calibrated:ps_calib_0848,2021-04-15T12:40:57.344Z,2021-04-16T13:20:32.405Z,ps_calib_0848,848,848M00:00:00.096,848M23:59:59.917,847 23:40:04,848 23:40:26,31.942,32.412,32.03,36,68.532
urn:nasa:pds:insight_ps:data_calibrated:ps_calib_0849,2021-04-16T13:20:32.505Z,2021-04-17T14:00:05.526Z,ps_calib_0849,849,849M00:00:00.014,849M23:59:57.851,848 23:40:26,849 23:40:46,32.412,32.88,32.48,36,86.555
urn:nasa:pds:insight_ps:data_calibrated:ps_calib_0850,2021-04-17T14:00:14.626Z,2021-04-18T08:30:17.262Z,ps_calib_0850,850,850M00:00:06.708,850M18:00:27.343,849 23:40:54,850 17:41:31,32.88,33.232,32.85,36,40.598
urn:nasa:pds:insight_ps:data_calibrated:ps_calibevent_0850,2021-04-17T18:40:24.191Z,2021-04-17T19:51:33.013Z,ps_calibevent_0850,850,850M04:32:46.521,850M05:42:01.127,850 04:13:38,850 05:22:54,32.969,32.992,32.85,36,8.563
urn:nasa:pds:insight_ps:data_calibrated:ps_calib_0852,2021-04-19T17:25:59.852Z,2021-04-20T08:39:41.043Z,ps_calib_0852,852,852M02:03:18.243,852M16:52:32.655,852 01:44:51,852 16:34:19,33.856,34.145,33.85,36,53.457
urn:nasa:pds:insight_ps:data_calibrated:ps_calib_0853,2021-04-21T05:49:32.870Z,2021-04-21T16:38:28.658Z,ps_calib_0853,853,853M13:28:25.916,853M23:59:59.950,853 13:10:31,853 23:42:14,34.546,34.751,34.58,36,37.973
urn:nasa:pds:insight_ps:data_calibrated:ps_calibevent_0853,2021-04-21T13:15:19.036Z,2021-04-21T14:27:22.852Z,ps_calibevent_0853,853,853M20:42:16.470,853M21:52:24.599,853 20:24:28,853 21:34:37,34.687,34.709,34.58,36,8.672
urn:nasa:pds:insight_ps:data_calibrated:ps_calib_0854,2021-04-21T16:38:28.758Z,2021-04-22T17:18:03.900Z,ps_calib_0854,854,854M00:00:00.047,854M23:59:59.948,853 23:42:14,854 23:42:36,34.751,35.217,34.89,36,62.606
urn:nasa:pds:insight_ps:data_calibrated:ps_calib_0855,2021-04-22T17:18:04.000Z,2021-04-23T17:57:39.121Z,ps_calib_0855,855,855M00:00:00.045,855M23:59:59.925,854 23:42:36,855 23:42:57,35.217,35.683,35.35,36,86.559
urn:nasa:pds:insight_ps:data_calibrated:ps_calib_0856,2021-04-23T17:57:39.221Z,2021-04-24T12:43:46.314Z,ps_calib_0856,856,856M00:00:00.022,856M18:15:59.310,855 23:42:57,856 17:59:13,35.683,36.037,35.8,36,65.883
urn:nasa:pds:insight_ps:data_calibrated:ps_calib_0857,2021-04-25T00:15:35.916Z,2021-04-25T03:50:28.411Z,ps_calib_0857,857,857M05:29:18.294,857M08:58:25.841,857 05:12:42,857 08:41:52,36.255,36.323,36.25,36,12.582
urn:nasa:pds:insight_ps:data_calibrated:ps_calib_0858,2021-04-25T20:11:35.926Z,2021-04-26T19:56:24.858Z,ps_calib_0858,858,858M00:53:18.314,858M23:59:59.930,858 00:36:59,858 23:44:01,36.631,37.078,36.71,36,83.356
urn:nasa:pds:insight_ps:data_calibrated:ps_calibevent_0858,2021-04-26T17:34:34.522Z,2021-04-26T18:45:46.340Z,ps_calibevent_0858,858,858M21:41:57.294,858M22:51:14.817,858 21:25:57,858 22:35:15,37.034,37.056,36.93,36,8.571
urn:nasa:pds:insight_ps:data_calibrated:ps_calib_0859,2021-04-26T19:56:24.958Z,2021-04-27T20:36:00.151Z,ps_calib_0859,859,859M00:00:00.027,859M23:59:59.978,858 23:44:01,859 23:44:22,37.078,37.543,37.16,36,50.535
urn:nasa:pds:insight_ps:data_calibrated:ps_calib_0860,2021-04-27T20:36:00.251Z,2021-04-28T21:15:35.379Z,ps_calib_0860,860,860M00:00:00.075,860M23:59:59.962,859 23:44:23,860 23:44:44,37.543,38.006,37.61,36,47.02
urn:nasa:pds:insight_ps:data_calibrated:ps_calib_0861,2021-04-28T21:15:35.479Z,2021-04-29T21:55:10.637Z,ps_calib_0861,861,861M00:00:00.060,861M23:59:59.976,860 23:44:44,861 23:45:05,38.006,38.47,38.2,36,64.969
urn:nasa:pds:insight_ps:data_calibrated:ps_calibevent_0861,2021-04-29T18:59:56.969Z,2021-04-29T19:21:36.877Z,ps_calibevent_0861,861,861M21:09:27.608,861M21:30:32.736,861 20:54:30,861 21:15:35,38.415,38.422,38.29,36,2.617
urn:nasa:pds:insight_ps:data_calibrated:ps_calib_0862,2021-04-29T21:55:10.737Z,2021-04-30T22:34:45.806Z,ps_calib_0862,862,862M00:00:00.073,862M23:59:59.903,861 23:45:05,862 23:45:26,38.47,38.933,38.65,36,44.852
urn:nasa:pds:insight_ps:data_calibrated:ps_calib_0863,2021-04-30T22:34:45.906Z,2021-05-01T17:07:36.673Z,ps_calib_0863,863,863M00:00:00.000,863M18:03:04.268,862 23:45:26,863 17:48:46,38.933,39.281,38.96,36,37.778
urn:nasa:pds:insight_ps:data_calibrated:ps_calib_0864,2021-05-02T00:09:06.977Z,2021-05-02T23:53:56.297Z,ps_calib_0864,864,864M00:53:17.912,864M23:59:59.905,864 00:39:05,864 23:46:07,39.413,39.858,39.55,36,18.598
urn:nasa:pds:insight_ps:data_calibrated:ps_calibevent_0864,2021-05-02T00:30:43.934Z,2021-05-02T02:12:14.690Z,ps_calibevent_0864,864,864M01:14:20.169,864M02:53:07.962,864 01:00:08,864 02:38:57,39.419,39.451,39.28,36,12.211
urn:nasa:pds:insight_ps:data_calibrated:ps_calib_0865,2021-05-02T23:53:56.397Z,2021-05-04T00:33:31.541Z,ps_calib_0865,865,865M00:00:00.003,865M23:59:59.905,864 23:46:08,865 23:46:28,39.858,40.319,40,36,35.551
urn:nasa:pds:insight_ps:data_calibrated:ps_calibevent_0865,2021-05-03T21:33:05.981Z,2021-05-04T00:33:31.591Z,ps_calibevent_0865,865,865M21:04:23.991,865M23:59:59.954,865 20:50:50,865 23:46:28,40.263,40.319,40.18,36,21.696
urn:nasa:pds:insight_ps:data_calibrated:ps_calib_0866,2021-05-04T00:33:31.641Z,2021-05-05T01:13:06.803Z,ps_calib_0866,866,866M00:00:00.003,866M23:59:59.923,865 23:46:28,866 23:46:49,40.319,40.781,40.45,36,27.114
urn:nasa:pds:insight_ps:data_calibrated:ps_calibevent_0866,2021-05-04T00:33:31.641Z,2021-05-04T07:34:02.799Z,ps_calibevent_0866,866,866M00:00:00.003,866M06:49:16.083,865 23:46:28,866 06:35:50,40.319,40.451,40.31,36,50.547
urn:nasa:pds:insight_ps:data_calibrated:ps_calib_0867,2021-05-05T01:13:06.903Z,2021-05-06T01:52:42.047Z,ps_calib_0867,867,867M00:00:00.020,867M23:59:59.923,866 23:46:49,867 23:47:10,40.781,41.242,40.9,36,31.039
urn:nasa:pds:insight_ps:data_calibrated:ps_calibevent_0867,2021-05-05T22:52:15.989Z,2021-05-06T01:52:42.097Z,ps_calibevent_0867,867,867M21:04:23.524,867M23:59:59.971,867 20:51:31,867 23:47:10,41.186,41.242,41.07,36,21.696
urn:nasa:pds:insight_ps:data_calibrated:ps_calib_0868,2021-05-06T01:52:42.147Z,2021-05-07T02:32:17.309Z,ps_calib_0868,868,868M00:00:00.020,868M23:59:59.940,867 23:47:10,868 23:47:30,41.242,41.702,41.34,36,13.891
urn:nasa:pds:insight_ps:data_calibrated:ps_calibevent_0868,2021-05-06T01:52:42.147Z,2021-05-06T05:07:07.229Z,ps_calibevent_0868,868,868M00:00:00.020,868M03:09:12.995,867 23:47:10,868 02:56:25,41.242,41.302,41.21,36,23.375
urn:nasa:pds:insight_ps:data_calibrated:ps_calib_0869,2021-05-07T02:32:17.409Z,2021-05-08T03:11:52.612Z,ps_calib_0869,869,869M00:00:00.038,869M23:59:59.998,868 23:47:30,869 23:47:51,41.702,42.163,41.88,36,25.496
urn:nasa:pds:insight_ps:data_calibrated:ps_calib_0870,2021-05-08T03:11:52.712Z,2021-05-09T03:51:27.815Z,ps_calib_0870,870,870M00:00:00.095,870M23:59:59.958,869 23:47:51,870 23:48:11,42.163,42.623,42.33,36,31.27
urn:nasa:pds:insight_ps:data_calibrated:ps_calib_0871,2021-05-09T03:51:27.915Z,2021-05-09T11:59:47.891Z,ps_calib_0871,871,871M00:00:00.055,871M07:55:16.090,870 23:48:11,871 07:43:34,42.623,42.774,42.55,36,28.578
urn:nasa:pds:insight_ps:data_calibrated:ps_calib_0875,2021-05-13T08:26:13.010Z,2021-05-13T12:24:40.457Z,ps_calib_0875,875,875M01:53:17.309,875M05:45:21.951,875 01:42:51,875 05:34:58,44.495,44.569,44.34,36,13.961
urn:nasa:pds:insight_ps:data_calibrated:ps_calibevent_0876,2021-05-14T22:15:32.014Z,2021-05-15T03:00:10.431Z,ps_calibevent_0876,876,876M14:41:53.284,876M19:18:54.755,876 14:31:57,876 19:09:02,45.197,45.286,45.23,36,34.219
urn:nasa:pds:insight_ps:data_calibrated:ps_calib_0876,2021-05-14T22:15:35.014Z,2021-05-15T03:41:26.312Z,ps_calib_0876,876,876M14:41:56.203,876M19:59:04.392,876 14:32:00,876 19:49:13,45.198,45.298,45.23,36,19.075
urn:nasa:pds:insight_ps:data_calibrated:ps_calib_0877,2021-05-15T19:08:17.016Z,2021-05-15T20:33:35.753Z,ps_calib_0877,877,877M11:01:07.193,877M12:24:08.974,877 10:51:28,877 12:14:31,45.585,45.611,45.45,36,5.004
urn:nasa:pds:insight_ps:data_calibrated:ps_calib_0878,2021-05-16T22:13:10.019Z,2021-05-17T07:51:26.838Z,ps_calib_0878,878,878M13:22:31.702,878M22:45:20.184,878 13:13:14,878 22:36:10,46.087,46.266,46.12,36,33.84
urn:nasa:pds:insight_ps:data_calibrated:ps_calibevent_0878,2021-05-16T22:59:54.931Z,2021-05-17T07:44:40.900Z,ps_calibevent_0878,878,878M14:08:01.567,878M22:38:45.107,878 13:58:44,878 22:29:35,46.102,46.264,46.12,36,63.075
urn:nasa:pds:insight_ps:data_calibrated:ps_calib_0880,2021-05-18T12:56:08.025Z,2021-05-19T08:45:03.891Z,ps_calib_0880,880,880M03:03:20.551,880M22:20:27.777,880 02:54:33,880 22:11:56,46.805,47.172,46.79,36,36.883
urn:nasa:pds:insight_ps:data_calibrated:ps_calibevent_0880,2021-05-19T00:03:57.963Z,2021-05-19T08:29:08.971Z,ps_calibevent_0880,880,880M13:53:18.390,880M22:04:58.406,880 13:44:40,880 21:56:27,47.011,47.167,47.01,36,60.719
urn:nasa:pds:insight_ps:data_calibrated:ps_calib_0882,2021-05-20T12:01:44.012Z,2021-05-21T08:12:00.063Z,ps_calib_0882,882,882M00:53:20.484,882M20:31:13.642,882 00:45:10,882 20:23:19,47.676,48.049,47.68,36,39.586
urn:nasa:pds:insight_ps:data_calibrated:ps_calibevent_0882,2021-05-21T00:50:34.996Z,2021-05-21T07:55:01.146Z,ps_calibevent_0882,882,882M13:21:37.202,882M20:14:41.987,882 13:13:37,882 20:06:47,47.913,48.044,47.9,36,51.016
urn:nasa:pds:insight_ps:data_calibrated:ps_calib_0884,2021-05-22T23:43:40.428Z,2021-05-23T13:05:41.257Z,ps_calib_0884,884,884M10:59:26.661,884M23:59:59.984,884 10:52:03,884 23:52:46,48.78,49.027,48.79,36,15.567
urn:nasa:pds:insight_ps:data_calibrated:ps_calibevent_0884,2021-05-23T11:05:46.987Z,2021-05-23T13:05:41.257Z,ps_calibevent_0884,884,884M22:03:18.201,884M23:59:59.984,884 21:56:03,884 23:52:46,48.99,49.027,48.92,36,14.422
urn:nasa:pds:insight_ps:data_calibrated:ps_calibevent_0885,2021-05-23T13:05:41.307Z,2021-05-23T16:23:33.330Z,ps_calibevent_0885,885,885M00:00:00.032,885M03:12:34.411,884 23:52:47,885 03:05:23,49.027,49.087,49.01,36,23.789
urn:nasa:pds:insight_ps:data_calibrated:ps_calib_0885,2021-05-23T13:05:41.357Z,2021-05-23T16:23:30.280Z,ps_calib_0885,885,885M00:00:00.081,885M03:12:31.442,884 23:52:47,885 03:05:20,49.027,49.087,49.01,36,11.586
urn:nasa:pds:insight_ps:data_calibrated:ps_calibevent_0886,2021-05-25T11:23:17.968Z,2021-05-25T14:24:51.723Z,ps_calibevent_0886,886,886M21:03:17.677,886M23:59:59.962,886 20:56:40,886 23:53:24,49.881,49.937,49.8,36,21.832
urn:nasa:pds:insight_ps:data_calibrated:ps_calib_0886,2021-05-25T11:23:20.968Z,2021-05-25T14:24:51.723Z,ps_calib_0886,886,886M21:03:20.597,886M23:59:59.962,886 20:56:43,886 23:53:24,49.881,49.937,49.8,36,10.629
urn:nasa:pds:insight_ps:data_calibrated:ps_calibevent_0887,2021-05-25T14:24:51.773Z,2021-05-25T15:39:36.431Z,ps_calibevent_0887,887,887M00:00:00.010,887M01:12:44.678,886 23:53:24,887 01:06:10,49.937,49.96,49.89,36,8.996
urn:nasa:pds:insight_ps:data_calibrated:ps_calib_0887,2021-05-25T14:24:51.823Z,2021-05-25T15:39:33.381Z,ps_calib_0887,887,887M00:00:00.059,887M01:12:41.709,886 23:53:24,887 01:06:07,49.937,49.96,49.89,36,4.383
urn:nasa:pds:insight_ps:data_calibrated:ps_calibevent_0888,2021-05-27T12:42:27.948Z,2021-05-27T15:44:02.203Z,ps_calibevent_0888,888,888M21:03:17.183,888M23:59:59.954,888 20:57:16,888 23:54:01,50.79,50.846,50.78,36,21.832
urn:nasa:pds:insight_ps:data_calibrated:ps_calib_0888,2021-05-27T12:42:30.948Z,2021-05-27T15:44:02.203Z,ps_calib_0888,888,888M21:03:20.102,888M23:59:59.954,888 20:57:19,888 23:54:01,50.79,50.846,50.78,36,10.633
urn:nasa:pds:insight_ps:data_calibrated:ps_calibevent_0889,2021-05-27T15:44:02.253Z,2021-05-27T16:57:32.411Z,ps_calibevent_0889,889,889M00:00:00.002,889M01:11:32.164,888 23:54:01,889 01:05:35,50.846,50.868,50.78,36,8.848
urn:nasa:pds:insight_ps:data_calibrated:ps_calib_0889,2021-05-27T15:44:02.303Z,2021-05-27T16:57:29.361Z,ps_calib_0889,889,889M00:00:00.051,889M01:11:29.195,888 23:54:02,889 01:05:32,50.846,50.868,50.78,36,4.309
urn:nasa:pds:insight_ps:data_calibrated:ps_calib_0893,2021-06-01T02:07:59.076Z,2021-06-01T13:49:10.475Z,ps_calib_0893,893,893M07:33:08.406,893M18:55:34.155,893 07:28:29,893 18:51:03,52.803,53.018,52.76,36,41.016
urn:nasa:pds:insight_ps:data_calibrated:ps_calib_0894,2021-06-02T01:11:05.409Z,2021-06-02T19:41:33.672Z,ps_calib_0894,894,894M05:59:14.381,894M23:59:59.959,894 05:54:52,894 23:55:51,53.227,53.566,53.2,36,34.434
urn:nasa:pds:insight_ps:data_calibrated:ps_calib_0895,2021-06-02T19:41:33.772Z,2021-06-03T02:20:57.320Z,ps_calib_0895,895,895M00:00:00.056,895M06:28:42.442,894 23:55:51,895 06:24:38,53.566,53.689,53.42,36,23.375
urn:nasa:pds:insight_ps:data_calibrated:ps_calib_0897,2021-06-05T08:24:00.477Z,2021-06-05T10:23:12.805Z,ps_calib_0897,897,897M11:04:59.390,897M13:01:00.353,897 11:01:33,897 12:57:36,54.68,54.717,54.53,36,6.977
urn:nasa:pds:insight_ps:data_calibrated:ps_calib_0900,2021-06-07T23:59:25.793Z,2021-06-08T04:24:56.195Z,ps_calib_0900,900,900M00:58:19.649,900M05:16:43.821,900 00:55:39,900 05:14:06,55.846,55.927,55.85,36,15.543
urn:nasa:pds:insight_ps:data_calibrated:ps_calib_0902,2021-06-10T01:18:36.766Z,2021-06-10T05:13:20.225Z,ps_calib_0902,902,902M00:58:20.120,902M04:46:46.767,902 00:56:13,902 04:44:43,56.749,56.821,56.72,36,13.742
urn:nasa:pds:insight_ps:data_calibrated:ps_calib_0903,2021-06-11T01:58:11.751Z,2021-06-11T06:23:45.155Z,ps_calib_0903,903,903M00:58:19.868,903M05:16:46.963,903 00:56:30,903 05:15:00,57.2,57.281,57.16,36,15.547
urn:nasa:pds:insight_ps:data_calibrated:ps_calib_0905,2021-06-13T22:53:50.713Z,2021-06-13T22:59:47.601Z,ps_calib_0905,905,905M20:03:19.698,905M20:09:07.037,905 20:02:16,905 20:08:04,58.461,58.463,58.35,36,0.36
urn:nasa:pds:insight_ps:data_calibrated:ps_calib_0907,2021-06-16T00:13:01.683Z,2021-06-16T00:18:57.571Z,ps_calib_0907,907,907M20:03:20.167,907M20:09:06.533,907 20:02:50,907 20:08:36,59.362,59.364,59.23,36,0.36
urn:nasa:pds:insight_ps:data_calibrated:ps_calib_0908,2021-06-17T00:52:36.661Z,2021-06-17T00:58:32.550Z,ps_calib_0908,908,908M20:03:19.908,908M20:09:06.275,908 20:03:06,908 20:08:52,59.812,59.814,59.66,36,0.36
urn:nasa:pds:insight_ps:data_calibrated:ps_calib_0909,2021-06-18T01:32:11.638Z,2021-06-18T01:38:08.526Z,ps_calib_0909,909,909M20:03:19.649,909M20:09:06.988,909 20:03:21,909 20:09:09,60.263,60.264,60.1,36,0.36
urn:nasa:pds:insight_ps:data_calibrated:ps_calib_0911,2021-06-19T17:38:17.317Z,2021-06-19T19:16:28.570Z,ps_calib_0911,911,911M11:05:02.722,911M12:40:36.351,911 11:05:30,911 12:41:05,60.994,61.024,60.89,36,5.754
urn:nasa:pds:insight_ps:data_calibrated:ps_calib_0912,2021-06-20T07:54:28.589Z,2021-06-20T12:03:28.020Z,ps_calib_0912,912,912M00:58:19.520,912M05:00:39.236,912 00:58:56,912 05:01:19,61.255,61.33,61.11,36,14.578
urn:nasa:pds:insight_ps:data_calibrated:ps_calib_0914,2021-06-22T09:13:39.543Z,2021-06-22T14:45:31.823Z,ps_calib_0914,914,914M00:58:19.973,914M06:21:19.486,914 00:59:28,914 06:22:31,62.154,62.255,62.12,36,19.426
urn:nasa:pds:insight_ps:data_calibrated:ps_calib_0915,2021-06-23T20:21:50.514Z,2021-06-23T21:05:58.333Z,ps_calib_0915,915,915M11:10:06.590,915M11:53:03.564,915 11:11:36,915 11:54:34,62.795,62.808,62.64,36,2.594
urn:nasa:pds:insight_ps:data_calibrated:ps_calib_0916,2021-06-24T10:32:49.498Z,2021-06-24T14:48:42.922Z,ps_calib_0916,916,916M00:58:19.455,916M05:07:22.087,916 00:59:58,916 05:09:03,63.053,63.131,62.99,36,14.981
urn:nasa:pds:insight_ps:data_calibrated:ps_calib_0917,2021-06-25T11:12:24.476Z,2021-06-25T16:22:57.787Z,ps_calib_0917,917,917M00:58:19.195,917M06:00:33.959,917 01:00:13,917 06:02:31,63.502,63.597,63.52,36,18.18
urn:nasa:pds:insight_ps:data_calibrated:ps_calib_0919,2021-06-28T11:13:00.411Z,2021-06-28T12:11:14.800Z,ps_calib_0919,919,919M23:03:19.091,919M23:59:59.985,919 23:05:56,920 00:02:38,64.814,64.832,64.74,36,3.422
urn:nasa:pds:insight_ps:data_calibrated:ps_calib_0920,2021-06-28T12:11:14.900Z,2021-06-28T18:56:07.433Z,ps_calib_0920,920,920M00:00:00.082,920M06:34:02.652,920 00:02:38,920 06:36:44,64.832,64.954,64.83,36,23.696
urn:nasa:pds:insight_ps:data_calibrated:ps_calib_0921,2021-06-29T15:05:46.386Z,2021-06-29T18:41:49.889Z,ps_calib_0921,921,921M02:11:19.704,921M05:41:36.359,921 02:14:13,921 05:44:32,65.322,65.387,65.26,36,12.653
urn:nasa:pds:insight_ps:data_calibrated:ps_calib_0922,2021-06-30T14:25:12.365Z,2021-06-30T20:20:16.601Z,ps_calib_0922,922,922M00:53:19.114,922M06:38:53.340,922 00:56:27,922 06:42:04,65.746,65.854,65.7,36,20.782
urn:nasa:pds:insight_ps:data_calibrated:ps_calib_0923,2021-07-01T15:04:48.343Z,2021-07-02T14:49:35.759Z,ps_calib_0923,923,923M00:53:19.828,923M23:59:59.968,923 00:56:42,924 00:03:36,66.195,66.627,66.36,36,31.746
urn:nasa:pds:insight_ps:data_calibrated:ps_calibevent_0923,2021-07-02T11:31:26.237Z,2021-07-02T13:55:32.911Z,ps_calibevent_0923,923,923M20:47:08.559,923M23:07:23.885,923 20:50:42,923 23:10:59,66.567,66.611,66.49,36,17.332
urn:nasa:pds:insight_ps:data_calibrated:ps_calib_0924,2021-07-02T14:49:35.859Z,2021-07-02T21:44:24.984Z,ps_calib_0924,924,924M00:00:00.066,924M06:43:43.264,924 00:03:36,924 06:47:23,66.627,66.753,66.57,36,24.278
urn:nasa:pds:insight_ps:data_calibrated:ps_calib_0926,2021-07-05T15:50:07.254Z,2021-07-05T16:48:21.442Z,ps_calib_0926,926,926M23:03:19.222,926M23:59:59.920,926 23:07:36,927 00:04:18,67.955,67.973,67.88,36,3.422
urn:nasa:pds:insight_ps:data_calibrated:ps_calib_0927,2021-07-05T16:48:21.542Z,2021-07-05T22:58:55.343Z,ps_calib_0927,927,927M00:00:00.018,927M06:00:38.938,927 00:04:18,927 06:05:00,67.973,68.085,67.88,36,21.688
urn:nasa:pds:insight_ps:data_calibrated:ps_calib_0928,2021-07-06T18:33:00.230Z,2021-07-06T21:26:07.803Z,ps_calib_0928,928,928M01:03:19.023,928M03:51:48.669,928 01:07:51,928 03:56:22,68.441,68.494,68.32,36,10.141
urn:nasa:pds:insight_ps:data_calibrated:ps_calib_0930,2021-07-08T19:52:11.186Z,2021-07-09T00:37:12.558Z,ps_calib_0930,930,930M01:03:19.478,930M05:40:43.291,930 01:08:19,930 05:45:45,69.338,69.425,69.19,36,16.684
urn:nasa:pds:insight_ps:data_calibrated:ps_calib_0931,2021-07-10T19:08:03.143Z,2021-07-10T20:06:17.731Z,ps_calib_0931,931,931M23:03:18.899,931M23:59:59.987,931 23:08:44,932 00:05:25,70.198,70.216,70.07,36,3.422
urn:nasa:pds:insight_ps:data_calibrated:ps_calib_0932,2021-07-10T20:06:17.831Z,2021-07-10T23:53:05.507Z,ps_calib_0932,932,932M00:00:00.085,932M03:40:43.678,932 00:05:25,932 03:46:11,70.216,70.284,70.07,36,13.282
urn:nasa:pds:insight_ps:data_calibrated:ps_calib_0933,2021-07-11T22:52:35.117Z,2021-07-12T03:11:25.542Z,ps_calib_0933,933,933M02:03:18.729,933M06:15:13.626,933 02:08:58,933 06:20:56,70.703,70.781,70.72,36,15.153
urn:nasa:pds:insight_ps:data_calibrated:ps_calib_0934,2021-07-12T23:32:11.095Z,2021-07-13T02:13:54.692Z,ps_calib_0934,934,934M02:03:19.443,934M04:40:43.413,934 02:09:12,934 04:46:38,71.151,71.2,71.03,36,9.473
urn:nasa:pds:insight_ps:data_calibrated:ps_calib_0935,2021-07-13T23:10:07.074Z,2021-07-14T02:53:30.560Z,ps_calib_0935,935,935M01:03:19.154,935M04:40:44.021,935 01:09:24,935 04:46:51,71.581,71.648,71.46,36,13.078
urn:nasa:pds:insight_ps:data_calibrated:ps_calib_0936,2021-07-15T00:51:21.049Z,2021-07-15T03:33:05.645Z,ps_calib_0936,936,936M02:03:18.924,936M04:40:43.866,936 02:09:37,936 04:47:04,72.048,72.097,72.03,36,9.473
urn:nasa:pds:insight_ps:data_calibrated:ps_calib_0937,2021-07-16T00:29:17.029Z,2021-07-17T00:03:49.197Z,ps_calib_0937,937,937M01:03:18.636,937M23:59:59.990,937 01:09:49,938 00:06:43,72.478,72.906,72.6,36,21.141
urn:nasa:pds:insight_ps:data_calibrated:ps_calib_0938,2021-07-17T00:03:49.297Z,2021-07-17T05:23:05.206Z,ps_calib_0938,938,938M00:00:00.087,938M05:10:43.466,938 00:06:43,938 05:17:29,72.906,73.003,72.9,36,18.688
urn:nasa:pds:insight_ps:data_calibrated:ps_calibevent_0938,2021-07-17T00:48:45.814Z,2021-07-17T01:59:05.632Z,ps_calibevent_0938,938,938M00:43:44.456,938M01:52:11.370,938 00:50:27,938 01:58:55,72.92,72.941,72.77,36,8.465
urn:nasa:pds:insight_ps:data_calibrated:ps_calib_0939,2021-07-18T12:37:36.975Z,2021-07-18T14:17:43.687Z,ps_calib_0939,939,939M11:35:05.974,939M13:12:31.972,939 11:42:07,939 13:19:34,73.571,73.602,73.47,36,5.867
urn:nasa:pds:insight_ps:data_calibrated:ps_calib_0941,2021-07-20T05:10:55.937Z,2021-07-21T02:42:10.138Z,ps_calib_0941,941,941M03:03:18.631,941M23:59:59.955,941 03:10:40,942 00:07:32,74.309,74.701,74.43,36,14.657
urn:nasa:pds:insight_ps:data_calibrated:ps_calib_0942,2021-07-21T02:42:10.238Z,2021-07-21T09:08:04.020Z,ps_calib_0942,942,942M00:00:00.052,942M06:15:34.339,942 00:07:32,942 06:23:09,74.701,74.818,74.65,36,22.586
urn:nasa:pds:insight_ps:data_calibrated:ps_calib_0945,2021-07-24T09:06:20.847Z,2021-07-24T11:30:32.488Z,ps_calib_0945,945,945M04:18:18.848,945M06:38:39.009,945 04:26:28,945 06:46:49,76.127,76.171,76.09,36,8.45
urn:nasa:pds:insight_ps:data_calibrated:ps_calib_0946,2021-07-25T07:42:37.827Z,2021-07-25T10:54:46.376Z,ps_calib_0946,946,946M02:18:18.530,946M05:25:18.625,946 02:26:39,946 05:33:40,76.539,76.597,76.4,36,11.254
urn:nasa:pds:insight_ps:data_calibrated:ps_calib_0950,2021-07-29T08:53:37.738Z,2021-07-29T14:02:22.072Z,ps_calib_0950,950,950M00:53:17.693,950M05:53:46.396,950 01:02:23,950 06:02:54,78.308,78.402,78.14,36,18.071
urn:nasa:pds:insight_ps:data_calibrated:ps_calib_0953,2021-08-01T14:07:37.668Z,2021-08-02T10:37:13.038Z,ps_calib_0953,953,953M04:03:18.469,953M23:59:59.928,953 04:12:58,954 00:09:48,79.715,80.089,79.76,36,13.922
urn:nasa:pds:insight_ps:data_calibrated:ps_calib_0954,2021-08-02T10:37:13.138Z,2021-08-02T16:47:45.749Z,ps_calib_0954,954,954M00:00:00.025,954M06:00:37.787,954 00:09:48,954 06:10:29,80.089,80.202,80.11,36,21.688
urn:nasa:pds:insight_ps:data_calibrated:ps_calib_0955,2021-08-04T10:58:08.605Z,2021-08-04T11:56:23.594Z,ps_calib_0955,955,955M23:03:18.516,955M23:59:59.994,955 23:13:28,956 00:10:10,80.971,80.988,80.9,36,3.422
urn:nasa:pds:insight_ps:data_calibrated:ps_calib_0956,2021-08-04T11:56:23.694Z,2021-08-04T18:14:21.692Z,ps_calib_0956,956,956M00:00:00.091,956M06:07:51.324,956 00:10:10,956 06:18:04,80.988,81.103,80.99,36,22.121
urn:nasa:pds:insight_ps:data_calibrated:ps_calib_0957,2021-08-05T16:45:58.579Z,2021-08-05T18:46:31.260Z,ps_calib_0957,957,957M04:03:18.406,957M06:00:37.572,957 04:13:40,957 06:11:00,81.514,81.551,81.43,36,7.063
urn:nasa:pds:insight_ps:data_calibrated:ps_calib_0959,2021-08-07T17:34:19.535Z,2021-08-07T21:19:59.032Z,ps_calib_0959,959,959M03:33:18.359,959M07:12:55.598,959 03:44:01,959 07:23:40,82.405,82.474,82.3,36,13.211
urn:nasa:pds:insight_ps:data_calibrated:ps_calib_0961,2021-08-09T19:24:19.488Z,2021-08-09T21:24:52.175Z,ps_calib_0961,961,961M04:03:18.341,961M06:00:37.513,961 04:14:21,961 06:11:41,83.315,83.352,83.18,36,7.063
urn:nasa:pds:insight_ps:data_calibrated:ps_calib_0962,2021-08-10T18:27:19.468Z,2021-08-10T22:26:40.929Z,ps_calib_0962,962,962M02:29:18.134,962M06:22:15.343,962 02:40:31,962 06:33:29,83.736,83.809,83.62,36,14.016
urn:nasa:pds:insight_ps:data_calibrated:ps_calib_0963,2021-08-11T19:41:50.444Z,2021-08-12T17:13:05.517Z,ps_calib_0963,963,963M03:03:17.793,963M23:59:59.965,963 03:14:40,964 00:11:31,84.198,84.591,84.27,36,15.184
urn:nasa:pds:insight_ps:data_calibrated:ps_calib_0964,2021-08-12T17:13:05.617Z,2021-08-12T23:50:52.482Z,ps_calib_0964,964,964M00:00:00.063,964M06:27:08.353,964 00:11:31,964 06:38:42,84.591,84.712,84.49,36,23.282
urn:nasa:pds:insight_ps:data_calibrated:ps_calib_0965,2021-08-14T03:03:56.394Z,2021-08-14T06:13:08.946Z,ps_calib_0965,965,965M08:56:30.637,965M12:00:39.443,965 09:08:15,965 12:12:25,85.21,85.268,85.15,36,11.082
urn:nasa:pds:insight_ps:data_calibrated:ps_calib_0968,2021-08-16T22:35:21.333Z,2021-08-17T02:39:12.788Z,ps_calib_0968,968,968M02:39:31.667,968M06:36:51.648,968 02:51:43,968 06:49:04,86.447,86.521,86.34,36,14.278
urn:nasa:pds:insight_ps:data_calibrated:ps_calib_0969,2021-08-17T22:55:42.310Z,2021-08-18T02:23:15.830Z,ps_calib_0969,969,969M02:20:48.283,969M05:42:48.600,969 02:33:09,969 05:55:10,86.893,86.956,86.78,36,12.153
urn:nasa:pds:insight_ps:data_calibrated:ps_calib_0970,2021-08-18T23:59:29.288Z,2021-08-19T04:03:19.744Z,ps_calib_0970,970,970M02:44:21.175,970M06:41:40.183,970 02:56:51,970 06:54:12,87.352,87.426,87.35,36,14.278
urn:nasa:pds:insight_ps:data_calibrated:ps_calib_0971,2021-08-20T00:31:38.266Z,2021-08-20T03:33:50.831Z,ps_calib_0971,971,971M02:37:06.849,971M05:34:26.906,971 02:49:46,971 05:47:07,87.802,87.858,87.79,36,10.672
urn:nasa:pds:insight_ps:data_calibrated:ps_calib_0972,2021-08-21T02:25:18.242Z,2021-08-21T05:27:29.812Z,ps_calib_0972,972,972M03:49:12.660,972M06:46:31.748,972 04:02:02,972 06:59:22,88.277,88.333,88.23,36,10.672
urn:nasa:pds:insight_ps:data_calibrated:ps_calib_0973,2021-08-22T02:38:18.220Z,2021-08-22T04:41:48.894Z,ps_calib_0973,973,973M03:23:20.076,973M05:23:32.472,973 03:36:18,973 05:36:31,88.721,88.759,88.67,36,7.239
urn:nasa:pds:insight_ps:data_calibrated:ps_calib_0974,2021-08-23T00:54:02.200Z,2021-08-23T06:51:41.439Z,ps_calib_0974,974,974M01:03:19.747,974M06:51:24.830,974 01:16:26,974 07:04:33,89.13,89.24,89.11,36,20.934
urn:nasa:pds:insight_ps:data_calibrated:ps_calib_0975,2021-08-24T04:34:34.175Z,2021-08-24T06:35:06.856Z,ps_calib_0975,975,975M03:59:25.999,975M05:56:45.164,975 04:12:42,975 06:10:02,89.639,89.676,89.55,36,7.063
urn:nasa:pds:insight_ps:data_calibrated:ps_calib_0976,2021-08-25T02:13:13.155Z,2021-08-26T01:47:43.724Z,ps_calib_0976,976,976M01:03:20.202,976M23:59:59.999,976 01:16:44,977 00:13:33,90.037,90.47,90.13,36,21.289
urn:nasa:pds:insight_ps:data_calibrated:ps_calibevent_0976,2021-08-25T03:18:10.032Z,2021-08-25T05:15:32.765Z,ps_calibevent_0976,976,976M02:06:32.815,976M04:00:47.115,976 02:19:57,976 04:14:12,90.057,90.093,89.99,36,14.117
urn:nasa:pds:insight_ps:data_calibrated:ps_calib_0977,2021-08-26T01:47:43.824Z,2021-08-26T07:59:08.235Z,ps_calib_0977,977,977M00:00:00.096,977M06:01:28.273,977 00:13:33,977 06:15:03,90.47,90.584,90.43,36,21.739
urn:nasa:pds:insight_ps:data_calibrated:ps_calib_0981,2021-08-30T05:31:09.049Z,2021-08-30T10:47:20.366Z,ps_calib_0981,981,981M01:03:19.885,981M06:11:03.611,981 01:17:28,981 06:25:14,92.307,92.404,92.2,36,18.508
urn:nasa:pds:insight_ps:data_calibrated:ps_calib_0982,2021-08-31T08:14:02.030Z,2021-08-31T10:14:35.713Z,ps_calib_0982,982,982M03:03:19.690,982M05:00:39.830,982 03:17:37,982 05:14:58,92.8,92.837,92.65,36,7.067
urn:nasa:pds:insight_ps:data_calibrated:ps_calib_0984,2021-09-02T09:33:12.995Z,2021-09-02T12:35:25.565Z,ps_calib_0984,984,984M03:03:20.154,984M06:00:40.216,984 03:17:55,984 06:15:16,93.71,93.766,93.66,36,10.672
urn:nasa:pds:insight_ps:data_calibrated:ps_calib_0985,2021-09-03T11:14:26.978Z,2021-09-03T13:35:41.621Z,ps_calib_0985,985,985M04:03:19.931,985M06:20:47.828,985 04:18:04,985 06:35:32,94.185,94.228,94.11,36,8.274
urn:nasa:pds:insight_ps:data_calibrated:ps_calib_0986,2021-09-04T09:50:44.962Z,2021-09-04T13:20:32.480Z,ps_calib_0986,986,986M02:03:20.590,986M05:27:31.320,986 02:18:12,986 05:42:24,94.603,94.667,94.55,36,12.285
urn:nasa:pds:insight_ps:data_calibrated:ps_calib_0987,2021-09-05T11:31:58.946Z,2021-09-05T14:59:54.466Z,ps_calib_0987,987,987M03:03:20.367,987M06:25:42.096,987 03:18:21,987 06:40:43,95.078,95.142,94.99,36,12.176
urn:nasa:pds:insight_ps:data_calibrated:ps_calib_0996,2021-09-14T17:21:58.788Z,2021-09-14T20:20:19.361Z,ps_calib_0996,996,996M02:57:13.109,996M05:50:47.382,996 03:13:27,996 06:07:02,99.196,99.252,99.09,36,10.446
urn:nasa:pds:insight_ps:data_calibrated:ps_calib_0997,2021-09-15T18:07:50.770Z,2021-09-15T20:55:16.364Z,ps_calib_0997,997,997M03:03:19.768,997M05:46:16.585,997 03:19:42,997 06:02:40,99.658,99.71,99.54,36,9.805
urn:nasa:pds:insight_ps:data_calibrated:ps_calib_1000,2021-09-18T21:07:55.718Z,2021-09-18T23:08:19.398Z,ps_calib_1000,1000,1000M04:03:00.544,1000M06:00:10.949,1000 04:19:47,1000 06:16:58,101.058,101.095,100.97,36,7.055
urn:nasa:pds:insight_ps:data_calibrated:ps_calib_1003,2021-09-21T19:51:47.667Z,2021-09-22T01:03:03.990Z,ps_calib_1003,1003,1003M00:53:19.636,1003M05:56:16.260,1003 01:10:29,1003 06:13:27,102.381,102.478,102.23,36,18.219
urn:nasa:pds:insight_ps:data_calibrated:ps_calib_1005,2021-09-24T00:26:11.629Z,2021-09-24T02:22:15.321Z,ps_calib_1005,1005,1005M04:03:19.708,1005M05:56:17.081,1005 04:20:46,1005 06:13:44,103.367,103.403,103.22,36,6.801
urn:nasa:pds:insight_ps:data_calibrated:ps_calib_1052,2021-11-11T23:46:11.310Z,2021-11-11T23:52:08.199Z,ps_calib_1052,1052,1052M19:56:30.670,1052M20:02:18.011,1052 20:20:29,1052 20:26:16,125.983,125.985,125.84,36,0.36
urn:nasa:pds:insight_ps:data_calibrated:ps_calib_1054,2021-11-13T23:09:05.362Z,2021-11-13T23:15:01.250Z,ps_calib_1054,1054,1054M18:03:20.893,1054M18:09:07.259,1054 18:27:36,1054 18:33:23,126.922,126.924,126.79,36,0.36
urn:nasa:pds:insight_ps:data_calibrated:ps_calib_1056,2021-11-15T22:00:09.436Z,2021-11-16T06:34:43.196Z,ps_calib_1056,1056,1056M15:39:12.242,1056M23:59:59.953,1056 16:03:45,1057 00:24:36,127.854,128.025,127.89,36,30.114
urn:nasa:pds:insight_ps:data_calibrated:ps_calibevent_1056,2021-11-16T00:24:57.171Z,2021-11-16T04:58:28.624Z,ps_calibevent_1056,1056,1056M18:00:07.530,1056M22:26:19.883,1056 18:24:41,1056 22:50:55,127.902,127.993,127.89,36,23.91
urn:nasa:pds:insight_ps:data_calibrated:ps_calib_1057,2021-11-16T06:34:43.296Z,2021-11-16T13:46:10.592Z,ps_calib_1057,1057,1057M00:00:00.050,1057M06:59:54.713,1057 00:24:36,1057 07:24:33,128.025,128.168,127.89,36,25.25
urn:nasa:pds:insight_ps:data_calibrated:ps_calib_1058,2021-11-17T08:19:23.490Z,2021-11-17T15:49:50.549Z,ps_calib_1058,1058,1058M01:03:20.520,1058M08:21:44.451,1058 01:28:06,1058 08:46:32,128.538,128.688,128.51,36,26.36
urn:nasa:pds:insight_ps:data_calibrated:ps_calib_1059,2021-11-18T15:39:42.542Z,2021-11-18T23:01:12.625Z,ps_calib_1059,1059,1059M07:33:21.020,1059M14:43:02.342,1059 07:58:18,1059 15:08:02,129.164,129.311,129.09,36,25.836
urn:nasa:pds:insight_ps:data_calibrated:ps_calib_1061,2021-11-20T16:35:31.619Z,2021-11-21T02:29:28.446Z,ps_calib_1061,1061,1061M07:10:37.104,1061M16:48:40.443,1061 07:35:52,1061 17:13:59,130.143,130.342,130.05,36,34.754
urn:nasa:pds:insight_ps:data_calibrated:ps_calib_1063,2021-11-23T07:01:39.718Z,2021-11-23T11:11:49.854Z,ps_calib_1063,1063,1063M19:56:31.375,1063M23:59:59.904,1063 20:22:09,1064 00:25:39,131.397,131.481,131.25,36,14.649
urn:nasa:pds:insight_ps:data_calibrated:ps_calib_1064,2021-11-23T11:11:49.954Z,2021-11-24T11:51:25.097Z,ps_calib_1064,1064,1064M00:00:00.001,1064M23:59:59.903,1064 00:25:40,1065 00:25:49,131.481,131.978,131.59,36,36.325
urn:nasa:pds:insight_ps:data_calibrated:ps_calib_1065,2021-11-24T11:51:25.197Z,2021-11-24T18:02:00.508Z,ps_calib_1065,1065,1065M00:00:00.001,1065M06:00:40.390,1065 00:25:49,1065 06:26:32,131.978,132.102,131.98,36,21.692
urn:nasa:pds:insight_ps:data_calibrated:ps_calib_1067,2021-11-27T09:40:00.877Z,2021-11-27T13:50:10.911Z,ps_calib_1067,1067,1067M19:56:31.553,1067M23:59:59.983,1067 20:22:47,1068 00:26:17,133.387,133.472,133.34,36,14.645
urn:nasa:pds:insight_ps:data_calibrated:ps_calib_1068,2021-11-27T13:50:11.011Z,2021-11-27T20:00:46.622Z,ps_calib_1068,1068,1068M00:00:00.081,1068M06:00:40.762,1068 00:26:17,1068 06:27:00,133.472,133.597,133.43,36,21.692
urn:nasa:pds:insight_ps:data_calibrated:ps_calib_1074,2021-12-04T02:31:59.134Z,2021-12-04T14:21:23.772Z,ps_calib_1074,1074,1074M08:30:15.094,1074M20:00:40.886,1074 08:57:32,1074 20:28:02,136.659,136.901,136.61,36,41.508
urn:nasa:pds:insight_ps:data_calibrated:ps_calibevent_1074,2021-12-04T12:38:09.045Z,2021-12-04T14:01:28.855Z,ps_calibevent_1074,1074,1074M18:20:11.903,1074M19:41:17.939,1074 18:47:33,1074 20:08:39,136.866,136.894,136.75,36,9.403
urn:nasa:pds:insight_ps:data_calibrated:ps_calib_1076,2021-12-06T15:31:48.231Z,2021-12-06T19:46:28.075Z,ps_calib_1076,1076,1076M19:52:08.931,1076M23:59:59.952,1076 20:19:50,1077 00:27:42,137.909,137.996,137.84,36,14.91
urn:nasa:pds:insight_ps:data_calibrated:ps_calib_1077,2021-12-06T19:46:28.175Z,2021-12-07T01:57:03.994Z,ps_calib_1077,1077,1077M00:00:00.049,1077M06:00:40.933,1077 00:27:42,1077 06:28:26,137.996,138.122,137.84,36,21.692
urn:nasa:pds:insight_ps:data_calibrated:ps_calibevent_1077,2021-12-06T22:46:35.462Z,2021-12-07T00:15:59.247Z,ps_calibevent_1077,1077,1077M02:55:18.179,1077M04:22:18.453,1077 03:23:02,1077 04:50:02,138.057,138.088,137.94,36,10.758
urn:nasa:pds:insight_ps:data_calibrated:ps_calib_1081,2021-12-10T23:22:54.395Z,2021-12-11T23:04:24.333Z,ps_calib_1081,1081,1081M00:56:32.043,1081M23:59:59.989,1081 01:24:53,1082 00:28:30,140.047,140.537,140.21,36,83.16
urn:nasa:pds:insight_ps:data_calibrated:ps_calibevent_1081,2021-12-11T01:35:34.147Z,2021-12-11T02:07:38.038Z,ps_calibevent_1081,1081,1081M03:05:38.827,1081M03:36:51.243,1081 03:34:01,1081 04:05:13,140.092,140.103,139.91,36,3.867
urn:nasa:pds:insight_ps:data_calibrated:ps_calib_1082,2021-12-11T23:04:24.433Z,2021-12-12T04:55:23.087Z,ps_calib_1082,1082,1082M00:00:00.086,1082M05:41:35.301,1082 00:28:31,1082 06:10:08,140.537,140.658,140.56,36,20.543
urn:nasa:pds:insight_ps:data_calibrated:ps_calib_1083,2021-12-13T17:08:28.501Z,2021-12-14T00:23:34.830Z,ps_calib_1083,1083,1083M16:56:32.162,1083M23:59:59.998,1083 17:25:19,1084 00:28:50,141.408,141.559,141.3,36,25.465
urn:nasa:pds:insight_ps:data_calibrated:ps_calib_1084,2021-12-14T00:23:34.930Z,2021-12-14T02:27:35.405Z,ps_calib_1084,1084,1084M00:00:00.096,1084M02:00:41.495,1084 00:28:50,1084 02:29:32,141.559,141.602,141.4,36,7.266
urn:nasa:pds:insight_ps:data_calibrated:ps_calib_1085,2021-12-16T00:37:06.508Z,2021-12-16T01:42:45.295Z,ps_calib_1085,1085,1085M22:56:06.574,1085M23:59:59.976,1085 23:25:15,1086 00:29:09,142.561,142.584,142.4,36,3.852
urn:nasa:pds:insight_ps:data_calibrated:ps_calib_1086,2021-12-16T01:42:45.395Z,2021-12-17T02:22:20.550Z,ps_calib_1086,1086,1086M00:00:00.073,1086M23:59:59.986,1086 00:29:09,1087 00:29:19,142.584,143.098,142.7,36,86.559
urn:nasa:pds:insight_ps:data_calibrated:ps_calibevent_1086,2021-12-16T22:37:01.130Z,2021-12-16T23:51:32.956Z,ps_calibevent_1086,1086,1086M20:20:42.287,1086M21:33:14.467,1086 20:50:00,1086 22:02:32,143.02,143.046,142.9,36,8.969
urn:nasa:pds:insight_ps:data_calibrated:ps_calib_1087,2021-12-17T02:22:20.650Z,2021-12-17T19:33:42.774Z,ps_calib_1087,1087,1087M00:00:00.083,1087M16:43:46.508,1087 00:29:19,1087 17:13:12,143.098,143.457,143.05,36,60.34
urn:nasa:pds:insight_ps:data_calibrated:ps_calib_1095,2021-12-26T04:53:29.958Z,2021-12-26T08:18:37.678Z,ps_calib_1095,1095,1095M20:40:21.502,1095M23:59:59.920,1095 21:11:06,1096 00:30:46,147.69,147.762,147.59,36,12.012
urn:nasa:pds:insight_ps:data_calibrated:ps_calib_1096,2021-12-26T08:18:37.778Z,2021-12-27T00:19:31.697Z,ps_calib_1096,1096,1096M00:00:00.017,1096M15:35:11.365,1096 00:30:46,1096 16:06:04,147.762,148.101,147.84,36,56.219
urn:nasa:pds:insight_ps:data_calibrated:ps_calib_1097,2021-12-28T04:50:42.996Z,2021-12-28T09:37:48.179Z,ps_calib_1097,1097,1097M19:20:35.622,1097M23:59:59.933,1097 19:51:39,1098 00:31:05,148.707,148.808,148.61,36,16.805
urn:nasa:pds:insight_ps:data_calibrated:ps_calib_1098,2021-12-28T09:37:48.279Z,2021-12-29T10:17:23.422Z,ps_calib_1098,1098,1098M00:00:00.031,1098M23:59:59.932,1098 00:31:06,1099 00:31:15,148.808,149.333,148.96,36,86.559
urn:nasa:pds:insight_ps:data_calibrated:ps_calib_1099,2021-12-29T10:17:23.522Z,2021-12-30T02:25:33.943Z,ps_calib_1099,1099,1099M00:00:00.030,1099M15:42:16.201,1099 00:31:15,1099 16:13:38,149.333,149.676,149.37,36,56.645
urn:nasa:pds:insight_ps:data_calibrated:ps_calib_1137,2022-02-07T01:14:21.769Z,2022-02-07T03:44:19.672Z,ps_calib_1137,1137,1137M13:30:22.318,1137M15:56:19.476,1137 14:07:05,1137 16:33:03,170.27,170.327,170.25,37,8.602
urn:nasa:pds:insight_ps:data_calibrated:ps_calib_1138,2022-02-08T08:37:47.115Z,2022-02-08T12:40:53.198Z,ps_calib_1138,1138,1138M20:03:24.127,1138M23:59:59.948,1138 20:40:16,1139 00:36:52,170.986,171.079,170.8,37,14.235
urn:nasa:pds:insight_ps:data_calibrated:ps_calib_1139,2022-02-08T12:40:53.298Z,2022-02-08T14:14:05.435Z,ps_calib_1139,1139,1139M00:00:00.046,1139M01:30:42.562,1139 00:36:52,1139 02:07:35,171.079,171.114,170.96,37,5.465
urn:nasa:pds:insight_ps:data_calibrated:ps_calib_1140,2022-02-09T14:25:36.199Z,2022-02-09T19:31:01.547Z,ps_calib_1140,1140,1140M01:03:23.151,1140M06:00:38.192,1140 01:40:22,1140 06:37:38,171.667,171.784,171.62,37,17.879
urn:nasa:pds:insight_ps:data_calibrated:ps_calib_1143,2022-02-13T02:40:52.453Z,2022-02-13T08:18:21.780Z,ps_calib_1143,1143,1143M11:03:23.965,1143M16:31:51.508,1143 11:40:43,1143 17:09:12,173.601,173.731,173.55,37,19.754
urn:nasa:pds:insight_ps:data_calibrated:ps_calibevent_1143,2022-02-13T06:12:32.076Z,2022-02-13T07:21:59.912Z,ps_calibevent_1143,1143,1143M14:29:23.801,1143M15:37:00.124,1143 15:06:44,1143 16:14:21,173.682,173.709,173.55,37,8.36
urn:nasa:pds:insight_ps:data_calibrated:ps_calib_1148,2022-02-18T10:55:32.852Z,2022-02-18T19:16:45.635Z,ps_calib_1148,1148,1148M15:52:11.782,1148M23:59:59.946,1148 16:29:58,1149 00:37:48,176.567,176.761,176.6,37,29.332
urn:nasa:pds:insight_ps:data_calibrated:ps_calib_1149,2022-02-18T19:16:45.735Z,2022-02-19T00:51:23.349Z,ps_calib_1149,1149,1149M00:00:00.044,1149M05:25:40.466,1149 00:37:48,1149 06:03:30,176.761,176.891,176.6,37,19.586
urn:nasa:pds:insight_ps:data_calibrated:ps_calib_1150,2022-02-20T01:01:04.972Z,2022-02-20T20:35:56.103Z,ps_calib_1150,1150,1150M04:56:34.835,1150M23:59:59.927,1150 05:34:28,1151 00:37:57,177.453,177.91,177.44,37,58.485
urn:nasa:pds:insight_ps:data_calibrated:ps_calib_1151,2022-02-20T20:35:56.203Z,2022-02-20T22:55:24.169Z,ps_calib_1151,1151,1151M00:00:00.024,1151M02:15:44.099,1151 00:37:57,1151 02:53:41,177.91,177.964,177.72,37,8.172
urn:nasa:pds:insight_ps:data_calibrated:ps_calib_1153,2022-02-23T13:38:46.255Z,2022-02-23T16:40:58.856Z,ps_calib_1153,1153,1153M15:18:24.692,1153M18:15:44.783,1153 15:56:32,1153 18:53:53,179.431,179.502,179.4,37,10.672
urn:nasa:pds:insight_ps:data_calibrated:ps_calib_1154,2022-02-24T11:13:25.328Z,2022-02-24T14:00:11.938Z,ps_calib_1154,1154,1154M12:18:25.407,1154M15:00:44.283,1154 12:56:36,1154 15:38:55,179.937,180.002,179.85,37,9.77
urn:nasa:pds:insight_ps:data_calibrated:ps_calib_1161,2022-03-03T23:41:12.938Z,2022-03-04T03:51:23.817Z,ps_calib_1161,1161,1161M19:56:30.703,1161M23:59:59.956,1161 20:35:01,1162 00:38:31,184.199,184.298,184.22,37,14.649
urn:nasa:pds:insight_ps:data_calibrated:ps_calib_1162,2022-03-04T03:51:23.917Z,2022-03-04T07:58:40.987Z,ps_calib_1162,1162,1162M00:00:00.053,1162M04:00:40.147,1162 00:38:31,1162 04:39:11,184.298,184.396,184.22,37,14.477
urn:nasa:pds:insight_ps:data_calibrated:ps_calib_1166,2022-03-08T18:45:57.325Z,2022-03-09T03:03:25.428Z,ps_calib_1166,1166,1166M11:56:30.621,1166M20:00:40.117,1166 12:35:07,1166 20:39:16,186.945,187.144,186.91,37,29.11
urn:nasa:pds:insight_ps:data_calibrated:ps_calib_1168,2022-03-10T11:51:56.464Z,2022-03-10T20:09:24.454Z,ps_calib_1168,1168,1168M03:56:31.010,1168M12:00:40.396,1168 04:35:08,1168 12:39:17,187.931,188.131,187.95,37,29.11
urn:nasa:pds:insight_ps:data_calibrated:ps_calib_1171,2022-03-14T01:08:42.753Z,2022-03-14T08:24:39.981Z,ps_calib_1171,1171,1171M14:56:23.129,1171M22:00:40.503,1171 15:34:58,1171 22:39:16,189.986,190.161,189.97,37,25.512
urn:nasa:pds:insight_ps:data_calibrated:ps_calib_1173,2022-03-15T17:24:27.886Z,2022-03-16T11:46:26.727Z,ps_calib_1173,1173,1173M06:07:30.154,1173M23:59:59.939,1173 06:46:04,1174 00:38:32,190.96,191.405,191.13,37,42.793
urn:nasa:pds:insight_ps:data_calibrated:ps_calib_1174,2022-03-16T11:46:26.827Z,2022-03-16T21:01:59.647Z,ps_calib_1174,1174,1174M00:00:00.036,1174M09:00:41.013,1174 00:38:32,1174 09:39:13,191.405,191.63,191.43,37,32.508
urn:nasa:pds:insight_ps:data_calibrated:ps_calib_1185,2022-03-28T15:31:48.959Z,2022-03-28T19:41:29.646Z,ps_calib_1185,1185,1185M19:57:00.062,1185M23:59:59.930,1185 20:34:51,1186 00:37:50,198.547,198.65,198.48,37,14.617
urn:nasa:pds:insight_ps:data_calibrated:ps_calibevent_1185,2022-03-28T15:59:29.913Z,2022-03-28T19:41:29.696Z,ps_calibevent_1185,1185,1185M20:23:56.576,1185M23:59:59.979,1185 21:01:47,1186 00:37:50,198.559,198.65,198.48,37,26.692
urn:nasa:pds:insight_ps:data_calibrated:ps_calib_1186,2022-03-28T19:41:29.746Z,2022-03-29T01:50:30.809Z,ps_calib_1186,1186,1186M00:00:00.027,1186M05:59:08.691,1186 00:37:50,1186 06:36:57,198.65,198.802,198.48,37,21.598
urn:nasa:pds:insight_ps:data_calibrated:ps_calibevent_1186,2022-03-28T19:41:29.746Z,2022-03-29T00:00:24.036Z,ps_calibevent_1186,1186,1186M00:00:00.027,1186M04:11:58.687,1186 00:37:50,1186 04:49:48,198.65,198.757,198.48,37,31.125
urn:nasa:pds:insight_ps:data_calibrated:ps_calib_1192,2022-04-04T11:10:05.525Z,2022-04-04T18:50:47.681Z,ps_calib_1192,1192,1192M11:12:34.935,1192M18:40:57.506,1192 11:49:41,1192 19:18:01,202.609,202.801,202.65,37,26.961
urn:nasa:pds:insight_ps:data_calibrated:ps_calib_1195,2022-04-07T05:41:17.743Z,2022-04-07T13:37:44.779Z,ps_calib_1195,1195,1195M03:56:59.907,1195M11:40:42.076,1195 04:33:43,1195 12:17:22,204.272,204.471,204.15,37,27.883
urn:nasa:pds:insight_ps:data_calibrated:ps_calib_1197,2022-04-09T09:59:21.906Z,2022-04-10T00:45:49.308Z,ps_calib_1197,1197,1197M06:51:06.394,1197M21:13:50.730,1197 07:27:29,1197 21:50:07,205.583,205.954,205.65,37,51.864
urn:nasa:pds:insight_ps:data_calibrated:ps_calibevent_1197,2022-04-09T21:59:01.671Z,2022-04-09T22:50:17.546Z,ps_calibevent_1197,1197,1197M18:31:30.854,1197M19:21:24.432,1197 19:07:49,1197 19:57:42,205.884,205.906,205.77,37,6.176
urn:nasa:pds:insight_ps:data_calibrated:ps_calib_1199,2022-04-12T00:52:34.100Z,2022-04-12T04:55:43.094Z,ps_calib_1199,1199,1199M20:03:21.306,1199M23:59:59.961,1199 20:39:17,1200 00:35:54,207.165,207.267,207.16,37,14.235
urn:nasa:pds:insight_ps:data_calibrated:ps_calib_1200,2022-04-12T04:55:43.194Z,2022-04-12T12:58:59.737Z,ps_calib_1200,1200,1200M00:00:00.058,1200M07:50:20.778,1200 00:35:54,1200 08:26:11,207.267,207.47,207.16,37,28.282
urn:nasa:pds:insight_ps:data_calibrated:ps_calib_1212,2022-04-24T19:45:28.022Z,2022-04-25T01:11:15.325Z,ps_calib_1212,1212,1212M06:43:36.226,1212M12:00:40.527,1212 07:16:42,1212 12:33:43,214.958,215.097,214.78,37,19.071
urn:nasa:pds:insight_ps:data_calibrated:ps_calib_1213,2022-04-26T04:52:01.115Z,2022-04-26T14:09:56.489Z,ps_calib_1213,1213,1213M14:57:00.223,1213M23:59:59.941,1213 15:29:43,1214 00:32:37,215.806,216.044,215.7,37,32.649
urn:nasa:pds:insight_ps:data_calibrated:ps_calib_1214,2022-04-26T14:09:56.589Z,2022-04-26T21:22:11.316Z,ps_calib_1214,1214,1214M00:00:00.038,1214M07:00:40.863,1214 00:32:37,1214 07:33:13,216.044,216.229,216.01,37,25.297
urn:nasa:pds:insight_ps:data_calibrated:ps_calib_1217,2022-04-29T23:17:10.330Z,2022-04-30T16:48:17.470Z,ps_calib_1217,1217,1217M06:57:00.211,1217M23:59:59.946,1217 07:28:38,1218 00:31:24,218.127,218.578,218.17,37,61.496
urn:nasa:pds:insight_ps:data_calibrated:ps_calib_1218,2022-04-30T16:48:17.570Z,2022-04-30T22:58:53.691Z,ps_calib_1218,1218,1218M00:00:00.043,1218M06:00:41.220,1218 00:31:24,1218 06:32:01,218.578,218.737,218.47,37,21.692
urn:nasa:pds:insight_ps:data_calibrated:ps_calib_1219,2022-05-01T23:34:42.425Z,2022-05-02T05:48:22.629Z,ps_calib_1219,1219,1219M05:57:00.771,1219M12:00:41.107,1219 06:28:01,1219 12:31:36,219.371,219.531,219.4,37,21.871