URN,Start Time,Stop Time,File Name,sol_number,start_mean_solar_time,stop_mean_solar_time,start_true_solar_time,stop_true_solar_time,start_solar_longitude,stop_solar_longitude,Ls,Mars Year,File_Size(Mb)
urn:nasa:pds:insight_twins:data_calibrated:twins_calib_0004,2018-11-30T14:46:55.755Z,2018-11-30T19:27:47.091Z,twins_calib_0004,4,4M06:46:33.826,4M11:19:54.293,4 06:05:41,4 10:38:56,297.938,298.055,297.88,34,0.188
urn:nasa:pds:insight_twins:data_calibrated:twins_calib_0005,2018-12-01T21:55:23.267Z,2018-12-02T02:10:56.766Z,twins_calib_0005,5,5M13:05:01.823,5M17:13:45.063,5 12:23:35,5 16:32:14,298.717,298.824,298.61,34,2.793
urn:nasa:pds:insight_twins:data_calibrated:twins_calib_0010,2018-12-07T02:45:35.021Z,2018-12-07T03:03:55.725Z,twins_calib_0010,10,10M14:34:49.249,10M14:52:40.504,10 13:51:16,10 14:09:07,301.827,301.834,301.77,34,0.2
urn:nasa:pds:insight_twins:data_calibrated:twins_calib_0014,2018-12-11T02:19:02.175Z,2018-12-11T15:04:38.363Z,twins_calib_0014,14,14M11:34:52.251,14M23:59:59.384,14 10:49:51,14 23:14:47,304.192,304.507,304.15,34,6.461
urn:nasa:pds:insight_twins:data_calibrated:twins_calibevent_0014,2018-12-11T03:12:44.084Z,2018-12-11T15:04:38.363Z,twins_calibevent_0014,14,14M12:27:07.955,14M23:59:59.384,14 11:42:06,14 23:14:47,304.214,304.507,304.33,34,5.36
urn:nasa:pds:insight_twins:data_calibrated:twins_calib_0015,2018-12-11T15:04:39.363Z,2018-12-12T15:44:13.640Z,twins_calib_0015,15,15M00:00:00.357,15M23:59:59.416,14 23:14:48,15 23:14:26,304.507,305.114,304.74,34,12.469
urn:nasa:pds:insight_twins:data_calibrated:twins_calibevent_0015,2018-12-11T15:04:39.363Z,2018-12-12T14:28:46.717Z,twins_calibevent_0015,15,15M00:00:00.357,15M22:46:33.614,14 23:14:48,15 22:01:01,304.507,305.083,304.74,34,4.301
urn:nasa:pds:insight_twins:data_calibrated:twins_calib_0016,2018-12-12T15:44:14.640Z,2018-12-13T16:23:49.124Z,twins_calib_0016,16,16M00:00:00.390,16M23:59:59.650,15 23:14:27,16 23:14:06,305.114,305.721,305.33,34,10.09
urn:nasa:pds:insight_twins:data_calibrated:twins_calibevent_0016,2018-12-12T17:32:31.520Z,2018-12-13T15:10:56.185Z,twins_calibevent_0016,16,16M01:45:23.440,16M22:49:03.712,16 00:59:48,16 22:03:11,305.159,305.691,305.33,34,6.583
urn:nasa:pds:insight_twins:data_calibrated:twins_calib_0017,2018-12-13T16:23:51.124Z,2018-12-14T17:03:23.356Z,twins_calib_0017,17,17M00:00:01.596,17M23:59:58.665,16 23:14:08,17 23:13:45,305.721,306.327,305.92,34,8.047
urn:nasa:pds:insight_twins:data_calibrated:twins_calibevent_0017,2018-12-13T18:48:48.979Z,2018-12-14T16:47:38.376Z,twins_calibevent_0017,17,17M02:21:06.734,17M23:44:38.968,17 01:35:11,17 22:58:25,305.78,306.32,305.92,34,3.84
urn:nasa:pds:insight_twins:data_calibrated:twins_calib_0018,2018-12-14T17:03:25.356Z,2018-12-15T17:42:58.705Z,twins_calib_0018,18,18M00:00:00.611,18M23:59:58.767,17 23:13:47,18 23:13:25,306.327,306.932,306.51,34,9.797
urn:nasa:pds:insight_twins:data_calibrated:twins_calibevent_0018,2018-12-14T18:10:59.273Z,2018-12-15T16:36:18.767Z,twins_calibevent_0018,18,18M01:05:46.063,18M22:55:05.850,18 00:19:31,18 22:08:33,306.354,306.904,306.51,34,8.297
urn:nasa:pds:insight_twins:data_calibrated:twins_calib_0019,2018-12-15T17:43:00.705Z,2018-12-16T18:22:35.090Z,twins_calib_0019,19,19M00:00:00.714,19M23:59:59.878,18 23:13:27,19 23:13:07,306.932,307.536,307.1,34,8.36
urn:nasa:pds:insight_twins:data_calibrated:twins_calibevent_0019,2018-12-15T17:59:39.689Z,2018-12-16T18:22:35.090Z,twins_calibevent_0019,19,19M00:16:12.969,19M23:59:59.878,18 23:29:39,19 23:13:07,306.938,307.536,307.1,34,5.184
urn:nasa:pds:insight_twins:data_calibrated:twins_calibevent_0020,2018-12-16T18:22:36.090Z,2018-12-17T17:54:22.549Z,twins_calibevent_0020,20,20M00:00:00.851,20M22:54:00.928,19 23:13:08,20 22:06:51,307.536,308.111,307.69,34,6.915
urn:nasa:pds:insight_twins:data_calibrated:twins_calib_0020,2018-12-16T18:22:37.090Z,2018-12-17T19:02:08.483Z,twins_calib_0020,20,20M00:00:01.824,20M23:59:58.076,19 23:13:09,20 23:12:47,307.536,308.139,307.69,34,8.125
urn:nasa:pds:insight_twins:data_calibrated:twins_calib_0021,2018-12-17T19:02:10.483Z,2018-12-18T19:41:44.743Z,twins_calib_0021,21,21M00:00:00.023,21M23:59:59.065,20 23:12:49,21 23:12:30,308.139,308.741,308.27,34,9.497
urn:nasa:pds:insight_twins:data_calibrated:twins_calibevent_0021,2018-12-18T04:18:02.808Z,2018-12-18T18:23:51.835Z,twins_calibevent_0021,21,21M09:00:59.982,21M22:44:11.183,21 08:13:42,21 21:56:43,308.365,308.709,308.45,34,7.34
urn:nasa:pds:insight_twins:data_calibrated:twins_calib_0022,2018-12-18T19:41:45.743Z,2018-12-19T20:21:19.093Z,twins_calib_0022,22,22M00:00:00.038,22M23:59:58.195,21 23:12:31,22 23:12:12,308.741,309.342,308.86,34,9.813
urn:nasa:pds:insight_twins:data_calibrated:twins_calibevent_0022,2018-12-19T06:42:15.829Z,2018-12-19T19:36:21.143Z,twins_calibevent_0022,22,22M10:42:49.793,22M23:16:12.430,22 09:55:13,22 22:28:27,309.009,309.323,309.04,34,3.715
urn:nasa:pds:insight_twins:data_calibrated:twins_calib_0023,2018-12-19T20:21:21.093Z,2018-12-20T21:00:55.194Z,twins_calib_0023,23,23M00:00:00.141,23M23:59:59.029,22 23:12:14,23 23:11:56,309.342,309.942,309.45,34,7.387
urn:nasa:pds:insight_twins:data_calibrated:twins_calibevent_0023,2018-12-20T07:32:41.159Z,2018-12-20T20:00:43.265Z,twins_calibevent_0023,23,23M10:53:22.486,23M23:01:23.740,23 10:05:29,23 22:13:22,309.614,309.917,309.62,34,0.958
urn:nasa:pds:insight_twins:data_calibrated:twins_calib_0024,2018-12-20T21:00:57.193Z,2018-12-21T21:40:31.245Z,twins_calib_0024,24,24M00:00:00.974,24M23:59:59.814,23 23:11:58,24 23:11:41,309.942,310.541,310.2,34,10.692
urn:nasa:pds:insight_twins:data_calibrated:twins_calibevent_0024,2018-12-20T21:07:00.186Z,2018-12-21T14:09:49.746Z,twins_calibevent_0024,24,24M00:05:54.255,24M16:41:21.829,23 23:17:51,24 15:53:08,309.944,310.359,310.03,34,1.852
urn:nasa:pds:insight_twins:data_calibrated:twins_calib_0025,2018-12-21T21:40:32.245Z,2018-12-22T22:20:06.538Z,twins_calib_0025,25,25M00:00:00.788,25M23:59:59.862,24 23:11:42,25 23:11:25,310.541,311.139,310.79,34,12.586
urn:nasa:pds:insight_twins:data_calibrated:twins_calibevent_0025,2018-12-22T01:16:57.970Z,2018-12-22T02:08:08.901Z,twins_calibevent_0025,25,25M03:30:39.070,25M04:20:27.836,25 02:42:18,25 03:32:06,310.629,310.649,310.44,34,0.485
urn:nasa:pds:insight_twins:data_calibrated:twins_calib_0026,2018-12-22T22:20:07.538Z,2018-12-23T22:59:41.887Z,twins_calib_0026,26,26M00:00:00.835,26M23:59:59.964,25 23:11:26,26 23:11:10,311.139,311.737,311.37,34,10.747
urn:nasa:pds:insight_twins:data_calibrated:twins_calibevent_0026,2018-12-23T10:31:14.605Z,2018-12-23T13:43:33.381Z,twins_calibevent_0026,26,26M11:51:34.208,26M14:58:44.256,26 11:02:52,26 14:10:00,311.435,311.512,311.37,34,1.461
urn:nasa:pds:insight_twins:data_calibrated:twins_calib_0027,2018-12-23T22:59:42.887Z,2018-12-24T23:39:16.229Z,twins_calib_0027,27,27M00:00:00.937,27M23:59:59.086,26 23:11:11,27 23:10:54,311.737,312.333,311.95,34,12.657
urn:nasa:pds:insight_twins:data_calibrated:twins_calibevent_0027,2018-12-24T13:16:32.789Z,2018-12-24T21:04:23.376Z,twins_calibevent_0027,27,27M13:53:55.331,27M21:29:14.870,27 13:04:57,27 20:40:12,312.082,312.27,312.07,34,1.293
urn:nasa:pds:insight_twins:data_calibrated:twins_calib_0028,2018-12-24T23:39:17.229Z,2018-12-26T00:18:51.544Z,twins_calib_0028,28,28M00:00:00.059,28M23:59:59.155,27 23:10:55,28 23:10:40,312.333,312.928,312.53,34,12.575
urn:nasa:pds:insight_twins:data_calibrated:twins_calib_0029,2018-12-26T00:18:52.544Z,2018-12-27T00:58:26.863Z,twins_calib_0029,29,29M00:00:00.129,29M23:59:59.229,28 23:10:41,29 23:10:27,312.928,313.523,313.11,34,12.864
urn:nasa:pds:insight_twins:data_calibrated:twins_calibevent_0029,2018-12-26T13:00:48.574Z,2018-12-26T15:29:22.399Z,twins_calibevent_0029,29,29M12:21:32.994,29M14:46:08.323,29 11:32:07,29 13:56:41,313.234,313.294,313.22,34,0.739
urn:nasa:pds:insight_twins:data_calibrated:twins_calib_0030,2018-12-27T00:58:27.863Z,2018-12-27T06:10:32.506Z,twins_calib_0030,30,30M00:00:00.202,30M05:03:43.853,29 23:10:28,30 04:14:09,313.523,313.648,313.51,34,2.594
urn:nasa:pds:insight_twins:data_calibrated:twins_calib_0032,2018-12-29T10:51:44.767Z,2018-12-30T02:57:12.753Z,twins_calib_0032,32,32M08:20:21.301,32M23:59:59.382,32 07:30:19,32 23:09:49,314.914,315.3,314.95,34,1.692
urn:nasa:pds:insight_twins:data_calibrated:twins_calibevent_0032,2018-12-29T20:27:08.081Z,2018-12-30T00:04:58.909Z,twins_calibevent_0032,32,32M17:40:20.919,32M21:12:22.028,32 16:50:14,32 20:22:13,315.144,315.231,314.95,34,2.391
urn:nasa:pds:insight_twins:data_calibrated:twins_calib_0033,2018-12-30T02:57:16.753Z,2018-12-31T03:36:45.122Z,twins_calib_0033,33,33M00:00:03.275,33M23:59:56.584,32 23:09:53,33 23:09:35,315.3,315.89,315.53,34,2.59
urn:nasa:pds:insight_twins:data_calibrated:twins_calibevent_0033,2018-12-30T15:11:00.864Z,2018-12-31T03:36:48.122Z,twins_calibevent_0033,33,33M11:54:09.490,33M23:59:59.504,33 11:03:54,33 23:09:38,315.593,315.89,315.64,34,2.024
urn:nasa:pds:insight_twins:data_calibrated:twins_calib_0034,2018-12-31T03:36:51.122Z,2019-01-01T04:16:19.414Z,twins_calib_0034,34,34M00:00:02.424,34M23:59:55.658,33 23:09:41,34 23:09:23,315.89,316.48,316.1,34,2.243
urn:nasa:pds:insight_twins:data_calibrated:twins_calibevent_0034,2018-12-31T03:36:53.122Z,2019-01-01T01:51:59.560Z,twins_calibevent_0034,34,34M00:00:04.370,34M21:39:27.505,33 23:09:43,34 20:48:56,315.89,316.422,316.1,34,4.946
urn:nasa:pds:insight_twins:data_calibrated:twins_calib_0035,2019-01-01T04:16:29.414Z,2019-01-02T04:55:57.852Z,twins_calib_0035,35,35M00:00:05.390,35M23:59:58.766,34 23:09:33,35 23:09:16,316.48,317.068,316.68,35,1.688
urn:nasa:pds:insight_twins:data_calibrated:twins_calibevent_0035,2019-01-01T19:57:46.234Z,2019-01-02T02:54:24.932Z,twins_calibevent_0035,35,35M15:16:11.133,35M22:01:40.974,35 14:25:32,35 21:10:59,316.854,317.02,316.68,35,0.743
urn:nasa:pds:insight_twins:data_calibrated:twins_calib_0036,2019-01-02T04:56:07.852Z,2019-01-03T05:35:26.333Z,twins_calib_0036,36,36M00:00:08.499,36M23:59:52.185,35 23:09:26,36 23:08:59,317.068,317.656,317.25,35,1.657
urn:nasa:pds:insight_twins:data_calibrated:twins_calibevent_0036,2019-01-02T15:21:25.158Z,2019-01-02T15:53:32.116Z,twins_calibevent_0036,36,36M10:08:42.003,36M10:39:57.404,36 09:17:55,36 09:49:10,317.317,317.329,317.25,35,0.368
urn:nasa:pds:insight_twins:data_calibrated:twins_calib_0037,2019-01-03T05:35:36.333Z,2019-01-04T06:15:07.986Z,twins_calib_0037,37,37M00:00:01.917,37M23:59:58.422,36 23:09:09,37 23:08:56,317.656,318.242,317.82,35,1.915
urn:nasa:pds:insight_twins:data_calibrated:twins_calibevent_0037,2019-01-03T10:34:36.995Z,2019-01-04T04:15:58.094Z,twins_calibevent_0037,37,37M04:51:02.564,37M22:03:59.831,37 04:00:08,37 21:12:58,317.774,318.195,317.82,35,4.465
urn:nasa:pds:insight_twins:data_calibrated:twins_calib_0038,2019-01-04T06:15:12.986Z,2019-01-05T06:54:41.461Z,twins_calib_0038,38,38M00:00:03.288,38M23:59:56.701,37 23:09:01,38 23:08:46,318.242,318.828,318.39,35,2.594
urn:nasa:pds:insight_twins:data_calibrated:twins_calibevent_0038,2019-01-04T11:46:49.628Z,2019-01-05T02:27:15.659Z,twins_calibevent_0038,38,38M05:22:47.581,38M19:39:40.215,38 04:31:43,38 18:48:31,318.373,318.722,318.39,35,2.735
urn:nasa:pds:insight_twins:data_calibrated:twins_calib_0039,2019-01-05T06:54:46.461Z,2019-01-06T07:34:18.253Z,twins_calib_0039,39,39M00:00:01.567,39M23:59:58.207,38 23:08:50,39 23:08:39,318.828,319.412,318.96,35,2.586
urn:nasa:pds:insight_twins:data_calibrated:twins_calibevent_0039,2019-01-05T07:43:01.423Z,2019-01-06T07:34:19.253Z,twins_calibevent_0039,39,39M00:46:59.072,39M23:59:59.180,38 23:55:48,39 23:08:40,318.847,319.412,318.96,35,15.489
urn:nasa:pds:insight_twins:data_calibrated:twins_calibevent_0040,2019-01-06T07:34:20.253Z,2019-01-07T06:22:18.893Z,twins_calibevent_0040,40,40M00:00:00.153,40M22:11:22.722,39 23:08:41,40 21:19:56,319.412,319.952,319.53,35,1.512
urn:nasa:pds:insight_twins:data_calibrated:twins_calib_0040,2019-01-06T07:34:25.253Z,2019-01-07T08:13:53.801Z,twins_calib_0040,40,40M00:00:05.019,40M23:59:58.503,39 23:08:45,40 23:08:31,319.412,319.996,319.53,35,2.586
urn:nasa:pds:insight_twins:data_calibrated:twins_calib_0041,2019-01-07T08:13:56.800Z,2019-01-08T08:53:25.253Z,twins_calib_0041,41,41M00:00:01.422,41M23:59:54.812,40 23:08:34,41 23:08:20,319.996,320.578,320.1,35,2.575
urn:nasa:pds:insight_twins:data_calibrated:twins_calibevent_0041,2019-01-07T23:46:49.705Z,2019-01-08T00:18:56.676Z,twins_calibevent_0041,41,41M15:07:56.732,41M15:39:12.146,41 14:16:25,41 14:47:40,320.363,320.376,320.21,35,0.36
urn:nasa:pds:insight_twins:data_calibrated:twins_calib_0042,2019-01-08T08:53:32.253Z,2019-01-09T09:33:00.748Z,twins_calib_0042,42,42M00:00:01.625,42M23:59:55.057,41 23:08:27,42 23:08:13,320.578,321.159,320.66,35,1.762
urn:nasa:pds:insight_twins:data_calibrated:twins_calibevent_0042,2019-01-09T04:47:23.892Z,2019-01-09T05:21:30.875Z,twins_calibevent_0042,42,42M19:21:56.709,42M19:55:08.924,42 18:30:16,42 19:03:28,321.047,321.061,320.95,35,0.383
urn:nasa:pds:insight_twins:data_calibrated:twins_calib_0043,2019-01-09T09:33:10.748Z,2019-01-10T10:12:39.292Z,twins_calib_0043,43,43M00:00:04.789,43M23:59:58.268,42 23:08:23,43 23:08:10,321.16,321.74,321.34,35,1.926
urn:nasa:pds:insight_twins:data_calibrated:twins_calibevent_0043,2019-01-09T22:52:09.873Z,2019-01-10T08:18:24.392Z,twins_calibevent_0043,43,43M12:57:41.269,43M22:08:46.776,43 12:05:56,43 21:16:59,321.473,321.695,321.51,35,6.024
urn:nasa:pds:insight_twins:data_calibrated:twins_calib_0044,2019-01-10T10:12:43.292Z,2019-01-11T10:52:12.815Z,twins_calib_0044,44,44M00:00:02.161,44M23:59:56.593,43 23:08:14,44 23:08:03,321.74,322.319,321.91,35,2.575
urn:nasa:pds:insight_twins:data_calibrated:twins_calibevent_0044,2019-01-11T00:35:58.237Z,2019-01-11T09:01:05.873Z,twins_calibevent_0044,44,44M14:00:11.296,44M22:11:48.030,44 13:08:20,44 21:19:55,322.078,322.276,322.08,35,0.79
urn:nasa:pds:insight_twins:data_calibrated:twins_calib_0045,2019-01-11T10:52:17.815Z,2019-01-12T11:31:51.269Z,twins_calib_0045,45,45M00:00:01.460,45M23:59:59.717,44 23:08:08,45 23:08:00,322.319,322.898,322.47,35,2.571
urn:nasa:pds:insight_twins:data_calibrated:twins_calibevent_0045,2019-01-12T01:09:06.857Z,2019-01-12T10:23:08.336Z,twins_calibevent_0045,45,45M13:53:55.016,45M22:53:07.096,45 13:01:58,45 22:01:08,322.655,322.871,322.64,35,2.696
urn:nasa:pds:insight_twins:data_calibrated:twins_calib_0046,2019-01-12T11:31:56.269Z,2019-01-13T12:11:24.677Z,twins_calib_0046,46,46M00:00:04.583,46M23:59:57.931,45 23:08:05,46 23:07:54,322.898,323.475,323.03,35,2.575
urn:nasa:pds:insight_twins:data_calibrated:twins_calibevent_0046,2019-01-12T23:53:19.326Z,2019-01-13T11:22:44.713Z,twins_calibevent_0046,46,46M12:01:37.465,46M23:12:36.093,46 11:09:36,46 22:20:32,323.187,323.456,323.2,35,7.368
urn:nasa:pds:insight_twins:data_calibrated:twins_calib_0047,2019-01-13T12:11:33.677Z,2019-01-14T12:50:53.208Z,twins_calib_0047,47,47M00:00:06.690,47M23:59:51.397,46 23:08:02,47 23:07:43,323.475,324.052,323.59,35,2.579
urn:nasa:pds:insight_twins:data_calibrated:twins_calib_0048,2019-01-14T12:51:02.208Z,2019-01-15T13:30:29.711Z,twins_calib_0048,48,48M00:00:00.156,48M23:59:52.623,47 23:07:51,48 23:07:40,324.052,324.627,324.16,35,2.34
urn:nasa:pds:insight_twins:data_calibrated:twins_calib_0049,2019-01-15T13:30:39.710Z,2019-01-16T14:10:08.172Z,twins_calib_0049,49,49M00:00:02.354,49M23:59:55.754,48 23:07:50,49 23:07:40,324.627,325.202,324.72,35,1.68
urn:nasa:pds:insight_twins:data_calibrated:twins_calibevent_0049,2019-01-16T01:52:04.878Z,2019-01-16T02:07:07.860Z,twins_calibevent_0049,49,49M12:01:37.291,49M12:16:16.112,49 11:09:23,49 11:24:02,324.915,324.921,324.72,35,0.184
urn:nasa:pds:insight_twins:data_calibrated:twins_calib_0050,2019-01-16T14:10:18.172Z,2019-01-17T14:49:46.632Z,twins_calib_0050,50,50M00:00:05.486,50M23:59:58.883,49 23:07:49,50 23:07:40,325.202,325.775,325.27,35,1.688
urn:nasa:pds:insight_twins:data_calibrated:twins_calib_0051,2019-01-17T14:49:56.632Z,2019-01-18T15:29:14.980Z,twins_calib_0051,51,51M00:00:08.616,51M23:59:52.172,50 23:07:50,51 23:07:31,325.775,326.348,326,35,1.676
urn:nasa:pds:insight_twins:data_calibrated:twins_calibevent_0051,2019-01-17T15:43:15.580Z,2019-01-17T16:00:18.563Z,twins_calibevent_0051,51,51M00:52:01.974,51M01:08:37.586,50 23:59:43,51 00:16:18,325.796,325.803,325.72,35,0.165
urn:nasa:pds:insight_twins:data_calibrated:twins_calib_0052,2019-01-18T15:29:24.980Z,2019-01-19T16:08:53.398Z,twins_calib_0052,52,52M00:00:01.904,52M23:59:55.261,51 23:07:40,52 23:07:32,326.348,326.919,326.56,35,1.668
urn:nasa:pds:insight_twins:data_calibrated:twins_calibevent_0052,2019-01-19T07:30:32.814Z,2019-01-19T13:02:42.544Z,twins_calibevent_0052,52,52M15:35:26.795,52M20:58:43.291,52 14:43:04,52 20:06:20,326.719,326.847,326.56,35,1.934
urn:nasa:pds:insight_twins:data_calibrated:twins_calib_0053,2019-01-19T16:09:03.398Z,2019-01-20T16:48:31.884Z,twins_calib_0053,53,53M00:00:04.994,53M23:59:58.417,52 23:07:41,53 23:07:33,326.919,327.49,327.11,35,1.86
urn:nasa:pds:insight_twins:data_calibrated:twins_calib_0054,2019-01-20T16:48:37.885Z,2019-01-21T17:28:06.346Z,twins_calib_0054,54,54M00:00:04.256,54M23:59:57.655,53 23:07:39,54 23:07:31,327.49,328.059,327.67,35,2.571
urn:nasa:pds:insight_twins:data_calibrated:twins_calibevent_0054,2019-01-20T17:34:34.844Z,2019-01-21T17:28:08.346Z,twins_calibevent_0054,54,54M00:44:47.452,54M23:59:59.602,53 23:52:22,54 23:07:33,327.507,328.059,327.67,35,15.36
urn:nasa:pds:insight_twins:data_calibrated:twins_calibevent_0055,2019-01-21T17:28:09.346Z,2019-01-22T08:20:57.249Z,twins_calibevent_0055,55,55M00:00:00.575,55M14:28:55.232,54 23:07:34,55 13:36:28,328.059,328.402,328.05,35,1.899
urn:nasa:pds:insight_twins:data_calibrated:twins_calib_0055,2019-01-21T17:28:10.346Z,2019-01-22T18:07:38.663Z,twins_calib_0055,55,55M00:00:01.548,55M23:59:54.807,54 23:07:35,55 23:07:28,328.059,328.627,328.22,35,2.583
urn:nasa:pds:insight_twins:data_calibrated:twins_calib_0056,2019-01-22T18:07:44.663Z,2019-01-23T18:47:10.871Z,twins_calib_0056,56,56M00:00:00.646,56M23:59:51.852,55 23:07:33,56 23:07:24,328.628,329.195,328.77,35,1.942
urn:nasa:pds:insight_twins:data_calibrated:twins_calib_0057,2019-01-23T18:47:20.870Z,2019-01-24T19:26:49.130Z,twins_calib_0057,57,57M00:00:01.584,57M23:59:54.786,56 23:07:34,57 23:07:28,329.195,329.761,329.32,35,1.688
urn:nasa:pds:insight_twins:data_calibrated:twins_calibevent_0057,2019-01-23T22:09:23.637Z,2019-01-24T08:43:53.789Z,twins_calibevent_0057,57,57M03:16:39.997,57M13:34:11.556,57 02:24:13,57 12:41:44,329.272,329.515,329.32,35,0.743
urn:nasa:pds:insight_twins:data_calibrated:twins_calib_0058,2019-01-24T19:26:59.130Z,2019-01-25T20:06:27.641Z,twins_calib_0058,58,58M00:00:04.519,58M23:59:57.966,57 23:07:37,58 23:07:31,329.761,330.327,329.88,35,2.141
urn:nasa:pds:insight_twins:data_calibrated:twins_calibevent_0058,2019-01-25T11:10:54.970Z,2019-01-25T11:45:01.940Z,twins_calibevent_0058,58,58M15:18:45.027,58M15:51:57.229,58 14:26:18,58 14:59:30,330.122,330.135,330.04,35,0.383
urn:nasa:pds:insight_twins:data_calibrated:twins_calib_0059,2019-01-25T20:06:32.641Z,2019-01-26T20:46:01.239Z,twins_calib_0059,59,59M00:00:02.832,59M23:59:56.364,58 23:07:36,59 23:07:31,330.327,330.891,330.43,35,2.586
urn:nasa:pds:insight_twins:data_calibrated:twins_calibevent_0059,2019-01-26T10:46:48.644Z,2019-01-26T11:03:51.627Z,twins_calibevent_0059,59,59M14:16:45.706,59M14:33:21.318,59 13:24:20,59 13:40:55,330.663,330.669,330.59,35,0.208
urn:nasa:pds:insight_twins:data_calibrated:twins_calib_0060,2019-01-26T20:46:06.239Z,2019-01-27T21:25:39.635Z,twins_calib_0060,60,60M00:00:01.231,60M23:59:59.432,59 23:07:36,60 23:07:35,330.891,331.455,330.97,35,2.586
urn:nasa:pds:insight_twins:data_calibrated:twins_calibevent_0060,2019-01-27T09:07:57.357Z,2019-01-27T11:39:32.171Z,twins_calibevent_0060,60,60M12:02:01.422,60M14:29:32.898,60 11:09:37,60 13:37:08,331.174,331.231,331.14,35,0.387
urn:nasa:pds:insight_twins:data_calibrated:twins_calib_0061,2019-01-27T21:25:44.635Z,2019-01-28T22:05:14.007Z,twins_calib_0061,61,61M00:00:04.298,61M23:59:58.583,60 23:07:40,61 23:07:36,331.455,332.017,331.69,35,2.321
urn:nasa:pds:insight_twins:data_calibrated:twins_calibevent_0061,2019-01-27T21:39:03.622Z,2019-01-28T10:24:26.633Z,twins_calibevent_0061,61,61M00:13:01.907,61M12:37:56.216,60 23:20:38,61 11:45:33,331.46,331.751,331.52,35,0.922
urn:nasa:pds:insight_twins:data_calibrated:twins_calib_0062,2019-01-28T22:05:24.007Z,2019-01-29T22:44:42.568Z,twins_calib_0062,62,62M00:00:08.315,62M23:59:52.079,61 23:07:46,62 23:07:32,332.017,332.578,332.23,35,1.688
urn:nasa:pds:insight_twins:data_calibrated:twins_calib_0063,2019-01-29T22:44:52.568Z,2019-01-30T23:24:21.308Z,twins_calib_0063,63,63M00:00:01.811,63M23:59:55.481,62 23:07:42,63 23:07:38,332.578,333.139,332.78,35,1.688
urn:nasa:pds:insight_twins:data_calibrated:twins_calibevent_0063,2019-01-30T18:20:12.493Z,2019-01-30T20:32:43.425Z,twins_calibevent_0063,63,63M19:03:54.926,63M21:12:53.125,63 18:11:37,63 20:20:36,333.024,333.074,332.89,35,1.461
urn:nasa:pds:insight_twins:data_calibrated:twins_calib_0064,2019-01-30T23:24:31.308Z,2019-02-01T00:04:00.090Z,twins_calib_0064,64,64M00:00:05.214,64M23:59:58.925,63 23:07:48,64 23:07:45,333.139,333.698,333.32,35,1.68
urn:nasa:pds:insight_twins:data_calibrated:twins_calibevent_0064,2019-01-31T14:16:25.393Z,2019-01-31T21:04:45.191Z,twins_calibevent_0064,64,64M14:28:07.492,64M21:05:31.781,64 13:35:52,64 20:13:17,333.476,333.63,333.43,35,4.059
urn:nasa:pds:insight_twins:data_calibrated:twins_calib_0065,2019-02-01T00:04:10.090Z,2019-02-02T00:43:28.788Z,twins_calib_0065,65,65M00:00:08.657,65M23:59:52.554,64 23:07:55,65 23:07:42,333.698,334.256,333.87,35,1.68
urn:nasa:pds:insight_twins:data_calibrated:twins_calibevent_0065,2019-02-01T08:54:37.580Z,2019-02-01T22:12:38.902Z,twins_calibevent_0065,65,65M08:36:24.580,65M21:33:04.804,65 07:44:12,65 20:40:54,333.899,334.2,333.98,35,3.844
urn:nasa:pds:insight_twins:data_calibrated:twins_calib_0066,2019-02-02T00:43:38.788Z,2019-02-03T01:23:09.032Z,twins_calib_0066,66,66M00:00:02.286,66M23:59:57.420,65 23:07:52,66 23:07:51,334.257,334.814,334.41,35,1.567
urn:nasa:pds:insight_twins:data_calibrated:twins_calibevent_0066,2019-02-02T12:40:10.689Z,2019-02-02T22:42:34.174Z,twins_calibevent_0066,66,66M11:37:23.909,66M21:23:40.350,66 10:45:15,66 20:31:34,334.527,334.753,334.52,35,1.497
urn:nasa:pds:insight_twins:data_calibrated:twins_calib_0067,2019-02-03T01:23:19.032Z,2019-02-04T02:02:39.599Z,twins_calib_0067,67,67M00:00:07.153,67M23:59:52.869,66 23:08:01,67 23:07:51,334.814,335.37,334.95,35,2.575
urn:nasa:pds:insight_twins:data_calibrated:twins_calibevent_0067,2019-02-03T21:09:24.786Z,2019-02-03T23:21:55.715Z,twins_calibevent_0067,67,67M19:14:28.817,67M21:23:27.013,67 18:22:26,67 20:31:25,335.26,335.31,335.17,35,1.454
urn:nasa:pds:insight_twins:data_calibrated:twins_calib_0068,2019-02-04T02:02:47.599Z,2019-02-05T02:42:18.232Z,twins_calib_0068,68,68M00:00:00.655,68M23:59:56.167,67 23:07:59,68 23:07:59,335.37,335.926,335.5,35,2.59
urn:nasa:pds:insight_twins:data_calibrated:twins_calib_0069,2019-02-05T02:42:26.232Z,2019-02-06T03:21:56.767Z,twins_calib_0069,69,69M00:00:03.953,69M23:59:59.370,68 23:08:07,69 23:08:07,335.926,336.48,336.14,35,2.583
urn:nasa:pds:insight_twins:data_calibrated:twins_calibevent_0069,2019-02-05T14:48:35.431Z,2019-02-05T15:05:38.409Z,twins_calibevent_0069,69,69M11:46:47.427,69M12:03:23.035,69 10:54:53,69 11:11:28,336.198,336.204,336.14,35,0.208
urn:nasa:pds:insight_twins:data_calibrated:twins_calib_0070,2019-02-06T03:22:04.767Z,2019-02-07T04:01:25.312Z,twins_calib_0070,70,70M00:00:07.156,70M23:59:52.850,69 23:08:15,70 23:08:06,336.48,337.034,336.68,35,2.583
urn:nasa:pds:insight_twins:data_calibrated:twins_calibevent_0070,2019-02-06T18:26:37.717Z,2019-02-06T21:19:43.585Z,twins_calibevent_0070,70,70M14:40:27.995,70M17:28:55.981,70 13:48:39,70 16:37:08,336.819,336.883,336.68,35,1.875
urn:nasa:pds:insight_twins:data_calibrated:twins_calib_0071,2019-02-07T04:01:33.312Z,2019-02-08T04:41:04.058Z,twins_calib_0071,71,71M00:00:00.635,71M23:59:56.258,70 23:08:14,71 23:08:16,337.034,337.586,337.22,35,2.571
urn:nasa:pds:insight_twins:data_calibrated:twins_calibevent_0071,2019-02-07T16:29:39.474Z,2019-02-08T04:23:04.070Z,twins_calibevent_0071,71,71M12:08:05.837,71M23:42:25.166,71 11:16:22,71 22:50:45,337.313,337.579,337.33,35,0.555
urn:nasa:pds:insight_twins:data_calibrated:twins_calib_0072,2019-02-08T04:41:12.058Z,2019-02-09T05:20:42.662Z,twins_calib_0072,72,72M00:00:04.044,72M23:59:59.528,71 23:08:24,72 23:08:25,337.586,338.138,337.76,35,2.575
urn:nasa:pds:insight_twins:data_calibrated:twins_calibevent_0072,2019-02-08T18:24:11.210Z,2019-02-08T18:56:18.178Z,twins_calibevent_0072,72,72M13:21:02.022,72M13:52:17.433,72 12:29:25,72 13:00:40,337.893,337.905,337.76,35,0.364
urn:nasa:pds:insight_twins:data_calibrated:twins_calib_0073,2019-02-09T05:20:50.661Z,2019-02-10T06:00:11.182Z,twins_calib_0073,73,73M00:00:07.313,73M23:59:52.984,72 23:08:33,73 23:08:25,338.138,338.688,338.29,35,2.583
urn:nasa:pds:insight_twins:data_calibrated:twins_calib_0074,2019-02-10T06:00:19.182Z,2019-02-11T06:39:49.709Z,twins_calib_0074,74,74M00:00:00.770,74M23:59:56.179,73 23:08:33,74 23:08:36,338.688,339.238,338.83,35,2.586
urn:nasa:pds:insight_twins:data_calibrated:twins_calibevent_0074,2019-02-10T22:14:31.075Z,2019-02-10T22:48:38.052Z,twins_calibevent_0074,74,74M15:48:08.742,74M16:21:20.950,74 14:56:46,74 15:29:58,339.05,339.063,338.94,35,0.391
urn:nasa:pds:insight_twins:data_calibrated:twins_calib_0075,2019-02-11T06:39:57.709Z,2019-02-12T07:19:26.133Z,twins_calib_0075,75,75M00:00:03.965,75M23:59:57.328,74 23:08:43,75 23:08:44,339.238,339.786,339.36,35,2.583
urn:nasa:pds:insight_twins:data_calibrated:twins_calibevent_0075,2019-02-11T18:31:38.864Z,2019-02-12T07:18:54.133Z,twins_calibevent_0075,75,75M11:32:42.621,75M23:59:26.184,75 10:41:26,75 23:08:13,339.502,339.786,339.47,35,1.125
urn:nasa:pds:insight_twins:data_calibrated:twins_calib_0076,2019-02-12T07:19:31.132Z,2019-02-13T07:59:02.443Z,twins_calib_0076,76,76M00:00:02.193,76M23:59:58.365,75 23:08:49,76 23:08:53,339.786,340.334,339.9,35,2.336
urn:nasa:pds:insight_twins:data_calibrated:twins_calibevent_0076,2019-02-12T22:28:59.922Z,2019-02-13T04:32:08.635Z,twins_calibevent_0076,76,76M14:45:10.957,76M20:38:36.698,76 13:54:03,76 19:47:30,340.123,340.257,340.16,35,0.672
urn:nasa:pds:insight_twins:data_calibrated:twins_calib_0077,2019-02-13T07:59:09.443Z,2019-02-14T08:38:30.802Z,twins_calib_0077,77,77M00:00:05.178,77M23:59:51.665,76 23:09:00,77 23:08:54,340.334,340.88,340.43,35,2.583
urn:nasa:pds:insight_twins:data_calibrated:twins_calibevent_0077,2019-02-13T20:55:04.446Z,2019-02-13T21:27:11.406Z,twins_calibevent_0077,77,77M12:35:14.569,77M13:06:29.972,77 11:44:13,77 12:15:29,340.62,340.632,340.43,35,0.364
urn:nasa:pds:insight_twins:data_calibrated:twins_calib_0078,2019-02-14T08:38:39.802Z,2019-02-15T09:18:12.186Z,twins_calib_0078,78,78M00:00:00.424,78M23:59:57.641,77 23:09:03,78 23:09:09,340.88,341.426,340.96,35,2.583
urn:nasa:pds:insight_twins:data_calibrated:twins_calibevent_0078,2019-02-14T22:09:38.865Z,2019-02-15T08:56:41.210Z,twins_calibevent_0078,78,78M13:09:17.580,78M23:39:01.206,78 12:18:25,78 22:48:12,341.179,341.418,341.23,35,1.125
urn:nasa:pds:insight_twins:data_calibrated:twins_calib_0079,2019-02-15T09:18:19.186Z,2019-02-16T09:57:47.538Z,twins_calib_0079,79,79M00:00:04.454,79M23:59:57.746,78 23:09:16,79 23:09:18,341.426,341.97,341.6,35,2.583
urn:nasa:pds:insight_twins:data_calibrated:twins_calibevent_0079,2019-02-15T20:52:01.289Z,2019-02-16T09:57:49.538Z,twins_calibevent_0079,79,79M11:15:12.928,79M23:59:59.693,79 10:24:28,79 23:09:20,341.681,341.97,341.76,35,8.458
urn:nasa:pds:insight_twins:data_calibrated:twins_calib_0080,2019-02-16T09:57:50.538Z,2019-02-17T10:37:21.871Z,twins_calib_0080,80,80M00:00:00.666,80M23:59:56.859,79 23:09:21,80 23:09:26,341.97,342.514,342.13,35,2.586
urn:nasa:pds:insight_twins:data_calibrated:twins_calibevent_0080,2019-02-16T09:57:50.538Z,2019-02-17T03:05:44.309Z,twins_calibevent_0080,80,80M00:00:00.666,80M16:40:24.311,79 23:09:21,80 15:49:51,341.97,342.348,342.02,35,10.211
urn:nasa:pds:insight_twins:data_calibrated:twins_calib_0081,2019-02-17T10:37:25.871Z,2019-02-18T11:16:56.217Z,twins_calib_0081,81,81M00:00:00.752,81M23:59:55.985,80 23:09:30,81 23:09:35,342.514,343.057,342.66,35,2.586
urn:nasa:pds:insight_twins:data_calibrated:twins_calibevent_0081,2019-02-17T23:53:19.829Z,2019-02-18T02:39:58.637Z,twins_calibevent_0081,81,81M12:54:37.020,81M15:36:48.302,81 12:04:11,81 14:46:24,342.806,342.867,342.66,35,1.075
urn:nasa:pds:insight_twins:data_calibrated:twins_calib_0082,2019-02-18T11:17:04.217Z,2019-02-19T11:56:34.566Z,twins_calib_0082,82,82M00:00:03.771,82M23:59:59.007,81 23:09:42,82 23:09:47,343.057,343.599,343.18,35,2.579
urn:nasa:pds:insight_twins:data_calibrated:twins_calibevent_0082,2019-02-19T00:47:57.242Z,2019-02-19T03:34:36.058Z,twins_calibevent_0082,82,82M13:09:15.050,82M15:51:26.341,82 12:18:59,82 15:01:11,343.354,343.415,343.34,35,0.567
urn:nasa:pds:insight_twins:data_calibrated:twins_calib_0083,2019-02-19T11:56:39.566Z,2019-02-20T12:36:07.960Z,twins_calib_0083,83,83M00:00:03.874,83M23:59:57.207,82 23:09:52,83 23:09:56,343.599,344.139,343.71,35,2.575
urn:nasa:pds:insight_twins:data_calibrated:twins_calibevent_0083,2019-02-20T01:00:07.575Z,2019-02-20T01:49:18.516Z,twins_calibevent_0083,83,83M12:42:34.150,83M13:30:26.137,83 11:52:28,83 12:40:20,343.885,343.903,343.71,35,0.543
urn:nasa:pds:insight_twins:data_calibrated:twins_calib_0084,2019-02-20T12:36:12.960Z,2019-02-21T13:15:41.232Z,twins_calib_0084,84,84M00:00:02.073,84M23:59:55.287,83 23:10:01,84 23:10:04,344.139,344.679,344.24,35,2.579
urn:nasa:pds:insight_twins:data_calibrated:twins_calib_0085,2019-02-21T13:15:46.232Z,2019-02-22T13:55:19.730Z,twins_calib_0085,85,85M00:00:00.153,85M23:59:58.454,84 23:10:09,85 23:10:18,344.679,345.218,344.76,35,2.583
urn:nasa:pds:insight_twins:data_calibrated:twins_calib_0086,2019-02-22T13:55:24.730Z,2019-02-23T14:34:53.358Z,twins_calib_0086,86,86M00:00:03.320,86M23:59:56.882,85 23:10:23,86 23:10:28,345.218,345.756,345.29,35,2.575
urn:nasa:pds:insight_twins:data_calibrated:twins_calibevent_0086,2019-02-23T13:44:17.400Z,2019-02-23T14:01:20.386Z,twins_calibevent_0086,86,86M23:10:42.153,86M23:27:17.768,86 22:21:13,86 22:37:48,345.738,345.744,345.6,35,0.2
urn:nasa:pds:insight_twins:data_calibrated:twins_calib_0087,2019-02-23T14:34:58.358Z,2019-02-24T15:14:26.961Z,twins_calib_0087,87,87M00:00:01.748,87M23:59:55.285,86 23:10:33,87 23:10:37,345.756,346.293,345.97,35,2.583
urn:nasa:pds:insight_twins:data_calibrated:twins_calib_0088,2019-02-24T15:14:31.961Z,2019-02-25T15:54:05.561Z,twins_calib_0088,88,88M00:00:00.151,88M23:59:58.550,87 23:10:42,88 23:10:52,346.293,346.829,346.49,35,2.586
urn:nasa:pds:insight_twins:data_calibrated:twins_calibevent_0088,2019-02-25T06:31:45.971Z,2019-02-25T07:05:52.939Z,twins_calibevent_0088,88,88M14:52:41.687,88M15:25:53.887,88 14:03:31,88 14:36:43,346.625,346.638,346.49,35,0.391
urn:nasa:pds:insight_twins:data_calibrated:twins_calib_0089,2019-02-25T15:54:10.561Z,2019-02-26T16:33:39.014Z,twins_calib_0089,89,89M00:00:03.417,89M23:59:56.807,88 23:10:57,89 23:11:03,346.829,347.364,347.01,35,2.579
urn:nasa:pds:insight_twins:data_calibrated:twins_calibevent_0089,2019-02-26T07:06:41.471Z,2019-02-26T07:38:48.440Z,twins_calibevent_0089,89,89M14:48:09.428,89M15:19:24.840,89 13:59:11,89 14:30:26,347.159,347.171,347.01,35,0.36
urn:nasa:pds:insight_twins:data_calibrated:twins_calib_0090,2019-02-26T16:33:44.014Z,2019-02-27T17:13:17.325Z,twins_calib_0090,90,90M00:00:01.674,90M23:59:59.793,89 23:11:07,90 23:11:18,347.364,347.898,347.53,35,2.575
urn:nasa:pds:insight_twins:data_calibrated:twins_calib_0091,2019-02-27T17:13:22.324Z,2019-02-28T17:52:50.672Z,twins_calib_0091,91,91M00:00:04.658,91M23:59:57.947,90 23:11:23,91 23:11:28,347.898,348.431,348.05,35,2.575
urn:nasa:pds:insight_twins:data_calibrated:twins_calibevent_0091,2019-02-28T07:38:37.195Z,2019-02-28T08:10:44.160Z,twins_calibevent_0091,91,91M14:02:10.510,91M14:33:25.918,91 13:13:36,91 13:44:51,348.21,348.222,348.05,35,0.364
urn:nasa:pds:insight_twins:data_calibrated:twins_calib_0092,2019-02-28T17:52:59.672Z,2019-03-01T12:18:09.307Z,twins_calib_0092,92,92M00:00:06.706,92M17:55:42.180,91 23:11:37,92 17:07:22,348.431,348.829,348.57,35,1.809
urn:nasa:pds:insight_twins:data_calibrated:twins_calibevent_0092,2019-03-01T03:42:13.987Z,2019-03-01T05:05:32.872Z,twins_calibevent_0092,92,92M09:33:35.091,92M10:54:40.227,92 08:45:11,92 10:06:17,348.644,348.674,348.57,35,0.368
urn:nasa:pds:insight_twins:data_calibrated:twins_calib_0094,2019-03-03T01:51:27.642Z,2019-03-03T19:51:36.675Z,twins_calib_0094,94,94M06:28:43.188,94M23:59:58.210,94 05:40:43,94 23:12:08,349.638,350.026,349.6,35,1.868
urn:nasa:pds:insight_twins:data_calibrated:twins_calib_0095,2019-03-03T19:51:41.675Z,2019-03-04T20:31:10.366Z,twins_calib_0095,95,95M00:00:03.076,95M23:59:56.699,94 23:12:13,95 23:12:20,350.026,350.555,350.12,35,2.583
urn:nasa:pds:insight_twins:data_calibrated:twins_calib_0096,2019-03-04T20:31:15.366Z,2019-03-05T21:10:48.982Z,twins_calib_0096,96,96M00:00:01.565,96M23:59:59.980,95 23:12:25,96 23:12:37,350.555,351.084,350.63,35,2.586
urn:nasa:pds:insight_twins:data_calibrated:twins_calib_0097,2019-03-05T21:10:53.982Z,2019-03-06T21:50:22.609Z,twins_calib_0097,97,97M00:00:04.846,97M23:59:58.407,96 23:12:42,97 23:12:50,351.084,351.611,351.3,35,2.579
urn:nasa:pds:insight_twins:data_calibrated:twins_calib_0098,2019-03-06T21:50:27.608Z,2019-03-07T22:29:51.211Z,twins_calib_0098,98,98M00:00:03.272,98M23:59:51.943,97 23:12:55,98 23:12:58,351.611,352.138,351.82,35,2.575
urn:nasa:pds:insight_twins:data_calibrated:twins_calib_0099,2019-03-07T22:30:00.210Z,2019-03-08T23:09:33.685Z,twins_calib_0099,99,99M00:00:00.701,99M23:59:58.979,98 23:13:07,99 23:13:20,352.138,352.664,352.33,35,2.301
urn:nasa:pds:insight_twins:data_calibrated:twins_calibevent_0099,2019-03-08T19:21:06.877Z,2019-03-08T19:55:13.851Z,twins_calibevent_0099,99,99M20:17:38.906,99M20:50:51.112,99 19:30:57,99 20:04:10,352.583,352.595,352.43,35,0.368
urn:nasa:pds:insight_twins:data_calibrated:twins_calib_0100,2019-03-08T23:09:43.685Z,2019-03-09T23:49:02.193Z,twins_calib_0100,100,100M00:00:08.712,100M23:59:52.423,99 23:13:29,100 23:13:28,352.664,353.189,352.84,35,1.672
urn:nasa:pds:insight_twins:data_calibrated:twins_calibevent_0100,2019-03-09T11:11:12.806Z,2019-03-09T11:28:15.784Z,twins_calibevent_0100,100,100M11:42:19.601,100M11:58:55.209,100 10:55:47,100 11:12:23,352.92,352.926,352.84,35,0.208
urn:nasa:pds:insight_twins:data_calibrated:twins_calib_0101,2019-03-09T23:49:12.193Z,2019-03-11T00:28:40.525Z,twins_calib_0101,101,101M00:00:02.155,101M23:59:55.428,100 23:13:38,101 23:13:46,353.189,353.713,353.35,35,1.676
urn:nasa:pds:insight_twins:data_calibrated:twins_calib_0102,2019-03-11T00:28:50.524Z,2019-03-12T01:08:18.885Z,twins_calib_0102,102,102M00:00:05.160,102M23:59:58.461,101 23:13:56,102 23:14:04,353.713,354.236,353.86,35,2.008
urn:nasa:pds:insight_twins:data_calibrated:twins_calibevent_0102,2019-03-11T15:38:47.378Z,2019-03-11T15:55:50.362Z,twins_calibevent_0102,102,102M14:45:41.237,102M15:02:16.850,102 13:59:41,102 14:16:17,354.035,354.041,353.96,35,0.204
urn:nasa:pds:insight_twins:data_calibrated:twins_calib_0103,2019-03-12T01:08:23.885Z,2019-03-13T01:47:53.220Z,twins_calib_0103,103,103M00:00:03.328,103M23:59:57.577,102 23:14:09,103 23:14:19,354.237,354.759,354.37,35,2.579
urn:nasa:pds:insight_twins:data_calibrated:twins_calibevent_0103,2019-03-12T14:43:50.862Z,2019-03-12T15:15:57.823Z,twins_calibevent_0103,103,103M13:13:41.229,103M13:44:56.632,103 12:27:56,103 12:59:12,354.525,354.536,354.47,35,0.364
urn:nasa:pds:insight_twins:data_calibrated:twins_calib_0104,2019-03-13T01:47:57.220Z,2019-03-14T02:27:25.529Z,twins_calib_0104,104,104M00:00:01.470,104M23:59:54.720,103 23:14:23,104 23:14:32,354.759,355.28,354.88,35,2.567
urn:nasa:pds:insight_twins:data_calibrated:twins_calib_0105,2019-03-14T02:27:31.529Z,2019-03-15T03:07:04.788Z,twins_calib_0105,105,105M00:00:00.559,105M23:59:58.628,104 23:14:38,105 23:14:52,355.28,355.801,355.49,35,1.875
urn:nasa:pds:insight_twins:data_calibrated:twins_calibevent_0105,2019-03-14T14:50:56.566Z,2019-03-14T22:30:58.053Z,twins_calibevent_0105,105,105M12:03:32.157,105M19:31:15.147,105 11:18:18,105 18:46:06,355.542,355.704,355.49,35,2.247
urn:nasa:pds:insight_twins:data_calibrated:twins_calib_0106,2019-03-15T03:07:14.788Z,2019-03-16T03:46:33.145Z,twins_calib_0106,106,106M00:00:08.360,106M23:59:51.925,105 23:15:02,106 23:15:02,355.801,356.32,355.99,35,1.68
urn:nasa:pds:insight_twins:data_calibrated:twins_calib_0107,2019-03-16T03:46:43.145Z,2019-03-17T04:26:13.541Z,twins_calib_0107,107,107M00:00:01.658,107M23:59:56.939,106 23:15:11,107 23:15:23,356.321,356.839,356.5,35,1.77
urn:nasa:pds:insight_twins:data_calibrated:twins_calib_0108,2019-03-17T04:26:21.541Z,2019-03-17T22:44:57.258Z,twins_calib_0108,108,108M00:00:04.725,108M17:49:16.821,107 23:15:31,108 17:04:55,356.839,357.224,357,35,1.918
urn:nasa:pds:insight_twins:data_calibrated:twins_calibevent_0108,2019-03-17T14:12:39.822Z,2019-03-17T18:30:56.493Z,twins_calibevent_0108,108,108M09:30:41.786,108M13:42:03.833,108 08:46:15,108 12:57:40,357.045,357.135,357,35,2.25
urn:nasa:pds:insight_twins:data_calibrated:twins_calib_0112,2019-03-21T16:22:37.193Z,2019-03-22T07:44:10.019Z,twins_calib_0112,112,112M09:03:03.763,112M23:59:57.190,112 08:19:44,112 23:16:49,359.1,359.421,359.11,35,1.555
urn:nasa:pds:insight_twins:data_calibrated:twins_calib_0113,2019-03-22T07:44:15.019Z,2019-03-23T08:23:42.299Z,twins_calib_0113,113,113M00:00:02.057,113M23:59:54.306,112 23:16:54,113 23:17:04,359.421,359.934,359.51,35,1.602
urn:nasa:pds:insight_twins:data_calibrated:twins_calibevent_0113,2019-03-22T10:22:01.819Z,2019-03-23T04:27:31.502Z,twins_calibevent_0113,113,113M02:33:35.566,113M20:10:02.658,113 01:50:29,113 19:27:09,359.475,359.852,359.51,35,2.407
urn:nasa:pds:insight_twins:data_calibrated:twins_calib_0114,2019-03-23T08:23:52.299Z,2019-03-24T09:03:20.683Z,twins_calib_0114,114,114M00:00:04.038,114M23:59:57.361,113 23:17:13,114 23:17:25,359.934,0.447,0.01,35,2.184
urn:nasa:pds:insight_twins:data_calibrated:twins_calibevent_0114,2019-03-23T21:33:54.303Z,2019-03-24T05:43:40.850Z,twins_calibevent_0114,114,114M12:48:57.768,114M20:45:38.057,114 12:06:17,114 20:03:03,0.208,0.378,0.26,35,1.372
urn:nasa:pds:insight_twins:data_calibrated:twins_calib_0115,2019-03-24T09:03:23.683Z,2019-03-25T09:42:52.164Z,twins_calib_0115,115,115M00:00:00.281,115M23:59:53.700,114 23:17:27,115 23:17:39,0.447,0.959,0.61,35,2.458
urn:nasa:pds:insight_twins:data_calibrated:twins_calibevent_0115,2019-03-24T23:29:01.631Z,2019-03-25T03:21:56.424Z,twins_calibevent_0115,115,115M14:02:28.593,115M17:49:09.481,115 13:20:06,115 17:06:50,0.747,0.827,0.76,35,0.692
urn:nasa:pds:insight_twins:data_calibrated:twins_calib_0116,2019-03-25T09:42:59.164Z,2019-03-26T10:22:31.619Z,twins_calib_0116,116,116M00:00:00.512,116M23:59:57.797,115 23:17:46,116 23:18:01,0.959,1.47,1.11,35,2.481
urn:nasa:pds:insight_twins:data_calibrated:twins_calibevent_0116,2019-03-25T22:39:21.248Z,2019-03-26T08:03:15.746Z,twins_calibevent_0116,116,116M12:35:36.260,116M21:44:25.492,116 11:53:31,116 21:02:27,1.228,1.422,1.26,35,2.313
urn:nasa:pds:insight_twins:data_calibrated:twins_calib_0117,2019-03-26T10:22:37.619Z,2019-03-27T11:02:05.135Z,twins_calib_0117,117,117M00:00:03.637,117M23:59:56.116,116 23:18:07,117 23:18:18,1.47,1.981,1.61,35,2.536
urn:nasa:pds:insight_twins:data_calibrated:twins_calibevent_0117,2019-03-26T20:39:51.853Z,2019-03-27T01:15:37.536Z,twins_calibevent_0117,117,117M10:00:46.994,117M14:29:09.986,117 09:18:58,117 13:47:24,1.683,1.779,1.51,35,0.942
urn:nasa:pds:insight_twins:data_calibrated:twins_calib_0118,2019-03-27T11:02:10.135Z,2019-03-28T11:41:43.682Z,twins_calib_0118,118,118M00:00:00.982,118M23:59:59.330,117 23:18:23,118 23:18:40,1.981,2.49,2.1,35,2.579
urn:nasa:pds:insight_twins:data_calibrated:twins_calibevent_0118,2019-03-27T18:55:57.608Z,2019-03-28T11:05:27.711Z,twins_calibevent_0118,118,118M07:41:07.858,118M23:24:41.579,118 06:59:36,118 22:43:21,2.144,2.478,2.25,35,1.645
urn:nasa:pds:insight_twins:data_calibrated:twins_calib_0119,2019-03-28T11:41:48.682Z,2019-03-29T12:21:17.139Z,twins_calib_0119,119,119M00:00:04.196,119M23:59:57.591,118 23:18:44,119 23:18:57,2.49,2.999,2.6,35,2.567
urn:nasa:pds:insight_twins:data_calibrated:twins_calibevent_0119,2019-03-28T22:58:49.871Z,2019-03-29T12:21:19.139Z,twins_calibevent_0119,119,119M10:58:58.538,119M23:59:59.538,119 10:17:47,119 23:18:59,2.723,2.999,2.75,35,7.422
urn:nasa:pds:insight_twins:data_calibrated:twins_calibevent_0120,2019-03-29T12:21:20.139Z,2019-03-29T18:19:24.732Z,twins_calibevent_0120,120,120M00:00:00.511,120M05:48:30.269,119 23:19:00,120 05:07:34,2.999,3.122,2.99,35,3.872
urn:nasa:pds:insight_twins:data_calibrated:twins_calib_0120,2019-03-29T12:21:22.139Z,2019-03-29T18:31:36.716Z,twins_calib_0120,120,120M00:00:02.458,120M06:00:22.668,119 23:19:01,120 05:19:26,2.999,3.126,2.99,35,0.661
urn:nasa:pds:insight_twins:data_calibrated:twins_calib_0123,2019-04-01T21:26:39.734Z,2019-04-02T14:59:37.352Z,twins_calib_0123,123,123M06:55:09.592,123M23:59:56.848,123 06:15:11,123 23:20:12,4.666,5.026,4.72,35,1.821
urn:nasa:pds:insight_twins:data_calibrated:twins_calibevent_0123,2019-04-02T02:26:20.253Z,2019-04-02T03:00:27.200Z,twins_calibevent_0123,123,123M11:46:49.030,123M12:20:01.209,123 11:06:55,123 11:40:07,4.769,4.78,4.72,35,0.387
urn:nasa:pds:insight_twins:data_calibrated:twins_calib_0124,2019-04-02T14:59:43.351Z,2019-04-03T15:39:15.453Z,twins_calib_0124,124,124M00:00:02.687,124M23:59:59.629,123 23:20:18,124 23:20:34,5.026,5.531,5.21,35,2.563
urn:nasa:pds:insight_twins:data_calibrated:twins_calibevent_0124,2019-04-03T04:21:27.198Z,2019-04-03T04:36:30.177Z,twins_calibevent_0124,124,124M13:00:19.482,124M13:14:58.301,124 12:20:45,124 12:35:24,5.3,5.305,5.21,35,0.184
urn:nasa:pds:insight_twins:data_calibrated:twins_calib_0125,2019-04-03T15:39:21.453Z,2019-04-04T16:18:49.616Z,twins_calib_0125,125,125M00:00:05.469,125M23:59:58.578,124 23:20:40,125 23:20:53,5.531,6.035,5.7,35,2.567
urn:nasa:pds:insight_twins:data_calibrated:twins_calib_0126,2019-04-04T16:18:53.616Z,2019-04-05T16:58:21.939Z,twins_calib_0126,126,126M00:00:02.471,126M23:59:55.734,125 23:20:57,126 23:21:10,6.035,6.538,6.19,35,2.571
urn:nasa:pds:insight_twins:data_calibrated:twins_calib_0127,2019-04-05T16:58:27.939Z,2019-04-06T17:38:00.402Z,twins_calib_0127,127,127M00:00:01.574,127M23:59:58.868,126 23:21:16,127 23:21:33,6.538,7.04,6.68,35,2.575
urn:nasa:pds:insight_twins:data_calibrated:twins_calibevent_0127,2019-04-06T00:29:49.432Z,2019-04-06T06:37:05.950Z,twins_calibevent_0127,127,127M07:19:18.483,127M13:16:45.398,127 06:40:39,127 12:38:10,6.691,6.816,6.68,35,1.438
urn:nasa:pds:insight_twins:data_calibrated:twins_calib_0128,2019-04-06T17:38:05.402Z,2019-04-07T18:17:33.939Z,twins_calib_0128,128,128M00:00:03.734,128M23:59:57.206,127 23:21:38,128 23:21:51,7.04,7.542,7.17,35,2.571
urn:nasa:pds:insight_twins:data_calibrated:twins_calibevent_0128,2019-04-07T08:21:13.347Z,2019-04-07T10:50:48.228Z,twins_calibevent_0128,128,128M14:19:33.949,128M16:45:08.701,128 13:41:20,128 16:06:57,7.34,7.39,7.17,35,1.583
urn:nasa:pds:insight_twins:data_calibrated:twins_calib_0129,2019-04-07T18:17:38.939Z,2019-04-08T18:57:07.324Z,twins_calib_0129,129,129M00:00:02.072,129M23:59:55.397,128 23:21:56,129 23:22:09,7.542,8.043,7.66,35,2.575
urn:nasa:pds:insight_twins:data_calibrated:twins_calibevent_0129,2019-04-08T08:24:11.901Z,2019-04-08T08:39:14.882Z,twins_calibevent_0129,129,129M13:43:56.032,129M13:58:34.854,129 13:06:01,129 13:20:40,7.829,7.834,7.66,35,0.184
urn:nasa:pds:insight_twins:data_calibrated:twins_calib_0130,2019-04-08T18:57:12.324Z,2019-04-09T19:36:45.629Z,twins_calib_0130,130,130M00:00:00.263,130M23:59:58.375,129 23:22:14,130 23:22:33,8.043,8.543,8.15,35,2.567
urn:nasa:pds:insight_twins:data_calibrated:twins_calibevent_0130,2019-04-09T06:46:28.436Z,2019-04-09T10:56:27.147Z,twins_calibevent_0130,130,130M11:30:17.756,130M15:33:35.166,130 10:52:41,130 14:56:02,8.283,8.367,8.15,35,1.098
urn:nasa:pds:insight_twins:data_calibrated:twins_calib_0131,2019-04-09T19:36:50.629Z,2019-04-10T20:16:18.831Z,twins_calib_0131,131,131M00:00:03.242,131M23:59:56.388,130 23:22:37,131 23:22:51,8.543,9.042,8.63,35,2.571
urn:nasa:pds:insight_twins:data_calibrated:twins_calibevent_0131,2019-04-10T00:52:42.239Z,2019-04-10T02:24:00.120Z,twins_calibevent_0131,131,131M05:07:27.788,131M06:36:19.105,131 04:30:06,131 05:58:59,8.649,8.68,8.49,35,1.016
urn:nasa:pds:insight_twins:data_calibrated:twins_calib_0132,2019-04-10T20:16:23.831Z,2019-04-11T20:55:56.168Z,twins_calib_0132,132,132M00:00:01.255,132M23:59:58.426,131 23:22:56,132 23:23:13,9.042,9.541,9.12,35,2.567
urn:nasa:pds:insight_twins:data_calibrated:twins_calibevent_0132,2019-04-11T11:44:40.580Z,2019-04-11T20:13:29.209Z,twins_calibevent_0132,132,132M15:03:27.798,132M23:18:39.612,132 14:26:35,132 22:41:54,9.355,9.526,9.36,35,5.34
urn:nasa:pds:insight_twins:data_calibrated:twins_calib_0133,2019-04-11T20:56:02.168Z,2019-04-12T21:35:30.804Z,twins_calib_0133,133,133M00:00:04.265,133M23:59:57.834,132 23:23:19,133 23:23:33,9.541,10.039,9.6,35,2.567
urn:nasa:pds:insight_twins:data_calibrated:twins_calibevent_0133,2019-04-12T05:59:45.534Z,2019-04-12T21:35:32.804Z,twins_calibevent_0133,133,133M08:49:14.770,133M23:59:59.780,133 08:12:37,133 23:23:35,9.724,10.039,9.85,35,9.958
urn:nasa:pds:insight_twins:data_calibrated:twins_calibevent_0134,2019-04-12T21:35:33.804Z,2019-04-13T14:29:04.612Z,twins_calibevent_0134,134,134M00:00:00.753,134M16:26:24.525,133 23:23:36,134 15:50:14,10.039,10.379,10.09,35,6.84
urn:nasa:pds:insight_twins:data_calibrated:twins_calib_0134,2019-04-12T21:35:34.804Z,2019-04-13T22:14:59.237Z,twins_calib_0134,134,134M00:00:01.727,134M23:59:51.205,133 23:23:37,134 23:23:47,10.039,10.536,10.23,35,2.536
urn:nasa:pds:insight_twins:data_calibrated:twins_calib_0135,2019-04-13T22:15:09.237Z,2019-04-14T22:54:37.603Z,twins_calib_0135,135,135M00:00:00.938,135M23:59:54.243,134 23:23:57,135 23:24:11,10.536,11.032,10.72,35,1.668
urn:nasa:pds:insight_twins:data_calibrated:twins_calibevent_0135,2019-04-14T13:29:25.069Z,2019-04-14T14:03:32.028Z,twins_calibevent_0135,135,135M14:49:49.063,135M15:23:01.254,135 14:13:58,135 14:47:11,10.842,10.854,10.72,35,0.379
urn:nasa:pds:insight_twins:data_calibrated:twins_calib_0136,2019-04-14T22:54:47.602Z,2019-04-15T23:34:16.072Z,twins_calib_0136,136,136M00:00:03.975,136M23:59:57.382,135 23:24:21,136 23:24:35,11.032,11.528,11.2,35,1.668
urn:nasa:pds:insight_twins:data_calibrated:twins_calib_0137,2019-04-15T23:34:26.072Z,2019-04-17T00:13:44.695Z,twins_calib_0137,137,137M00:00:07.115,137M23:59:50.938,136 23:24:45,137 23:24:50,11.528,12.023,11.68,35,1.668
urn:nasa:pds:insight_twins:data_calibrated:twins_calibevent_0137,2019-04-16T18:31:14.901Z,2019-04-16T18:48:17.892Z,twins_calibevent_0137,137,137M18:26:30.968,137M18:43:06.589,137 17:51:25,137 18:08:01,11.908,11.914,11.78,35,0.204
urn:nasa:pds:insight_twins:data_calibrated:twins_calib_0138,2019-04-17T00:13:54.695Z,2019-04-18T00:53:27.441Z,twins_calib_0138,138,138M00:00:00.670,138M23:59:58.239,137 23:24:59,138 23:25:18,12.023,12.517,12.16,35,2.11
urn:nasa:pds:insight_twins:data_calibrated:twins_calibevent_0138,2019-04-17T12:48:27.870Z,2019-04-17T15:29:46.735Z,twins_calibevent_0138,138,138M12:14:22.530,138M14:51:22.430,138 11:39:32,138 14:16:34,12.275,12.329,12.26,35,0.661
urn:nasa:pds:insight_twins:data_calibrated:twins_calib_0139,2019-04-18T00:53:33.441Z,2019-04-19T01:33:02.083Z,twins_calib_0139,139,139M00:00:04.079,139M23:59:57.654,138 23:25:24,139 23:25:38,12.517,13.01,12.64,35,2.145
urn:nasa:pds:insight_twins:data_calibrated:twins_calib_0140,2019-04-19T01:33:08.083Z,2019-04-20T02:12:36.558Z,twins_calib_0140,140,140M00:00:03.493,140M23:59:56.905,139 23:25:44,140 23:25:59,13.01,13.503,13.12,35,2.567
urn:nasa:pds:insight_twins:data_calibrated:twins_calibevent_0140,2019-04-19T02:50:56.009Z,2019-04-19T14:18:49.132Z,twins_calibevent_0140,140,140M01:15:46.525,140M12:25:15.357,140 00:41:28,140 11:51:07,13.036,13.265,12.98,35,4.11
urn:nasa:pds:insight_twins:data_calibrated:twins_calib_0141,2019-04-20T02:12:42.558Z,2019-04-21T02:52:11.128Z,twins_calib_0141,141,141M00:00:02.744,141M23:59:56.249,140 23:26:05,141 23:26:19,13.503,13.995,13.6,35,2.571
urn:nasa:pds:insight_twins:data_calibrated:twins_calibevent_0141,2019-04-20T13:01:15.796Z,2019-04-20T14:08:17.719Z,twins_calibevent_0141,141,141M10:31:14.831,141M11:36:29.145,141 09:57:26,141 11:02:41,13.719,13.741,13.6,35,0.579
urn:nasa:pds:insight_twins:data_calibrated:twins_calib_0142,2019-04-21T02:52:15.128Z,2019-04-22T03:31:45.551Z,twins_calib_0142,142,142M00:00:00.142,142M23:59:55.450,141 23:26:23,142 23:26:40,13.995,14.486,14.18,35,2.571
urn:nasa:pds:insight_twins:data_calibrated:twins_calibevent_0142,2019-04-21T04:06:27.058Z,2019-04-21T07:27:18.835Z,twins_calibevent_0142,142,142M01:12:12.958,142M04:27:42.280,142 00:38:37,142 03:54:09,14.02,14.087,13.94,35,2.184
urn:nasa:pds:insight_twins:data_calibrated:twins_calib_0143,2019-04-22T03:31:53.551Z,2019-04-23T04:11:19.875Z,twins_calib_0143,143,143M00:00:03.236,143M23:59:54.555,142 23:26:48,143 23:27:00,14.486,14.977,14.66,35,1.895
urn:nasa:pds:insight_twins:data_calibrated:twins_calibevent_0143,2019-04-22T04:07:16.519Z,2019-04-22T07:28:03.315Z,twins_calibevent_0143,143,143M00:34:29.403,143M03:49:53.878,143 00:01:14,143 03:16:42,14.498,14.565,14.42,35,2.192
urn:nasa:pds:insight_twins:data_calibrated:twins_calib_0144,2019-04-23T04:11:29.874Z,2019-04-24T04:50:58.229Z,twins_calib_0144,144,144M00:00:04.286,144M23:59:57.582,143 23:27:10,144 23:27:25,14.977,15.467,15.13,35,1.852
urn:nasa:pds:insight_twins:data_calibrated:twins_calibevent_0144,2019-04-23T05:41:44.772Z,2019-04-23T05:58:47.751Z,twins_calibevent_0144,144,144M01:27:54.305,144M01:44:29.914,144 00:55:02,144 01:11:37,15.007,15.013,14.89,35,0.204
urn:nasa:pds:insight_twins:data_calibrated:twins_calib_0145,2019-04-24T04:51:03.228Z,2019-04-25T05:30:31.693Z,twins_calib_0145,145,145M00:00:02.447,145M23:59:55.849,144 23:27:30,145 23:27:45,15.467,15.956,15.61,35,2.567
urn:nasa:pds:insight_twins:data_calibrated:twins_calib_0146,2019-04-25T05:30:36.693Z,2019-04-26T06:10:10.180Z,twins_calib_0146,146,146M00:00:00.715,146M23:59:59.006,145 23:27:50,146 23:28:10,15.956,16.445,16.09,35,2.571
urn:nasa:pds:insight_twins:data_calibrated:twins_calib_0147,2019-04-26T06:10:15.180Z,2019-04-27T06:49:43.496Z,twins_calib_0147,147,147M00:00:03.872,147M23:59:57.129,146 23:28:14,147 23:28:29,16.445,16.933,16.56,35,2.575
urn:nasa:pds:insight_twins:data_calibrated:twins_calib_0148,2019-04-27T06:49:48.496Z,2019-04-28T07:29:16.808Z,twins_calib_0148,148,148M00:00:01.995,148M23:59:55.249,147 23:28:34,148 23:28:49,16.933,17.42,17.04,35,2.575
urn:nasa:pds:insight_twins:data_calibrated:twins_calibevent_0148,2019-04-27T18:41:00.552Z,2019-04-27T18:58:03.528Z,twins_calibevent_0148,148,148M11:32:12.330,148M11:48:47.936,148 11:00:55,148 11:17:31,17.167,17.173,17.04,35,0.208
urn:nasa:pds:insight_twins:data_calibrated:twins_calib_0149,2019-04-28T07:29:21.808Z,2019-04-29T08:08:55.225Z,twins_calib_0149,149,149M00:00:00.115,149M23:59:58.336,148 23:28:54,149 23:29:14,17.42,17.907,17.51,35,2.575
urn:nasa:pds:insight_twins:data_calibrated:twins_calib_0150,2019-04-29T08:09:00.225Z,2019-04-30T08:48:28.700Z,twins_calib_0150,150,150M00:00:03.203,150M23:59:56.615,149 23:29:19,150 23:29:34,17.907,18.393,17.98,35,2.571
urn:nasa:pds:insight_twins:data_calibrated:twins_calibevent_0150,2019-04-29T09:26:18.156Z,2019-04-29T12:30:00.959Z,twins_calibevent_0150,150,150M01:15:17.043,150M04:14:04.923,150 00:44:34,150 03:43:24,17.932,17.993,17.89,35,2.016
urn:nasa:pds:insight_twins:data_calibrated:twins_calib_0151,2019-04-30T08:48:33.699Z,2019-05-01T09:28:07.061Z,twins_calib_0151,151,151M00:00:01.480,151M23:59:59.649,150 23:29:39,151 23:29:59,18.393,18.878,18.46,35,2.571
urn:nasa:pds:insight_twins:data_calibrated:twins_calib_0152,2019-05-01T09:28:12.061Z,2019-05-02T10:07:40.408Z,twins_calib_0152,152,152M00:00:04.515,152M23:59:57.802,151 23:30:04,152 23:30:19,18.878,19.363,19.02,35,2.567
urn:nasa:pds:insight_twins:data_calibrated:twins_calibevent_0152,2019-05-01T18:45:52.359Z,2019-05-02T10:07:42.408Z,twins_calibevent_0152,152,152M09:02:49.559,152M23:59:59.749,152 08:32:57,152 23:30:21,19.061,19.363,19.16,35,9.801
urn:nasa:pds:insight_twins:data_calibrated:twins_calibevent_0153,2019-05-02T10:07:43.408Z,2019-05-02T19:02:55.694Z,twins_calibevent_0153,153,153M00:00:00.722,153M08:40:53.821,152 23:30:22,153 08:11:23,19.363,19.538,19.4,35,5.805
urn:nasa:pds:insight_twins:data_calibrated:twins_calib_0153,2019-05-02T10:07:45.408Z,2019-05-03T10:47:16.694Z,twins_calib_0153,153,153M00:00:02.668,153M23:59:58.817,152 23:30:24,153 23:30:42,19.363,19.847,19.49,35,2.567
urn:nasa:pds:insight_twins:data_calibrated:twins_calib_0154,2019-05-03T10:47:23.693Z,2019-05-04T11:26:51.960Z,twins_calib_0154,154,154M00:00:05.629,154M23:59:58.838,153 23:30:49,154 23:31:04,19.847,20.33,19.96,35,2.571
urn:nasa:pds:insight_twins:data_calibrated:twins_calibevent_0154,2019-05-04T06:35:30.241Z,2019-05-04T11:26:52.960Z,twins_calibevent_0154,154,154M19:16:24.854,154M23:59:59.811,154 18:47:26,154 23:31:05,20.235,20.33,20.11,35,3.086
urn:nasa:pds:insight_twins:data_calibrated:twins_calibevent_0155,2019-05-04T11:26:53.960Z,2019-05-04T11:53:44.927Z,twins_calibevent_0155,155,155M00:00:00.784,155M00:26:08.649,154 23:31:06,154 23:57:14,20.33,20.339,20.25,35,0.313
urn:nasa:pds:insight_twins:data_calibrated:twins_calib_0155,2019-05-04T11:26:54.960Z,2019-05-05T12:06:23.140Z,twins_calib_0155,155,155M00:00:01.757,155M23:59:54.883,154 23:31:07,155 23:31:22,20.33,20.813,20.43,35,2.563
urn:nasa:pds:insight_twins:data_calibrated:twins_calib_0156,2019-05-05T12:06:30.140Z,2019-05-06T12:45:58.343Z,twins_calib_0156,156,156M00:00:01.695,156M23:59:54.842,155 23:31:29,156 23:31:44,20.813,21.295,20.9,35,2.579
urn:nasa:pds:insight_twins:data_calibrated:twins_calib_0157,2019-05-06T12:46:07.343Z,2019-05-07T13:25:36.575Z,twins_calib_0157,157,157M00:00:03.601,157M23:59:57.751,156 23:31:53,157 23:32:09,21.295,21.777,21.37,35,2.575
urn:nasa:pds:insight_twins:data_calibrated:twins_calib_0158,2019-05-07T13:25:45.575Z,2019-05-08T14:05:13.856Z,twins_calib_0158,158,158M00:00:06.510,158M23:59:59.734,157 23:32:18,158 23:32:33,21.777,22.258,21.84,35,2.579
urn:nasa:pds:insight_twins:data_calibrated:twins_calib_0159,2019-05-08T14:05:14.856Z,2019-05-09T14:44:43.216Z,twins_calib_0159,159,159M00:00:00.707,159M23:59:54.006,158 23:32:34,159 23:32:49,22.258,22.738,22.31,35,2.579
urn:nasa:pds:insight_twins:data_calibrated:twins_calib_0160,2019-05-09T14:44:52.216Z,2019-05-10T15:24:21.667Z,twins_calib_0160,160,160M00:00:02.766,160M23:59:57.128,159 23:32:58,160 23:33:14,22.738,23.218,22.92,35,2.575
urn:nasa:pds:insight_twins:data_calibrated:twins_calib_0161,2019-05-10T15:24:30.667Z,2019-05-11T16:03:59.066Z,twins_calib_0161,161,161M00:00:05.887,161M23:59:59.225,160 23:33:23,161 23:33:39,23.218,23.697,23.38,35,2.579
urn:nasa:pds:insight_twins:data_calibrated:twins_calibevent_0161,2019-05-11T02:44:38.822Z,2019-05-11T03:16:45.779Z,twins_calibevent_0161,161,161M11:02:02.191,161M11:33:17.591,161 10:35:30,161 11:06:45,23.438,23.449,23.38,35,0.372
urn:nasa:pds:insight_twins:data_calibrated:twins_calib_0162,2019-05-11T16:04:07.066Z,2019-05-12T16:43:28.446Z,twins_calib_0162,162,162M00:00:07.011,162M23:59:53.518,161 23:33:46,162 23:33:55,23.697,24.176,23.85,35,2.364
urn:nasa:pds:insight_twins:data_calibrated:twins_calibevent_0162,2019-05-12T06:26:52.948Z,2019-05-12T07:00:59.911Z,twins_calibevent_0162,162,162M13:59:47.861,162M14:33:00.056,162 13:33:40,162 14:06:53,23.976,23.987,23.85,35,0.387
urn:nasa:pds:insight_twins:data_calibrated:twins_calib_0163,2019-05-12T16:43:38.446Z,2019-05-13T17:23:07.073Z,twins_calib_0163,163,163M00:00:03.251,163M23:59:56.810,162 23:34:05,163 23:34:20,24.176,24.654,24.32,35,1.68
urn:nasa:pds:insight_twins:data_calibrated:twins_calibevent_0163,2019-05-13T04:33:24.682Z,2019-05-13T05:13:13.630Z,twins_calibevent_0163,163,163M11:30:50.062,163M12:09:35.092,163 11:05:02,163 11:43:48,24.405,24.418,24.32,35,0.454
urn:nasa:pds:insight_twins:data_calibrated:twins_calib_0164,2019-05-13T17:23:17.073Z,2019-05-14T18:02:45.447Z,twins_calib_0164,164,164M00:00:06.542,164M23:59:59.857,163 23:34:30,164 23:34:46,24.654,25.131,24.78,35,1.676
urn:nasa:pds:insight_twins:data_calibrated:twins_calibevent_0164,2019-05-14T02:53:09.407Z,2019-05-14T03:27:16.359Z,twins_calibevent_0164,164,164M09:14:44.037,164M09:47:56.222,164 08:49:16,164 09:22:29,24.838,24.849,24.78,35,0.395
urn:nasa:pds:insight_twins:data_calibrated:twins_calib_0165,2019-05-14T18:02:55.446Z,2019-05-15T18:42:17.825Z,twins_calib_0165,165,165M00:00:09.588,165M23:59:57.068,164 23:34:55,165 23:35:05,25.131,25.608,25.24,35,2.184
urn:nasa:pds:insight_twins:data_calibrated:twins_calibevent_0165,2019-05-15T06:32:32.456Z,2019-05-15T07:06:39.414Z,twins_calibevent_0165,165,165M12:09:43.206,165M12:42:55.397,165 11:44:40,165 12:17:53,25.373,25.384,25.24,35,0.391
urn:nasa:pds:insight_twins:data_calibrated:twins_calib_0166,2019-05-15T18:42:23.825Z,2019-05-16T19:21:52.165Z,twins_calib_0166,166,166M00:00:02.907,166M23:59:56.187,165 23:35:11,166 23:35:26,25.608,26.084,25.71,35,2.579
urn:nasa:pds:insight_twins:data_calibrated:twins_calibevent_0166,2019-05-16T07:46:09.808Z,2019-05-16T08:52:24.729Z,twins_calibevent_0166,166,166M12:42:50.677,166M13:47:19.245,166 12:18:10,166 13:22:40,25.86,25.882,25.71,35,0.743
urn:nasa:pds:insight_twins:data_calibrated:twins_calib_0167,2019-05-16T19:21:56.165Z,2019-05-17T20:01:30.460Z,twins_calib_0167,167,167M00:00:00.080,167M23:59:59.157,166 23:35:30,167 23:35:51,26.084,26.56,26.17,35,2.579
urn:nasa:pds:insight_twins:data_calibrated:twins_calibevent_0167,2019-05-17T07:50:40.165Z,2019-05-17T20:01:30.460Z,twins_calibevent_0167,167,167M12:08:42.107,167M23:59:59.157,167 11:44:23,167 23:35:51,26.325,26.56,26.31,35,2.817
urn:nasa:pds:insight_twins:data_calibrated:twins_calibevent_0168,2019-05-17T20:01:31.460Z,2019-05-18T10:24:33.329Z,twins_calibevent_0168,168,168M00:00:00.131,168M13:59:56.539,167 23:35:52,168 13:36:01,26.56,26.837,26.63,35,3.282
urn:nasa:pds:insight_twins:data_calibrated:twins_calib_0168,2019-05-17T20:01:34.460Z,2019-05-18T20:41:05.851Z,twins_calib_0168,168,168M00:00:03.050,168M23:59:59.300,167 23:35:55,168 23:36:13,26.56,27.035,26.63,35,2.516
urn:nasa:pds:insight_twins:data_calibrated:twins_calib_0169,2019-05-18T20:41:12.851Z,2019-05-19T21:20:41.225Z,twins_calib_0169,169,169M00:00:06.113,169M23:59:59.426,168 23:36:20,169 23:36:36,27.035,27.51,27.1,35,2.579
urn:nasa:pds:insight_twins:data_calibrated:twins_calibevent_0169,2019-05-19T07:45:16.997Z,2019-05-19T08:19:23.953Z,twins_calibevent_0169,169,169M10:46:24.200,169M11:19:36.389,169 10:22:48,169 10:56:01,27.248,27.259,27.1,35,0.395
urn:nasa:pds:insight_twins:data_calibrated:twins_calib_0170,2019-05-19T21:20:44.225Z,2019-05-20T22:00:12.485Z,twins_calib_0170,170,170M00:00:02.346,170M23:59:55.549,169 23:36:39,170 23:36:54,27.51,27.984,27.7,35,2.579
urn:nasa:pds:insight_twins:data_calibrated:twins_calibevent_0170,2019-05-20T07:06:45.440Z,2019-05-20T12:27:55.999Z,twins_calibevent_0170,170,170M09:30:22.798,170M14:42:57.760,170 09:07:08,170 14:19:47,27.697,27.8,27.56,35,0.579
urn:nasa:pds:insight_twins:data_calibrated:twins_calib_0171,2019-05-20T22:00:19.485Z,2019-05-21T16:13:28.163Z,twins_calib_0171,171,171M00:00:02.362,171M17:43:56.168,170 23:37:01,171 17:21:11,27.984,28.334,28.02,35,1.918
urn:nasa:pds:insight_twins:data_calibrated:twins_calibevent_0171,2019-05-21T08:30:19.662Z,2019-05-21T11:44:20.406Z,twins_calibevent_0171,171,171M10:13:11.168,171M13:22:00.456,171 09:50:19,171 12:59:11,28.185,28.247,28.02,35,0.559
urn:nasa:pds:insight_twins:data_calibrated:twins_calib_0172,2019-05-22T01:04:25.624Z,2019-05-22T23:19:25.147Z,twins_calib_0172,172,172M02:20:41.261,172M23:59:57.665,172 01:58:04,172 23:37:40,28.503,28.93,28.62,35,1.481
urn:nasa:pds:insight_twins:data_calibrated:twins_calibevent_0172,2019-05-22T11:34:35.780Z,2019-05-22T23:19:27.147Z,twins_calibevent_0172,172,172M12:33:59.779,172M23:59:59.611,172 12:11:32,172 23:37:42,28.705,28.93,28.71,35,4.184
urn:nasa:pds:insight_twins:data_calibrated:twins_calibevent_0173,2019-05-22T23:19:28.147Z,2019-05-23T20:09:23.697Z,twins_calibevent_0173,173,173M00:00:00.585,173M20:16:29.576,172 23:37:43,173 19:54:30,28.93,29.329,28.94,35,13.25
urn:nasa:pds:insight_twins:data_calibrated:twins_calib_0173,2019-05-22T23:19:35.147Z,2019-05-23T23:58:53.476Z,twins_calib_0173,173,173M00:00:07.397,173M23:59:50.934,172 23:37:50,173 23:37:55,28.93,29.402,29.08,35,1.68
urn:nasa:pds:insight_twins:data_calibrated:twins_calib_0174,2019-05-23T23:59:03.476Z,2019-05-25T00:38:31.732Z,twins_calib_0174,174,174M00:00:00.667,174M23:59:53.866,173 23:38:05,174 23:38:20,29.403,29.874,29.54,35,1.68
urn:nasa:pds:insight_twins:data_calibrated:twins_calib_0175,2019-05-25T00:38:41.731Z,2019-05-26T01:18:10.114Z,twins_calib_0175,175,175M00:00:03.598,175M23:59:56.920,174 23:38:30,175 23:38:45,29.874,30.346,30,35,1.684
urn:nasa:pds:insight_twins:data_calibrated:twins_calib_0176,2019-05-26T01:18:20.114Z,2019-05-27T01:57:48.426Z,twins_calib_0176,176,176M00:00:06.652,176M23:59:59.906,175 23:38:55,176 23:39:10,30.346,30.817,30.46,35,1.68
urn:nasa:pds:insight_twins:data_calibrated:twins_calibevent_0176,2019-05-26T13:22:31.159Z,2019-05-26T14:45:50.054Z,twins_calibevent_0176,176,176M11:44:55.134,176M13:06:00.280,176 11:23:54,176 12:45:01,30.576,30.603,30.46,35,0.926
urn:nasa:pds:insight_twins:data_calibrated:twins_calib_0177,2019-05-27T01:57:58.426Z,2019-05-28T02:37:16.771Z,twins_calib_0177,177,177M00:00:09.639,177M23:59:53.191,176 23:39:20,177 23:39:25,30.817,31.287,30.91,35,1.68
urn:nasa:pds:insight_twins:data_calibrated:twins_calibevent_0177,2019-05-27T13:28:06.538Z,2019-05-27T16:58:13.268Z,twins_calibevent_0177,177,177M11:11:49.848,177M14:36:19.275,177 10:51:10,177 14:15:43,31.036,31.103,31.01,35,2.305
urn:nasa:pds:insight_twins:data_calibrated:twins_calib_0178,2019-05-28T02:37:26.771Z,2019-05-29T03:16:56.065Z,twins_calib_0178,178,178M00:00:02.924,178M23:59:57.134,177 23:39:35,178 23:39:51,31.287,31.757,31.46,35,2.575
urn:nasa:pds:insight_twins:data_calibrated:twins_calibevent_0178,2019-05-28T17:12:02.612Z,2019-05-28T17:44:09.577Z,twins_calibevent_0178,178,178M14:11:14.737,178M14:42:30.145,178 13:51:00,178 14:22:16,31.565,31.575,31.46,35,0.372
urn:nasa:pds:insight_twins:data_calibrated:twins_calib_0179,2019-05-29T03:17:04.065Z,2019-05-30T03:56:32.368Z,twins_calib_0179,179,179M00:00:04.920,179M23:59:58.164,178 23:39:59,179 23:40:14,31.757,32.227,31.92,35,2.579
urn:nasa:pds:insight_twins:data_calibrated:twins_calibevent_0179,2019-05-29T14:40:23.163Z,2019-05-29T15:14:30.116Z,twins_calibevent_0179,179,179M11:05:07.057,179M11:38:19.243,179 10:45:11,179 11:18:24,31.974,31.985,31.92,35,0.395
urn:nasa:pds:insight_twins:data_calibrated:twins_calib_0180,2019-05-30T03:56:39.368Z,2019-05-31T04:36:07.557Z,twins_calib_0180,180,180M00:00:04.977,180M23:59:58.111,179 23:40:21,180 23:40:36,32.227,32.695,32.38,35,2.579
urn:nasa:pds:insight_twins:data_calibrated:twins_calibevent_0180,2019-05-30T16:33:44.313Z,2019-05-30T17:07:51.266Z,twins_calibevent_0180,180,180M12:16:54.546,180M12:50:06.731,180 11:57:21,180 12:30:34,32.467,32.477,32.38,35,0.395
urn:nasa:pds:insight_twins:data_calibrated:twins_calib_0181,2019-05-31T04:36:10.557Z,2019-06-01T05:15:38.749Z,twins_calib_0181,181,181M00:00:01.031,181M23:59:54.167,180 23:40:39,181 23:40:53,32.695,33.164,32.83,35,2.575
urn:nasa:pds:insight_twins:data_calibrated:twins_calib_0182,2019-06-01T05:15:45.749Z,2019-06-02T05:55:19.948Z,twins_calib_0182,182,182M00:00:00.979,182M23:59:59.963,181 23:41:00,182 23:41:21,33.164,33.632,33.29,35,6.692
urn:nasa:pds:insight_twins:data_calibrated:twins_calib_0183,2019-06-02T05:55:21.948Z,2019-06-03T06:34:54.173Z,twins_calib_0183,183,183M00:00:01.909,183M23:59:58.971,182 23:41:23,183 23:41:42,33.632,34.099,33.74,35,8.325
urn:nasa:pds:insight_twins:data_calibrated:twins_calibevent_0183,2019-06-03T01:15:32.476Z,2019-06-03T03:45:07.347Z,twins_calibevent_0183,183,183M18:49:09.959,183M21:14:44.701,183 18:30:48,183 20:56:25,33.998,34.046,33.97,35,1.598
urn:nasa:pds:insight_twins:data_calibrated:twins_calib_0184,2019-06-03T06:34:56.173Z,2019-06-04T07:14:30.317Z,twins_calib_0184,184,184M00:00:00.917,184M23:59:59.846,183 23:41:44,184 23:42:04,34.099,34.566,34.2,35,8.325
urn:nasa:pds:insight_twins:data_calibrated:twins_calib_0185,2019-06-04T07:14:32.317Z,2019-06-05T07:54:04.523Z,twins_calib_0185,185,185M00:00:01.793,185M23:59:58.836,184 23:42:06,185 23:42:25,34.566,35.033,34.65,35,8.313
urn:nasa:pds:insight_twins:data_calibrated:twins_calib_0186,2019-06-05T07:54:06.523Z,2019-06-06T08:33:40.624Z,twins_calib_0186,186,186M00:00:00.783,186M23:59:59.670,185 23:42:27,186 23:42:47,35.033,35.499,35.11,35,8.34
urn:nasa:pds:insight_twins:data_calibrated:twins_calib_0187,2019-06-06T08:33:42.624Z,2019-06-07T09:13:15.702Z,twins_calib_0187,187,187M00:00:01.616,187M23:59:59.509,186 23:42:49,187 23:43:08,35.499,35.965,35.56,35,12.688
urn:nasa:pds:insight_twins:data_calibrated:twins_calib_0188,2019-06-07T09:13:16.702Z,2019-06-08T09:52:50.782Z,twins_calib_0188,188,188M00:00:00.482,188M23:59:59.349,187 23:43:09,188 23:43:29,35.965,36.43,36.1,35,12.79
urn:nasa:pds:insight_twins:data_calibrated:twins_calib_0189,2019-06-08T09:52:51.782Z,2019-06-09T10:32:25.984Z,twins_calib_0189,189,189M00:00:00.322,189M23:59:59.308,188 23:43:30,189 23:43:51,36.43,36.895,36.56,35,12.805
urn:nasa:pds:insight_twins:data_calibrated:twins_calibevent_0189,2019-06-09T04:54:43.300Z,2019-06-09T07:09:14.185Z,twins_calibevent_0189,189,189M18:31:18.766,189M20:42:13.710,189 18:15:05,189 20:26:02,36.789,36.831,36.69,35,1.391
urn:nasa:pds:insight_twins:data_calibrated:twins_calib_0190,2019-06-09T10:32:26.984Z,2019-06-10T11:12:01.141Z,twins_calib_0190,190,190M00:00:00.282,190M23:59:59.223,189 23:43:52,190 23:44:12,36.895,37.359,37.01,35,10.274
urn:nasa:pds:insight_twins:data_calibrated:twins_calib_0191,2019-06-10T11:12:03.141Z,2019-06-11T11:51:35.252Z,twins_calib_0191,191,191M00:00:01.170,191M23:59:58.121,190 23:44:14,191 23:44:32,37.359,37.823,37.46,35,8.317
urn:nasa:pds:insight_twins:data_calibrated:twins_calib_0192,2019-06-11T11:51:37.252Z,2019-06-12T12:31:11.341Z,twins_calib_0192,192,192M00:00:00.068,192M23:59:58.943,191 23:44:34,192 23:44:54,37.823,38.287,37.91,35,8.333
urn:nasa:pds:insight_twins:data_calibrated:twins_calib_0193,2019-06-12T12:31:13.341Z,2019-06-13T13:10:47.568Z,twins_calib_0193,193,193M00:00:00.890,193M23:59:59.900,192 23:44:56,193 23:45:16,38.287,38.75,38.36,35,8.348
urn:nasa:pds:insight_twins:data_calibrated:twins_calib_0194,2019-06-13T13:10:49.568Z,2019-06-14T13:50:22.628Z,twins_calib_0194,194,194M00:00:01.847,194M23:59:59.721,193 23:45:18,194 23:45:37,38.75,39.212,38.81,35,8.364
urn:nasa:pds:insight_twins:data_calibrated:twins_calibevent_0194,2019-06-13T20:56:41.943Z,2019-06-14T13:50:22.628Z,twins_calibevent_0194,194,194M07:33:26.336,194M23:59:59.721,194 07:18:49,194 23:45:37,38.896,39.212,38.95,35,10.938
urn:nasa:pds:insight_twins:data_calibrated:twins_calib_0195,2019-06-14T13:50:23.628Z,2019-06-15T14:29:57.972Z,twins_calib_0195,195,195M00:00:00.694,195M23:59:59.818,194 23:45:38,195 23:45:58,39.213,39.675,39.26,35,12.821
urn:nasa:pds:insight_twins:data_calibrated:twins_calibevent_0195,2019-06-14T13:50:23.628Z,2019-06-15T01:04:25.828Z,twins_calibevent_0195,195,195M00:00:00.694,195M10:56:00.834,194 23:45:38,195 10:41:47,39.213,39.423,39.17,35,7.34
urn:nasa:pds:insight_twins:data_calibrated:twins_calib_0196,2019-06-15T14:29:58.972Z,2019-06-16T15:09:33.199Z,twins_calib_0196,196,196M00:00:00.792,196M23:59:59.801,195 23:45:59,196 23:46:19,39.675,40.137,39.85,35,12.817
urn:nasa:pds:insight_twins:data_calibrated:twins_calib_0197,2019-06-16T15:09:34.199Z,2019-06-17T15:49:08.360Z,twins_calib_0197,197,197M00:00:00.775,197M23:59:59.720,196 23:46:19,197 23:46:39,40.137,40.598,40.3,35,10.872
urn:nasa:pds:insight_twins:data_calibrated:twins_calib_0198,2019-06-17T15:49:10.360Z,2019-06-18T16:28:42.405Z,twins_calib_0198,198,198M00:00:01.667,198M23:59:58.554,197 23:46:41,198 23:46:59,40.598,41.059,40.75,35,8.344
urn:nasa:pds:insight_twins:data_calibrated:twins_calib_0199,2019-06-18T16:28:44.405Z,2019-06-19T17:08:18.474Z,twins_calib_0199,199,199M00:00:00.500,199M23:59:59.356,198 23:47:01,199 23:47:20,41.059,41.52,41.19,35,8.321
urn:nasa:pds:insight_twins:data_calibrated:twins_calibevent_0199,2019-06-19T07:39:21.063Z,2019-06-19T08:45:35.982Z,twins_calibevent_0199,199,199M14:46:15.316,199M15:50:43.883,199 14:33:28,199 15:37:58,41.343,41.364,41.19,35,0.739
urn:nasa:pds:insight_twins:data_calibrated:twins_calib_0200,2019-06-19T17:08:20.473Z,2019-06-20T17:47:52.515Z,twins_calib_0200,200,200M00:00:01.302,200M23:59:58.186,199 23:47:22,200 23:47:39,41.52,41.981,41.64,35,8.34
urn:nasa:pds:insight_twins:data_calibrated:twins_calib_0201,2019-06-20T17:47:54.515Z,2019-06-21T18:27:27.665Z,twins_calib_0201,201,201M00:00:00.132,201M23:59:58.094,200 23:47:41,201 23:48:00,41.981,42.441,42.09,35,8.68
urn:nasa:pds:insight_twins:data_calibrated:twins_calib_0202,2019-06-21T18:27:29.665Z,2019-06-22T19:07:03.798Z,twins_calib_0202,202,202M00:00:00.040,202M23:59:58.960,201 23:48:02,202 23:48:21,42.441,42.9,42.54,35,8.36
urn:nasa:pds:insight_twins:data_calibrated:twins_calibevent_0202,2019-06-22T15:17:00.031Z,2019-06-22T16:40:18.957Z,twins_calibevent_0202,202,202M20:16:04.522,202M21:37:09.698,202 20:04:23,202 21:25:30,42.829,42.855,42.76,35,0.911
urn:nasa:pds:insight_twins:data_calibrated:twins_calib_0203,2019-06-22T19:07:05.798Z,2019-06-23T19:46:40.038Z,twins_calib_0203,203,203M00:00:00.906,203M23:59:59.928,202 23:48:23,203 23:48:42,42.9,43.36,42.99,35,9.231
urn:nasa:pds:insight_twins:data_calibrated:twins_calib_0204,2019-06-23T19:46:41.038Z,2019-06-24T20:26:15.252Z,twins_calib_0204,204,204M00:00:00.902,204M23:59:59.900,203 23:48:43,204 23:49:02,43.36,43.818,43.43,35,12.825
urn:nasa:pds:insight_twins:data_calibrated:twins_calib_0205,2019-06-24T20:26:16.252Z,2019-06-25T21:05:50.448Z,twins_calib_0205,205,205M00:00:00.873,205M23:59:59.853,204 23:49:03,205 23:49:22,43.818,44.277,43.88,35,12.836
urn:nasa:pds:insight_twins:data_calibrated:twins_calib_0206,2019-06-25T21:05:51.448Z,2019-06-26T21:45:25.574Z,twins_calib_0206,206,206M00:00:00.826,206M23:59:59.738,205 23:49:23,206 23:49:42,44.277,44.735,44.46,35,12.848
urn:nasa:pds:insight_twins:data_calibrated:twins_calib_0207,2019-06-26T21:45:26.574Z,2019-06-27T22:25:00.607Z,twins_calib_0207,207,207M00:00:00.711,207M23:59:59.532,206 23:49:43,207 23:50:02,44.735,45.193,44.91,35,12.829
urn:nasa:pds:insight_twins:data_calibrated:twins_calib_0208,2019-06-27T22:25:01.607Z,2019-06-28T23:04:35.578Z,twins_calib_0208,208,208M00:00:00.506,208M23:59:59.267,207 23:50:03,208 23:50:21,45.193,45.651,45.35,35,12.84
urn:nasa:pds:insight_twins:data_calibrated:twins_calib_0209,2019-06-28T23:04:36.578Z,2019-06-29T23:44:10.675Z,twins_calib_0209,209,209M00:00:00.240,209M23:59:59.124,208 23:50:22,209 23:50:41,45.651,46.108,45.8,35,12.829
urn:nasa:pds:insight_twins:data_calibrated:twins_calibevent_0209,2019-06-29T11:45:24.450Z,2019-06-29T14:14:59.251Z,twins_calibevent_0209,209,209M12:20:26.771,209M14:46:01.445,209 12:10:59,209 14:36:36,45.886,45.932,45.8,35,1.649
urn:nasa:pds:insight_twins:data_calibrated:twins_calib_0210,2019-06-29T23:44:11.675Z,2019-07-01T00:23:46.730Z,twins_calib_0210,210,210M00:00:00.097,210M23:59:59.913,209 23:50:42,210 23:51:01,46.108,46.565,46.24,35,12.84
urn:nasa:pds:insight_twins:data_calibrated:twins_calib_0211,2019-07-01T00:23:47.730Z,2019-07-02T01:03:20.688Z,twins_calib_0211,211,211M00:00:00.887,211M23:59:58.661,210 23:51:02,211 23:51:20,46.565,47.022,46.69,35,10.157
urn:nasa:pds:insight_twins:data_calibrated:twins_calibevent_0211,2019-07-01T23:45:50.784Z,2019-07-02T01:03:21.688Z,twins_calibevent_0211,211,211M22:44:33.169,211M23:59:59.634,211 22:35:53,211 23:51:21,46.998,47.022,46.86,35,0.864
urn:nasa:pds:insight_twins:data_calibrated:twins_calib_0212,2019-07-02T01:03:22.688Z,2019-07-03T01:42:56.672Z,twins_calib_0212,212,212M00:00:00.608,212M23:59:59.382,211 23:51:21,212 23:51:40,47.022,47.478,47.13,35,8.336
urn:nasa:pds:insight_twins:data_calibrated:twins_calibevent_0212,2019-07-02T01:03:22.688Z,2019-07-03T00:03:55.793Z,twins_calibevent_0212,212,212M00:00:00.608,212M22:23:37.455,211 23:51:21,212 22:15:16,47.022,47.448,47.13,35,14.899
urn:nasa:pds:insight_twins:data_calibrated:twins_calib_0213,2019-07-03T01:42:58.672Z,2019-07-04T02:22:31.726Z,twins_calib_0213,213,213M00:00:01.328,213M23:59:59.197,212 23:51:42,213 23:51:59,47.478,47.934,47.57,35,9.5
urn:nasa:pds:insight_twins:data_calibrated:twins_calib_0214,2019-07-04T02:22:32.726Z,2019-07-05T03:02:07.766Z,twins_calib_0214,214,214M00:00:00.170,214M23:59:59.971,213 23:52:00,214 23:52:19,47.934,48.39,48.11,35,12.829
urn:nasa:pds:insight_twins:data_calibrated:twins_calib_0215,2019-07-05T03:02:08.766Z,2019-07-06T03:41:41.743Z,twins_calib_0215,215,215M00:00:00.944,215M23:59:58.738,214 23:52:20,215 23:52:37,48.39,48.845,48.55,35,10.875
urn:nasa:pds:insight_twins:data_calibrated:twins_calib_0216,2019-07-06T03:41:43.743Z,2019-07-06T23:16:58.060Z,twins_calib_0216,216,216M00:00:00.685,216M19:03:48.341,215 23:52:38,216 18:56:41,48.846,49.207,48.99,35,6.641
urn:nasa:pds:insight_twins:data_calibrated:twins_calib_0217,2019-07-07T17:33:50.806Z,2019-07-08T05:00:52.997Z,twins_calib_0217,217,217M12:51:20.222,217M23:59:59.484,217 12:44:27,217 23:53:15,49.544,49.756,49.52,35,5.946
urn:nasa:pds:insight_twins:data_calibrated:twins_calib_0218,2019-07-08T05:00:53.997Z,2019-07-09T05:40:27.938Z,twins_calib_0218,218,218M00:00:00.457,218M23:59:59.189,217 23:53:16,218 23:53:34,49.756,50.21,49.88,35,12.852
urn:nasa:pds:insight_twins:data_calibrated:twins_calibevent_0218,2019-07-09T02:53:38.147Z,2019-07-09T05:40:27.938Z,twins_calibevent_0218,218,218M21:17:37.216,218M23:59:59.189,218 21:11:09,218 23:53:34,50.159,50.21,50.1,35,1.825
urn:nasa:pds:insight_twins:data_calibrated:twins_calib_0219,2019-07-09T05:40:28.938Z,2019-07-10T06:20:03.808Z,twins_calib_0219,219,219M00:00:00.162,219M23:59:59.798,218 23:53:35,219 23:53:53,50.21,50.665,50.32,35,12.848
urn:nasa:pds:insight_twins:data_calibrated:twins_calibevent_0219,2019-07-09T05:40:28.938Z,2019-07-09T09:16:08.634Z,twins_calibevent_0219,219,219M00:00:00.162,219M03:29:53.648,218 23:53:35,219 03:23:31,50.21,50.277,50.1,35,2.368
urn:nasa:pds:insight_twins:data_calibrated:twins_calib_0220,2019-07-10T06:20:04.808Z,2019-07-11T06:59:38.613Z,twins_calib_0220,220,220M00:00:00.772,220M23:59:59.371,219 23:53:54,220 23:54:11,50.665,51.119,50.76,35,12.836
urn:nasa:pds:insight_twins:data_calibrated:twins_calib_0221,2019-07-11T06:59:39.613Z,2019-07-12T07:39:14.500Z,twins_calib_0221,221,221M00:00:00.344,221M23:59:59.996,220 23:54:12,221 23:54:30,51.119,51.573,51.2,35,12.805
urn:nasa:pds:insight_twins:data_calibrated:twins_calib_0222,2019-07-12T07:39:15.500Z,2019-07-13T08:18:49.414Z,twins_calib_0222,222,222M00:00:00.969,222M23:59:59.675,221 23:54:31,222 23:54:48,51.573,52.026,51.65,35,12.813
urn:nasa:pds:insight_twins:data_calibrated:twins_calib_0223,2019-07-13T08:18:50.414Z,2019-07-14T08:58:24.389Z,twins_calib_0223,223,223M00:00:00.649,223M23:59:59.413,222 23:54:49,223 23:55:06,52.026,52.48,52.09,35,12.848
urn:nasa:pds:insight_twins:data_calibrated:twins_calib_0224,2019-07-14T08:58:25.389Z,2019-07-15T09:37:59.389Z,twins_calib_0224,224,224M00:00:00.386,224M23:59:59.176,223 23:55:07,224 23:55:24,52.48,52.933,52.53,35,12.836
urn:nasa:pds:insight_twins:data_calibrated:twins_calib_0225,2019-07-15T09:38:00.389Z,2019-07-16T10:17:35.435Z,twins_calib_0225,225,225M00:00:00.149,225M23:59:59.956,224 23:55:25,225 23:55:42,52.933,53.386,53.06,35,12.836
urn:nasa:pds:insight_twins:data_calibrated:twins_calib_0226,2019-07-16T10:17:36.435Z,2019-07-17T10:57:10.377Z,twins_calib_0226,226,226M00:00:00.929,226M23:59:59.663,225 23:55:43,226 23:56:00,53.386,53.838,53.5,35,8.348
urn:nasa:pds:insight_twins:data_calibrated:twins_calibevent_0226,2019-07-17T03:27:52.928Z,2019-07-17T07:37:51.635Z,twins_calibevent_0226,226,226M16:42:43.479,226M20:46:00.885,226 16:38:38,226 20:41:59,53.701,53.778,53.63,35,2.657
urn:nasa:pds:insight_twins:data_calibrated:twins_calib_0227,2019-07-17T10:57:12.377Z,2019-07-18T11:36:44.421Z,twins_calib_0227,227,227M00:00:01.609,227M23:59:58.494,226 23:56:02,227 23:56:16,53.838,54.291,53.94,35,8.352
urn:nasa:pds:insight_twins:data_calibrated:twins_calib_0228,2019-07-18T11:36:46.421Z,2019-07-19T12:16:20.362Z,twins_calib_0228,228,228M00:00:00.441,228M23:59:59.173,227 23:56:18,228 23:56:35,54.291,54.743,54.38,35,8.352
urn:nasa:pds:insight_twins:data_calibrated:twins_calib_0229,2019-07-19T12:16:22.362Z,2019-07-20T12:55:56.223Z,twins_calib_0229,229,229M00:00:01.120,229M23:59:59.773,228 23:56:37,229 23:56:53,54.743,55.195,54.82,35,8.336
urn:nasa:pds:insight_twins:data_calibrated:twins_calib_0230,2019-07-20T12:55:58.223Z,2019-07-21T13:35:31.174Z,twins_calib_0230,230,230M00:00:01.720,230M23:59:59.488,229 23:56:55,230 23:57:10,55.195,55.647,55.26,35,11.293
urn:nasa:pds:insight_twins:data_calibrated:twins_calib_0231,2019-07-21T13:35:32.174Z,2019-07-22T05:02:40.755Z,twins_calib_0231,231,231M00:00:00.461,231M15:02:20.661,230 23:57:11,231 14:59:42,55.647,55.93,55.61,35,10.102
urn:nasa:pds:insight_twins:data_calibrated:twins_calib_0232,2019-07-23T06:22:05.721Z,2019-07-23T14:54:42.076Z,twins_calib_0232,232,232M15:41:06.444,232M23:59:59.891,232 15:38:45,232 23:57:45,56.394,56.55,56.27,35,5.454
urn:nasa:pds:insight_twins:data_calibrated:twins_calib_0233,2019-07-23T14:54:43.076Z,2019-07-24T15:34:16.934Z,twins_calib_0233,233,233M00:00:00.864,233M23:59:59.516,232 23:57:46,233 23:58:01,56.55,57.002,56.71,35,15.594
urn:nasa:pds:insight_twins:data_calibrated:twins_calibevent_0233,2019-07-24T11:16:32.267Z,2019-07-24T12:39:51.165Z,twins_calibevent_0233,233,233M19:49:08.617,233M21:10:13.766,233 19:47:07,233 21:08:14,56.923,56.948,56.84,35,0.887
urn:nasa:pds:insight_twins:data_calibrated:twins_calib_0234,2019-07-24T15:34:17.934Z,2019-07-25T16:13:51.787Z,twins_calib_0234,234,234M00:00:00.489,234M23:59:59.135,233 23:58:02,234 23:58:18,57.002,57.453,57.15,35,15.958
urn:nasa:pds:insight_twins:data_calibrated:twins_calib_0235,2019-07-25T16:13:52.787Z,2019-07-26T16:53:27.738Z,twins_calib_0235,235,235M00:00:00.108,235M23:59:59.823,234 23:58:19,235 23:58:35,57.453,57.904,57.59,35,15.993
urn:nasa:pds:insight_twins:data_calibrated:twins_calib_0236,2019-07-26T16:53:28.738Z,2019-07-27T17:33:02.619Z,twins_calib_0236,236,236M00:00:00.796,236M23:59:59.469,235 23:58:36,236 23:58:51,57.904,58.354,58.03,35,15.997
urn:nasa:pds:insight_twins:data_calibrated:twins_calib_0237,2019-07-27T17:33:03.619Z,2019-07-28T18:12:37.548Z,twins_calib_0237,237,237M00:00:00.443,237M23:59:59.162,236 23:58:52,237 23:59:08,58.354,58.805,58.47,35,15.961
urn:nasa:pds:insight_twins:data_calibrated:twins_calib_0238,2019-07-28T18:12:38.548Z,2019-07-29T18:52:13.461Z,twins_calib_0238,238,238M00:00:00.136,238M23:59:59.814,237 23:59:09,238 23:59:25,58.805,59.255,58.9,35,15.95
urn:nasa:pds:insight_twins:data_calibrated:twins_calib_0239,2019-07-29T18:52:14.460Z,2019-07-30T19:31:48.286Z,twins_calib_0239,239,239M00:00:00.786,239M23:59:59.406,238 23:59:26,239 23:59:40,59.255,59.706,59.34,35,15.95
urn:nasa:pds:insight_twins:data_calibrated:twins_calib_0240,2019-07-30T19:31:49.286Z,2019-07-31T20:11:23.250Z,twins_calib_0240,240,240M00:00:00.379,240M23:59:59.134,239 23:59:41,240 23:59:56,59.706,60.156,59.78,35,15.965
urn:nasa:pds:insight_twins:data_calibrated:twins_calib_0241,2019-07-31T20:11:24.250Z,2019-08-01T20:50:59.117Z,twins_calib_0241,241,241M00:00:00.107,241M23:59:59.740,240 23:59:57,242 00:00:13,60.156,60.606,60.22,35,15.661
urn:nasa:pds:insight_twins:data_calibrated:twins_calibevent_0241,2019-07-31T21:13:43.163Z,2019-07-31T22:21:58.065Z,twins_calibevent_0241,241,241M01:00:38.982,241M02:07:04.323,241 01:00:37,241 02:07:03,60.175,60.196,60.09,35,0.762
urn:nasa:pds:insight_twins:data_calibrated:twins_calib_0242,2019-08-01T20:51:00.117Z,2019-08-02T21:30:33.948Z,twins_calib_0242,242,242M00:00:00.713,242M23:59:59.338,242 00:00:14,243 00:00:28,60.606,61.056,60.66,35,15.946
urn:nasa:pds:insight_twins:data_calibrated:twins_calib_0243,2019-08-02T21:30:34.948Z,2019-08-03T22:10:08.884Z,twins_calib_0243,243,243M00:00:00.312,243M23:59:59.038,243 00:00:29,244 00:00:44,61.056,61.506,61.23,35,15.965
urn:nasa:pds:insight_twins:data_calibrated:twins_calib_0244,2019-08-03T22:10:09.884Z,2019-08-04T22:49:44.721Z,twins_calib_0244,244,244M00:00:00.011,244M23:59:59.615,244 00:00:45,245 00:01:00,61.506,61.955,61.66,35,15.524
urn:nasa:pds:insight_twins:data_calibrated:twins_calibevent_0244,2019-08-04T12:30:04.564Z,2019-08-04T13:38:19.468Z,twins_calibevent_0244,244,244M13:56:54.239,244M15:03:19.582,244 13:57:48,244 15:04:14,61.767,61.788,61.66,35,0.747
urn:nasa:pds:insight_twins:data_calibrated:twins_calib_0245,2019-08-04T22:49:45.721Z,2019-08-05T23:29:19.489Z,twins_calib_0245,245,245M00:00:00.588,245M23:59:59.152,245 00:01:01,246 00:01:15,61.955,62.405,62.1,35,15.571
urn:nasa:pds:insight_twins:data_calibrated:twins_calibevent_0245,2019-08-05T05:39:18.082Z,2019-08-05T10:23:24.607Z,twins_calibevent_0245,245,245M06:38:35.498,245M11:15:05.932,245 06:39:40,245 11:16:14,62.08,62.166,61.97,35,1.297
urn:nasa:pds:insight_twins:data_calibrated:twins_calib_0246,2019-08-05T23:29:20.489Z,2019-08-06T16:47:53.908Z,twins_calib_0246,246,246M00:00:00.125,246M16:50:46.305,246 00:01:16,246 16:52:13,62.405,62.72,62.41,35,11.247
urn:nasa:pds:insight_twins:data_calibrated:twins_calibevent_0246,2019-08-06T15:33:38.991Z,2019-08-07T00:08:55.331Z,twins_calibevent_0246,246,246M15:38:30.582,246M23:59:59.734,246 15:39:56,247 00:01:31,62.698,62.854,62.63,35,4.961
urn:nasa:pds:insight_twins:data_calibrated:twins_calibevent_0247,2019-08-07T00:08:56.331Z,2019-08-07T01:01:54.293Z,twins_calibevent_0247,247,247M00:00:00.707,247M00:51:33.641,247 00:01:32,247 00:53:05,62.854,62.87,62.71,35,0.571
urn:nasa:pds:insight_twins:data_calibrated:twins_calib_0247,2019-08-07T00:28:43.323Z,2019-08-08T00:48:30.247Z,twins_calib_0247,247,247M00:19:15.941,247M23:59:59.415,247 00:20:47,248 00:01:46,62.86,63.303,62.98,35,15.735
urn:nasa:pds:insight_twins:data_calibrated:twins_calib_0248,2019-08-08T00:48:31.247Z,2019-08-09T01:28:05.126Z,twins_calib_0248,248,248M00:00:00.388,248M23:59:59.059,248 00:01:47,249 00:02:01,63.303,63.753,63.41,35,15.969
urn:nasa:pds:insight_twins:data_calibrated:twins_calib_0249,2019-08-09T01:28:06.126Z,2019-08-10T02:07:40.977Z,twins_calib_0249,249,249M00:00:00.033,249M23:59:59.651,249 00:02:02,250 00:02:16,63.753,64.202,63.85,35,15.961
urn:nasa:pds:insight_twins:data_calibrated:twins_calib_0250,2019-08-10T02:07:41.977Z,2019-08-11T02:47:15.918Z,twins_calib_0250,250,250M00:00:00.624,250M23:59:59.355,250 00:02:17,251 00:02:31,64.202,64.651,64.29,35,16.008
urn:nasa:pds:insight_twins:data_calibrated:twins_calib_0251,2019-08-11T02:47:16.918Z,2019-08-12T03:26:50.867Z,twins_calib_0251,251,251M00:00:00.328,251M23:59:59.068,251 00:02:32,252 00:02:45,64.651,65.1,64.81,35,15.981
urn:nasa:pds:insight_twins:data_calibrated:twins_calib_0252,2019-08-12T03:26:51.867Z,2019-08-13T04:06:26.831Z,twins_calib_0252,252,252M00:00:00.041,252M23:59:59.769,252 00:02:46,253 00:03:00,65.1,65.549,65.25,35,15.997
urn:nasa:pds:insight_twins:data_calibrated:twins_calib_0253,2019-08-13T04:06:27.831Z,2019-08-14T04:46:01.837Z,twins_calib_0253,253,253M00:00:00.742,253M23:59:59.537,253 00:03:01,254 00:03:15,65.549,65.997,65.69,35,15.973
urn:nasa:pds:insight_twins:data_calibrated:twins_calib_0254,2019-08-14T04:46:02.837Z,2019-08-15T05:25:36.779Z,twins_calib_0254,254,254M00:00:00.510,254M23:59:59.243,254 00:03:16,255 00:03:29,65.997,66.446,66.12,35,15.622
urn:nasa:pds:insight_twins:data_calibrated:twins_calibevent_0254,2019-08-15T00:25:48.137Z,2019-08-15T02:23:15.003Z,twins_calibevent_0254,254,254M19:08:11.900,254M21:02:30.222,254 19:11:39,254 21:05:58,66.355,66.391,66.21,35,1.219
urn:nasa:pds:insight_twins:data_calibrated:twins_calib_0255,2019-08-15T05:25:37.779Z,2019-08-16T06:05:12.746Z,twins_calib_0255,255,255M00:00:00.217,255M23:59:59.947,255 00:03:30,256 00:03:44,66.446,66.895,66.56,35,16.043
urn:nasa:pds:insight_twins:data_calibrated:twins_calib_0256,2019-08-16T06:05:13.746Z,2019-08-17T06:44:47.659Z,twins_calib_0256,256,256M00:00:00.920,256M23:59:59.625,256 00:03:45,257 00:03:57,66.895,67.343,67,35,16.016
urn:nasa:pds:insight_twins:data_calibrated:twins_calib_0257,2019-08-17T06:44:48.659Z,2019-08-18T07:24:22.622Z,twins_calib_0257,257,257M00:00:00.598,257M23:59:59.351,257 00:03:58,258 00:04:11,67.343,67.792,67.43,35,16.008
urn:nasa:pds:insight_twins:data_calibrated:twins_calib_0258,2019-08-18T07:24:23.622Z,2019-08-19T08:03:57.552Z,twins_calib_0258,258,258M00:00:00.324,258M23:59:59.045,258 00:04:12,259 00:04:25,67.792,68.24,67.87,35,15.989
urn:nasa:pds:insight_twins:data_calibrated:twins_calib_0259,2019-08-19T08:03:58.552Z,2019-08-20T08:43:33.539Z,twins_calib_0259,259,259M00:00:00.018,259M23:59:59.769,259 00:04:26,260 00:04:39,68.24,68.689,68.31,35,16.043
urn:nasa:pds:insight_twins:data_calibrated:twins_calib_0260,2019-08-20T08:43:34.539Z,2019-08-21T09:23:08.605Z,twins_calib_0260,260,260M00:00:00.742,260M23:59:59.595,260 00:04:40,261 00:04:53,68.689,69.137,68.74,35,13.161
urn:nasa:pds:insight_twins:data_calibrated:twins_calib_0261,2019-08-21T09:23:09.605Z,2019-08-22T10:02:42.478Z,twins_calib_0261,261,261M00:00:00.568,261M23:59:58.261,261 00:04:54,262 00:05:05,69.137,69.586,69.27,35,8.333
urn:nasa:pds:insight_twins:data_calibrated:twins_calibevent_0261,2019-08-21T20:45:13.555Z,2019-08-22T10:02:43.478Z,twins_calibevent_0261,261,261M11:03:49.570,261M23:59:59.235,261 11:08:49,262 00:05:06,69.344,69.586,69.4,35,8.575
urn:nasa:pds:insight_twins:data_calibrated:twins_calibevent_0262,2019-08-22T10:02:44.478Z,2019-08-23T10:42:19.209Z,twins_calibevent_0262,262,262M00:00:00.208,262M23:59:59.708,262 00:05:07,263 00:05:19,69.586,70.034,69.7,35,16
urn:nasa:pds:insight_twins:data_calibrated:twins_calib_0262,2019-08-22T10:02:52.477Z,2019-08-23T10:42:10.209Z,twins_calib_0262,262,262M00:00:07.993,262M23:59:50.949,262 00:05:14,263 00:05:11,69.586,70.034,69.7,35,1.688
urn:nasa:pds:insight_twins:data_calibrated:twins_calib_0263,2019-08-23T10:42:20.209Z,2019-08-24T11:21:47.820Z,twins_calib_0263,263,263M00:00:00.681,263M23:59:53.253,263 00:05:20,264 00:05:26,70.034,70.482,70.14,35,1.692
urn:nasa:pds:insight_twins:data_calibrated:twins_calibevent_0263,2019-08-23T10:42:20.209Z,2019-08-24T11:21:53.820Z,twins_calibevent_0263,263,263M00:00:00.681,263M23:59:59.092,263 00:05:20,264 00:05:32,70.034,70.482,70.14,35,16.032
urn:nasa:pds:insight_twins:data_calibrated:twins_calibevent_0264,2019-08-24T11:21:54.820Z,2019-08-25T12:01:29.409Z,twins_calibevent_0264,264,264M00:00:00.066,264M23:59:59.427,264 00:05:33,265 00:05:46,70.482,70.931,70.58,35,15.993
urn:nasa:pds:insight_twins:data_calibrated:twins_calib_0264,2019-08-24T11:21:57.820Z,2019-08-25T12:01:25.410Z,twins_calib_0264,264,264M00:00:02.985,264M23:59:55.535,264 00:05:36,265 00:05:42,70.483,70.931,70.58,35,1.688
urn:nasa:pds:insight_twins:data_calibrated:twins_calibevent_0265,2019-08-25T12:01:30.409Z,2019-08-26T12:41:04.977Z,twins_calibevent_0265,265,265M00:00:00.401,265M23:59:59.743,265 00:05:47,266 00:05:59,70.931,71.379,71.01,35,16.051
urn:nasa:pds:insight_twins:data_calibrated:twins_calib_0265,2019-08-25T12:01:35.409Z,2019-08-26T12:41:02.977Z,twins_calib_0265,265,265M00:00:05.267,265M23:59:57.797,265 00:05:51,266 00:05:57,70.931,71.379,71.01,35,1.692
urn:nasa:pds:insight_twins:data_calibrated:twins_calibevent_0266,2019-08-26T12:41:05.977Z,2019-08-27T13:20:40.253Z,twins_calibevent_0266,266,266M00:00:00.716,266M23:59:59.775,266 00:06:00,267 00:06:12,71.379,71.828,71.45,35,10.286
urn:nasa:pds:insight_twins:data_calibrated:twins_calib_0266,2019-08-26T12:41:12.977Z,2019-08-27T13:20:39.253Z,twins_calib_0266,266,266M00:00:07.529,266M23:59:58.802,266 00:06:07,267 00:06:11,71.379,71.828,71.45,35,1.297
urn:nasa:pds:insight_twins:data_calibrated:twins_calibevent_0267,2019-08-27T13:20:41.253Z,2019-08-28T08:18:35.293Z,twins_calibevent_0267,267,267M00:00:00.748,267M18:27:28.068,267 00:06:13,267 18:33:50,71.828,72.172,71.8,35,11.719
urn:nasa:pds:insight_twins:data_calibrated:twins_calib_0267,2019-08-27T13:20:44.253Z,2019-08-28T14:00:11.748Z,twins_calib_0267,267,267M00:00:03.668,267M23:59:56.126,267 00:06:16,268 00:06:21,71.828,72.276,71.89,35,2.551
urn:nasa:pds:insight_twins:data_calibrated:twins_calib_0268,2019-08-28T14:00:16.748Z,2019-08-29T14:39:45.178Z,twins_calib_0268,268,268M00:00:00.992,268M23:59:54.361,268 00:06:26,269 00:06:32,72.276,72.724,72.32,35,3.622
urn:nasa:pds:insight_twins:data_calibrated:twins_calibevent_0268,2019-08-28T23:52:17.430Z,2019-08-29T01:19:49.391Z,twins_calibevent_0268,268,268M09:36:11.293,268M11:01:22.734,268 09:42:41,268 11:07:53,72.455,72.482,72.32,35,0.973
urn:nasa:pds:insight_twins:data_calibrated:twins_calib_0269,2019-08-29T14:39:55.178Z,2019-08-29T20:27:04.560Z,twins_calib_0269,269,269M00:00:04.093,269M05:37:56.170,269 00:06:41,269 05:44:36,72.724,72.83,72.67,35,0.415
urn:nasa:pds:insight_twins:data_calibrated:twins_calib_0284,2019-09-14T16:15:08.274Z,2019-09-15T01:13:13.595Z,twins_calib_0284,284,284M15:16:17.247,284M23:59:58.752,284 15:25:57,285 00:09:43,79.742,79.905,79.66,35,3.028
urn:nasa:pds:insight_twins:data_calibrated:twins_calib_0285,2019-09-15T01:13:15.595Z,2019-09-16T01:52:49.358Z,twins_calib_0285,285,285M00:00:00.699,285M23:59:59.257,285 00:09:45,286 00:09:54,79.905,80.355,80.01,35,8.387
urn:nasa:pds:insight_twins:data_calibrated:twins_calib_0286,2019-09-16T01:52:51.358Z,2019-09-17T02:32:25.267Z,twins_calib_0286,286,286M00:00:01.203,286M23:59:59.905,286 00:09:56,287 00:10:05,80.355,80.804,80.45,35,8.375
urn:nasa:pds:insight_twins:data_calibrated:twins_calib_0287,2019-09-17T02:32:27.267Z,2019-09-18T03:11:59.199Z,twins_calib_0287,287,287M00:00:01.851,287M23:59:58.628,287 00:10:07,288 00:10:15,80.804,81.254,80.97,35,8.379
urn:nasa:pds:insight_twins:data_calibrated:twins_calib_0288,2019-09-18T03:12:01.199Z,2019-09-19T03:51:35.128Z,twins_calib_0288,288,288M00:00:00.574,288M23:59:59.294,288 00:10:17,289 00:10:26,81.254,81.704,81.41,35,8.387
urn:nasa:pds:insight_twins:data_calibrated:twins_calibevent_0288,2019-09-18T14:31:48.132Z,2019-09-18T15:05:55.077Z,twins_calibevent_0288,288,288M11:01:36.224,288M11:34:48.402,288 11:11:57,288 11:45:10,81.461,81.471,81.41,35,0.391
urn:nasa:pds:insight_twins:data_calibrated:twins_calib_0289,2019-09-19T03:51:37.128Z,2019-09-20T04:31:09.166Z,twins_calib_0289,289,289M00:00:01.240,289M23:59:58.121,289 00:10:28,290 00:10:35,81.704,82.154,81.85,35,8.383
urn:nasa:pds:insight_twins:data_calibrated:twins_calibevent_0289,2019-09-19T14:24:51.170Z,2019-09-19T16:54:25.959Z,twins_calibevent_0289,289,289M10:16:18.726,289M12:41:53.387,289 10:26:50,289 12:52:26,81.897,81.942,81.85,35,0.372
urn:nasa:pds:insight_twins:data_calibrated:twins_calib_0290,2019-09-20T04:31:11.166Z,2019-09-21T05:10:45.005Z,twins_calib_0290,290,290M00:00:00.067,290M23:59:58.700,290 00:10:37,291 00:10:46,82.154,82.604,82.29,35,8.368
urn:nasa:pds:insight_twins:data_calibrated:twins_calibevent_0290,2019-09-20T18:04:57.920Z,2019-09-21T05:10:46.005Z,twins_calibevent_0290,290,290M13:12:00.427,290M23:59:59.673,290 13:22:43,291 00:10:47,82.402,82.604,82.37,35,1.665
urn:nasa:pds:insight_twins:data_calibrated:twins_calib_0291,2019-09-21T05:10:47.005Z,2019-09-22T05:50:20.813Z,twins_calib_0291,291,291M00:00:00.646,291M23:59:59.248,291 00:10:48,292 00:10:57,82.604,83.054,82.73,35,8.352
urn:nasa:pds:insight_twins:data_calibrated:twins_calibevent_0291,2019-09-21T05:10:47.005Z,2019-09-21T22:51:32.330Z,twins_calibevent_0291,291,291M00:00:00.646,291M17:12:23.096,291 00:10:48,291 17:23:18,82.604,82.927,82.73,35,11.489
urn:nasa:pds:insight_twins:data_calibrated:twins_calib_0292,2019-09-22T05:50:22.813Z,2019-09-23T06:29:56.690Z,twins_calib_0292,292,292M00:00:01.195,292M23:59:59.865,292 00:10:59,293 00:11:08,83.054,83.505,83.16,35,14.168
urn:nasa:pds:insight_twins:data_calibrated:twins_calib_0293,2019-09-23T06:29:57.690Z,2019-09-24T07:09:31.574Z,twins_calib_0293,293,293M00:00:00.838,293M23:59:59.514,293 00:11:09,294 00:11:17,83.505,83.955,83.6,35,15.688
urn:nasa:pds:insight_twins:data_calibrated:twins_calibevent_0293,2019-09-23T21:04:41.320Z,2019-09-23T23:17:12.138Z,twins_calibevent_0293,293,293M14:11:20.232,293M16:20:18.320,293 14:22:34,293 16:31:33,83.771,83.812,83.69,35,1.422
urn:nasa:pds:insight_twins:data_calibrated:twins_calib_0294,2019-09-24T07:09:32.574Z,2019-09-25T07:49:06.485Z,twins_calib_0294,294,294M00:00:00.488,294M23:59:59.190,294 00:11:18,295 00:11:27,83.955,84.406,84.04,35,16.028
urn:nasa:pds:insight_twins:data_calibrated:twins_calib_0295,2019-09-25T07:49:07.485Z,2019-09-26T08:28:42.361Z,twins_calib_0295,295,295M00:00:00.163,295M23:59:59.806,295 00:11:28,296 00:11:37,84.406,84.857,84.48,35,15.196
urn:nasa:pds:insight_twins:data_calibrated:twins_calibevent_0295,2019-09-25T11:46:21.135Z,2019-09-26T08:28:42.361Z,twins_calibevent_0295,295,295M03:50:52.982,295M23:59:59.806,295 04:02:22,296 00:11:37,84.478,84.857,84.48,35,2.032
urn:nasa:pds:insight_twins:data_calibrated:twins_calib_0296,2019-09-26T08:28:43.361Z,2019-09-27T09:08:17.230Z,twins_calib_0296,296,296M00:00:00.779,296M23:59:59.440,296 00:11:38,297 00:11:47,84.857,85.308,84.92,35,15.969
urn:nasa:pds:insight_twins:data_calibrated:twins_calibevent_0296,2019-09-26T08:28:43.361Z,2019-09-26T08:51:25.329Z,twins_calibevent_0296,296,296M00:00:00.779,296M00:22:06.306,296 00:11:38,296 00:33:44,84.857,84.864,84.7,35,0.266
urn:nasa:pds:insight_twins:data_calibrated:twins_calib_0297,2019-09-27T09:08:18.229Z,2019-09-28T09:47:53.020Z,twins_calib_0297,297,297M00:00:00.413,297M23:59:59.972,297 00:11:48,298 00:11:57,85.308,85.759,85.45,35,15.774
urn:nasa:pds:insight_twins:data_calibrated:twins_calibevent_0297,2019-09-27T20:34:57.136Z,2019-09-28T05:58:14.329Z,twins_calibevent_0297,297,297M11:08:17.014,297M20:16:29.939,297 11:20:09,297 20:28:25,85.518,85.689,85.45,35,1.301
urn:nasa:pds:insight_twins:data_calibrated:twins_calib_0298,2019-09-28T09:47:54.020Z,2019-09-29T10:27:27.832Z,twins_calib_0298,298,298M00:00:00.945,298M23:59:59.551,298 00:11:58,299 00:12:06,85.759,86.211,85.88,35,15.997
urn:nasa:pds:insight_twins:data_calibrated:twins_calib_0299,2019-09-29T10:27:28.832Z,2019-09-30T11:07:02.621Z,twins_calib_0299,299,299M00:00:00.524,299M23:59:59.109,299 00:12:07,300 00:12:15,86.211,86.663,86.32,35,16.024
urn:nasa:pds:insight_twins:data_calibrated:twins_calibevent_0299,2019-09-29T21:10:35.784Z,2019-09-29T22:47:42.623Z,twins_calibevent_0299,299,299M10:25:55.055,299M12:00:25.993,299 10:38:06,299 12:12:37,86.407,86.437,86.32,35,0.743
urn:nasa:pds:insight_twins:data_calibrated:twins_calib_0300,2019-09-30T11:07:03.621Z,2019-10-01T11:46:38.420Z,twins_calib_0300,300,300M00:00:00.082,300M23:59:59.648,300 00:12:16,301 00:12:25,86.663,87.114,86.76,35,15.653
urn:nasa:pds:insight_twins:data_calibrated:twins_calibevent_0300,2019-10-01T03:26:12.078Z,2019-10-01T04:32:26.994Z,twins_calibevent_0300,300,300M15:52:56.682,300M16:57:25.247,300 16:05:19,300 17:09:48,86.962,86.982,86.9,35,0.708
urn:nasa:pds:insight_twins:data_calibrated:twins_calib_0301,2019-10-01T11:46:39.420Z,2019-10-02T12:26:13.253Z,twins_calib_0301,301,301M00:00:00.622,301M23:59:59.248,301 00:12:26,302 00:12:34,87.114,87.566,87.2,35,16.043
urn:nasa:pds:insight_twins:data_calibrated:twins_calib_0302,2019-10-02T12:26:14.253Z,2019-10-03T13:05:49.103Z,twins_calib_0302,302,302M00:00:00.221,302M23:59:59.839,302 00:12:35,303 00:12:44,87.566,88.019,87.64,35,16.032
urn:nasa:pds:insight_twins:data_calibrated:twins_calib_0303,2019-10-03T13:05:50.103Z,2019-10-04T13:45:23.993Z,twins_calib_0303,303,303M00:00:00.812,303M23:59:59.494,303 00:12:45,304 00:12:53,88.019,88.471,88.08,35,15.997
urn:nasa:pds:insight_twins:data_calibrated:twins_calib_0304,2019-10-04T13:45:24.993Z,2019-10-05T14:24:59.749Z,twins_calib_0304,304,304M00:00:00.467,304M23:59:59.992,304 00:12:54,305 00:13:03,88.471,88.924,88.52,35,16.02
urn:nasa:pds:insight_twins:data_calibrated:twins_calib_0305,2019-10-05T14:25:00.748Z,2019-10-06T15:04:34.589Z,twins_calib_0305,305,305M00:00:00.964,305M23:59:59.599,305 00:13:04,306 00:13:11,88.924,89.377,89.1,35,16.04
urn:nasa:pds:insight_twins:data_calibrated:twins_calib_0306,2019-10-06T15:04:35.589Z,2019-10-07T15:44:09.501Z,twins_calib_0306,306,306M00:00:00.573,306M23:59:59.276,306 00:13:12,307 00:13:20,89.377,89.83,89.54,35,16.043
urn:nasa:pds:insight_twins:data_calibrated:twins_calib_0307,2019-10-07T15:44:10.501Z,2019-10-08T16:23:45.327Z,twins_calib_0307,307,307M00:00:00.249,307M23:59:59.842,307 00:13:21,308 00:13:30,89.83,90.283,89.98,35,16.043
urn:nasa:pds:insight_twins:data_calibrated:twins_calib_0308,2019-10-08T16:23:46.327Z,2019-10-09T17:03:20.094Z,twins_calib_0308,308,308M00:00:00.815,308M23:59:59.378,308 00:13:31,309 00:13:38,90.283,90.737,90.42,35,16.012
urn:nasa:pds:insight_twins:data_calibrated:twins_calib_0309,2019-10-09T17:03:21.094Z,2019-10-10T17:42:55.904Z,twins_calib_0309,309,309M00:00:00.351,309M23:59:59.928,309 00:13:39,310 00:13:48,90.737,91.191,90.86,35,16.051
urn:nasa:pds:insight_twins:data_calibrated:twins_calib_0310,2019-10-10T17:42:56.904Z,2019-10-11T18:22:30.652Z,twins_calib_0310,310,310M00:00:00.902,310M23:59:59.446,310 00:13:49,311 00:13:56,91.191,91.645,91.3,35,15.75
urn:nasa:pds:insight_twins:data_calibrated:twins_calibevent_0310,2019-10-11T08:50:14.438Z,2019-10-11T09:39:25.366Z,twins_calibevent_0310,310,310M14:43:01.921,310M15:30:53.895,310 14:56:55,310 15:44:47,91.469,91.484,91.3,35,0.555
urn:nasa:pds:insight_twins:data_calibrated:twins_calib_0311,2019-10-11T18:22:31.652Z,2019-10-12T19:02:06.386Z,twins_calib_0311,311,311M00:00:00.419,311M23:59:59.923,311 00:13:57,312 00:14:05,91.645,92.099,91.75,35,16.028
urn:nasa:pds:insight_twins:data_calibrated:twins_calib_0312,2019-10-12T19:02:07.386Z,2019-10-13T19:41:41.160Z,twins_calib_0312,312,312M00:00:00.897,312M23:59:59.466,312 00:14:06,313 00:14:13,92.099,92.554,92.19,35,16.04
urn:nasa:pds:insight_twins:data_calibrated:twins_calib_0313,2019-10-13T19:41:42.160Z,2019-10-14T20:21:16.930Z,twins_calib_0313,313,313M00:00:00.439,313M23:59:59.978,313 00:14:14,314 00:14:22,92.554,93.009,92.63,35,16.055
urn:nasa:pds:insight_twins:data_calibrated:twins_calib_0314,2019-10-14T20:21:17.930Z,2019-10-15T21:00:51.684Z,twins_calib_0314,314,314M00:00:00.951,314M23:59:59.501,314 00:14:23,315 00:14:31,93.009,93.464,93.07,35,16.032
urn:nasa:pds:insight_twins:data_calibrated:twins_calib_0315,2019-10-15T21:00:52.684Z,2019-10-16T21:40:27.439Z,twins_calib_0315,315,315M00:00:00.474,315M23:59:59.998,315 00:14:32,316 00:14:40,93.464,93.919,93.65,35,15.629
urn:nasa:pds:insight_twins:data_calibrated:twins_calibevent_0315,2019-10-16T11:34:30.273Z,2019-10-16T12:40:45.175Z,twins_calibevent_0315,315,315M14:10:15.593,315M15:14:44.144,315 14:24:52,315 15:29:21,93.733,93.753,93.65,35,0.731
urn:nasa:pds:insight_twins:data_calibrated:twins_calib_0316,2019-10-16T21:40:28.439Z,2019-10-17T22:20:02.160Z,twins_calib_0316,316,316M00:00:00.971,316M23:59:59.489,316 00:14:41,317 00:14:48,93.919,94.375,94.09,35,16.079
urn:nasa:pds:insight_twins:data_calibrated:twins_calib_0317,2019-10-17T22:20:03.160Z,2019-10-18T22:59:37.849Z,twins_calib_0317,317,317M00:00:00.462,317M23:59:59.922,317 00:14:49,318 00:14:56,94.375,94.831,94.54,35,13.555
urn:nasa:pds:insight_twins:data_calibrated:twins_calibevent_0317,2019-10-17T23:53:47.016Z,2019-10-18T20:49:25.042Z,twins_calibevent_0317,317,317M01:31:13.848,317M21:53:16.152,317 01:46:03,317 22:08:12,94.404,94.791,94.4,35,3.063
urn:nasa:pds:insight_twins:data_calibrated:twins_calib_0318,2019-10-18T22:59:38.849Z,2019-10-19T23:39:12.588Z,twins_calib_0318,318,318M00:00:00.895,318M23:59:59.430,318 00:14:57,319 00:15:04,94.831,95.287,94.98,35,16.051
urn:nasa:pds:insight_twins:data_calibrated:twins_calib_0319,2019-10-19T23:39:13.588Z,2019-10-21T00:18:48.371Z,twins_calib_0319,319,319M00:00:00.404,319M23:59:59.955,319 00:15:05,320 00:15:13,95.287,95.744,95.43,35,16.043
urn:nasa:pds:insight_twins:data_calibrated:twins_calib_0320,2019-10-21T00:18:49.371Z,2019-10-22T00:58:23.183Z,twins_calib_0320,320,320M00:00:00.928,320M23:59:59.534,320 00:15:14,321 00:15:21,95.744,96.201,95.87,35,16.016
urn:nasa:pds:insight_twins:data_calibrated:twins_calib_0321,2019-10-22T00:58:24.183Z,2019-10-23T01:37:58.007Z,twins_calib_0321,321,321M00:00:00.508,321M23:59:59.126,321 00:15:22,322 00:15:29,96.201,96.658,96.31,35,15.657
urn:nasa:pds:insight_twins:data_calibrated:twins_calibevent_0321,2019-10-22T23:10:16.205Z,2019-10-23T00:01:27.137Z,twins_calibevent_0321,321,321M21:36:14.428,321M22:26:03.195,321 21:51:44,321 22:41:33,96.612,96.628,96.49,35,0.571
urn:nasa:pds:insight_twins:data_calibrated:twins_calib_0322,2019-10-23T01:37:59.007Z,2019-10-24T02:17:33.834Z,twins_calib_0322,322,322M00:00:00.099,322M23:59:59.693,322 00:15:30,323 00:15:38,96.658,97.116,96.76,35,15.254
urn:nasa:pds:insight_twins:data_calibrated:twins_calibevent_0322,2019-10-23T13:31:02.873Z,2019-10-23T23:28:21.065Z,twins_calibevent_0322,322,322M11:33:59.253,322M21:15:18.569,322 11:49:33,322 21:30:56,96.879,97.063,96.85,35,2.579
urn:nasa:pds:insight_twins:data_calibrated:twins_calib_0323,2019-10-24T02:17:34.834Z,2019-10-25T02:57:08.603Z,twins_calib_0323,323,323M00:00:00.666,323M23:59:59.231,323 00:15:39,324 00:15:46,97.116,97.574,97.21,35,16.032
urn:nasa:pds:insight_twins:data_calibrated:twins_calib_0324,2019-10-25T02:57:09.603Z,2019-10-26T03:36:44.387Z,twins_calib_0324,324,324M00:00:00.205,324M23:59:59.757,324 00:15:47,325 00:15:54,97.574,98.032,97.74,35,16.016
urn:nasa:pds:insight_twins:data_calibrated:twins_calib_0325,2019-10-26T03:36:45.387Z,2019-10-27T04:16:19.212Z,twins_calib_0325,325,325M00:00:00.730,325M23:59:59.349,325 00:15:55,326 00:16:02,98.032,98.49,98.19,35,16.051
urn:nasa:pds:insight_twins:data_calibrated:twins_calib_0326,2019-10-27T04:16:20.212Z,2019-10-28T04:55:55.041Z,twins_calib_0326,326,326M00:00:00.322,326M23:59:59.918,326 00:16:03,327 00:16:11,98.49,98.949,98.63,35,16.051
urn:nasa:pds:insight_twins:data_calibrated:twins_calib_0327,2019-10-28T04:55:56.041Z,2019-10-29T05:35:29.886Z,twins_calib_0327,327,327M00:00:00.891,327M23:59:59.530,327 00:16:12,328 00:16:18,98.949,99.409,99.08,35,16.016
urn:nasa:pds:insight_twins:data_calibrated:twins_calib_0328,2019-10-29T05:35:30.886Z,2019-10-30T06:15:04.714Z,twins_calib_0328,328,328M00:00:00.504,328M23:59:59.125,328 00:16:19,329 00:16:26,99.409,99.868,99.53,35,16.043
urn:nasa:pds:insight_twins:data_calibrated:twins_calib_0329,2019-10-30T06:15:05.714Z,2019-10-31T06:54:40.456Z,twins_calib_0329,329,329M00:00:00.098,329M23:59:59.610,329 00:16:27,330 00:16:35,99.868,100.328,99.97,35,16.036
urn:nasa:pds:insight_twins:data_calibrated:twins_calib_0330,2019-10-31T06:54:41.456Z,2019-11-01T07:34:15.236Z,twins_calib_0330,330,330M00:00:00.583,330M23:59:59.158,330 00:16:36,331 00:16:42,100.328,100.789,100.42,35,16.043
urn:nasa:pds:insight_twins:data_calibrated:twins_calib_0331,2019-11-01T07:34:16.236Z,2019-11-02T08:13:51.023Z,twins_calib_0331,331,331M00:00:00.131,331M23:59:59.687,331 00:16:43,332 00:16:51,100.789,101.249,100.87,35,16.02
urn:nasa:pds:insight_twins:data_calibrated:twins_calib_0332,2019-11-02T08:13:52.022Z,2019-11-03T08:53:25.903Z,twins_calib_0332,332,332M00:00:00.659,332M23:59:59.332,332 00:16:52,333 00:16:58,101.249,101.71,101.32,35,16.04
urn:nasa:pds:insight_twins:data_calibrated:twins_calib_0333,2019-11-03T08:53:26.903Z,2019-11-04T09:33:00.888Z,twins_calib_0333,333,333M00:00:00.305,333M23:59:59.081,333 00:16:59,334 00:17:06,101.71,102.172,101.77,35,16.04
urn:nasa:pds:insight_twins:data_calibrated:twins_calib_0334,2019-11-04T09:33:01.888Z,2019-11-05T10:12:36.855Z,twins_calib_0334,334,334M00:00:00.054,334M23:59:59.784,334 00:17:07,335 00:17:15,102.172,102.634,102.31,35,16.02
urn:nasa:pds:insight_twins:data_calibrated:twins_calib_0335,2019-11-05T10:12:37.855Z,2019-11-06T10:52:11.850Z,twins_calib_0335,335,335M00:00:00.757,335M23:59:59.542,335 00:17:16,336 00:17:23,102.634,103.096,102.76,35,16.004
urn:nasa:pds:insight_twins:data_calibrated:twins_calib_0336,2019-11-06T10:52:12.850Z,2019-11-07T11:31:46.793Z,twins_calib_0336,336,336M00:00:00.515,336M23:59:59.248,336 00:17:24,337 00:17:30,103.096,103.559,103.21,35,16.04
urn:nasa:pds:insight_twins:data_calibrated:twins_calib_0337,2019-11-07T11:31:47.793Z,2019-11-08T12:11:22.733Z,twins_calib_0337,337,337M00:00:00.222,337M23:59:59.926,337 00:17:31,338 00:17:39,103.559,104.022,103.66,35,15.973
urn:nasa:pds:insight_twins:data_calibrated:twins_calib_0338,2019-11-08T12:11:23.733Z,2019-11-09T12:50:57.649Z,twins_calib_0338,338,338M00:00:00.899,338M23:59:59.607,338 00:17:40,339 00:17:46,104.022,104.485,104.11,35,15.985
urn:nasa:pds:insight_twins:data_calibrated:twins_calib_0339,2019-11-09T12:50:58.649Z,2019-11-10T13:30:32.621Z,twins_calib_0339,339,339M00:00:00.581,339M23:59:59.342,339 00:17:47,340 00:17:54,104.485,104.949,104.56,35,15.993
urn:nasa:pds:insight_twins:data_calibrated:twins_calib_0340,2019-11-10T13:30:33.621Z,2019-11-11T14:10:07.650Z,twins_calib_0340,340,340M00:00:00.315,340M23:59:59.133,340 00:17:55,341 00:18:02,104.949,105.413,105.01,35,15.985
urn:nasa:pds:insight_twins:data_calibrated:twins_calib_0341,2019-11-11T14:10:08.650Z,2019-11-12T14:49:43.610Z,twins_calib_0341,341,341M00:00:00.106,341M23:59:59.829,341 00:18:03,342 00:18:10,105.413,105.878,105.46,35,15.516
urn:nasa:pds:insight_twins:data_calibrated:twins_calibevent_0341,2019-11-11T16:40:41.449Z,2019-11-11T17:46:56.355Z,twins_calibevent_0341,341,341M02:26:31.226,341M03:30:59.781,341 02:44:35,341 03:49:04,105.461,105.482,105.37,35,0.727
urn:nasa:pds:insight_twins:data_calibrated:twins_calib_0342,2019-11-12T14:49:44.610Z,2019-11-13T15:29:18.594Z,twins_calib_0342,342,342M00:00:00.803,342M23:59:59.577,342 00:18:11,343 00:18:18,105.878,106.343,106.05,35,16.004
urn:nasa:pds:insight_twins:data_calibrated:twins_calib_0343,2019-11-13T15:29:19.594Z,2019-11-14T16:08:53.524Z,twins_calib_0343,343,343M00:00:00.550,343M23:59:59.272,343 00:18:19,344 00:18:26,106.343,106.809,106.5,35,15.965
urn:nasa:pds:insight_twins:data_calibrated:twins_calib_0344,2019-11-14T16:08:54.524Z,2019-11-15T16:48:29.400Z,twins_calib_0344,344,344M00:00:00.245,344M23:59:59.886,344 00:18:27,345 00:18:34,106.809,107.275,106.96,35,15.985
urn:nasa:pds:insight_twins:data_calibrated:twins_calib_0345,2019-11-15T16:48:30.400Z,2019-11-16T17:28:04.252Z,twins_calib_0345,345,345M00:00:00.859,345M23:59:59.505,345 00:18:35,346 00:18:42,107.275,107.742,107.41,35,15.981
urn:nasa:pds:insight_twins:data_calibrated:twins_calib_0346,2019-11-16T17:28:05.252Z,2019-11-17T18:07:39.127Z,twins_calib_0346,346,346M00:00:00.478,346M23:59:59.145,346 00:18:43,347 00:18:49,107.742,108.209,107.86,35,15.965
urn:nasa:pds:insight_twins:data_calibrated:twins_calib_0347,2019-11-17T18:07:40.127Z,2019-11-18T18:47:15.147Z,twins_calib_0347,347,347M00:00:00.119,347M23:59:59.901,347 00:18:50,348 00:18:58,108.209,108.676,108.32,35,15.977
urn:nasa:pds:insight_twins:data_calibrated:twins_calib_0348,2019-11-18T18:47:16.147Z,2019-11-19T19:26:50.118Z,twins_calib_0348,348,348M00:00:00.874,348M23:59:59.635,348 00:18:59,349 00:19:06,108.676,109.144,108.77,35,16.004
urn:nasa:pds:insight_twins:data_calibrated:twins_calib_0349,2019-11-19T19:26:51.118Z,2019-11-20T20:06:25.126Z,twins_calib_0349,349,349M00:00:00.608,349M23:59:59.406,349 00:19:07,350 00:19:13,109.144,109.612,109.23,35,16.04
urn:nasa:pds:insight_twins:data_calibrated:twins_calib_0350,2019-11-20T20:06:26.126Z,2019-11-21T20:46:00.094Z,twins_calib_0350,350,350M00:00:00.379,350M23:59:59.137,350 00:19:14,351 00:19:21,109.612,110.081,109.69,35,16.008
urn:nasa:pds:insight_twins:data_calibrated:twins_calib_0351,2019-11-21T20:46:01.094Z,2019-11-22T21:25:36.084Z,twins_calib_0351,351,351M00:00:00.111,351M23:59:59.863,351 00:19:22,352 00:19:30,110.081,110.551,110.14,35,15.985
urn:nasa:pds:insight_twins:data_calibrated:twins_calib_0352,2019-11-22T21:25:37.084Z,2019-11-23T22:05:11.068Z,twins_calib_0352,352,352M00:00:00.837,352M23:59:59.610,352 00:19:31,353 00:19:37,110.551,111.021,110.74,35,16.047
urn:nasa:pds:insight_twins:data_calibrated:twins_calib_0353,2019-11-23T22:05:12.068Z,2019-11-24T22:44:46.059Z,twins_calib_0353,353,353M00:00:00.584,353M23:59:59.364,353 00:19:38,354 00:19:45,111.021,111.491,111.19,35,16.02
urn:nasa:pds:insight_twins:data_calibrated:twins_calib_0354,2019-11-24T22:44:47.059Z,2019-11-25T23:24:21.058Z,twins_calib_0354,354,354M00:00:00.337,354M23:59:59.126,354 00:19:46,355 00:19:53,111.491,111.962,111.65,35,16.012
urn:nasa:pds:insight_twins:data_calibrated:twins_calib_0355,2019-11-25T23:24:22.058Z,2019-11-27T00:03:57.109Z,twins_calib_0355,355,355M00:00:00.099,355M23:59:59.911,355 00:19:54,356 00:20:02,111.962,112.433,112.11,35,16.043
urn:nasa:pds:insight_twins:data_calibrated:twins_calib_0356,2019-11-27T00:03:58.109Z,2019-11-28T00:43:32.106Z,twins_calib_0356,356,356M00:00:00.884,356M23:59:59.671,356 00:20:03,357 00:20:10,112.433,112.905,112.57,35,16.02
urn:nasa:pds:insight_twins:data_calibrated:twins_calib_0357,2019-11-28T00:43:33.106Z,2019-11-29T01:23:07.130Z,twins_calib_0357,357,357M00:00:00.644,357M23:59:59.457,357 00:20:11,358 00:20:17,112.905,113.377,113.03,35,15.965
urn:nasa:pds:insight_twins:data_calibrated:twins_calib_0358,2019-11-29T01:23:08.130Z,2019-11-30T02:02:42.128Z,twins_calib_0358,358,358M00:00:00.430,358M23:59:59.217,358 00:20:18,359 00:20:25,113.377,113.85,113.49,35,16.024
urn:nasa:pds:insight_twins:data_calibrated:twins_calib_0359,2019-11-30T02:02:43.128Z,2019-12-01T02:42:17.192Z,twins_calib_0359,359,359M00:00:00.190,359M23:59:59.042,359 00:20:26,360 00:20:33,113.85,114.324,113.95,35,16.008
urn:nasa:pds:insight_twins:data_calibrated:twins_calib_0360,2019-12-01T02:42:18.192Z,2019-12-02T03:21:53.249Z,twins_calib_0360,360,360M00:00:00.015,360M23:59:59.833,360 00:20:34,361 00:20:42,114.324,114.798,114.5,35,15.946
urn:nasa:pds:insight_twins:data_calibrated:twins_calib_0361,2019-12-02T03:21:54.249Z,2019-12-03T04:01:28.322Z,twins_calib_0361,361,361M00:00:00.807,361M23:59:59.667,361 00:20:43,362 00:20:50,114.798,115.272,114.96,35,15.95
urn:nasa:pds:insight_twins:data_calibrated:twins_calib_0362,2019-12-03T04:01:29.322Z,2019-12-04T04:41:03.405Z,twins_calib_0362,362,362M00:00:00.640,362M23:59:59.510,362 00:20:51,363 00:20:58,115.272,115.747,115.43,35,15.985
urn:nasa:pds:insight_twins:data_calibrated:twins_calib_0363,2019-12-04T04:41:04.405Z,2019-12-05T05:20:38.457Z,twins_calib_0363,363,363M00:00:00.483,363M23:59:59.323,363 00:20:59,364 00:21:06,115.747,116.223,115.89,35,15.958
urn:nasa:pds:insight_twins:data_calibrated:twins_calib_0364,2019-12-05T05:20:39.457Z,2019-12-06T06:00:13.485Z,twins_calib_0364,364,364M00:00:00.297,364M23:59:59.113,364 00:21:07,365 00:21:14,116.223,116.699,116.35,35,16.004
urn:nasa:pds:insight_twins:data_calibrated:twins_calib_0365,2019-12-06T06:00:14.485Z,2019-12-07T06:39:49.492Z,twins_calib_0365,365,365M00:00:00.086,365M23:59:59.856,365 00:21:15,366 00:21:23,116.699,117.176,116.82,35,15.989
urn:nasa:pds:insight_twins:data_calibrated:twins_calib_0366,2019-12-07T06:39:50.492Z,2019-12-08T00:34:42.939Z,twins_calib_0366,366,366M00:00:00.829,366M17:26:07.735,366 00:21:24,366 17:47:37,117.176,117.523,117.28,35,11.7
urn:nasa:pds:insight_twins:data_calibrated:twins_calib_0367,2019-12-08T09:21:33.962Z,2019-12-09T07:58:59.131Z,twins_calib_0367,367,367M01:58:52.983,367M23:59:59.029,367 02:20:25,368 00:21:39,117.693,118.131,117.74,35,14.211
urn:nasa:pds:insight_twins:data_calibrated:twins_calib_0368,2019-12-09T07:59:00.131Z,2019-12-10T08:38:35.191Z,twins_calib_0368,368,368M00:00:00.003,368M23:59:59.824,368 00:21:40,369 00:21:48,118.131,118.61,118.21,35,15.938
urn:nasa:pds:insight_twins:data_calibrated:twins_calib_0369,2019-12-10T08:38:36.191Z,2019-12-11T09:18:10.189Z,twins_calib_0369,369,369M00:00:00.797,369M23:59:59.584,369 00:21:49,370 00:21:56,118.61,119.089,118.68,35,15.665
urn:nasa:pds:insight_twins:data_calibrated:twins_calibevent_0369,2019-12-10T17:40:31.394Z,2019-12-10T19:53:02.195Z,twins_calibevent_0369,369,369M08:47:26.033,369M10:56:24.105,369 09:09:17,369 11:18:16,118.785,118.828,118.68,35,1.434
urn:nasa:pds:insight_twins:data_calibrated:twins_calib_0370,2019-12-11T09:18:11.189Z,2019-12-12T09:57:45.679Z,twins_calib_0370,370,370M00:00:00.557,370M23:59:59.824,370 00:21:57,371 00:22:05,119.089,119.569,119.24,35,13.899
urn:nasa:pds:insight_twins:data_calibrated:twins_calibevent_0370,2019-12-11T14:17:25.750Z,2019-12-11T16:31:56.533Z,twins_calibevent_0370,370,370M04:51:14.731,370M07:02:09.575,370 05:13:13,370 07:24:09,119.186,119.23,119.14,35,1.407
urn:nasa:pds:insight_twins:data_calibrated:twins_calib_0371,2019-12-12T09:57:46.679Z,2019-12-13T10:37:20.649Z,twins_calib_0371,371,371M00:00:00.797,371M23:59:59.557,371 00:22:06,372 00:22:13,119.569,120.049,119.7,35,15.668
urn:nasa:pds:insight_twins:data_calibrated:twins_calibevent_0371,2019-12-12T17:41:25.999Z,2019-12-12T19:53:56.787Z,twins_calibevent_0371,371,371M07:31:15.791,371M09:40:13.851,371 07:53:24,371 10:02:22,119.719,119.762,119.61,35,1.434
urn:nasa:pds:insight_twins:data_calibrated:twins_calib_0372,2019-12-13T10:37:21.649Z,2019-12-14T11:16:55.647Z,twins_calib_0372,372,372M00:00:00.530,372M23:59:59.317,372 00:22:14,373 00:22:21,120.049,120.53,120.17,35,15.981
urn:nasa:pds:insight_twins:data_calibrated:twins_calib_0373,2019-12-14T11:16:56.647Z,2019-12-15T11:56:30.602Z,twins_calib_0373,373,373M00:00:00.291,373M23:59:59.036,373 00:22:22,374 00:22:30,120.53,121.011,120.64,35,15.887
urn:nasa:pds:insight_twins:data_calibrated:twins_calibevent_0373,2019-12-15T10:36:29.704Z,2019-12-15T11:56:30.602Z,twins_calibevent_0373,373,373M22:42:06.590,373M23:59:59.036,373 23:04:37,374 00:22:30,120.985,121.011,120.92,35,0.852
urn:nasa:pds:insight_twins:data_calibrated:twins_calib_0374,2019-12-15T11:56:31.602Z,2019-12-16T12:36:06.600Z,twins_calib_0374,374,374M00:00:00.009,374M23:59:59.770,374 00:22:31,375 00:22:39,121.011,121.494,121.11,35,15.809
urn:nasa:pds:insight_twins:data_calibrated:twins_calibevent_0374,2019-12-15T11:56:31.602Z,2019-12-15T12:49:00.533Z,twins_calibevent_0374,374,374M00:00:00.009,374M00:51:04.689,374 00:22:31,374 01:13:36,121.011,121.028,120.92,35,0.563
urn:nasa:pds:insight_twins:data_calibrated:twins_calib_0375,2019-12-16T12:36:07.600Z,2019-12-17T13:15:41.527Z,twins_calib_0375,375,375M00:00:00.743,375M23:59:59.462,375 00:22:40,376 00:22:47,121.494,121.976,121.58,35,15.383
urn:nasa:pds:insight_twins:data_calibrated:twins_calibevent_0375,2019-12-16T15:42:08.339Z,2019-12-16T20:12:55.919Z,twins_calibevent_0375,375,375M03:01:02.869,375M07:24:35.734,375 03:23:43,375 07:47:18,121.554,121.643,121.48,35,1.895
urn:nasa:pds:insight_twins:data_calibrated:twins_calib_0376,2019-12-17T13:15:42.527Z,2019-12-18T13:55:16.446Z,twins_calib_0376,376,376M00:00:00.435,376M23:59:59.145,376 00:22:48,377 00:22:55,121.976,122.46,122.05,35,15.918
urn:nasa:pds:insight_twins:data_calibrated:twins_calib_0377,2019-12-18T13:55:17.446Z,2019-12-19T14:34:52.076Z,twins_calib_0377,377,377M00:00:00.118,377M23:59:59.521,377 00:22:56,378 00:23:04,122.46,122.944,122.52,35,15.192
urn:nasa:pds:insight_twins:data_calibrated:twins_calib_0378,2019-12-19T14:34:53.076Z,2019-12-20T15:14:27.085Z,twins_calib_0378,378,378M00:00:00.494,378M23:59:59.292,378 00:23:05,379 00:23:13,122.944,123.428,123.13,35,15.981
urn:nasa:pds:insight_twins:data_calibrated:twins_calib_0379,2019-12-20T15:14:28.085Z,2019-12-21T15:54:03.053Z,twins_calib_0379,379,379M00:00:00.265,379M23:59:59.997,379 00:23:14,380 00:23:22,123.428,123.914,123.6,35,15.946
urn:nasa:pds:insight_twins:data_calibrated:twins_calib_0380,2019-12-21T15:54:04.053Z,2019-12-22T16:33:38.118Z,twins_calib_0380,380,380M00:00:00.970,380M23:59:59.823,380 00:23:23,381 00:23:31,123.914,124.4,124.07,35,15.997
urn:nasa:pds:insight_twins:data_calibrated:twins_calib_0381,2019-12-22T16:33:39.118Z,2019-12-23T17:13:13.249Z,twins_calib_0381,381,381M00:00:00.796,381M23:59:59.713,381 00:23:32,382 00:23:40,124.4,124.886,124.55,35,15.985
urn:nasa:pds:insight_twins:data_calibrated:twins_calib_0382,2019-12-23T17:13:14.249Z,2019-12-24T17:52:48.434Z,twins_calib_0382,382,382M00:00:00.686,382M23:59:59.655,382 00:23:41,383 00:23:48,124.886,125.373,125.02,35,15.95
urn:nasa:pds:insight_twins:data_calibrated:twins_calib_0383,2019-12-24T17:52:49.433Z,2019-12-25T18:32:23.628Z,twins_calib_0383,383,383M00:00:00.628,383M23:59:59.607,383 00:23:49,384 00:23:57,125.373,125.861,125.5,35,15.965
urn:nasa:pds:insight_twins:data_calibrated:twins_calib_0384,2019-12-25T18:32:24.628Z,2019-12-26T19:11:58.896Z,twins_calib_0384,384,384M00:00:00.580,384M23:59:59.630,384 00:23:58,385 00:24:06,125.861,126.35,125.97,35,12.622
urn:nasa:pds:insight_twins:data_calibrated:twins_calibevent_0384,2019-12-26T05:20:14.731Z,2019-12-26T10:58:32.354Z,twins_calibevent_0384,384,384M10:30:30.687,384M15:59:45.232,384 10:54:32,384 16:23:49,126.075,126.187,125.97,35,3.325
urn:nasa:pds:insight_twins:data_calibrated:twins_calib_0385,2019-12-26T19:11:59.896Z,2019-12-27T15:05:01.453Z,twins_calib_0385,385,385M00:00:00.603,385M19:21:06.946,385 00:24:07,385 19:45:21,126.35,126.744,126.45,35,12.891
urn:nasa:pds:insight_twins:data_calibrated:twins_calib_0386,2019-12-27T22:33:33.682Z,2019-12-28T20:31:09.059Z,twins_calib_0386,386,386M02:37:39.119,386M23:59:59.315,386 03:01:55,387 00:24:24,126.893,127.329,126.92,35,13.825
urn:nasa:pds:insight_twins:data_calibrated:twins_calib_0387,2019-12-28T20:31:10.059Z,2019-12-29T21:10:44.116Z,twins_calib_0387,387,387M00:00:00.288,387M23:59:59.133,387 00:24:25,388 00:24:32,127.329,127.82,127.4,35,15.922
urn:nasa:pds:insight_twins:data_calibrated:twins_calib_0388,2019-12-29T21:10:45.116Z,2019-12-30T21:50:20.199Z,twins_calib_0388,388,388M00:00:00.106,388M23:59:59.949,388 00:24:33,389 00:24:42,127.82,128.311,128.02,35,15.946
urn:nasa:pds:insight_twins:data_calibrated:twins_calib_0389,2019-12-30T21:50:21.199Z,2019-12-31T22:29:55.394Z,twins_calib_0389,389,389M00:00:00.922,389M23:59:59.901,389 00:24:43,390 00:24:51,128.311,128.803,128.5,35,15.665
urn:nasa:pds:insight_twins:data_calibrated:twins_calibevent_0389,2019-12-31T05:05:00.615Z,2019-12-31T06:13:15.511Z,twins_calibevent_0389,389,389M07:03:02.565,389M08:09:27.899,389 07:27:48,389 08:34:13,128.456,128.478,128.36,35,0.766
urn:nasa:pds:insight_twins:data_calibrated:twins_calib_0390,2019-12-31T22:29:56.394Z,2020-01-01T23:09:30.569Z,twins_calib_0390,390,390M00:00:00.875,390M23:59:59.834,390 00:24:52,391 00:25:00,128.803,129.296,128.98,35,15.532
urn:nasa:pds:insight_twins:data_calibrated:twins_calibevent_0390,2020-01-01T15:07:35.082Z,2020-01-01T17:22:05.948Z,twins_calibevent_0390,390,390M16:10:58.001,390M18:21:52.925,390 16:35:55,390 18:46:51,129.135,129.18,129.08,35,1.364
urn:nasa:pds:insight_twins:data_calibrated:twins_calib_0391,2020-01-01T23:09:31.569Z,2020-01-02T23:49:05.771Z,twins_calib_0391,391,391M00:00:00.808,391M23:59:59.793,391 00:25:01,392 00:25:09,129.296,129.789,129.46,35,15.899
urn:nasa:pds:insight_twins:data_calibrated:twins_calib_0392,2020-01-02T23:49:06.771Z,2020-01-04T00:28:41.029Z,twins_calib_0392,392,392M00:00:00.767,392M23:59:59.807,392 00:25:10,393 00:25:19,129.789,130.283,129.94,35,15.903
urn:nasa:pds:insight_twins:data_calibrated:twins_calib_0393,2020-01-04T00:28:42.029Z,2020-01-05T01:08:16.280Z,twins_calib_0393,393,393M00:00:00.780,393M23:59:59.814,393 00:25:20,394 00:25:28,130.283,130.778,130.42,35,15.938
urn:nasa:pds:insight_twins:data_calibrated:twins_calib_0394,2020-01-05T01:08:17.280Z,2020-01-06T01:47:51.497Z,twins_calib_0394,394,394M00:00:00.787,394M23:59:59.787,394 00:25:29,395 00:25:37,130.778,131.274,130.9,35,15.938
urn:nasa:pds:insight_twins:data_calibrated:twins_calib_0395,2020-01-06T01:47:52.497Z,2020-01-07T02:27:26.728Z,twins_calib_0395,395,395M00:00:00.761,395M23:59:59.775,395 00:25:38,396 00:25:46,131.274,131.77,131.39,35,15.938
urn:nasa:pds:insight_twins:data_calibrated:twins_calib_0396,2020-01-07T02:27:27.728Z,2020-01-08T03:07:01.902Z,twins_calib_0396,396,396M00:00:00.748,396M23:59:59.707,396 00:25:47,397 00:25:55,131.77,132.267,131.97,35,15.399
urn:nasa:pds:insight_twins:data_calibrated:twins_calibevent_0396,2020-01-07T08:52:32.218Z,2020-01-07T19:20:24.365Z,twins_calibevent_0396,396,396M06:14:47.061,396M16:25:51.264,396 06:40:36,396 16:51:44,131.9,132.11,131.87,35,1.543
urn:nasa:pds:insight_twins:data_calibrated:twins_calib_0397,2020-01-08T03:07:02.902Z,2020-01-09T03:46:37.033Z,twins_calib_0397,397,397M00:00:00.680,397M23:59:59.597,397 00:25:56,398 00:26:05,132.267,132.765,132.45,35,15.903
urn:nasa:pds:insight_twins:data_calibrated:twins_calib_0398,2020-01-09T03:46:38.033Z,2020-01-10T04:26:12.099Z,twins_calib_0398,398,398M00:00:00.570,398M23:59:59.424,398 00:26:06,399 00:26:14,132.765,133.264,132.93,35,15.571
urn:nasa:pds:insight_twins:data_calibrated:twins_calibevent_0398,2020-01-09T14:35:09.091Z,2020-01-09T15:58:27.963Z,twins_calibevent_0398,398,398M10:31:10.535,398M11:52:15.659,398 10:57:20,398 12:18:25,132.984,133.012,132.93,35,0.93
urn:nasa:pds:insight_twins:data_calibrated:twins_calib_0399,2020-01-10T04:26:13.099Z,2020-01-11T05:05:47.191Z,twins_calib_0399,399,399M00:00:00.397,399M23:59:59.276,399 00:26:15,400 00:26:23,133.264,133.763,133.42,35,15.95
urn:nasa:pds:insight_twins:data_calibrated:twins_calib_0400,2020-01-11T05:05:48.191Z,2020-01-12T05:45:22.359Z,twins_calib_0400,400,400M00:00:00.249,400M23:59:59.202,400 00:26:24,401 00:26:32,133.763,134.263,133.91,35,15.969
urn:nasa:pds:insight_twins:data_calibrated:twins_calib_0401,2020-01-12T05:45:23.359Z,2020-01-13T06:24:57.697Z,twins_calib_0401,401,401M00:00:00.175,401M23:59:59.294,401 00:26:33,402 00:26:42,134.263,134.764,134.39,35,15.997
urn:nasa:pds:insight_twins:data_calibrated:twins_calib_0402,2020-01-13T06:24:58.697Z,2020-01-14T07:04:32.945Z,twins_calib_0402,402,402M00:00:00.267,402M23:59:59.298,402 00:26:43,403 00:26:51,134.764,135.265,134.88,35,15.993
urn:nasa:pds:insight_twins:data_calibrated:twins_calib_0403,2020-01-14T07:04:33.945Z,2020-01-15T07:44:08.532Z,twins_calib_0403,403,403M00:00:00.271,403M23:59:59.630,403 00:26:52,404 00:27:01,135.265,135.768,135.37,35,15.973
urn:nasa:pds:insight_twins:data_calibrated:twins_calib_0404,2020-01-15T07:44:09.532Z,2020-01-16T08:23:43.788Z,twins_calib_0404,404,404M00:00:00.604,404M23:59:59.642,404 00:27:02,405 00:27:11,135.768,136.271,135.86,35,15.93
urn:nasa:pds:insight_twins:data_calibrated:twins_calib_0405,2020-01-16T08:23:44.788Z,2020-01-17T09:03:19.026Z,twins_calib_0405,405,405M00:00:00.615,405M23:59:59.636,405 00:27:12,406 00:27:20,136.271,136.775,136.35,35,16
urn:nasa:pds:insight_twins:data_calibrated:twins_calib_0406,2020-01-17T09:03:20.026Z,2020-01-18T09:42:54.249Z,twins_calib_0406,406,406M00:00:00.610,406M23:59:59.616,406 00:27:21,407 00:27:30,136.775,137.28,136.94,35,16.004
urn:nasa:pds:insight_twins:data_calibrated:twins_calib_0407,2020-01-18T09:42:55.249Z,2020-01-19T10:22:29.426Z,twins_calib_0407,407,407M00:00:00.589,407M23:59:59.551,407 00:27:31,408 00:27:39,137.28,137.785,137.43,35,15.93
urn:nasa:pds:insight_twins:data_calibrated:twins_calib_0408,2020-01-19T10:22:30.426Z,2020-01-20T11:02:04.622Z,twins_calib_0408,408,408M00:00:00.524,408M23:59:59.504,408 00:27:40,409 00:27:49,137.785,138.291,137.92,35,15.958
urn:nasa:pds:insight_twins:data_calibrated:twins_calib_0409,2020-01-20T11:02:05.622Z,2020-01-21T11:41:39.825Z,twins_calib_0409,409,409M00:00:00.478,409M23:59:59.465,409 00:27:50,410 00:27:58,138.291,138.798,138.41,35,15.918
urn:nasa:pds:insight_twins:data_calibrated:twins_calib_0410,2020-01-21T11:41:40.825Z,2020-01-22T12:21:14.949Z,twins_calib_0410,410,410M00:00:00.438,410M23:59:59.348,410 00:27:59,411 00:28:08,138.798,139.306,138.91,35,15.922
urn:nasa:pds:insight_twins:data_calibrated:twins_calib_0411,2020-01-22T12:21:15.949Z,2020-01-23T13:00:50.100Z,twins_calib_0411,411,411M00:00:00.321,411M23:59:59.257,411 00:28:09,412 00:28:17,139.306,139.815,139.4,35,15.93
urn:nasa:pds:insight_twins:data_calibrated:twins_calibevent_0411,2020-01-23T12:50:58.110Z,2020-01-23T13:00:50.100Z,twins_calibevent_0411,411,411M23:50:23.107,411M23:59:59.257,412 00:18:41,412 00:28:17,139.812,139.815,139.7,35,0.129
urn:nasa:pds:insight_twins:data_calibrated:twins_calib_0412,2020-01-23T13:00:51.099Z,2020-01-24T10:40:03.490Z,twins_calib_0412,412,412M00:00:00.230,412M21:04:26.950,412 00:28:18,412 21:32:53,139.815,140.262,139.9,35,13.586
urn:nasa:pds:insight_twins:data_calibrated:twins_calibevent_0412,2020-01-23T13:00:51.099Z,2020-01-24T13:40:25.303Z,twins_calibevent_0412,412,412M00:00:00.230,412M23:59:59.218,412 00:28:18,413 00:28:27,139.815,140.325,139.9,35,2.75
urn:nasa:pds:insight_twins:data_calibrated:twins_calibevent_0413,2020-01-24T13:40:26.303Z,2020-01-24T14:34:59.244Z,twins_calibevent_0413,413,413M00:00:00.191,413M00:53:05.562,413 00:28:28,413 01:21:34,140.325,140.343,140.2,35,0.579
urn:nasa:pds:insight_twins:data_calibrated:twins_calib_0413,2020-01-24T14:04:52.277Z,2020-01-25T14:20:00.509Z,twins_calib_0413,413,413M00:23:46.942,413M23:59:59.181,413 00:52:15,414 00:28:37,140.333,140.835,140.39,35,15.676
urn:nasa:pds:insight_twins:data_calibrated:twins_calib_0414,2020-01-25T14:20:01.509Z,2020-01-26T14:59:35.702Z,twins_calib_0414,414,414M00:00:00.154,414M23:59:59.131,414 00:28:37,415 00:28:46,140.835,141.346,140.89,35,15.926
urn:nasa:pds:insight_twins:data_calibrated:twins_calib_0415,2020-01-26T14:59:36.702Z,2020-01-27T15:39:10.982Z,twins_calib_0415,415,415M00:00:00.104,415M23:59:59.166,415 00:28:47,416 00:28:56,141.346,141.858,141.54,35,15.942
urn:nasa:pds:insight_twins:data_calibrated:twins_calib_0416,2020-01-27T15:39:11.982Z,2020-01-28T16:18:46.312Z,twins_calib_0416,416,416M00:00:00.139,416M23:59:59.250,416 00:28:57,417 00:29:06,141.858,142.371,142.04,35,15.977
urn:nasa:pds:insight_twins:data_calibrated:twins_calib_0417,2020-01-28T16:18:47.312Z,2020-01-29T16:58:21.731Z,twins_calib_0417,417,417M00:00:00.223,417M23:59:59.420,417 00:29:07,418 00:29:15,142.371,142.885,142.54,35,15.86
urn:nasa:pds:insight_twins:data_calibrated:twins_calib_0418,2020-01-29T16:58:22.731Z,2020-01-30T17:37:57.102Z,twins_calib_0418,418,418M00:00:00.394,418M23:59:59.544,418 00:29:16,419 00:29:25,142.885,143.399,143.04,35,15.918
urn:nasa:pds:insight_twins:data_calibrated:twins_calib_0419,2020-01-30T17:37:58.102Z,2020-01-31T18:17:32.537Z,twins_calib_0419,419,419M00:00:00.517,419M23:59:59.730,419 00:29:26,420 00:29:35,143.399,143.914,143.54,35,15.836
urn:nasa:pds:insight_twins:data_calibrated:twins_calib_0420,2020-01-31T18:17:33.537Z,2020-02-01T18:57:08.017Z,twins_calib_0420,420,420M00:00:00.703,420M23:59:59.960,420 00:29:36,421 00:29:45,143.914,144.431,144.04,35,15.872
urn:nasa:pds:insight_twins:data_calibrated:twins_calib_0421,2020-02-01T18:57:09.017Z,2020-02-02T14:50:36.628Z,twins_calib_0421,421,421M00:00:00.933,421M19:21:32.631,421 00:29:46,421 19:51:26,144.431,144.848,144.54,35,12.903
urn:nasa:pds:insight_twins:data_calibrated:twins_calib_0422,2020-02-02T22:23:31.995Z,2020-02-03T20:16:18.521Z,twins_calib_0422,422,422M02:42:20.903,422M23:59:59.975,422 03:12:17,423 00:30:05,145.006,145.466,145.05,35,13.7
urn:nasa:pds:insight_twins:data_calibrated:twins_calib_0423,2020-02-03T20:16:19.521Z,2020-02-04T20:55:53.762Z,twins_calib_0423,423,423M00:00:00.948,423M23:59:59.972,423 00:30:05,424 00:30:14,145.466,145.985,145.55,35,15.875
urn:nasa:pds:insight_twins:data_calibrated:twins_calib_0424,2020-02-04T20:55:54.762Z,2020-02-05T21:35:28.060Z,twins_calib_0424,424,424M00:00:00.945,424M23:59:59.051,424 00:30:15,425 00:30:23,145.985,146.504,146.05,35,15.883
urn:nasa:pds:insight_twins:data_calibrated:twins_calib_0425,2020-02-05T21:35:29.060Z,2020-02-06T22:15:03.380Z,twins_calib_0425,425,425M00:00:00.024,425M23:59:59.125,425 00:30:24,426 00:30:33,146.504,147.025,146.71,35,15.321
urn:nasa:pds:insight_twins:data_calibrated:twins_calibevent_0425,2020-02-06T07:14:37.302Z,2020-02-06T20:24:36.484Z,twins_calibevent_0425,425,425M09:23:38.553,425M22:12:29.536,425 09:54:06,425 22:43:02,146.708,146.986,146.71,35,1.926
urn:nasa:pds:insight_twins:data_calibrated:twins_calib_0426,2020-02-06T22:15:04.380Z,2020-02-07T22:54:38.770Z,twins_calib_0426,426,426M00:00:00.098,426M23:59:59.267,426 00:30:34,427 00:30:43,147.025,147.546,147.22,35,15.618
urn:nasa:pds:insight_twins:data_calibrated:twins_calibevent_0426,2020-02-07T05:00:49.899Z,2020-02-07T06:24:08.782Z,twins_calibevent_0426,426,426M06:34:54.236,426M07:55:59.371,426 07:05:30,426 08:26:36,147.168,147.197,147.07,35,0.926
urn:nasa:pds:insight_twins:data_calibrated:twins_calib_0427,2020-02-07T22:54:39.770Z,2020-02-08T23:34:14.121Z,twins_calib_0427,427,427M00:00:00.241,427M23:59:59.372,427 00:30:43,428 00:30:52,147.546,148.069,147.73,35,15.922
urn:nasa:pds:insight_twins:data_calibrated:twins_calib_0428,2020-02-08T23:34:15.121Z,2020-02-10T00:13:49.504Z,twins_calib_0428,428,428M00:00:00.345,428M23:59:59.507,428 00:30:53,429 00:31:02,148.069,148.592,148.24,35,15.887
urn:nasa:pds:insight_twins:data_calibrated:twins_calib_0429,2020-02-10T00:13:50.504Z,2020-02-11T00:53:24.913Z,twins_calib_0429,429,429M00:00:00.480,429M23:59:59.668,429 00:31:03,430 00:31:12,148.592,149.116,148.75,35,15.555
urn:nasa:pds:insight_twins:data_calibrated:twins_calibevent_0429,2020-02-10T08:19:12.887Z,2020-02-10T09:40:28.771Z,twins_calibevent_0429,429,429M07:52:23.673,429M09:11:29.100,429 08:23:29,429 09:42:35,148.764,148.792,148.59,35,0.911
urn:nasa:pds:insight_twins:data_calibrated:twins_calib_0430,2020-02-11T00:53:25.913Z,2020-02-12T01:33:00.305Z,twins_calib_0430,430,430M00:00:00.641,430M23:59:59.812,430 00:31:13,431 00:31:22,149.116,149.641,149.26,35,15.848
urn:nasa:pds:insight_twins:data_calibrated:twins_calib_0431,2020-02-12T01:33:01.305Z,2020-02-13T02:12:35.645Z,twins_calib_0431,431,431M00:00:00.785,431M23:59:59.905,431 00:31:23,432 00:31:31,149.641,150.167,149.77,35,15.836
urn:nasa:pds:insight_twins:data_calibrated:twins_calib_0432,2020-02-13T02:12:36.645Z,2020-02-14T02:52:09.995Z,twins_calib_0432,432,432M00:00:00.878,432M23:59:59.035,432 00:31:32,433 00:31:40,150.167,150.693,150.28,35,15.864
urn:nasa:pds:insight_twins:data_calibrated:twins_calib_0433,2020-02-14T02:52:10.995Z,2020-02-15T03:31:45.343Z,twins_calib_0433,433,433M00:00:00.008,433M23:59:59.136,433 00:31:41,434 00:31:49,150.693,151.221,150.9,35,15.563
urn:nasa:pds:insight_twins:data_calibrated:twins_calibevent_0433,2020-02-14T14:34:48.096Z,2020-02-14T15:39:53.012Z,twins_calibevent_0433,433,433M11:23:49.166,433M12:27:09.604,433 11:55:35,433 12:58:55,150.944,150.967,150.9,35,0.723
urn:nasa:pds:insight_twins:data_calibrated:twins_calib_0434,2020-02-15T03:31:46.343Z,2020-02-16T04:11:20.700Z,twins_calib_0434,434,434M00:00:00.110,434M23:59:59.247,434 00:31:50,435 00:31:59,151.221,151.75,151.41,35,15.864
urn:nasa:pds:insight_twins:data_calibrated:twins_calib_0435,2020-02-16T04:11:21.700Z,2020-02-17T04:50:55.850Z,twins_calib_0435,435,435M00:00:00.220,435M23:59:59.155,435 00:32:00,436 00:32:08,151.75,152.279,151.92,35,12.993
urn:nasa:pds:insight_twins:data_calibrated:twins_calib_0436,2020-02-17T04:50:56.850Z,2020-02-18T05:30:31.001Z,twins_calib_0436,436,436M00:00:00.128,436M23:59:59.065,436 00:32:09,437 00:32:18,152.279,152.81,152.44,35,15.586
urn:nasa:pds:insight_twins:data_calibrated:twins_calib_0437,2020-02-18T05:30:32.001Z,2020-02-19T06:10:07.101Z,twins_calib_0437,437,437M00:00:00.038,437M23:59:59.898,437 00:32:19,438 00:32:28,152.81,153.341,152.96,35,15.844
urn:nasa:pds:insight_twins:data_calibrated:twins_calib_0438,2020-02-19T06:10:08.101Z,2020-02-20T06:49:42.337Z,twins_calib_0438,438,438M00:00:00.871,438M23:59:59.890,438 00:32:29,439 00:32:37,153.341,153.873,153.47,35,15.926
urn:nasa:pds:insight_twins:data_calibrated:twins_calib_0439,2020-02-20T06:49:43.337Z,2020-02-21T07:29:17.671Z,twins_calib_0439,439,439M00:00:00.863,439M23:59:59.978,439 00:32:38,440 00:32:47,153.873,154.407,153.99,35,15.86
urn:nasa:pds:insight_twins:data_calibrated:twins_calib_0440,2020-02-21T07:29:18.671Z,2020-02-22T08:08:52.002Z,twins_calib_0440,440,440M00:00:00.951,440M23:59:59.088,440 00:32:48,441 00:32:55,154.407,154.941,154.51,35,15.813
urn:nasa:pds:insight_twins:data_calibrated:twins_calib_0441,2020-02-22T08:08:53.002Z,2020-02-23T08:48:27.398Z,twins_calib_0441,441,441M00:00:00.062,441M23:59:59.236,441 00:32:56,442 00:33:04,154.941,155.476,155.03,35,15.887
urn:nasa:pds:insight_twins:data_calibrated:twins_calib_0442,2020-02-23T08:48:28.398Z,2020-02-24T09:28:02.693Z,twins_calib_0442,442,442M00:00:00.210,442M23:59:59.286,442 00:33:05,443 00:33:14,155.476,156.012,155.55,35,15.907
urn:nasa:pds:insight_twins:data_calibrated:twins_calib_0443,2020-02-24T09:28:03.693Z,2020-02-25T10:07:37.998Z,twins_calib_0443,443,443M00:00:00.259,443M23:59:59.345,443 00:33:15,444 00:33:23,156.012,156.549,156.18,35,15.891
urn:nasa:pds:insight_twins:data_calibrated:twins_calib_0444,2020-02-25T10:07:38.998Z,2020-02-26T10:47:13.183Z,twins_calib_0444,444,444M00:00:00.319,444M23:59:59.288,444 00:33:24,445 00:33:32,156.549,157.087,156.7,35,15.887
urn:nasa:pds:insight_twins:data_calibrated:twins_calib_0445,2020-02-26T10:47:14.183Z,2020-02-27T11:26:48.443Z,twins_calib_0445,445,445M00:00:00.261,445M23:59:59.304,445 00:33:33,446 00:33:41,157.087,157.626,157.23,35,15.875
urn:nasa:pds:insight_twins:data_calibrated:twins_calib_0446,2020-02-27T11:26:49.443Z,2020-02-28T12:06:23.773Z,twins_calib_0446,446,446M00:00:00.277,446M23:59:59.388,446 00:33:42,447 00:33:50,157.626,158.166,157.75,35,15.907
urn:nasa:pds:insight_twins:data_calibrated:twins_calib_0447,2020-02-28T12:06:24.773Z,2020-02-29T12:45:59.169Z,twins_calib_0447,447,447M00:00:00.361,447M23:59:59.536,447 00:33:51,448 00:33:59,158.166,158.706,158.28,35,15.942
urn:nasa:pds:insight_twins:data_calibrated:twins_calib_0448,2020-02-29T12:46:00.169Z,2020-03-01T13:25:34.572Z,twins_calib_0448,448,448M00:00:00.509,448M23:59:59.690,448 00:34:00,449 00:34:08,158.706,159.248,158.8,35,15.875
urn:nasa:pds:insight_twins:data_calibrated:twins_calib_0449,2020-03-01T13:25:35.572Z,2020-03-02T14:05:09.912Z,twins_calib_0449,449,449M00:00:00.664,449M23:59:59.784,449 00:34:09,450 00:34:16,159.248,159.791,159.33,35,15.829
urn:nasa:pds:insight_twins:data_calibrated:twins_calib_0450,2020-03-02T14:05:10.912Z,2020-03-03T14:44:45.252Z,twins_calib_0450,450,450M00:00:00.757,450M23:59:59.877,450 00:34:17,451 00:34:25,159.791,160.335,159.86,35,15.844
urn:nasa:pds:insight_twins:data_calibrated:twins_calib_0451,2020-03-03T14:44:46.252Z,2020-03-04T15:24:19.743Z,twins_calib_0451,451,451M00:00:00.851,451M23:59:59.145,451 00:34:26,452 00:34:33,160.335,160.879,160.55,35,15.887
urn:nasa:pds:insight_twins:data_calibrated:twins_calib_0452,2020-03-04T15:24:20.743Z,2020-03-05T16:03:55.205Z,twins_calib_0452,452,452M00:00:00.118,452M23:59:59.357,452 00:34:34,453 00:34:42,160.879,161.425,161.08,35,15.856
urn:nasa:pds:insight_twins:data_calibrated:twins_calib_0453,2020-03-05T16:03:56.205Z,2020-03-06T16:43:30.615Z,twins_calib_0453,453,453M00:00:00.330,453M23:59:59.518,453 00:34:42,454 00:34:50,161.425,161.971,161.61,35,15.895
urn:nasa:pds:insight_twins:data_calibrated:twins_calib_0454,2020-03-06T16:43:31.615Z,2020-03-07T17:23:06.044Z,twins_calib_0454,454,454M00:00:00.492,454M23:59:59.699,454 00:34:51,455 00:34:59,161.971,162.519,162.14,35,15.907
urn:nasa:pds:insight_twins:data_calibrated:twins_calib_0455,2020-03-07T17:23:07.044Z,2020-03-08T18:02:41.418Z,twins_calib_0455,455,455M00:00:00.672,455M23:59:59.825,455 00:34:59,456 00:35:07,162.519,163.068,162.67,35,15.958
urn:nasa:pds:insight_twins:data_calibrated:twins_calib_0456,2020-03-08T18:02:42.418Z,2020-03-09T18:42:16.685Z,twins_calib_0456,456,456M00:00:00.798,456M23:59:59.848,456 00:35:08,457 00:35:15,163.068,163.617,163.21,35,15.903
urn:nasa:pds:insight_twins:data_calibrated:twins_calib_0457,2020-03-09T18:42:17.685Z,2020-03-10T19:21:51.876Z,twins_calib_0457,457,457M00:00:00.821,457M23:59:59.796,457 00:35:16,458 00:35:23,163.617,164.168,163.74,35,15.887
urn:nasa:pds:insight_twins:data_calibrated:twins_calib_0458,2020-03-10T19:21:52.876Z,2020-03-11T20:01:27.103Z,twins_calib_0458,458,458M00:00:00.769,458M23:59:59.780,458 00:35:24,459 00:35:31,164.168,164.719,164.28,35,15.879
urn:nasa:pds:insight_twins:data_calibrated:twins_calib_0459,2020-03-11T20:01:28.103Z,2020-03-12T20:41:02.401Z,twins_calib_0459,459,459M00:00:00.753,459M23:59:59.831,459 00:35:32,460 00:35:39,164.719,165.272,164.82,35,15.883
urn:nasa:pds:insight_twins:data_calibrated:twins_calib_0460,2020-03-12T20:41:03.401Z,2020-03-13T21:20:37.647Z,twins_calib_0460,460,460M00:00:00.804,460M23:59:59.833,460 00:35:40,461 00:35:46,165.272,165.825,165.35,35,15.86
urn:nasa:pds:insight_twins:data_calibrated:twins_calib_0461,2020-03-13T21:20:38.647Z,2020-03-14T22:00:12.917Z,twins_calib_0461,461,461M00:00:00.806,461M23:59:59.859,461 00:35:47,462 00:35:54,165.825,166.379,166.05,35,15.79
urn:nasa:pds:insight_twins:data_calibrated:twins_calib_0462,2020-03-14T22:00:13.917Z,2020-03-15T22:39:48.226Z,twins_calib_0462,462,462M00:00:00.832,462M23:59:59.922,462 00:35:55,463 00:36:01,166.379,166.935,166.59,35,15.809
urn:nasa:pds:insight_twins:data_calibrated:twins_calib_0463,2020-03-15T22:39:49.226Z,2020-03-16T23:19:20.614Z,twins_calib_0463,463,463M00:00:00.895,463M23:59:57.142,463 00:36:02,464 00:36:06,166.935,167.491,167.14,35,15.86
urn:nasa:pds:insight_twins:data_calibrated:twins_calib_0464,2020-03-16T23:19:23.613Z,2020-03-17T23:58:57.881Z,twins_calib_0464,464,464M00:00:00.061,464M23:59:59.111,464 00:36:09,465 00:36:15,167.491,168.049,167.68,35,15.926
urn:nasa:pds:insight_twins:data_calibrated:twins_calib_0465,2020-03-17T23:58:58.881Z,2020-03-19T00:38:31.197Z,twins_calib_0465,465,465M00:00:00.085,465M23:59:57.235,465 00:36:16,466 00:36:20,168.049,168.607,168.22,35,15.911
urn:nasa:pds:insight_twins:data_calibrated:twins_calib_0466,2020-03-19T00:38:34.197Z,2020-03-20T01:18:08.533Z,twins_calib_0466,466,466M00:00:00.155,466M23:59:59.271,466 00:36:23,467 00:36:29,168.607,169.167,168.76,35,15.942
urn:nasa:pds:insight_twins:data_calibrated:twins_calib_0467,2020-03-20T01:18:09.533Z,2020-03-21T01:57:43.757Z,twins_calib_0467,467,467M00:00:00.244,467M23:59:59.252,467 00:36:30,468 00:36:36,169.167,169.727,169.31,35,15.942
urn:nasa:pds:insight_twins:data_calibrated:twins_calib_0468,2020-03-21T01:57:44.757Z,2020-03-22T02:37:19.059Z,twins_calib_0468,468,468M00:00:00.225,468M23:59:59.308,468 00:36:37,469 00:36:42,169.727,170.289,169.85,35,15.918
urn:nasa:pds:insight_twins:data_calibrated:twins_calib_0469,2020-03-22T02:37:20.059Z,2020-03-23T03:16:54.429Z,twins_calib_0469,469,469M00:00:00.281,469M23:59:59.431,469 00:36:43,470 00:36:49,170.289,170.851,170.51,35,15.879
urn:nasa:pds:insight_twins:data_calibrated:twins_calib_0470,2020-03-23T03:16:55.429Z,2020-03-24T03:56:29.894Z,twins_calib_0470,470,470M00:00:00.404,470M23:59:59.646,470 00:36:50,471 00:36:56,170.851,171.414,171.06,35,15.864
urn:nasa:pds:insight_twins:data_calibrated:twins_calib_0471,2020-03-24T03:56:30.894Z,2020-03-25T04:36:05.232Z,twins_calib_0471,471,471M00:00:00.619,471M23:59:59.738,471 00:36:57,472 00:37:02,171.414,171.979,171.61,35,15.922
urn:nasa:pds:insight_twins:data_calibrated:twins_calib_0472,2020-03-25T04:36:06.231Z,2020-03-26T05:15:40.582Z,twins_calib_0472,472,472M00:00:00.710,472M23:59:59.841,472 00:37:03,473 00:37:08,171.979,172.544,172.16,35,15.926
urn:nasa:pds:insight_twins:data_calibrated:twins_calib_0473,2020-03-26T05:15:41.582Z,2020-03-27T05:55:15.935Z,twins_calib_0473,473,473M00:00:00.814,473M23:59:59.947,473 00:37:09,474 00:37:14,172.544,173.111,172.71,35,15.899
urn:nasa:pds:insight_twins:data_calibrated:twins_calib_0474,2020-03-27T05:55:16.935Z,2020-03-28T06:34:51.216Z,twins_calib_0474,474,474M00:00:00.920,474M23:59:59.983,474 00:37:15,475 00:37:20,173.111,173.678,173.26,35,15.961
urn:nasa:pds:insight_twins:data_calibrated:twins_calib_0475,2020-03-28T06:34:52.216Z,2020-03-29T07:14:23.465Z,twins_calib_0475,475,475M00:00:00.956,475M23:59:57.068,475 00:37:21,476 00:37:22,173.678,174.247,173.81,35,8.372
urn:nasa:pds:insight_twins:data_calibrated:twins_calibevent_0475,2020-03-28T17:13:44.326Z,2020-03-29T07:14:26.465Z,twins_calibevent_0475,475,475M10:21:47.463,475M23:59:59.988,475 10:59:10,476 00:37:25,173.924,174.247,173.92,35,8.454
urn:nasa:pds:insight_twins:data_calibrated:twins_calibevent_0476,2020-03-29T07:14:27.465Z,2020-03-30T01:14:32.116Z,twins_calibevent_0476,476,476M00:00:00.961,476M17:31:11.718,476 00:37:26,476 18:08:41,174.247,174.662,174.37,35,8.254
urn:nasa:pds:insight_twins:data_calibrated:twins_calib_0476,2020-03-29T07:14:29.465Z,2020-03-30T07:53:57.796Z,twins_calib_0476,476,476M00:00:02.908,476M23:59:56.180,476 00:37:28,477 00:37:27,174.247,174.816,174.37,35,2.583
urn:nasa:pds:insight_twins:data_calibrated:twins_calib_0477,2020-03-30T07:54:01.796Z,2020-03-31T08:33:36.137Z,twins_calib_0477,477,477M00:00:00.073,477M23:59:59.194,477 00:37:31,478 00:37:35,174.816,175.387,174.92,35,2.575
urn:nasa:pds:insight_twins:data_calibrated:twins_calibevent_0477,2020-03-30T23:40:31.620Z,2020-03-31T07:59:54.175Z,twins_calibevent_0477,477,477M15:21:10.444,477M23:27:11.330,477 15:58:44,478 00:04:47,175.181,175.374,175.2,35,3
urn:nasa:pds:insight_twins:data_calibrated:twins_calib_0478,2020-03-31T08:33:40.136Z,2020-04-01T09:13:08.423Z,twins_calib_0478,478,478M00:00:03.085,478M23:59:56.314,478 00:37:39,479 00:37:37,175.387,175.958,175.47,35,2.575
urn:nasa:pds:insight_twins:data_calibrated:twins_calib_0479,2020-04-01T09:13:14.423Z,2020-04-02T09:52:46.741Z,twins_calib_0479,479,479M00:00:02.154,479M23:59:59.306,479 00:37:43,480 00:37:45,175.958,176.531,176.14,35,2.575
urn:nasa:pds:insight_twins:data_calibrated:twins_calib_0480,2020-04-02T09:52:52.741Z,2020-04-03T10:32:21.119Z,twins_calib_0480,480,480M00:00:05.146,480M23:59:58.463,480 00:37:51,481 00:37:49,176.531,177.104,176.7,35,2.579
urn:nasa:pds:insight_twins:data_calibrated:twins_calib_0481,2020-04-03T10:32:25.119Z,2020-04-04T11:11:53.542Z,twins_calib_0481,481,481M00:00:02.356,481M23:59:55.718,481 00:37:53,482 00:37:50,177.104,177.679,177.26,35,2.575
urn:nasa:pds:insight_twins:data_calibrated:twins_calibevent_0481,2020-04-03T20:54:58.302Z,2020-04-03T22:35:21.179Z,twins_calibevent_0481,481,481M10:05:56.128,481M11:43:37.859,481 10:43:48,481 12:21:30,177.346,177.385,177.15,35,1.11
urn:nasa:pds:insight_twins:data_calibrated:twins_calib_0482,2020-04-04T11:11:59.542Z,2020-04-05T11:51:33.056Z,twins_calib_0482,482,482M00:00:01.557,482M23:59:59.874,482 00:37:56,483 00:37:59,177.679,178.254,177.82,35,4.918
urn:nasa:pds:insight_twins:data_calibrated:twins_calib_0483,2020-04-05T11:51:35.056Z,2020-04-06T12:31:07.491Z,twins_calib_0483,483,483M00:00:01.820,483M23:59:59.086,483 00:38:01,484 00:38:02,178.254,178.831,178.38,35,8.305
urn:nasa:pds:insight_twins:data_calibrated:twins_calib_0484,2020-04-06T12:31:09.491Z,2020-04-07T13:10:41.891Z,twins_calib_0484,484,484M00:00:01.033,484M23:59:58.265,484 00:38:04,485 00:38:05,178.831,179.408,178.94,35,8.301
urn:nasa:pds:insight_twins:data_calibrated:twins_calib_0485,2020-04-07T13:10:43.891Z,2020-04-08T13:50:18.277Z,twins_calib_0485,485,485M00:00:00.211,485M23:59:59.376,485 00:38:07,486 00:38:10,179.408,179.987,179.5,35,8.325
urn:nasa:pds:insight_twins:data_calibrated:twins_calib_0486,2020-04-08T13:50:20.277Z,2020-04-09T14:29:52.588Z,twins_calib_0486,486,486M00:00:01.323,486M23:59:58.468,486 00:38:12,487 00:38:12,179.987,180.566,180.07,35,8.305
urn:nasa:pds:insight_twins:data_calibrated:twins_calib_0487,2020-04-09T14:29:54.588Z,2020-04-10T15:09:29.288Z,twins_calib_0487,487,487M00:00:00.415,487M23:59:59.885,487 00:38:14,488 00:38:17,180.566,181.147,180.8,35,11.391
urn:nasa:pds:insight_twins:data_calibrated:twins_calibevent_0487,2020-04-09T19:23:29.303Z,2020-04-10T07:19:49.621Z,twins_calibevent_0487,487,487M04:45:43.835,487M16:22:54.185,487 05:23:58,487 17:01:10,180.682,180.963,180.63,35,2.125
urn:nasa:pds:insight_twins:data_calibrated:twins_calib_0488,2020-04-10T15:09:30.288Z,2020-04-11T15:49:04.476Z,twins_calib_0488,488,488M00:00:00.859,488M23:59:59.831,488 00:38:18,489 00:38:19,181.147,181.729,181.36,35,9.825
urn:nasa:pds:insight_twins:data_calibrated:twins_calibevent_0488,2020-04-11T13:27:09.625Z,2020-04-11T14:50:28.541Z,twins_calibevent_0488,488,488M21:41:52.800,488M23:02:57.967,488 22:20:12,488 23:41:17,181.673,181.705,181.53,35,0.926
urn:nasa:pds:insight_twins:data_calibrated:twins_calib_0489,2020-04-11T15:49:05.476Z,2020-04-12T16:28:39.753Z,twins_calib_0489,489,489M00:00:00.804,489M23:59:59.863,489 00:38:20,490 00:38:22,181.729,182.311,181.93,35,14.543
urn:nasa:pds:insight_twins:data_calibrated:twins_calibevent_0489,2020-04-11T23:10:28.880Z,2020-04-12T01:55:40.630Z,twins_calibevent_0489,489,489M07:09:35.626,489M09:50:22.180,489 07:47:56,489 10:28:43,181.902,181.967,181.76,35,1.243
urn:nasa:pds:insight_twins:data_calibrated:twins_calib_0490,2020-04-12T16:28:40.753Z,2020-04-13T17:08:14.171Z,twins_calib_0490,490,490M00:00:00.836,490M23:59:59.059,490 00:38:23,491 00:38:24,182.311,182.895,182.5,35,15.485
urn:nasa:pds:insight_twins:data_calibrated:twins_calibevent_0490,2020-04-13T07:13:16.645Z,2020-04-13T08:36:35.579Z,twins_calibevent_0490,490,490M14:20:56.646,490M15:42:01.829,490 14:59:20,490 16:20:26,182.66,182.693,182.5,35,0.887
urn:nasa:pds:insight_twins:data_calibrated:twins_calib_0491,2020-04-13T17:08:15.170Z,2020-04-14T17:47:49.581Z,twins_calib_0491,491,491M00:00:00.031,491M23:59:59.221,491 00:38:25,492 00:38:26,182.895,183.479,183.07,35,15.911
urn:nasa:pds:insight_twins:data_calibrated:twins_calib_0492,2020-04-14T17:47:50.581Z,2020-04-15T18:27:24.931Z,twins_calib_0492,492,492M00:00:00.194,492M23:59:59.324,492 00:38:27,493 00:38:28,183.479,184.065,183.64,35,15.875
urn:nasa:pds:insight_twins:data_calibrated:twins_calib_0493,2020-04-15T18:27:25.931Z,2020-04-16T19:07:00.263Z,twins_calib_0493,493,493M00:00:00.297,493M23:59:59.410,493 00:38:29,494 00:38:30,184.065,184.651,184.21,35,15.883
urn:nasa:pds:insight_twins:data_calibrated:twins_calib_0494,2020-04-16T19:07:01.263Z,2020-04-17T19:46:35.586Z,twins_calib_0494,494,494M00:00:00.383,494M23:59:59.487,494 00:38:31,495 00:38:32,184.651,185.239,184.78,35,15.883
urn:nasa:pds:insight_twins:data_calibrated:twins_calib_0495,2020-04-17T19:46:36.585Z,2020-04-18T20:26:11.003Z,twins_calib_0495,495,495M00:00:00.459,495M23:59:59.655,495 00:38:33,496 00:38:33,185.239,185.827,185.35,35,15.895
urn:nasa:pds:insight_twins:data_calibrated:twins_calib_0496,2020-04-18T20:26:12.003Z,2020-04-19T21:05:46.515Z,twins_calib_0496,496,496M00:00:00.628,496M23:59:59.916,496 00:38:34,497 00:38:34,185.827,186.417,185.92,35,15.903
urn:nasa:pds:insight_twins:data_calibrated:twins_calib_0497,2020-04-19T21:05:47.515Z,2020-04-20T21:45:21.073Z,twins_calib_0497,497,497M00:00:00.889,497M23:59:59.247,497 00:38:35,498 00:38:34,186.417,187.007,186.67,35,15.903
urn:nasa:pds:insight_twins:data_calibrated:twins_calib_0498,2020-04-20T21:45:22.073Z,2020-04-21T22:24:56.494Z,twins_calib_0498,498,498M00:00:00.221,498M23:59:59.420,498 00:38:35,499 00:38:35,187.007,187.599,187.24,35,15.887
urn:nasa:pds:insight_twins:data_calibrated:twins_calib_0499,2020-04-21T22:24:57.494Z,2020-04-22T23:04:31.981Z,twins_calib_0499,499,499M00:00:00.393,499M23:59:59.657,499 00:38:36,500 00:38:35,187.599,188.191,187.82,35,15.911
urn:nasa:pds:insight_twins:data_calibrated:twins_calib_0500,2020-04-22T23:04:32.981Z,2020-04-23T23:44:07.477Z,twins_calib_0500,500,500M00:00:00.630,500M23:59:59.902,500 00:38:36,501 00:38:35,188.191,188.785,188.4,35,15.899
urn:nasa:pds:insight_twins:data_calibrated:twins_calibevent_0500,2020-04-23T07:10:28.387Z,2020-04-23T08:46:43.254Z,twins_calibevent_0500,500,500M07:52:55.963,500M09:26:36.319,500 08:31:31,500 10:05:12,188.386,188.425,188.22,35,1.063
urn:nasa:pds:insight_twins:data_calibrated:twins_calib_0501,2020-04-23T23:44:08.477Z,2020-04-25T00:23:42.003Z,twins_calib_0501,501,501M00:00:00.875,501M23:59:59.202,501 00:38:36,502 00:38:34,188.785,189.379,188.97,35,15.95
urn:nasa:pds:insight_twins:data_calibrated:twins_calib_0502,2020-04-25T00:23:43.003Z,2020-04-26T01:03:17.466Z,twins_calib_0502,502,502M00:00:00.176,502M23:59:59.416,502 00:38:35,503 00:38:33,189.379,189.975,189.55,35,15.915
urn:nasa:pds:insight_twins:data_calibrated:twins_calib_0503,2020-04-26T01:03:18.466Z,2020-04-27T01:42:52.884Z,twins_calib_0503,503,503M00:00:00.389,503M23:59:59.585,503 00:38:34,504 00:38:33,189.975,190.571,190.13,35,15.915
urn:nasa:pds:insight_twins:data_calibrated:twins_calib_0504,2020-04-27T01:42:53.884Z,2020-04-28T02:22:28.365Z,twins_calib_0504,504,504M00:00:00.559,504M23:59:59.816,504 00:38:34,505 00:38:31,190.571,191.169,190.71,35,15.915
urn:nasa:pds:insight_twins:data_calibrated:twins_calib_0505,2020-04-28T02:22:29.365Z,2020-04-29T03:02:02.856Z,twins_calib_0505,505,505M00:00:00.790,505M23:59:59.083,505 00:38:32,506 00:38:29,191.169,191.767,191.41,35,15.958
urn:nasa:pds:insight_twins:data_calibrated:twins_calib_0506,2020-04-29T03:02:03.856Z,2020-04-30T03:41:38.371Z,twins_calib_0506,506,506M00:00:00.056,506M23:59:59.347,506 00:38:30,507 00:38:27,191.767,192.366,191.99,35,15.872
urn:nasa:pds:insight_twins:data_calibrated:twins_calib_0507,2020-04-30T03:41:39.371Z,2020-05-01T04:21:13.878Z,twins_calib_0507,507,507M00:00:00.320,507M23:59:59.603,507 00:38:28,508 00:38:25,192.366,192.966,192.58,35,15.872
urn:nasa:pds:insight_twins:data_calibrated:twins_calib_0508,2020-05-01T04:21:14.878Z,2020-05-02T05:00:49.434Z,twins_calib_0508,508,508M00:00:00.576,508M23:59:59.907,508 00:38:26,509 00:38:23,192.966,193.568,193.16,35,15.954
urn:nasa:pds:insight_twins:data_calibrated:twins_calib_0509,2020-05-02T05:00:50.434Z,2020-05-03T05:40:23.992Z,twins_calib_0509,509,509M00:00:00.880,509M23:59:59.238,509 00:38:24,510 00:38:20,193.568,194.17,193.75,35,15.93
urn:nasa:pds:insight_twins:data_calibrated:twins_calib_0510,2020-05-03T05:40:24.992Z,2020-05-04T06:19:59.541Z,twins_calib_0510,510,510M00:00:00.212,510M23:59:59.536,510 00:38:20,511 00:38:17,194.17,194.773,194.33,35,15.922
urn:nasa:pds:insight_twins:data_calibrated:twins_calib_0511,2020-05-04T06:20:00.541Z,2020-05-05T06:59:35.093Z,twins_calib_0511,511,511M00:00:00.509,511M23:59:59.835,511 00:38:18,512 00:38:13,194.773,195.377,194.92,35,15.981
urn:nasa:pds:insight_twins:data_calibrated:twins_calib_0512,2020-05-05T06:59:36.093Z,2020-05-06T07:39:09.644Z,twins_calib_0512,512,512M00:00:00.809,512M23:59:59.161,512 00:38:14,513 00:38:09,195.377,195.982,195.51,35,15.915
urn:nasa:pds:insight_twins:data_calibrated:twins_calib_0513,2020-05-06T07:39:10.644Z,2020-05-07T08:18:45.098Z,twins_calib_0513,513,513M00:00:00.135,513M23:59:59.365,513 00:38:10,514 00:38:05,195.982,196.588,196.1,35,15.891
urn:nasa:pds:insight_twins:data_calibrated:twins_calib_0514,2020-05-07T08:18:46.098Z,2020-05-08T08:58:20.524Z,twins_calib_0514,514,514M00:00:00.338,514M23:59:59.542,514 00:38:06,515 00:38:00,196.588,197.194,196.69,35,15.989
urn:nasa:pds:insight_twins:data_calibrated:twins_calib_0515,2020-05-08T08:58:21.524Z,2020-05-09T09:37:55.891Z,twins_calib_0515,515,515M00:00:00.516,515M23:59:59.662,515 00:38:01,516 00:37:55,197.194,197.802,197.28,35,15.954
urn:nasa:pds:insight_twins:data_calibrated:twins_calib_0516,2020-05-09T09:37:56.891Z,2020-05-10T10:17:31.357Z,twins_calib_0516,516,516M00:00:00.635,516M23:59:59.878,516 00:37:56,517 00:37:50,197.802,198.411,197.99,35,15.903
urn:nasa:pds:insight_twins:data_calibrated:twins_calib_0517,2020-05-10T10:17:32.357Z,2020-05-11T10:57:05.937Z,twins_calib_0517,517,517M00:00:00.852,517M23:59:59.232,517 00:37:51,518 00:37:44,198.411,199.02,198.58,35,15.969
urn:nasa:pds:insight_twins:data_calibrated:twins_calib_0518,2020-05-11T10:57:06.937Z,2020-05-12T11:36:41.486Z,twins_calib_0518,518,518M00:00:00.205,518M23:59:59.529,518 00:37:45,519 00:37:38,199.02,199.631,199.17,35,15.895
urn:nasa:pds:insight_twins:data_calibrated:twins_calib_0519,2020-05-12T11:36:42.486Z,2020-05-13T12:16:16.990Z,twins_calib_0519,519,519M00:00:00.502,519M23:59:59.782,519 00:37:39,520 00:37:32,199.631,200.242,199.77,35,15.895
urn:nasa:pds:insight_twins:data_calibrated:twins_calib_0520,2020-05-13T12:16:17.990Z,2020-05-14T12:55:51.499Z,twins_calib_0520,520,520M00:00:00.755,520M23:59:59.067,520 00:37:33,521 00:37:25,200.242,200.854,200.36,35,15.985
urn:nasa:pds:insight_twins:data_calibrated:twins_calib_0521,2020-05-14T12:55:52.499Z,2020-05-15T13:35:26.947Z,twins_calib_0521,521,521M00:00:00.040,521M23:59:59.265,521 00:37:26,522 00:37:18,200.855,201.468,200.96,35,15.942
urn:nasa:pds:insight_twins:data_calibrated:twins_calib_0522,2020-05-15T13:35:27.947Z,2020-05-16T14:15:02.388Z,twins_calib_0522,522,522M00:00:00.238,522M23:59:59.457,522 00:37:19,523 00:37:10,201.468,202.082,201.56,35,16.012
urn:nasa:pds:insight_twins:data_calibrated:twins_calib_0523,2020-05-16T14:15:03.388Z,2020-05-17T14:54:37.864Z,twins_calib_0523,523,523M00:00:00.430,523M23:59:59.683,523 00:37:11,524 00:37:03,202.082,202.697,202.15,35,15.922
urn:nasa:pds:insight_twins:data_calibrated:twins_calib_0524,2020-05-17T14:54:38.864Z,2020-05-18T15:34:12.503Z,twins_calib_0524,524,524M00:00:00.656,524M23:59:59.094,524 00:37:04,525 00:36:54,202.697,203.312,202.93,35,15.915
urn:nasa:pds:insight_twins:data_calibrated:twins_calib_0525,2020-05-18T15:34:13.503Z,2020-05-19T16:13:48.153Z,twins_calib_0525,525,525M00:00:00.067,525M23:59:59.488,525 00:36:55,526 00:36:45,203.312,203.929,203.53,35,16.016
urn:nasa:pds:insight_twins:data_calibrated:twins_calib_0526,2020-05-19T16:13:49.153Z,2020-05-20T16:53:23.646Z,twins_calib_0526,526,526M00:00:00.462,526M23:59:59.731,526 00:36:46,527 00:36:37,203.929,204.547,204.13,35,15.969
urn:nasa:pds:insight_twins:data_calibrated:twins_calib_0527,2020-05-20T16:53:24.646Z,2020-05-21T17:32:59.012Z,twins_calib_0527,527,527M00:00:00.704,527M23:59:59.850,527 00:36:38,528 00:36:27,204.547,205.165,204.73,35,15.958
urn:nasa:pds:insight_twins:data_calibrated:twins_calib_0528,2020-05-21T17:33:00.012Z,2020-05-22T18:12:34.322Z,twins_calib_0528,528,528M00:00:00.823,528M23:59:59.914,528 00:36:28,529 00:36:17,205.165,205.784,205.34,35,16.079
urn:nasa:pds:insight_twins:data_calibrated:twins_calib_0529,2020-05-22T18:12:35.322Z,2020-05-23T18:52:09.591Z,twins_calib_0529,529,529M00:00:00.888,529M23:59:59.938,529 00:36:18,530 00:36:07,205.784,206.404,205.94,35,15.864
urn:nasa:pds:insight_twins:data_calibrated:twins_calib_0530,2020-05-23T18:52:10.591Z,2020-05-24T19:31:43.987Z,twins_calib_0530,530,530M00:00:00.911,530M23:59:59.113,530 00:36:08,531 00:35:55,206.404,207.025,206.54,35,16
urn:nasa:pds:insight_twins:data_calibrated:twins_calib_0531,2020-05-24T19:31:45.987Z,2020-05-25T20:11:19.409Z,twins_calib_0531,531,531M00:00:01.059,531M23:59:59.286,531 00:35:57,532 00:35:45,207.025,207.647,207.15,35,16.043
urn:nasa:pds:insight_twins:data_calibrated:twins_calib_0532,2020-05-25T20:11:20.409Z,2020-05-26T20:50:54.783Z,twins_calib_0532,532,532M00:00:00.260,532M23:59:59.413,532 00:35:45,533 00:35:33,207.647,208.269,207.75,35,16
urn:nasa:pds:insight_twins:data_calibrated:twins_calib_0533,2020-05-26T20:50:55.783Z,2020-05-27T21:30:30.046Z,twins_calib_0533,533,533M00:00:00.386,533M23:59:59.431,533 00:35:34,534 00:35:21,208.269,208.892,208.36,35,16.032
urn:nasa:pds:insight_twins:data_calibrated:twins_calib_0534,2020-05-27T21:30:31.046Z,2020-05-28T22:10:05.220Z,twins_calib_0534,534,534M00:00:00.404,534M23:59:59.363,534 00:35:22,535 00:35:09,208.892,209.517,209.15,35,16
urn:nasa:pds:insight_twins:data_calibrated:twins_calib_0535,2020-05-28T22:10:06.220Z,2020-05-29T22:49:40.453Z,twins_calib_0535,535,535M00:00:00.336,535M23:59:59.352,535 00:35:10,536 00:34:56,209.517,210.141,209.75,35,15.997
urn:nasa:pds:insight_twins:data_calibrated:twins_calib_0536,2020-05-29T22:49:41.453Z,2020-05-30T23:29:15.677Z,twins_calib_0536,536,536M00:00:00.326,536M23:59:59.333,536 00:34:57,537 00:34:42,210.141,210.767,210.36,35,16.04
urn:nasa:pds:insight_twins:data_calibrated:twins_calib_0537,2020-05-30T23:29:16.677Z,2020-06-01T00:08:50.990Z,twins_calib_0537,537,537M00:00:00.306,537M23:59:59.400,537 00:34:43,538 00:34:29,210.767,211.393,210.97,35,15.989
urn:nasa:pds:insight_twins:data_calibrated:twins_calib_0538,2020-06-01T00:08:51.990Z,2020-06-02T00:48:26.393Z,twins_calib_0538,538,538M00:00:00.373,538M23:59:59.555,538 00:34:30,539 00:34:15,211.393,212.021,211.58,35,16.036
urn:nasa:pds:insight_twins:data_calibrated:twins_calib_0539,2020-06-02T00:48:27.393Z,2020-06-03T01:28:01.755Z,twins_calib_0539,539,539M00:00:00.528,539M23:59:59.670,539 00:34:16,540 00:34:00,212.021,212.649,212.19,35,16.036
urn:nasa:pds:insight_twins:data_calibrated:twins_calib_0540,2020-06-03T01:28:02.755Z,2020-06-04T02:07:37.137Z,twins_calib_0540,540,540M00:00:00.643,540M23:59:59.804,540 00:34:01,541 00:33:45,212.649,213.277,212.8,35,16.008
urn:nasa:pds:insight_twins:data_calibrated:twins_calib_0541,2020-06-04T02:07:38.137Z,2020-06-05T02:47:12.565Z,twins_calib_0541,541,541M00:00:00.777,541M23:59:59.982,541 00:33:46,542 00:33:30,213.277,213.907,213.42,35,16.004
urn:nasa:pds:insight_twins:data_calibrated:twins_calib_0542,2020-06-05T02:47:13.565Z,2020-06-06T03:26:46.867Z,twins_calib_0542,542,542M00:00:00.956,542M23:59:59.066,542 00:33:31,543 00:33:13,213.907,214.537,214.15,35,15.981
urn:nasa:pds:insight_twins:data_calibrated:twins_calib_0543,2020-06-06T03:26:47.867Z,2020-06-07T04:06:22.158Z,twins_calib_0543,543,543M00:00:00.039,543M23:59:59.112,543 00:33:14,544 00:32:57,214.537,215.168,214.76,35,16.036
urn:nasa:pds:insight_twins:data_calibrated:twins_calib_0544,2020-06-07T04:06:23.158Z,2020-06-08T04:45:57.417Z,twins_calib_0544,544,544M00:00:00.085,544M23:59:59.127,544 00:32:58,545 00:32:40,215.168,215.799,215.38,35,16.008
urn:nasa:pds:insight_twins:data_calibrated:twins_calib_0545,2020-06-08T04:45:58.417Z,2020-06-09T05:25:32.574Z,twins_calib_0545,545,545M00:00:00.100,545M23:59:59.041,545 00:32:41,546 00:32:23,215.799,216.432,215.99,35,16.008
urn:nasa:pds:insight_twins:data_calibrated:twins_calib_0546,2020-06-09T05:25:33.574Z,2020-06-10T06:05:08.753Z,twins_calib_0546,546,546M00:00:00.014,546M23:59:59.951,546 00:32:24,547 00:32:06,216.432,217.065,216.61,35,16.04
urn:nasa:pds:insight_twins:data_calibrated:twins_calib_0547,2020-06-10T06:05:09.753Z,2020-06-11T06:44:43.983Z,twins_calib_0547,547,547M00:00:00.925,547M23:59:59.938,547 00:32:07,548 00:31:48,217.065,217.698,217.23,35,15.969
urn:nasa:pds:insight_twins:data_calibrated:twins_calib_0548,2020-06-11T06:44:44.983Z,2020-06-12T07:24:19.190Z,twins_calib_0548,548,548M00:00:00.911,548M23:59:59.902,548 00:31:49,549 00:31:29,217.698,218.333,217.84,35,16.008
urn:nasa:pds:insight_twins:data_calibrated:twins_calib_0549,2020-06-12T07:24:20.189Z,2020-06-13T08:03:54.409Z,twins_calib_0549,549,549M00:00:00.874,549M23:59:59.877,549 00:31:30,550 00:31:10,218.333,218.968,218.46,35,15.965
urn:nasa:pds:insight_twins:data_calibrated:twins_calib_0550,2020-06-13T08:03:55.409Z,2020-06-14T08:43:28.828Z,twins_calib_0550,550,550M00:00:00.850,550M23:59:59.074,550 00:31:11,551 00:30:49,218.968,219.603,219.08,35,15.969
urn:nasa:pds:insight_twins:data_calibrated:twins_calib_0551,2020-06-14T08:43:29.828Z,2020-06-15T09:23:04.435Z,twins_calib_0551,551,551M00:00:00.048,551M23:59:59.428,551 00:30:50,552 00:30:29,219.603,220.24,219.7,35,15.899
urn:nasa:pds:insight_twins:data_calibrated:twins_calib_0552,2020-06-15T09:23:05.435Z,2020-06-16T10:02:40.103Z,twins_calib_0552,552,552M00:00:00.401,552M23:59:59.841,552 00:30:30,553 00:30:09,220.24,220.876,220.44,35,15.95
urn:nasa:pds:insight_twins:data_calibrated:twins_calib_0553,2020-06-16T10:02:41.103Z,2020-06-17T10:42:14.705Z,twins_calib_0553,553,553M00:00:00.814,553M23:59:59.215,553 00:30:10,554 00:29:48,220.876,221.514,221.06,35,16
urn:nasa:pds:insight_twins:data_calibrated:twins_calib_0554,2020-06-17T10:42:15.705Z,2020-06-18T11:21:50.065Z,twins_calib_0554,554,554M00:00:00.188,554M23:59:59.328,554 00:29:49,555 00:29:26,221.514,222.152,221.68,35,16.016
urn:nasa:pds:insight_twins:data_calibrated:twins_calib_0555,2020-06-18T11:21:51.065Z,2020-06-19T12:01:25.325Z,twins_calib_0555,555,555M00:00:00.302,555M23:59:59.344,555 00:29:27,556 00:29:04,222.152,222.791,222.3,35,16.012
urn:nasa:pds:insight_twins:data_calibrated:twins_calib_0556,2020-06-19T12:01:26.325Z,2020-06-20T12:41:00.477Z,twins_calib_0556,556,556M00:00:00.317,556M23:59:59.255,556 00:29:05,557 00:28:42,222.791,223.43,222.92,35,16.047
urn:nasa:pds:insight_twins:data_calibrated:twins_calib_0557,2020-06-20T12:41:01.477Z,2020-06-21T13:20:35.729Z,twins_calib_0557,557,557M00:00:00.228,557M23:59:59.262,557 00:28:43,558 00:28:19,223.43,224.07,223.55,35,15.954
urn:nasa:pds:insight_twins:data_calibrated:twins_calib_0558,2020-06-21T13:20:36.729Z,2020-06-22T14:00:10.305Z,twins_calib_0558,558,558M00:00:00.235,558M23:59:58.612,558 00:28:20,559 00:27:55,224.07,224.71,224.17,35,16.02
urn:nasa:pds:insight_twins:data_calibrated:twins_calib_0559,2020-06-22T14:00:12.305Z,2020-06-23T14:39:46.875Z,twins_calib_0559,559,559M00:00:00.558,559M23:59:59.903,559 00:27:57,560 00:27:32,224.71,225.351,224.79,35,15.993
urn:nasa:pds:insight_twins:data_calibrated:twins_calib_0560,2020-06-23T14:39:47.875Z,2020-06-24T15:19:21.282Z,twins_calib_0560,560,560M00:00:00.876,560M23:59:59.088,560 00:27:33,561 00:27:07,225.351,225.993,225.6,35,16.059
urn:nasa:pds:insight_twins:data_calibrated:twins_calib_0561,2020-06-24T15:19:22.282Z,2020-06-25T15:58:57.452Z,twins_calib_0561,561,561M00:00:00.062,561M23:59:59.989,561 00:27:08,562 00:26:43,225.993,226.635,226.23,35,15.985
urn:nasa:pds:insight_twins:data_calibrated:twins_calib_0562,2020-06-25T15:58:58.452Z,2020-06-26T16:38:32.694Z,twins_calib_0562,562,562M00:00:00.962,562M23:59:59.987,562 00:26:44,563 00:26:18,226.635,227.277,226.85,35,16.075
urn:nasa:pds:insight_twins:data_calibrated:twins_calib_0563,2020-06-26T16:38:33.694Z,2020-06-27T17:18:07.375Z,twins_calib_0563,563,563M00:00:00.960,563M23:59:59.439,563 00:26:19,564 00:25:52,227.277,227.92,227.48,35,16.008
urn:nasa:pds:insight_twins:data_calibrated:twins_calib_0564,2020-06-27T17:18:08.375Z,2020-06-28T17:57:42.679Z,twins_calib_0564,564,564M00:00:00.413,564M23:59:59.498,564 00:25:53,565 00:25:25,227.92,228.564,228.1,35,15.918
urn:nasa:pds:insight_twins:data_calibrated:twins_calib_0565,2020-06-28T17:57:43.679Z,2020-06-29T18:37:16.947Z,twins_calib_0565,565,565M00:00:00.471,565M23:59:58.547,565 00:25:26,566 00:24:58,228.564,229.208,228.73,35,15.915
urn:nasa:pds:insight_twins:data_calibrated:twins_calib_0566,2020-06-29T18:37:18.947Z,2020-06-30T19:16:53.254Z,twins_calib_0566,566,566M00:00:00.494,566M23:59:59.582,566 00:25:00,567 00:24:32,229.208,229.853,229.36,35,15.969
urn:nasa:pds:insight_twins:data_calibrated:twins_calib_0567,2020-06-30T19:16:54.254Z,2020-07-01T05:25:40.423Z,twins_calib_0567,567,567M00:00:00.555,567M09:52:29.441,567 00:24:33,567 10:16:50,229.853,230.118,229.8,35,6.59
urn:nasa:pds:insight_twins:data_calibrated:twins_calib_0577,2020-07-11T11:20:04.529Z,2020-07-12T02:32:21.240Z,twins_calib_0577,577,577M09:12:07.684,577M23:59:59.876,577 09:31:31,578 00:19:04,236.569,236.969,236.6,35,9.84
urn:nasa:pds:insight_twins:data_calibrated:twins_calib_0578,2020-07-12T02:32:22.240Z,2020-07-13T03:11:56.028Z,twins_calib_0578,578,578M00:00:00.849,578M23:59:59.432,578 00:19:05,579 00:18:31,236.969,237.618,237.23,35,16.032
urn:nasa:pds:insight_twins:data_calibrated:twins_calib_0579,2020-07-13T03:11:57.028Z,2020-07-14T03:51:29.854Z,twins_calib_0579,579,579M00:00:00.405,579M23:59:58.052,579 00:18:32,580 00:17:57,237.618,238.267,237.86,35,16.032
urn:nasa:pds:insight_twins:data_calibrated:twins_calib_0580,2020-07-14T03:51:32.853Z,2020-07-15T04:31:06.667Z,twins_calib_0580,580,580M00:00:00.971,580M23:59:59.579,580 00:17:59,581 00:17:25,238.267,238.917,238.49,35,16.059
urn:nasa:pds:insight_twins:data_calibrated:twins_calib_0581,2020-07-15T04:31:07.667Z,2020-07-16T05:10:41.475Z,twins_calib_0581,581,581M00:00:00.552,581M23:59:59.154,581 00:17:26,582 00:16:51,238.917,239.567,239.12,35,16.051
urn:nasa:pds:insight_twins:data_calibrated:twins_calib_0582,2020-07-16T05:10:42.475Z,2020-07-17T05:50:17.261Z,twins_calib_0582,582,582M00:00:00.127,582M23:59:59.682,582 00:16:52,583 00:16:17,239.567,240.217,239.76,35,15.965
urn:nasa:pds:insight_twins:data_calibrated:twins_calib_0583,2020-07-17T05:50:18.261Z,2020-07-18T06:29:52.082Z,twins_calib_0583,583,583M00:00:00.655,583M23:59:59.270,583 00:16:18,584 00:15:42,240.217,240.867,240.39,35,16
urn:nasa:pds:insight_twins:data_calibrated:twins_calib_0584,2020-07-18T06:29:53.082Z,2020-07-19T07:09:27.907Z,twins_calib_0584,584,584M00:00:00.244,584M23:59:59.836,584 00:15:43,585 00:15:08,240.867,241.518,241.02,35,16.016
urn:nasa:pds:insight_twins:data_calibrated:twins_calib_0585,2020-07-19T07:09:28.907Z,2020-07-20T01:35:41.204Z,twins_calib_0585,585,585M00:00:00.809,585M17:56:37.268,585 00:15:09,585 18:11:19,241.518,242.004,241.65,35,11.981
urn:nasa:pds:insight_twins:data_calibrated:twins_calib_0586,2020-07-20T07:50:02.557Z,2020-07-21T08:28:38.328Z,twins_calib_0586,586,586M00:00:57.652,586M23:59:59.770,586 00:15:30,587 00:13:57,242.169,242.819,242.29,35,15.391
urn:nasa:pds:insight_twins:data_calibrated:twins_calib_0587,2020-07-21T08:28:39.328Z,2020-07-22T09:08:13.114Z,twins_calib_0587,587,587M00:00:00.743,587M23:59:59.325,587 00:13:58,588 00:13:20,242.819,243.471,242.92,35,16.016
urn:nasa:pds:insight_twins:data_calibrated:twins_calib_0588,2020-07-22T09:08:14.114Z,2020-07-23T09:47:48.872Z,twins_calib_0588,588,588M00:00:00.298,588M23:59:59.825,588 00:13:21,589 00:12:44,243.471,244.122,243.68,35,16.02
urn:nasa:pds:insight_twins:data_calibrated:twins_calib_0589,2020-07-23T09:47:49.872Z,2020-07-24T10:27:23.653Z,twins_calib_0589,589,589M00:00:00.798,589M23:59:59.374,589 00:12:45,590 00:12:07,244.122,244.774,244.32,35,16.02
urn:nasa:pds:insight_twins:data_calibrated:twins_calib_0590,2020-07-24T10:27:24.653Z,2020-07-25T11:06:59.403Z,twins_calib_0590,590,590M00:00:00.347,590M23:59:59.866,590 00:12:08,591 00:11:31,244.774,245.425,244.95,35,16.055
urn:nasa:pds:insight_twins:data_calibrated:twins_calib_0591,2020-07-25T11:07:00.403Z,2020-07-26T11:46:34.095Z,twins_calib_0591,591,591M00:00:00.840,591M23:59:59.329,591 00:11:32,592 00:10:53,245.425,246.077,245.58,35,16.102
urn:nasa:pds:insight_twins:data_calibrated:twins_calib_0592,2020-07-26T11:46:35.095Z,2020-07-27T12:26:09.771Z,twins_calib_0592,592,592M00:00:00.302,592M23:59:59.750,592 00:10:54,593 00:10:15,246.077,246.729,246.22,35,16.086
urn:nasa:pds:insight_twins:data_calibrated:twins_calib_0593,2020-07-27T12:26:10.771Z,2020-07-28T13:05:44.397Z,twins_calib_0593,593,593M00:00:00.723,593M23:59:59.148,593 00:10:16,594 00:09:37,246.729,247.381,246.85,35,16.079
urn:nasa:pds:insight_twins:data_calibrated:twins_calib_0594,2020-07-28T13:05:45.397Z,2020-07-29T13:45:20.009Z,twins_calib_0594,594,594M00:00:00.121,594M23:59:59.506,594 00:09:38,595 00:08:59,247.381,248.033,247.49,35,16.098
urn:nasa:pds:insight_twins:data_calibrated:twins_calib_0595,2020-07-29T13:45:21.009Z,2020-07-30T14:24:55.602Z,twins_calib_0595,595,595M00:00:00.479,595M23:59:59.846,595 00:09:00,596 00:08:20,248.033,248.685,248.12,35,16.083
urn:nasa:pds:insight_twins:data_calibrated:twins_calib_0596,2020-07-30T14:24:56.602Z,2020-07-31T15:04:30.195Z,twins_calib_0596,596,596M00:00:00.820,596M23:59:59.212,596 00:08:21,597 00:07:41,248.685,249.337,248.95,35,16.094
urn:nasa:pds:insight_twins:data_calibrated:twins_calib_0597,2020-07-31T15:04:31.195Z,2020-08-01T15:44:05.781Z,twins_calib_0597,597,597M00:00:00.186,597M23:59:59.545,597 00:07:42,598 00:07:02,249.337,249.989,249.58,35,16.106
urn:nasa:pds:insight_twins:data_calibrated:twins_calib_0598,2020-08-01T15:44:06.781Z,2020-08-02T16:23:41.383Z,twins_calib_0598,598,598M00:00:00.518,598M23:59:59.893,598 00:07:03,599 00:06:23,249.989,250.642,250.22,35,16.071
urn:nasa:pds:insight_twins:data_calibrated:twins_calib_0599,2020-08-02T16:23:42.383Z,2020-08-03T17:03:15.961Z,twins_calib_0599,599,599M00:00:00.866,599M23:59:59.246,599 00:06:24,600 00:05:42,250.642,251.294,250.85,35,13.364
urn:nasa:pds:insight_twins:data_calibrated:twins_calib_0600,2020-08-03T17:03:16.961Z,2020-08-04T17:42:51.626Z,twins_calib_0600,600,600M00:00:00.219,600M23:59:59.655,600 00:05:43,601 00:05:03,251.294,251.946,251.49,35,14.887
urn:nasa:pds:insight_twins:data_calibrated:twins_calib_0601,2020-08-04T17:42:52.626Z,2020-08-05T18:22:26.303Z,twins_calib_0601,601,601M00:00:00.628,601M23:59:59.103,601 00:05:04,602 00:04:22,251.946,252.598,252.12,35,16.043
urn:nasa:pds:insight_twins:data_calibrated:twins_calib_0602,2020-08-05T18:22:27.303Z,2020-08-06T19:02:01.907Z,twins_calib_0602,602,602M00:00:00.076,602M23:59:59.454,602 00:04:23,603 00:03:42,252.598,253.25,252.76,35,15.34
urn:nasa:pds:insight_twins:data_calibrated:twins_calib_0603,2020-08-06T19:02:02.907Z,2020-08-07T19:41:37.491Z,twins_calib_0603,603,603M00:00:00.427,603M23:59:59.785,603 00:03:43,604 00:03:01,253.25,253.903,253.39,35,12.825
urn:nasa:pds:insight_twins:data_calibrated:twins_calib_0604,2020-08-07T19:41:38.491Z,2020-08-08T20:21:12.167Z,twins_calib_0604,604,604M00:00:00.758,604M23:59:59.232,604 00:03:02,605 00:02:20,253.903,254.555,254.03,35,16.075
urn:nasa:pds:insight_twins:data_calibrated:twins_calib_0605,2020-08-08T20:21:14.167Z,2020-08-09T21:00:47.771Z,twins_calib_0605,605,605M00:00:01.178,605M23:59:59.582,605 00:02:22,606 00:01:39,254.555,255.207,254.66,35,16.114
urn:nasa:pds:insight_twins:data_calibrated:twins_calib_0606,2020-08-09T21:00:48.771Z,2020-08-10T21:40:23.351Z,twins_calib_0606,606,606M00:00:00.555,606M23:59:59.909,606 00:01:40,607 00:00:58,255.207,255.858,255.49,35,16.11
urn:nasa:pds:insight_twins:data_calibrated:twins_calib_0607,2020-08-10T21:40:24.351Z,2020-08-11T22:19:57.955Z,twins_calib_0607,607,607M00:00:00.883,607M23:59:59.286,607 00:00:59,608 00:00:16,255.858,256.51,256.12,35,16.114
urn:nasa:pds:insight_twins:data_calibrated:twins_calib_0608,2020-08-11T22:19:58.955Z,2020-08-12T22:59:33.551Z,twins_calib_0608,608,608M00:00:00.259,608M23:59:59.628,608 00:00:17,608 23:59:34,256.51,257.162,256.75,35,16.11
urn:nasa:pds:insight_twins:data_calibrated:twins_calib_0609,2020-08-12T22:59:34.551Z,2020-08-13T23:39:08.199Z,twins_calib_0609,609,609M00:00:00.602,609M23:59:59.048,608 23:59:35,609 23:58:52,257.162,257.813,257.39,35,16.094
urn:nasa:pds:insight_twins:data_calibrated:twins_calib_0610,2020-08-13T23:39:09.199Z,2020-08-15T00:18:43.839Z,twins_calib_0610,610,610M00:00:00.021,610M23:59:59.434,609 23:58:53,610 23:58:11,257.813,258.465,258.02,35,16.071
urn:nasa:pds:insight_twins:data_calibrated:twins_calib_0611,2020-08-15T00:18:44.839Z,2020-08-16T00:58:19.413Z,twins_calib_0611,611,611M00:00:00.407,611M23:59:59.755,610 23:58:11,611 23:57:29,258.465,259.116,258.66,35,16.09
urn:nasa:pds:insight_twins:data_calibrated:twins_calib_0612,2020-08-16T00:58:20.413Z,2020-08-16T06:50:41.808Z,twins_calib_0612,612,612M00:00:00.728,612M05:42:56.471,611 23:57:30,612 05:40:15,259.116,259.271,259.1,35,3.833
urn:nasa:pds:insight_twins:data_calibrated:twins_calib_0633,2020-09-06T23:02:38.841Z,2020-09-07T15:29:14.230Z,twins_calib_0633,633,633M07:59:47.644,633M23:59:59.219,633 07:42:13,633 23:41:57,272.944,273.374,272.98,35,10.708
urn:nasa:pds:insight_twins:data_calibrated:twins_calib_0634,2020-09-07T15:29:15.230Z,2020-09-08T16:08:48.765Z,twins_calib_0634,634,634M00:00:00.192,634M23:59:58.528,633 23:41:58,634 23:41:15,273.374,274.018,273.61,35,16.086
urn:nasa:pds:insight_twins:data_calibrated:twins_calib_0635,2020-09-08T16:08:50.765Z,2020-09-09T16:48:25.296Z,twins_calib_0635,635,635M00:00:00.474,635M23:59:59.781,634 23:41:17,635 23:40:35,274.018,274.661,274.23,35,16.11
urn:nasa:pds:insight_twins:data_calibrated:twins_calib_0636,2020-09-09T16:48:26.296Z,2020-09-10T17:27:59.815Z,twins_calib_0636,636,636M00:00:00.754,636M23:59:59.075,635 23:40:36,636 23:39:54,274.661,275.304,274.86,35,16.086
urn:nasa:pds:insight_twins:data_calibrated:twins_calib_0637,2020-09-10T17:28:00.815Z,2020-09-11T18:07:35.038Z,twins_calib_0637,637,637M00:00:00.048,637M23:59:59.055,636 23:39:55,637 23:39:13,275.304,275.946,275.48,35,9.692
urn:nasa:pds:insight_twins:data_calibrated:twins_calib_0638,2020-09-11T18:07:36.038Z,2020-09-12T18:47:10.585Z,twins_calib_0638,638,638M00:00:00.028,638M23:59:59.350,637 23:39:14,638 23:38:33,275.946,276.587,276.11,35,15.407
urn:nasa:pds:insight_twins:data_calibrated:twins_calib_0639,2020-09-12T18:47:11.585Z,2020-09-13T19:26:46.211Z,twins_calib_0639,639,639M00:00:00.323,639M23:59:59.722,638 23:38:34,639 23:37:53,276.587,277.229,276.73,35,16.02
urn:nasa:pds:insight_twins:data_calibrated:twins_calib_0640,2020-09-13T19:26:47.211Z,2020-09-14T20:06:20.822Z,twins_calib_0640,640,640M00:00:00.695,640M23:59:59.105,639 23:37:54,640 23:37:12,277.229,277.869,277.36,35,16.008
urn:nasa:pds:insight_twins:data_calibrated:twins_calib_0641,2020-09-14T20:06:21.822Z,2020-09-15T20:45:56.415Z,twins_calib_0641,641,641M00:00:00.079,641M23:59:59.446,640 23:37:13,641 23:36:33,277.869,278.509,277.98,35,16.055
urn:nasa:pds:insight_twins:data_calibrated:twins_calib_0642,2020-09-15T20:45:57.415Z,2020-09-16T21:25:31.996Z,twins_calib_0642,642,642M00:00:00.419,642M23:59:59.773,641 23:36:34,642 23:35:54,278.509,279.149,278.6,35,16.086
urn:nasa:pds:insight_twins:data_calibrated:twins_calib_0643,2020-09-16T21:25:32.995Z,2020-09-17T22:05:06.562Z,twins_calib_0643,643,643M00:00:00.745,643M23:59:59.113,642 23:35:55,643 23:35:14,279.149,279.788,279.41,35,16.094
urn:nasa:pds:insight_twins:data_calibrated:twins_calib_0644,2020-09-17T22:05:07.562Z,2020-09-18T22:44:42.157Z,twins_calib_0644,644,644M00:00:00.086,644M23:59:59.455,643 23:35:15,644 23:34:35,279.788,280.426,280.03,35,16.063
urn:nasa:pds:insight_twins:data_calibrated:twins_calib_0645,2020-09-18T22:44:43.157Z,2020-09-19T23:24:17.746Z,twins_calib_0645,645,645M00:00:00.428,645M23:59:59.790,644 23:34:36,645 23:33:57,280.426,281.064,280.66,35,16.083
urn:nasa:pds:insight_twins:data_calibrated:twins_calib_0646,2020-09-19T23:24:18.746Z,2020-09-21T00:03:52.299Z,twins_calib_0646,646,646M00:00:00.764,646M23:59:59.118,645 23:33:58,646 23:33:18,281.064,281.701,281.28,35,16.094
urn:nasa:pds:insight_twins:data_calibrated:twins_calib_0647,2020-09-21T00:03:53.299Z,2020-09-22T00:43:27.869Z,twins_calib_0647,647,647M00:00:00.092,647M23:59:59.435,646 23:33:19,647 23:32:40,281.701,282.337,281.9,35,16.075
urn:nasa:pds:insight_twins:data_calibrated:twins_calib_0648,2020-09-22T00:43:28.869Z,2020-09-23T01:23:03.466Z,twins_calib_0648,648,648M00:00:00.408,648M23:59:59.779,647 23:32:41,648 23:32:03,282.337,282.973,282.51,35,16.102
urn:nasa:pds:insight_twins:data_calibrated:twins_calib_0649,2020-09-23T01:23:04.466Z,2020-09-24T02:02:38.011Z,twins_calib_0649,649,649M00:00:00.753,649M23:59:59.099,648 23:32:04,649 23:31:25,282.973,283.608,283.13,35,16.114
urn:nasa:pds:insight_twins:data_calibrated:twins_calib_0650,2020-09-24T02:02:39.011Z,2020-09-25T02:42:13.543Z,twins_calib_0650,650,650M00:00:00.072,650M23:59:59.379,649 23:31:26,650 23:30:48,283.608,284.243,283.75,35,16.11
urn:nasa:pds:insight_twins:data_calibrated:twins_calib_0651,2020-09-25T02:42:14.543Z,2020-09-26T03:21:49.083Z,twins_calib_0651,651,651M00:00:00.353,651M23:59:59.667,650 23:30:49,651 23:30:12,284.243,284.877,284.49,35,16.067
urn:nasa:pds:insight_twins:data_calibrated:twins_calibevent_0651,2020-09-25T05:11:05.294Z,2020-09-25T06:00:16.210Z,twins_calibevent_0651,651,651M02:24:52.155,651M03:12:44.117,651 01:55:37,651 02:43:28,284.307,284.328,284.18,35,0.559
urn:nasa:pds:insight_twins:data_calibrated:twins_calib_0652,2020-09-26T03:21:50.083Z,2020-09-27T04:01:24.628Z,twins_calib_0652,652,652M00:00:00.640,652M23:59:59.960,651 23:30:13,652 23:29:36,284.877,285.51,285.11,35,16.075
urn:nasa:pds:insight_twins:data_calibrated:twins_calib_0653,2020-09-27T04:01:25.628Z,2020-09-28T04:40:59.233Z,twins_calib_0653,653,653M00:00:00.933,653M23:59:59.338,652 23:29:37,653 23:29:00,285.51,286.142,285.73,35,16.04
urn:nasa:pds:insight_twins:data_calibrated:twins_calib_0654,2020-09-28T04:41:00.233Z,2020-09-29T05:20:33.809Z,twins_calib_0654,654,654M00:00:00.311,654M23:59:58.688,653 23:29:01,654 23:28:24,286.142,286.774,286.34,35,16.059
urn:nasa:pds:insight_twins:data_calibrated:twins_calib_0655,2020-09-29T05:20:35.809Z,2020-09-30T06:00:10.362Z,twins_calib_0655,655,655M00:00:00.634,655M23:59:59.962,654 23:28:25,655 23:27:50,286.774,287.405,286.96,35,16.114
urn:nasa:pds:insight_twins:data_calibrated:twins_calib_0656,2020-09-30T06:00:11.361Z,2020-10-01T06:39:44.881Z,twins_calib_0656,656,656M00:00:00.934,656M23:59:59.256,655 23:27:51,656 23:27:14,287.405,288.036,287.57,35,16.118
urn:nasa:pds:insight_twins:data_calibrated:twins_calib_0657,2020-10-01T06:39:45.881Z,2020-10-02T07:19:20.405Z,twins_calib_0657,657,657M00:00:00.229,657M23:59:59.529,656 23:27:15,657 23:26:41,288.036,288.665,288.18,35,16.067
urn:nasa:pds:insight_twins:data_calibrated:twins_calibevent_0657,2020-10-01T18:23:12.656Z,2020-10-01T18:55:19.600Z,twins_calibevent_0657,657,657M11:24:37.733,657M11:55:53.120,657 10:51:37,657 11:22:51,288.335,288.349,288.18,35,0.372
urn:nasa:pds:insight_twins:data_calibrated:twins_calib_0658,2020-10-02T07:19:21.405Z,2020-10-03T07:58:55.947Z,twins_calib_0658,658,658M00:00:00.502,658M23:59:59.819,657 23:26:41,658 23:26:07,288.665,289.294,288.8,35,16.04
urn:nasa:pds:insight_twins:data_calibrated:twins_calib_0659,2020-10-03T07:58:56.947Z,2020-10-04T08:38:30.567Z,twins_calib_0659,659,659M00:00:00.792,659M23:59:59.211,658 23:26:08,659 23:25:33,289.294,289.923,289.41,35,16.004
urn:nasa:pds:insight_twins:data_calibrated:twins_calib_0660,2020-10-04T08:38:31.567Z,2020-10-05T09:18:06.220Z,twins_calib_0660,660,660M00:00:00.185,660M23:59:59.610,659 23:25:34,660 23:25:01,289.923,290.55,290.02,35,15.993
urn:nasa:pds:insight_twins:data_calibrated:twins_calib_0661,2020-10-05T09:18:07.220Z,2020-10-06T09:57:40.882Z,twins_calib_0661,661,661M00:00:00.583,661M23:59:59.043,660 23:25:02,661 23:24:28,290.55,291.177,290.75,35,16.047
urn:nasa:pds:insight_twins:data_calibrated:twins_calib_0662,2020-10-06T09:57:41.882Z,2020-10-07T10:37:16.513Z,twins_calib_0662,662,662M00:00:00.016,662M23:59:59.420,661 23:24:29,662 23:23:56,291.177,291.803,291.36,35,16.102
urn:nasa:pds:insight_twins:data_calibrated:twins_calib_0663,2020-10-07T10:37:17.513Z,2020-10-08T11:16:52.111Z,twins_calib_0663,663,663M00:00:00.393,663M23:59:59.764,662 23:23:57,663 23:23:25,291.803,292.428,291.97,35,16.114
urn:nasa:pds:insight_twins:data_calibrated:twins_calib_0664,2020-10-08T11:16:53.111Z,2020-10-09T11:56:26.751Z,twins_calib_0664,664,664M00:00:00.738,664M23:59:59.177,663 23:23:26,664 23:22:53,292.428,293.052,292.58,35,16.055
urn:nasa:pds:insight_twins:data_calibrated:twins_calib_0665,2020-10-09T11:56:27.751Z,2020-10-10T12:36:02.750Z,twins_calib_0665,665,665M00:00:00.150,665M23:59:59.911,664 23:22:54,665 23:22:23,293.052,293.676,293.19,35,12.192
urn:nasa:pds:insight_twins:data_calibrated:twins_calib_0666,2020-10-10T12:36:03.750Z,2020-10-11T13:15:37.379Z,twins_calib_0666,666,666M00:00:00.885,666M23:59:59.313,665 23:22:24,666 23:21:52,293.676,294.299,293.79,35,16.047
urn:nasa:pds:insight_twins:data_calibrated:twins_calib_0667,2020-10-11T13:15:38.379Z,2020-10-12T13:55:12.987Z,twins_calib_0667,667,667M00:00:00.286,667M23:59:59.667,666 23:21:53,667 23:21:23,294.299,294.921,294.4,35,16.024
urn:nasa:pds:insight_twins:data_calibrated:twins_calib_0668,2020-10-12T13:55:13.987Z,2020-10-13T14:34:47.616Z,twins_calib_0668,668,668M00:00:00.640,668M23:59:59.068,667 23:21:24,668 23:20:53,294.921,295.542,295,35,16.075
urn:nasa:pds:insight_twins:data_calibrated:twins_calib_0669,2020-10-13T14:34:48.617Z,2020-10-14T15:14:23.250Z,twins_calib_0669,669,669M00:00:00.043,669M23:59:59.448,668 23:20:54,669 23:20:25,295.542,296.162,295.79,35,16.102
urn:nasa:pds:insight_twins:data_calibrated:twins_calib_0670,2020-10-14T15:14:24.250Z,2020-10-15T15:53:58.831Z,twins_calib_0670,670,670M00:00:00.421,670M23:59:59.776,669 23:20:26,670 23:19:57,296.162,296.782,296.39,35,16.102
urn:nasa:pds:insight_twins:data_calibrated:twins_calib_0671,2020-10-15T15:53:59.831Z,2020-10-16T16:33:33.449Z,twins_calib_0671,671,671M00:00:00.749,671M23:59:59.167,670 23:19:58,671 23:19:29,296.782,297.4,297,35,16.012
urn:nasa:pds:insight_twins:data_calibrated:twins_calib_0672,2020-10-16T16:33:34.449Z,2020-10-17T17:13:09.084Z,twins_calib_0672,672,672M00:00:00.140,672M23:59:59.547,671 23:19:30,672 23:19:02,297.4,298.018,297.6,35,15.958
urn:nasa:pds:insight_twins:data_calibrated:twins_calib_0673,2020-10-17T17:13:10.084Z,2020-10-18T17:52:44.749Z,twins_calib_0673,673,673M00:00:00.520,673M23:59:59.957,672 23:19:03,673 23:18:36,298.018,298.635,298.2,35,16.02
urn:nasa:pds:insight_twins:data_calibrated:twins_calib_0674,2020-10-18T17:52:45.749Z,2020-10-19T18:32:18.359Z,twins_calib_0674,674,674M00:00:00.930,674M23:59:58.367,673 23:18:37,674 23:18:08,298.635,299.251,298.8,35,15.981
urn:nasa:pds:insight_twins:data_calibrated:twins_calib_0675,2020-10-19T18:32:20.359Z,2020-10-20T19:11:55.007Z,twins_calib_0675,675,675M00:00:00.313,675M23:59:59.734,674 23:18:10,675 23:17:44,299.251,299.866,299.4,35,16.063
urn:nasa:pds:insight_twins:data_calibrated:twins_calib_0676,2020-10-20T19:11:56.007Z,2020-10-21T19:51:29.603Z,twins_calib_0676,676,676M00:00:00.707,676M23:59:59.103,675 23:17:45,676 23:17:18,299.866,300.481,300,35,16.094
urn:nasa:pds:insight_twins:data_calibrated:twins_calib_0677,2020-10-21T19:51:30.603Z,2020-10-22T20:31:05.179Z,twins_calib_0677,677,677M00:00:00.076,677M23:59:59.426,676 23:17:19,677 23:16:54,300.481,301.094,300.6,35,16.094
urn:nasa:pds:insight_twins:data_calibrated:twins_calib_0678,2020-10-22T20:31:06.179Z,2020-10-23T21:10:40.772Z,twins_calib_0678,678,678M00:00:00.399,678M23:59:59.766,677 23:16:55,678 23:16:30,301.094,301.707,301.19,35,16.028
urn:nasa:pds:insight_twins:data_calibrated:twins_calib_0679,2020-10-23T21:10:41.772Z,2020-10-24T21:50:15.382Z,twins_calib_0679,679,679M00:00:00.739,679M23:59:59.148,678 23:16:31,679 23:16:06,301.707,302.318,301.97,35,16
urn:nasa:pds:insight_twins:data_calibrated:twins_calib_0680,2020-10-24T21:50:16.382Z,2020-10-25T22:29:51.005Z,twins_calib_0680,680,680M00:00:00.122,680M23:59:59.517,679 23:16:07,680 23:15:44,302.318,302.929,302.56,35,15.715
urn:nasa:pds:insight_twins:data_calibrated:twins_calib_0681,2020-10-25T22:29:52.005Z,2020-10-26T23:09:26.556Z,twins_calib_0681,681,681M00:00:00.490,681M23:59:59.816,680 23:15:45,681 23:15:22,302.929,303.539,303.16,35,12.532
urn:nasa:pds:insight_twins:data_calibrated:twins_calib_0682,2020-10-26T23:09:27.556Z,2020-10-27T15:56:05.820Z,twins_calib_0682,682,682M00:00:00.790,682M16:19:43.055,681 23:15:22,682 15:34:50,303.539,303.954,303.57,35,8.559
urn:nasa:pds:insight_twins:data_calibrated:twins_calib_0683,2020-10-28T22:51:37.623Z,2020-10-29T00:28:36.455Z,twins_calib_0683,683,683M22:25:36.098,683M23:59:59.243,683 21:40:16,683 23:14:38,304.716,304.756,304.58,35,0.942
urn:nasa:pds:insight_twins:data_calibrated:twins_calib_0684,2020-10-29T00:28:37.455Z,2020-10-30T01:08:12.013Z,twins_calib_0684,684,684M00:00:00.216,684M23:59:59.549,683 23:14:39,684 23:14:17,304.756,305.363,304.93,35,15.426
urn:nasa:pds:insight_twins:data_calibrated:twins_calib_0685,2020-10-30T01:08:13.013Z,2020-10-31T01:47:47.608Z,twins_calib_0685,685,685M00:00:00.522,685M23:59:59.890,684 23:14:18,685 23:13:57,305.363,305.97,305.52,35,16.055
urn:nasa:pds:insight_twins:data_calibrated:twins_calib_0686,2020-10-31T01:47:48.608Z,2020-10-31T11:50:02.578Z,twins_calib_0686,686,686M00:00:00.863,686M09:46:08.043,685 23:13:58,686 08:59:57,305.97,306.216,305.94,35,5.375
urn:nasa:pds:insight_twins:data_calibrated:twins_calib_0687,2020-11-01T11:50:32.257Z,2020-11-02T03:06:57.808Z,twins_calib_0687,687,687M09:08:05.235,687M23:59:59.610,687 08:21:35,687 23:13:18,306.805,307.179,306.82,35,5.083
urn:nasa:pds:insight_twins:data_calibrated:twins_calib_0688,2020-11-02T03:06:58.808Z,2020-11-03T03:46:32.472Z,twins_calib_0688,688,688M00:00:00.583,688M23:59:59.045,687 23:13:19,688 23:12:59,307.179,307.783,307.41,35,16.008
urn:nasa:pds:insight_twins:data_calibrated:twins_calib_0689,2020-11-03T03:46:33.472Z,2020-11-04T04:26:08.097Z,twins_calib_0689,689,689M00:00:00.018,689M23:59:59.416,688 23:12:59,689 23:12:41,307.783,308.385,308,35,16.11
urn:nasa:pds:insight_twins:data_calibrated:twins_calib_0690,2020-11-04T04:26:09.097Z,2020-11-05T05:05:43.692Z,twins_calib_0690,690,690M00:00:00.389,690M23:59:59.758,689 23:12:42,690 23:12:23,308.385,308.987,308.58,35,16.067
urn:nasa:pds:insight_twins:data_calibrated:twins_calib_0691,2020-11-05T05:05:44.691Z,2020-11-06T05:45:17.290Z,twins_calib_0691,691,691M00:00:00.730,691M23:59:58.156,690 23:12:24,691 23:12:05,308.987,309.587,309.17,35,16.075
urn:nasa:pds:insight_twins:data_calibrated:twins_calib_0692,2020-11-06T05:45:19.290Z,2020-11-07T06:24:53.908Z,twins_calib_0692,692,692M00:00:00.102,692M23:59:59.493,691 23:12:07,692 23:11:50,309.587,310.187,309.75,35,16.012
urn:nasa:pds:insight_twins:data_calibrated:twins_calib_0693,2020-11-07T06:24:54.908Z,2020-11-08T07:04:29.526Z,twins_calib_0693,693,693M00:00:00.466,693M23:59:59.857,692 23:11:51,693 23:11:34,310.187,310.786,310.34,35,14.368
urn:nasa:pds:insight_twins:data_calibrated:twins_calib_0694,2020-11-08T07:04:30.526Z,2020-11-09T07:44:04.142Z,twins_calib_0694,694,694M00:00:00.831,694M23:59:59.246,693 23:11:35,694 23:11:18,310.786,311.384,310.92,35,14.11
urn:nasa:pds:insight_twins:data_calibrated:twins_calib_0695,2020-11-09T07:44:05.142Z,2020-11-10T08:23:39.785Z,twins_calib_0695,695,695M00:00:00.219,695M23:59:59.634,694 23:11:19,695 23:11:03,311.384,311.98,311.5,35,15.043
urn:nasa:pds:insight_twins:data_calibrated:twins_calib_0696,2020-11-10T08:23:40.784Z,2020-11-11T02:19:32.953Z,twins_calib_0696,696,696M00:00:00.606,696M17:27:05.637,695 23:11:04,696 16:37:59,311.98,312.414,312.08,35,2.536
urn:nasa:pds:insight_twins:data_calibrated:twins_calib_0697,2020-11-11T16:52:23.783Z,2020-11-12T09:42:50.204Z,twins_calib_0697,697,697M07:36:35.248,697M23:59:59.567,697 06:47:20,697 23:10:35,312.765,313.171,312.95,35,10.879
urn:nasa:pds:insight_twins:data_calibrated:twins_calib_0698,2020-11-12T09:42:51.203Z,2020-11-13T10:22:25.136Z,twins_calib_0698,698,698M00:00:00.539,698M23:59:59.264,697 23:10:36,698 23:10:21,313.171,313.765,313.35,35,15.383
urn:nasa:pds:insight_twins:data_calibrated:twins_calib_0699,2020-11-13T10:22:26.136Z,2020-11-14T11:02:00.789Z,twins_calib_0699,699,699M00:00:00.237,699M23:59:59.662,698 23:10:22,699 23:10:09,313.765,314.358,313.93,35,15.93
urn:nasa:pds:insight_twins:data_calibrated:twins_calib_0700,2020-11-14T11:02:01.789Z,2020-11-15T11:41:35.488Z,twins_calib_0700,700,700M00:00:00.635,700M23:59:59.132,699 23:10:10,700 23:09:56,314.358,314.95,314.51,35,16.008
urn:nasa:pds:insight_twins:data_calibrated:twins_calib_0701,2020-11-15T11:41:36.488Z,2020-11-16T12:21:11.180Z,twins_calib_0701,701,701M00:00:00.105,701M23:59:59.567,700 23:09:57,701 23:09:45,314.95,315.54,315.08,35,10.583
urn:nasa:pds:insight_twins:data_calibrated:twins_calib_0702,2020-11-16T12:21:12.180Z,2020-11-17T13:00:45.889Z,twins_calib_0702,702,702M00:00:00.540,702M23:59:59.046,701 23:09:46,702 23:09:33,315.541,316.13,315.66,35,7.758
urn:nasa:pds:insight_twins:data_calibrated:twins_calibevent_0702,2020-11-16T17:49:43.659Z,2020-11-17T06:37:16.417Z,twins_calibevent_0702,702,702M05:19:44.625,702M17:46:45.209,702 04:29:27,702 16:56:22,315.672,315.978,315.66,35,7.356
urn:nasa:pds:insight_twins:data_calibrated:twins_calib_0703,2020-11-17T13:00:46.889Z,2020-11-18T13:40:21.579Z,twins_calib_0703,703,703M00:00:00.019,703M23:59:59.480,702 23:09:34,703 23:09:23,316.13,316.719,316.23,35,15.989
urn:nasa:pds:insight_twins:data_calibrated:twins_calib_0704,2020-11-18T13:40:22.579Z,2020-11-19T14:19:57.255Z,twins_calib_0704,704,704M00:00:00.454,704M23:59:59.901,703 23:09:24,704 23:09:13,316.719,317.307,316.81,35,15.883
urn:nasa:pds:insight_twins:data_calibrated:twins_calib_0705,2020-11-19T14:19:58.255Z,2020-11-20T14:59:31.940Z,twins_calib_0705,705,705M00:00:00.874,705M23:59:59.357,704 23:09:14,705 23:09:03,317.307,317.894,317.38,35,15.879
urn:nasa:pds:insight_twins:data_calibrated:twins_calib_0706,2020-11-20T14:59:32.940Z,2020-11-21T15:39:07.632Z,twins_calib_0706,706,706M00:00:00.330,706M23:59:59.793,705 23:09:04,706 23:08:54,317.894,318.48,318.12,35,15.942
urn:nasa:pds:insight_twins:data_calibrated:twins_calib_0707,2020-11-21T15:39:08.632Z,2020-11-22T16:18:42.366Z,twins_calib_0707,707,707M00:00:00.767,707M23:59:59.297,706 23:08:55,707 23:08:45,318.48,319.065,318.69,35,15.95
urn:nasa:pds:insight_twins:data_calibrated:twins_calib_0708,2020-11-22T16:18:43.366Z,2020-11-23T11:11:12.560Z,twins_calib_0708,708,708M00:00:00.270,708M18:22:11.436,707 23:08:46,708 17:30:51,319.065,319.512,319.26,35,12.184
urn:nasa:pds:insight_twins:data_calibrated:twins_calib_0735,2020-12-21T03:31:22.188Z,2020-12-21T10:47:09.514Z,twins_calib_0735,735,735M16:55:51.869,735M23:59:59.605,735 16:03:47,735 23:07:56,334.874,335.038,334.81,35,4.735
urn:nasa:pds:insight_twins:data_calibrated:twins_calib_0736,2020-12-21T10:47:10.514Z,2020-12-22T11:26:45.000Z,twins_calib_0736,736,736M00:00:00.578,736M23:59:59.841,735 23:07:57,736 23:08:00,335.038,335.594,335.19,35,14.708
urn:nasa:pds:insight_twins:data_calibrated:twins_calib_0737,2020-12-22T11:26:45.999Z,2020-12-23T12:06:19.443Z,twins_calib_0737,737,737M00:00:00.813,737M23:59:59.061,736 23:08:01,737 23:08:05,335.594,336.148,335.73,35,12.52
urn:nasa:pds:insight_twins:data_calibrated:twins_calib_0738,2020-12-23T12:06:20.443Z,2020-12-24T12:45:54.844Z,twins_calib_0738,738,738M00:00:00.034,738M23:59:59.214,737 23:08:06,738 23:08:10,336.148,336.702,336.27,35,12.504
urn:nasa:pds:insight_twins:data_calibrated:twins_calib_0739,2020-12-24T12:45:55.844Z,2020-12-25T13:25:30.249Z,twins_calib_0739,739,739M00:00:00.187,739M23:59:59.370,738 23:08:11,739 23:08:16,336.702,337.255,336.8,35,12.524
urn:nasa:pds:insight_twins:data_calibrated:twins_calib_0740,2020-12-25T13:25:31.249Z,2020-12-26T14:05:05.646Z,twins_calib_0740,740,740M00:00:00.344,740M23:59:59.520,739 23:08:17,740 23:08:22,337.255,337.807,337.34,35,12.415
urn:nasa:pds:insight_twins:data_calibrated:twins_calib_0741,2020-12-26T14:05:06.646Z,2020-12-27T07:30:34.777Z,twins_calib_0741,741,741M00:00:00.493,741M16:57:30.288,740 23:08:23,741 16:05:57,337.807,338.197,337.77,35,8.801
urn:nasa:pds:insight_twins:data_calibrated:twins_calib_0754,2021-01-09T06:23:36.822Z,2021-01-09T23:19:19.083Z,twins_calib_0754,754,754M07:31:27.832,754M23:59:59.540,754 06:41:45,754 23:10:25,345.063,345.433,345.2,36,8.469
urn:nasa:pds:insight_twins:data_calibrated:twins_calib_0755,2021-01-09T23:19:20.083Z,2021-01-10T23:58:54.518Z,twins_calib_0755,755,755M00:00:00.514,755M23:59:59.726,754 23:10:26,755 23:10:36,345.433,345.97,345.62,36,12.422
urn:nasa:pds:insight_twins:data_calibrated:twins_calib_0756,2021-01-10T23:58:55.518Z,2021-01-12T00:38:29.965Z,twins_calib_0756,756,756M00:00:00.700,756M23:59:59.923,755 23:10:37,756 23:10:48,345.97,346.507,346.14,36,4.997
urn:nasa:pds:insight_twins:data_calibrated:twins_calib_0757,2021-01-12T00:38:30.965Z,2021-01-12T19:08:37.008Z,twins_calib_0757,757,757M00:00:00.897,757M18:00:24.848,756 23:10:49,757 17:11:21,346.507,346.909,346.5,36,8.817
urn:nasa:pds:insight_twins:data_calibrated:twins_calib_0761,2021-01-16T12:18:18.611Z,2021-01-16T19:58:43.786Z,twins_calib_0761,761,761M08:46:58.364,761M16:15:04.408,761 07:58:40,761 15:26:50,348.838,349.004,348.84,36,3.606
urn:nasa:pds:insight_twins:data_calibrated:twins_calib_0782,2021-02-07T00:26:17.476Z,2021-02-07T07:21:28.719Z,twins_calib_0782,782,782M07:06:23.024,782M13:50:27.749,782 06:23:28,782 13:07:38,359.776,359.92,359.78,36,3.485
urn:nasa:pds:insight_twins:data_calibrated:twins_calib_0793,2021-02-18T19:51:10.906Z,2021-02-19T01:03:13.357Z,twins_calib_0793,793,793M18:56:17.787,793M23:59:59.306,793 18:16:58,793 23:20:43,5.623,5.73,5.47,36,2.657
urn:nasa:pds:insight_twins:data_calibrated:twins_calib_0794,2021-02-19T01:03:14.357Z,2021-02-19T03:25:02.101Z,twins_calib_0794,794,794M00:00:00.279,794M02:18:00.392,793 23:20:44,794 01:38:46,5.73,5.778,5.72,36,0.766
urn:nasa:pds:insight_twins:data_calibrated:twins_calib_0843,2021-04-11T00:24:15.704Z,2021-04-11T03:43:05.335Z,twins_calib_0843,843,843M14:37:07.872,843M17:50:38.317,843 14:15:36,843 17:29:09,29.876,29.939,29.87,36,2.149
urn:nasa:pds:insight_twins:data_calibrated:twins_calib_0850,2021-04-18T04:19:21.825Z,2021-04-18T08:30:12.362Z,twins_calib_0850,850,850M13:56:14.725,850M18:00:22.575,850 13:37:15,850 17:41:27,33.152,33.232,33.07,36,2.711
urn:nasa:pds:insight_twins:data_calibrated:twins_calib_0856,2021-04-24T01:19:40.684Z,2021-04-24T12:43:41.415Z,twins_calib_0856,856,856M07:10:11.885,856M18:15:54.543,856 06:53:16,856 17:59:08,35.822,36.037,35.8,36,7.383
urn:nasa:pds:insight_twins:data_calibrated:twins_calib_0859,2021-04-27T14:24:34.938Z,2021-04-27T20:35:59.251Z,twins_calib_0859,859,859M17:58:31.021,859M23:59:59.102,859 17:42:48,859 23:44:22,37.426,37.543,37.38,36,3.93
urn:nasa:pds:insight_twins:data_calibrated:twins_calib_0860,2021-04-27T20:36:00.251Z,2021-04-28T02:52:52.526Z,twins_calib_0860,860,860M00:00:00.075,860M06:06:47.343,859 23:44:23,860 05:51:15,37.543,37.661,37.38,36,4.114
urn:nasa:pds:insight_twins:data_calibrated:twins_calib_0861,2021-04-29T09:51:26.466Z,2021-04-29T12:50:51.129Z,twins_calib_0861,861,861M12:15:37.648,861M15:10:14.296,861 12:00:32,861 14:55:11,38.243,38.299,38.2,36,1.958
urn:nasa:pds:insight_twins:data_calibrated:twins_calib_0862,2021-04-30T03:30:51.001Z,2021-04-30T05:43:02.751Z,twins_calib_0862,862,862M05:26:41.470,862M07:35:21.001,862 05:11:51,862 07:20:32,38.575,38.616,38.51,36,1.274
urn:nasa:pds:insight_twins:data_calibrated:twins_calib_0863,2021-05-01T15:23:02.967Z,2021-05-01T17:07:31.773Z,twins_calib_0863,863,863M16:21:18.420,863M18:02:59.500,863 16:06:58,863 17:48:41,39.248,39.281,39.19,36,1.129
urn:nasa:pds:insight_twins:data_calibrated:twins_calib_0865,2021-05-03T21:37:27.973Z,2021-05-04T00:33:30.641Z,twins_calib_0865,865,865M21:08:38.973,865M23:59:59.030,865 20:55:05,865 23:46:27,40.264,40.319,40.18,36,1.692
urn:nasa:pds:insight_twins:data_calibrated:twins_calib_0866,2021-05-04T00:33:31.641Z,2021-05-04T07:33:54.849Z,twins_calib_0866,866,866M00:00:00.003,866M06:49:08.346,865 23:46:28,866 06:35:43,40.319,40.451,40.31,36,4.016
urn:nasa:pds:insight_twins:data_calibrated:twins_calib_0867,2021-05-05T22:56:38.980Z,2021-05-06T01:52:41.647Z,twins_calib_0867,867,867M21:08:39.479,867M23:59:59.534,867 20:55:47,867 23:47:09,41.187,41.242,41.07,36,1.692
urn:nasa:pds:insight_twins:data_calibrated:twins_calib_0868,2021-05-06T01:52:42.647Z,2021-05-06T08:53:07.853Z,twins_calib_0868,868,868M00:00:00.507,868M06:49:10.795,867 23:47:10,868 06:36:26,41.242,41.373,41.21,36,4.016
urn:nasa:pds:insight_twins:data_calibrated:twins_calib_0870,2021-05-08T14:26:12.989Z,2021-05-08T15:52:40.824Z,twins_calib_0870,870,870M10:56:17.829,870M12:20:26.860,870 10:44:18,870 12:08:28,42.372,42.399,42.33,36,0.954
urn:nasa:pds:insight_twins:data_calibrated:twins_calib_0876,2021-05-14T22:19:54.005Z,2021-05-15T03:41:21.412Z,twins_calib_0876,876,876M14:46:08.265,876M19:58:59.623,876 14:36:12,876 19:49:08,45.199,45.298,45.23,36,3.442
urn:nasa:pds:insight_twins:data_calibrated:twins_calib_0877,2021-05-15T19:12:38.008Z,2021-05-15T20:33:30.854Z,twins_calib_0877,877,877M11:05:21.202,877M12:24:04.207,877 10:55:42,877 12:14:26,45.586,45.611,45.45,36,0.895
urn:nasa:pds:insight_twins:data_calibrated:twins_calib_0878,2021-05-16T22:17:30.011Z,2021-05-17T07:51:21.938Z,twins_calib_0878,878,878M13:26:44.738,878M22:45:15.415,878 13:17:27,878 22:36:05,46.089,46.266,46.12,36,6.106
urn:nasa:pds:insight_twins:data_calibrated:twins_calib_0880,2021-05-18T23:33:17.020Z,2021-05-19T08:44:58.991Z,twins_calib_0880,880,880M13:23:26.703,880M22:20:23.008,880 13:14:48,880 22:11:51,47.001,47.172,47.01,36,5.915
urn:nasa:pds:insight_twins:data_calibrated:twins_calib_0882,2021-05-21T00:48:03.001Z,2021-05-21T08:11:55.163Z,twins_calib_0882,882,882M13:19:09.273,882M20:31:08.873,882 13:11:09,882 20:23:14,47.913,48.049,47.9,36,4.77
urn:nasa:pds:insight_twins:data_calibrated:twins_calib_0884,2021-05-22T23:48:05.988Z,2021-05-23T13:05:40.758Z,twins_calib_0884,884,884M11:03:45.116,884M23:59:59.498,884 10:56:21,884 23:52:46,48.781,49.027,48.79,36,2.778
urn:nasa:pds:insight_twins:data_calibrated:twins_calib_0885,2021-05-23T13:05:41.757Z,2021-05-23T16:23:25.381Z,twins_calib_0885,885,885M00:00:00.470,885M03:12:26.674,884 23:52:47,885 03:05:16,49.027,49.087,49.01,36,2.172
urn:nasa:pds:insight_twins:data_calibrated:twins_calib_0886,2021-05-25T11:27:40.959Z,2021-05-25T14:24:51.623Z,twins_calib_0886,886,886M21:07:33.631,886M23:59:59.864,886 21:00:56,886 23:53:24,49.882,49.937,49.8,36,1.926
urn:nasa:pds:insight_twins:data_calibrated:twins_calib_0887,2021-05-25T14:24:52.623Z,2021-05-25T15:39:28.481Z,twins_calib_0887,887,887M00:00:00.838,887M01:12:36.940,886 23:53:25,887 01:06:02,49.937,49.96,49.89,36,0.833
urn:nasa:pds:insight_twins:data_calibrated:twins_calib_0888,2021-05-27T12:46:50.939Z,2021-05-27T15:44:01.603Z,twins_calib_0888,888,888M21:07:33.137,888M23:59:59.370,888 21:01:32,888 23:54:01,50.791,50.846,50.78,36,1.93
urn:nasa:pds:insight_twins:data_calibrated:twins_calib_0889,2021-05-27T15:44:02.603Z,2021-05-27T16:57:24.462Z,twins_calib_0889,889,889M00:00:00.343,889M01:11:24.427,888 23:54:02,889 01:05:27,50.846,50.868,50.78,36,0.817
urn:nasa:pds:insight_twins:data_calibrated:twins_calib_0893,2021-06-01T02:12:30.879Z,2021-06-01T13:49:05.576Z,twins_calib_0893,893,893M07:37:32.937,893M18:55:29.388,893 07:32:53,893 18:50:58,52.804,53.018,52.76,36,7.5
urn:nasa:pds:insight_twins:data_calibrated:twins_calib_0894,2021-06-02T01:15:27.866Z,2021-06-02T19:41:33.172Z,twins_calib_0894,894,894M06:03:29.816,894M23:59:59.472,894 05:59:07,894 23:55:50,53.228,53.566,53.2,36,6.258
urn:nasa:pds:insight_twins:data_calibrated:twins_calib_0895,2021-06-02T19:41:34.172Z,2021-06-03T02:20:52.420Z,twins_calib_0895,895,895M00:00:00.445,895M06:28:37.673,894 23:55:51,895 06:24:33,53.566,53.689,53.42,36,4.36
urn:nasa:pds:insight_twins:data_calibrated:twins_calib_0897,2021-06-05T08:28:28.828Z,2021-06-05T10:23:07.905Z,twins_calib_0897,897,897M11:09:20.561,897M13:00:55.584,897 11:05:55,897 12:57:31,54.682,54.717,54.53,36,1.262
urn:nasa:pds:insight_twins:data_calibrated:twins_calib_0911,2021-06-19T17:42:41.601Z,2021-06-19T19:16:23.670Z,twins_calib_0911,911,911M11:09:19.935,911M12:40:31.582,911 11:09:48,911 12:41:00,60.996,61.024,60.89,36,1.036
urn:nasa:pds:insight_twins:data_calibrated:twins_calib_0915,2021-06-23T20:26:10.506Z,2021-06-23T21:05:53.433Z,twins_calib_0915,915,915M11:14:19.625,915M11:52:58.795,915 11:15:49,915 11:54:29,62.796,62.808,62.64,36,0.446
urn:nasa:pds:insight_twins:data_calibrated:twins_calib_0939,2021-07-18T12:41:56.967Z,2021-07-18T14:17:38.787Z,twins_calib_0939,939,939M11:39:19.010,939M13:12:27.203,939 11:46:20,939 13:19:29,73.573,73.602,73.47,36,1.055
urn:nasa:pds:insight_twins:data_calibrated:twins_calib_0965,2021-08-14T03:08:16.386Z,2021-08-14T06:13:04.046Z,twins_calib_0965,965,965M09:00:43.672,965M12:00:34.674,965 09:12:28,965 12:12:21,85.212,85.268,85.15,36,2.024
urn:nasa:pds:insight_twins:data_calibrated:twins_calib_1056,2021-11-15T22:04:28.428Z,2021-11-16T06:34:42.496Z,twins_calib_1056,1056,1056M15:43:24.304,1056M23:59:59.271,1056 16:07:57,1057 00:24:35,127.855,128.025,127.89,36,5.426
urn:nasa:pds:insight_twins:data_calibrated:twins_calib_1057,2021-11-16T06:34:43.496Z,2021-11-16T13:46:05.692Z,twins_calib_1057,1057,1057M00:00:00.245,1057M06:59:49.944,1057 00:24:36,1057 07:24:28,128.025,128.168,127.89,36,4.711
urn:nasa:pds:insight_twins:data_calibrated:twins_calib_1058,2021-11-17T08:23:42.482Z,2021-11-17T15:49:45.649Z,twins_calib_1058,1058,1058M01:07:32.583,1058M08:21:39.683,1058 01:32:18,1058 08:46:27,128.54,128.688,128.51,36,4.864
urn:nasa:pds:insight_twins:data_calibrated:twins_calib_1059,2021-11-18T15:44:01.534Z,2021-11-18T23:01:07.725Z,twins_calib_1059,1059,1059M07:37:33.082,1059M14:42:57.573,1059 08:02:30,1059 15:07:57,129.165,129.311,129.09,36,4.758
urn:nasa:pds:insight_twins:data_calibrated:twins_calib_1061,2021-11-20T16:39:50.612Z,2021-11-21T02:29:23.547Z,twins_calib_1061,1061,1061M07:14:49.167,1061M16:48:35.675,1061 07:40:04,1061 17:13:54,130.145,130.342,130.05,36,6.016
urn:nasa:pds:insight_twins:data_calibrated:twins_calib_1074,2021-12-04T02:36:18.126Z,2021-12-04T14:21:18.872Z,twins_calib_1074,1074,1074M08:34:27.157,1074M20:00:36.117,1074 09:01:44,1074 20:27:58,136.661,136.901,136.61,36,7.571
urn:nasa:pds:insight_twins:data_calibrated:twins_calib_1076,2021-12-06T15:36:08.223Z,2021-12-06T19:46:27.775Z,twins_calib_1076,1076,1076M19:56:21.967,1076M23:59:59.660,1076 20:24:03,1077 00:27:42,137.91,137.996,137.84,36,2.688
urn:nasa:pds:insight_twins:data_calibrated:twins_calib_1077,2021-12-06T19:46:28.775Z,2021-12-07T01:56:59.094Z,twins_calib_1077,1077,1077M00:00:00.633,1077M06:00:36.164,1077 00:27:43,1077 06:28:21,137.996,138.122,137.84,36,4.04
urn:nasa:pds:insight_twins:data_calibrated:twins_calib_1081,2021-12-10T23:27:14.387Z,2021-12-11T23:04:23.833Z,twins_calib_1081,1081,1081M01:00:45.079,1081M23:59:59.502,1081 01:29:06,1082 00:28:30,140.048,140.537,140.21,36,15.317
urn:nasa:pds:insight_twins:data_calibrated:twins_calib_1082,2021-12-11T23:04:24.833Z,2021-12-12T04:55:18.187Z,twins_calib_1082,1082,1082M00:00:00.475,1082M05:41:30.532,1082 00:28:31,1082 06:10:03,140.537,140.658,140.56,36,3.836
urn:nasa:pds:insight_twins:data_calibrated:twins_calib_1083,2021-12-13T17:12:48.492Z,2021-12-14T00:23:34.730Z,twins_calib_1083,1083,1083M17:00:45.197,1083M23:59:59.901,1083 17:29:32,1084 00:28:50,141.41,141.559,141.3,36,4.668
urn:nasa:pds:insight_twins:data_calibrated:twins_calib_1084,2021-12-14T00:23:35.730Z,2021-12-14T02:27:30.505Z,twins_calib_1084,1084,1084M00:00:00.874,1084M02:00:36.726,1084 00:28:51,1084 02:29:27,141.559,141.602,141.4,36,1.34
urn:nasa:pds:insight_twins:data_calibrated:twins_calib_1085,2021-12-16T00:41:52.500Z,2021-12-16T01:42:44.395Z,twins_calib_1085,1085,1085M23:00:44.913,1085M23:59:59.100,1085 23:29:54,1086 00:29:08,142.563,142.584,142.4,36,0.676
urn:nasa:pds:insight_twins:data_calibrated:twins_calib_1086,2021-12-16T01:42:45.395Z,2021-12-17T02:22:19.750Z,twins_calib_1086,1086,1086M00:00:00.073,1086M23:59:59.207,1086 00:29:09,1087 00:29:18,142.584,143.098,142.7,36,15.965
urn:nasa:pds:insight_twins:data_calibrated:twins_calib_1087,2021-12-17T02:22:20.750Z,2021-12-17T19:33:37.874Z,twins_calib_1087,1087,1087M00:00:00.181,1087M16:43:41.739,1087 00:29:19,1087 17:13:07,143.098,143.457,143.05,36,11.161
urn:nasa:pds:insight_twins:data_calibrated:twins_calib_1095,2021-12-26T04:57:48.949Z,2021-12-26T08:18:37.578Z,twins_calib_1095,1095,1095M20:44:33.564,1095M23:59:59.823,1095 21:15:19,1096 00:30:46,147.691,147.762,147.59,36,2.168
urn:nasa:pds:insight_twins:data_calibrated:twins_calib_1096,2021-12-26T08:18:38.578Z,2021-12-27T00:19:26.797Z,twins_calib_1096,1096,1096M00:00:00.796,1096M15:35:06.596,1096 00:30:47,1096 16:05:59,147.762,148.101,147.84,36,10.43
urn:nasa:pds:insight_twins:data_calibrated:twins_calib_1097,2021-12-28T04:55:01.988Z,2021-12-28T09:37:47.479Z,twins_calib_1097,1097,1097M19:24:47.684,1097M23:59:59.252,1097 19:55:51,1098 00:31:05,148.708,148.808,148.61,36,3.036
urn:nasa:pds:insight_twins:data_calibrated:twins_calib_1098,2021-12-28T09:37:48.479Z,2021-12-29T10:17:22.822Z,twins_calib_1098,1098,1098M00:00:00.225,1098M23:59:59.348,1098 00:31:06,1099 00:31:15,148.808,149.333,148.96,36,15.981
urn:nasa:pds:insight_twins:data_calibrated:twins_calib_1099,2021-12-29T10:17:23.822Z,2021-12-30T02:25:29.043Z,twins_calib_1099,1099,1099M00:00:00.322,1099M15:42:11.432,1099 00:31:15,1099 16:13:33,149.333,149.676,149.37,36,10.508
urn:nasa:pds:insight_twins:data_calibrated:twins_calib_1137,2022-02-07T01:19:40.757Z,2022-02-07T03:44:14.772Z,twins_calib_1137,1137,1137M13:35:32.771,1137M15:56:14.707,1137 14:12:16,1137 16:32:58,170.272,170.327,170.25,37,1.504
urn:nasa:pds:insight_twins:data_calibrated:twins_calib_1138,2022-02-08T08:42:06.107Z,2022-02-08T12:40:52.698Z,twins_calib_1138,1138,1138M20:07:36.189,1138M23:59:59.462,1138 20:44:28,1139 00:36:52,170.988,171.079,170.8,37,2.579
urn:nasa:pds:insight_twins:data_calibrated:twins_calib_1139,2022-02-08T12:40:53.698Z,2022-02-08T14:14:00.535Z,twins_calib_1139,1139,1139M00:00:00.435,1139M01:30:37.793,1139 00:36:53,1139 02:07:31,171.079,171.114,170.96,37,1.024
urn:nasa:pds:insight_twins:data_calibrated:twins_calib_1140,2022-02-09T14:29:56.191Z,2022-02-09T19:30:56.647Z,twins_calib_1140,1140,1140M01:07:36.187,1140M06:00:33.423,1140 01:44:35,1140 06:37:34,171.669,171.784,171.62,37,3.286
urn:nasa:pds:insight_twins:data_calibrated:twins_calib_1143,2022-02-13T02:45:12.445Z,2022-02-13T08:18:16.880Z,twins_calib_1143,1143,1143M11:07:37.001,1143M16:31:46.739,1143 11:44:56,1143 17:09:07,173.603,173.731,173.55,37,3.551
urn:nasa:pds:insight_twins:data_calibrated:twins_calib_1148,2022-02-18T10:59:52.844Z,2022-02-18T19:16:45.035Z,twins_calib_1148,1148,1148M15:56:24.818,1148M23:59:59.362,1148 16:34:11,1149 00:37:47,176.569,176.761,176.6,37,5.375
urn:nasa:pds:insight_twins:data_calibrated:twins_calib_1149,2022-02-18T19:16:46.035Z,2022-02-19T00:51:18.449Z,twins_calib_1149,1149,1149M00:00:00.336,1149M05:25:35.697,1149 00:37:48,1149 06:03:25,176.761,176.891,176.6,37,3.657
urn:nasa:pds:insight_twins:data_calibrated:twins_calib_1150,2022-02-20T01:05:24.964Z,2022-02-20T20:35:55.503Z,twins_calib_1150,1150,1150M05:00:47.871,1150M23:59:59.343,1150 05:38:41,1151 00:37:56,177.455,177.91,177.44,37,10.68
urn:nasa:pds:insight_twins:data_calibrated:twins_calib_1151,2022-02-20T20:35:56.503Z,2022-02-20T22:55:19.270Z,twins_calib_1151,1151,1151M00:00:00.316,1151M02:15:39.331,1151 00:37:57,1151 02:53:37,177.91,177.964,177.72,37,1.536
urn:nasa:pds:insight_twins:data_calibrated:twins_calib_1153,2022-02-23T13:43:07.247Z,2022-02-23T16:40:53.956Z,twins_calib_1153,1153,1153M15:22:38.700,1153M18:15:40.014,1153 16:00:46,1153 18:53:48,179.432,179.502,179.4,37,1.899
urn:nasa:pds:insight_twins:data_calibrated:twins_calib_1154,2022-02-24T11:17:45.319Z,2022-02-24T14:00:07.038Z,twins_calib_1154,1154,1154M12:22:38.442,1154M15:00:39.514,1154 13:00:49,1154 15:38:51,179.938,180.002,179.85,37,1.735
urn:nasa:pds:insight_twins:data_calibrated:twins_calib_1161,2022-03-03T23:45:32.930Z,2022-03-04T03:51:23.517Z,twins_calib_1161,1161,1161M20:00:43.739,1161M23:59:59.664,1161 20:39:14,1162 00:38:30,184.201,184.298,184.22,37,2.676
urn:nasa:pds:insight_twins:data_calibrated:twins_calib_1162,2022-03-04T03:51:24.517Z,2022-03-04T07:58:36.087Z,twins_calib_1162,1162,1162M00:00:00.637,1162M04:00:35.378,1162 00:38:31,1162 04:39:06,184.298,184.396,184.22,37,2.708
urn:nasa:pds:insight_twins:data_calibrated:twins_calib_1166,2022-03-08T18:50:18.316Z,2022-03-09T03:03:20.528Z,twins_calib_1166,1166,1166M12:00:44.629,1166M20:00:35.348,1166 12:39:21,1166 20:39:12,186.947,187.144,186.91,37,5.266
urn:nasa:pds:insight_twins:data_calibrated:twins_calib_1168,2022-03-10T11:56:17.455Z,2022-03-10T20:09:19.554Z,twins_calib_1168,1168,1168M04:00:45.018,1168M12:00:35.627,1168 04:39:22,1168 12:39:12,187.933,188.131,187.95,37,5.317
urn:nasa:pds:insight_twins:data_calibrated:twins_calib_1171,2022-03-14T01:12:31.746Z,2022-03-14T08:24:35.081Z,twins_calib_1171,1171,1171M15:00:05.996,1171M22:00:35.734,1171 15:38:41,1171 22:39:11,189.987,190.161,189.97,37,4.649
urn:nasa:pds:insight_twins:data_calibrated:twins_calib_1173,2022-03-15T17:28:17.879Z,2022-03-16T11:46:26.727Z,twins_calib_1173,1173,1173M06:11:13.993,1173M23:59:59.939,1173 06:49:48,1174 00:38:32,190.961,191.405,191.13,37,7.637
urn:nasa:pds:insight_twins:data_calibrated:twins_calib_1174,2022-03-16T11:46:27.727Z,2022-03-16T21:01:54.747Z,twins_calib_1174,1174,1174M00:00:00.912,1174M09:00:36.244,1174 00:38:33,1174 09:39:08,191.405,191.63,191.43,37,5.848
urn:nasa:pds:insight_twins:data_calibrated:twins_calib_1185,2022-03-28T15:35:39.953Z,2022-03-28T19:41:29.546Z,twins_calib_1185,1185,1185M20:00:44.875,1185M23:59:59.833,1185 20:38:36,1186 00:37:50,198.549,198.65,198.48,37,2.676
urn:nasa:pds:insight_twins:data_calibrated:twins_calib_1186,2022-03-28T19:41:30.546Z,2022-03-29T01:50:25.909Z,twins_calib_1186,1186,1186M00:00:00.806,1186M05:59:03.922,1186 00:37:51,1186 06:36:53,198.65,198.802,198.48,37,4.032
urn:nasa:pds:insight_twins:data_calibrated:twins_calib_1192,2022-04-04T11:13:56.517Z,2022-04-04T18:50:42.781Z,twins_calib_1192,1192,1192M11:16:19.747,1192M18:40:52.737,1192 11:53:26,1192 19:17:56,202.611,202.801,202.65,37,4.895
urn:nasa:pds:insight_twins:data_calibrated:twins_calib_1195,2022-04-07T05:45:08.736Z,2022-04-07T22:43:01.742Z,twins_calib_1195,1195,1195M04:00:44.718,1195M20:31:23.674,1195 04:37:28,1195 21:08:00,204.273,204.698,204.45,37,5.122
urn:nasa:pds:insight_twins:data_calibrated:twins_calib_1197,2022-04-09T10:03:11.898Z,2022-04-10T00:45:44.408Z,twins_calib_1197,1197,1197M06:54:50.233,1197M21:13:45.961,1197 07:31:13,1197 21:50:03,205.585,205.954,205.65,37,9.52
urn:nasa:pds:insight_twins:data_calibrated:twins_calib_1199,2022-04-12T00:56:25.093Z,2022-04-12T04:55:42.694Z,twins_calib_1199,1199,1199M20:07:06.119,1199M23:59:59.572,1199 20:43:02,1200 00:35:54,207.167,207.267,207.16,37,2.454
urn:nasa:pds:insight_twins:data_calibrated:twins_calib_1200,2022-04-12T04:55:43.694Z,2022-04-12T12:58:54.837Z,twins_calib_1200,1200,1200M00:00:00.545,1200M07:50:16.010,1200 00:35:55,1200 08:26:07,207.267,207.47,207.16,37,4.942
urn:nasa:pds:insight_twins:data_calibrated:twins_calib_1212,2022-04-24T19:49:19.014Z,2022-04-25T01:11:10.425Z,twins_calib_1212,1212,1212M06:47:21.038,1212M12:00:35.758,1212 07:20:27,1212 12:33:38,214.96,215.097,214.78,37,3.446
urn:nasa:pds:insight_twins:data_calibrated:twins_calib_1213,2022-04-26T04:55:51.108Z,2022-04-26T14:09:56.190Z,twins_calib_1213,1213,1213M15:00:44.063,1213M23:59:59.649,1213 15:33:27,1214 00:32:36,215.807,216.044,215.7,37,6.008
urn:nasa:pds:insight_twins:data_calibrated:twins_calib_1214,2022-04-26T14:09:57.190Z,2022-04-26T21:22:06.416Z,twins_calib_1214,1214,1214M00:00:00.622,1214M07:00:36.094,1214 00:32:37,1214 07:33:08,216.044,216.229,216.01,37,4.704
urn:nasa:pds:insight_twins:data_calibrated:twins_calib_1217,2022-04-29T23:21:01.322Z,2022-04-30T16:48:17.470Z,twins_calib_1217,1217,1217M07:00:45.023,1217M23:59:59.946,1217 07:32:23,1218 00:31:24,218.129,218.578,218.17,37,11.383
urn:nasa:pds:insight_twins:data_calibrated:twins_calib_1218,2022-04-30T16:48:18.470Z,2022-04-30T22:58:48.791Z,twins_calib_1218,1218,1218M00:00:00.919,1218M06:00:36.451,1218 00:31:25,1218 06:31:56,218.578,218.737,218.47,37,4.043
urn:nasa:pds:insight_twins:data_calibrated:twins_calib_1219,2022-05-01T23:38:32.417Z,2022-05-02T15:27:26.303Z,twins_calib_1219,1219,1219M06:00:44.610,1219M21:24:15.190,1219 06:31:44,1219 21:55:02,219.372,219.78,219.4,37,4.004
urn:nasa:pds:insight_twins:data_calibrated:twins_calib_1333,2022-08-27T08:29:09.631Z,2022-08-27T12:06:02.784Z,twins_calib_1333,1333,1333M11:29:21.951,1333M15:00:26.927,1333 10:52:20,1333 14:23:21,292.977,293.069,292.78,36,1.809